# Resource object code (Python 3)
# Created by: object code
# Created by: The Resource Compiler for Qt version 6.9.1
# WARNING! All changes made in this file will be lost!

from PySide6 import QtCore

qt_resource_data = b"\
\x00\x04\xa6W\
\x89\
PNG\x0d\x0a\x1a\x0a\x00\x00\x00\x0dIHDR\x00\
\x00\x05\xa0\x00\x00\x03*\x08\x06\x00\x00\x00t[\xe6L\
\x00\x00\x00\x09pHYs\x00\x00\x0b\x13\x00\x00\x0b\x13\
\x01\x00\x9a\x9c\x18\x00\x00\x00\x01sRGB\x00\xae\xce\
\x1c\xe9\x00\x00\x00\x04gAMA\x00\x00\xb1\x8f\x0b\xfc\
a\x05\x00\x04\xa5\xecIDATx\x01\xec}\x0b\xa2\
\xe36\xae,p\xe6\xedc\xee\xfe\x17\xd9x\xb1D\x00\
\x85\x22(\xfbt>\x93\xa4Q3\x1d[\x14\x09\x82\x1f\
X\xaa:\x14\xa5\xf2\x9f\xff\x9a\xaa\xca\x0bf\xf6\xdb\x7f\
\xef\xef\xbf\x1d\xc1\xe7\x17\x1c\xf7X&\xe42\xf1\xfa\x8f\
\xa2\x1d\xbd>\xfd\xbfy\xe6\xb6\xa9\xeb\xbf\xb6R_9\
^\xbe\x5c\xf9\xc1\xf0\xcbO\xf3J\xf4.\xa3\x97\x15\x8d\
z^\xd9\xafv\x18\x9c_\xee\x5c\xf9V\xd9\xbb\xf8\xd7\
*}\xe77\xf4y\xb9\xad\xde/q.=v\xc3Z\
Z\x09\xed\xc7\xcf\xd5I\xfa\xdbwC[h\x9b\xea\x09\
{\xcd\xf1\xd5\x17f\xa5N\xef/.\xd7\xd9\xba\xf2\x7f\
}\xc5\xf76\xbf\xb7\xcf\xebZmy\x9e\x09\xd5\xbfR\
7\xb4O\xbd^\xed\xfb\xf2\xca\xb3\xce\xef3\xe9>\xe7\
\xb6\xb8\x8f\xc4\xebv\x9bT\xcf\xb1\xdd\xe4\x1f\x8f\xfb\xd5\
\xfe\x1f?\xee\xfa}.2p\x9e\x1e\xda^\xf2\xca\x1a\
3\xe8\xaf\x13\xbcm\x97\x0f\xdeW\x11\x0b5\xdf\xd6\x87\
\xab\xfe\xad\x06\x93\x1cW\xf6\x0f\xfd\xee\xfcg\xdf\xe4\xf9\
W\x02\xe3\x04\xf3n\xc7<\xb7\x97\x1f5\xfe\xb5\xd8\x14\
*[\xeal\xca\xe2<\xd9\xe6\x22\xe5\xb3S\xdb'\xfe\
\x8f\x98\xf8\x97c\xdbK^\x99\xf8\x9f\xf8\xff\xbb\xc5\xbf\
=\xc4\xbf\xc4}\xdae5\x07\xa8\xd4\xd4\xc6\xff\xea\x03\
\xb7\x7f\xdfs\xad\x1c\xa5/o\xdb%\xfe\xed\xbeSS\
]ga\x22\x95\xfb?0\x17\xf7zv\xf7K\x1c_\
>\xac\x9al\xf30\xdc\xe4pT\xf52p\x9f9\x18\
\x0c\x06\x83\xc1`0\x18\x0c>\xc6\xc5@\x0aaS\xbb\
\xfe\xe51\x12/\xbbn\xbcw.\xe67\xf2\x95h]\
_\x83^\xaa\xd3\x0e1IR\xe8\x09\xb6r\x14\x7f\x14\
J\x05\x81\x94\xe2\x00\x12\xb2RV\x82\x0a\xad\xb2IX\
=\xdd\xf3^\xdfK\xa34\xea5o\x0f6O@\x0c\
(\xdd\x90\xed\x17,\x07\x9d\xb6\x91\xfcE\xf0J~Y\
\xc2\x81\x88\xd4\xde\x87c'\xce^\xafj\x90,.\xe7\
e\x19\xaf\xf6#\xb9V\xeeW$\xc6\x9e\x9fl(\xf6\
7\xf8\x14\x02\x10\xf8\xadL\xbc_\x04\xd8\xac\xf4\xa5A\
}A\xd8%\xfd\x0f\xa2\xbf\xe6C\xd8\x86\xf3\x229>\
\x9eW\xc0\x87h7\x03\xc7\xa2\x11\x1d\x0a!_\xb6\x14\
H\xb6\xdb\x90F4C\x1f\xb1>\x17\x87\xaex [\
Q\x06|\xc51\xc81\xd2:\x1f\xb0\xad0\xb7\x8cl\
\xa1\x08\xe3\x8c[\xd9\x0e\x94\xf7:\x94\xfb\xee `\xe2\
g\xf8+]\xfc\xd79k\xbf\x09l\xa5\x1d\xec\xff\xb7\
\xe2\x1f\xca\x0a\xc6\xbf@\xfc\xefq\xa9T\x1e\xc7\x01}\
*\x98\xf8\x9f\xf8\x9f\xf8O\xdb2\xf1\xff\xef\x8d\x7f\x0d\
?\xfd\xf8u\xdbX\xee\xe1\xac\xfa\xad\xdc\x98/\xbd>\
\xf5\xfeO\xd6\x0b\x83\x95\xf1\x7f\x8f\xc6mK)\xfe\xad\
\x89\xff\xdb\xa6\xe7\xf5?`\xdc\x8b\x1b\x84\xe2\x1f\xda\xa0\
[\x94\x96\xfe\xf2n\xf1\xf9\xabM\xdf\x0d\x06\x83\xc1`\
0\x18\x0c\x06\x83\x1e_\xfe\xc5\x0a\xc9\x95\xf2\xdd\x05i\
}\xad\x18\xb6\xe4\x80\xdd=\xf7M\xd4d\xad\xeaZ7\
\xea\x8b 89\xb9WcyE\xbaV\xc1\xec$\xc9\
V\x16\xa4 \xce4\x14j\xd4`\x8aNO\xbc6\x83\
\x06-b\xa4XOG\xcbV\xba\x8b\x0c\x98\x13\xc8~\
[R+)S\x22\xc3\x1d)O\xff\x80\xf0\x12\xc9F\
\xf2\xeb\xc2N\xb6Hr%\xd3\xf2\x01\xf3s\xdd\x98/\
\xab\xcf~\xeah\x94u6H8\xba\x92\x80\xe8\x0b\x0a\
\x0c\x22U\x18Z\xe5.\xa1\x81\xfa\xb9\x08G\xd6\xaf\xca\
k\xe7\xc9\xaa\xd3\xeb\xbel\x92P\xc2\xf9\xd8'\xaf\xd3\
E+\x14[\x14\xc4\x05\xb7a@\xf6\xbd\x5c\xf8\x8d\xf5\
.\xb1m\xeb\x03\xb7\x83B\x05\xf8\x17}\xf3[Y\x15\
\x12[\x98@C\xdf{;Y\x04\x14\xacCj?\x1a\
\x9cc\xdf\xa3\x7fV\x1b\xa2od\x07\xc6\x0b\xae\xd2+\
\xf3\x1f\x04/Y\xf6:\x1f\xbd\x0d\xa5\xdf@L\xcc\xec\
\xb5?\x94\xed\xe1o\x1b\xcd\xd1#\x8e\xf1/\x13\xff\x98\
w\xe2\x7f\xe2\x1f0\xf1\xffo\x88\xffZ\xe2{\xf1\xef\
\xf7HB\xf1\xbf\xd2\xa0~\xfba\x9eU4r\x19\xc4\
\xbf\xd4\xa7\xd2\xe2\x9b\xd1q\x17\xff\xb7 \x8e\xed5\xc1\
n\xd1\xf5]\xe1\xef\x05\xeb\x0fA\xeaCp\xaf\xb8\xf6\
sY.\xc7\x22V\xd7?\xcd\xa5\xc1`0\x18\x0c\x06\
\x83\xc1`p!\x98K\xae Z\x14$n\xca\xf3|\
\xbd\xc9V\xfa\xaeWY\xf3C\x93\xbc9\xbf-K\xac\
\x80\xd6\x9buTj\x5ci\x8e\x92\x03\x85\x9c\x09\x94E\
! \x88g\x15?n\x82\xa6@\xf4\x8a\xe4 \x22\xb6\
\x91C\x16\x16\xf0\x9c \xe1#\x94G\xb3\x9d\xc4\x12a\
\xdc\x94{\x22/H\xa8\xa3\x1c\x96!\x11\xa1[\xf5e\
\x9cG\x1a_\xe1S)\x9f6b\x14\x12r\xff\x0b\xc4\
f\x97\xc5\x13\x91\x22\x08\x840!{;\xb1<\xb6\xb9\
#\xeeE\xcc\xa0z\x04|\xe4\x19\x8b\xf9\xb0\xdd!*\
\xc0\x5c*\xa2L\xc4\x07\x11o\xce\xb7l\x141o\xb5\
\x93\x85\x01\x14\x1a\xca\x18\xb9\xe0\xf4\x9b@\x87\x82\x16\x8b\
!*\xf2(\x02\xb1\xa8\xa5\xaa{\x1fB\xff\x09\x08~\
a\x03\xe3\x0f}o\xe6#\x0b\x015\xfe!\xd2W\x7f\
<Q\xf6\xcf\xe2_\xfa\xf8\xb7.\xfe\xa9\xad`\xbb\xb4\
\x17|\x9d\xf8'7e\xe2\x7f\xe2\x1f\xdaD\xdf'\xfe\
\xff\xed\xf1\xaf[\xdfm\xa3\x18\xf1/{\xfc+\xc7\x7f\
V\x98\xe3)i\xd7\xa7\xc0\xb2\xd4\xc7\xbf\x1f\xe3\xeae\
\x8aM\x81\xdf\x08\xafW\xfci\xbe|z\xcf\xef}]\
|v\x81\xfaN\xab\xe7j\x93\x9ff\xf2`0\x18\x0c\
\x06\x83\xc1`0p4+\xa0\x83\x82\xac\xf4\xfb\xe6;\
\x1f9\xc4\xfc\xfb\x0a\x11$\xc5\xea\xd4\xe1\xdak\x19\xd8\
\xc6+\xed+W*g\xb5\xc9Fr\xff\xc0\xa4\x10\x1a\
nYd\xbd\xed\x10A6)\xa4\xee~\xa4\xd7\xcaJ\
\xa1\x8bD$\x9b\xda\x08Z\x08\xee\x1d\x81\xeeH\xa9\x93\
L \xfaA\x8aU+\xf97+\xfd\xc4\xab\xfc\xacI\
\x03\xc76\xe1\xe1\x22\x8bf\x1bI\xdf,x\xbaj%\
\xcah\xcb\xf3i}l\xb9\x9b\x1d\x1d\xf1R&\xf5f\
e\x85\xd5u\xbc\x1e\xb1.\xc4\xdar\xe5\xa1\x97\xdd\x09\
0\x890/\xac\xc7\xf8\xad\xf1\x11\xf3o\x04\x9b\xedH\
\x15l\xec \x8c\x09\xd9P8\x87\x02\x83\xc2\x8aG/\
\x8f\xe4\x1b\xc5'\x06\x0b*\x5c\x7f\xd7\x9e\xacz_Q\
Z\xfc\xe41C!\xf1ATr\x7f\x14|\xbc\xdaI\
b\x9b\x82\xf8\x831\xb0\xf9\xb9D\xb6\xb6}0gX\
\x10\xc2\xf9\x82v\xb6\xf9\xb8\xc5\xbf\xec\xf1\x8f\xd5\x0b\xf9\
7\xf1?\xf1/\x13\xff\x13\xff\xbfj\xfcK\x13\xff\xb6\
\xa7\x15?\x0d\x0es\xdb\xb2rky\xc5?\xc4K\x8c\
\xe7]\xc2\x9f\x86\xcb6faK\xab))_\xdbx\
\xf8v\x1c\x5c\xe2!\xfe\xcb4Z\xf3\x15\x96L\xe7*\
g\x01k\xcb\x0fs\x1b\xcf[v\x0c\x06\x83\xc1`0\
\x18\x0c\x06\x83\x0a}\xbd\x84\xf0\xfa\xa2\x95\x92'?\xce\
\x95!QH\x05\x04\xe8\x9d\xd3\xfa\x9d\x7f\x12\x17\xf8\x1e\
\xac\x00\xe9\xc1}\xacB\xb6tw\x17\x93-\xec\xda\x9e\
j\x5cG\xe6\x16\xb6\x02\x84\x11}\xb9\xbf\xe2\xaa0\xdd\
J\xfb\xf9\xda{RVc\x15\xefIx\xd8H\xa0\x9f\
?\x08\x14[=D\x92\xb7\xfc\x96/\xa1r\xc2Wl\
@=\xf1\xc8\xf4\xc1\xe6\xf6\x02%\x01\x91\x81\xfd\x12i\
\xcb\xa3`\xc4\xf9\xeal\x90\xb6\x1e\xf4\xf3\xc9\xaf\xf6\x1c\
\xb6\x15\xea\xe1\xf2,\x8c\xa0\x88\x92\xfc\xfa\xfc\xd8-\x0a\
\x01ET\xd3\xfcC\x8e\xac\xed\x07\xa4\xa9\x9b\xc7%|\
\xf2\xfc\x94WQ\x188\xd9+mZ\xb6\xa0E\xdae\
\x81\xf6\xb3/(@\x9d^\xaa\xd5\xc7\x7f?\xaf9\xff\
\x13N\x11\xfd{\xc0v\xfa\xf8\x97\x89\xff\x89\x7fwb\
\xe2\x7f\xe2\xff_\x1e\xffF\xb6\xa4\x89\xff\xfb\xfep\xb5\
6\x84\xe16\xfe_)k\xdf\xe7\xcc\x99w[xw\
\xd5\xd6\xbdn*\xbd{j\x1b\xdd\x9a4>{\x83_\
\xed\xba_\xa8\xcd?\x09)D\x1bu\xbb\xad<\x0a]\
\xb5\x8f\xed`0\x18\x0c\x06\x83\xc1`0x\x8f\xb7{\
@\xbf\x80+\x9f\xfd\xbc\xa7\x1d\xef\xc1\xad\x12\x90\xf8\x9e\
\x0c>\x1f\xf3\xcc%%[\xe6\x5c\xef\x03+\x9d\x05\x1e\
\x97\x06\xe2p\x1f$\xb3pZ\xa4V*.4\xc5m\
\x0a\x13\xc5\xe5Fy$\x19X\x8b\xb9\x9b$\x0aD{\
\xed\xf6\x87W\x83\xc5\xcbs\xcc6_\x8a?Z7\x0a\
\x09\xffl\xdf\x13\x13Z\xbd\xb5\xa7\xec/\xea\xa4X\x80\
\xc06\x8f\x13\x1b\xd8d[\xb7)\xdd|q\xbbe%\
\x16\xf9e,\xda\xb0\x98\xb2\xfa\xac\x9bRe~\xaeG\
\xd3u\xf9\xd2\x89b\xecs\xe7\xb7\x91@\xd4\xd5\x85\xfd\
\xe6m\x14(\xeb\xf6\xa2\xaf\xf0\x1c\xf8\xa6`7V\xd6\
\x91x\x11\xf6A\xdc\x91C\x9f\x94\xfdm\x0d\xeaV-\
\xe3v*\xa7\xfe\xdd}b\x1f\xb0\x0c\xadVtA.\
\xfa\xee\xf0#\xd0\xc7\xbf\x16_\xb6\xf8\x07\x9f\xdcO\xfc\
\x1eq\xe4\xed\xa3\xf9\x84\xdf\x15\xea\x11\xb2\xc36'\xfe\
\xc1\xf7\x89\x7f06\xf1?\xf1?\xf1\x7f\xa7\xaf2[\
\xfc\xe7\x7f\x1f\xe3_\xb4N\x15\xbb\xd3\xe2\xbcy\x1a\xb6\
D\x05\x5c\xb8\xcf\xff\x80\xb3*\x87\xf8\xf7\xb6@z\xcc\
U[\xd3\xcc\xf7{\xf6L\xeb\xc9\x8c\xe2$Fv\xe6\
\xdd\xb6yQ\x1e\xc9\xc1`0\x18\x0c\x06\x83\xc1`\xc0\
(+\xa0\xfb\x15\x1dIo\x80wD\xfa&L\xfby\
E\x1a\xe2\x95Ayu\x02U\xeda\x11\x7f!\x0d\xd3\
\x81{7\xe9J\xbc\x9c\xd4;\x19\xc7U\xd1\x85\x8c_\
\xf5&\xc5L\x82R\x1f\xee\xdc\xeb| \x18^\xb7T\
\xa1!\xd2\x98\x0c\x82}\x85\xb2\x91Ni\xc5.\xd9`\
{\x22\x95\xd4\xb2\x98\x12}\x81\xe4I\xa4\x15}6@\
\xfd\x06>\xf9c\xc6\xdbj/ \xe7\xe8?\xd6\xa9\xd0\
f\xdc\xf7\xd3_P\x16\xf5\xba=B\xac\xc0\xa3>\x8b\
\x95_\xe0\xb75\xe9\xbc\xe7\xa9x\x9b\xa4\x0a\x0c\xda\xcc\
\xc3\xf0s}\xef\xfa\x91\xe7\x83\xda\xbe\xa2\xae\x1bCl\
\x07\xae\x94<\xe5\xd5\xdfX\xb9}L\x82\xd7\x1f\x8f\xae\
>\xfeZ)\x879@c\x16u\xd3\x5c\x14\xa1\xf1l\
ku\x93PV\x9fW\x92\x8at\xb1\xd8\xf4\x1d\xf4S\
;V\xb6\xaf\x00\xecl\xcbC\x9dGL\xfcO\xfcO\
\xfcO\xfc\xcb\xbf-\xfem?\xd4k\xf6\xd4\xf8\x17\x8f\
\xff\x1faQ\xc1p\x8eW\x17\xffk\xb5\xb3\xf9\xca\xe3\
\xab\x82\xf5\x82B\x88\x7f\x93<\x86\x06f\xfcc\xba\xc6\
\xaa\xe8\x8c\xff\xafu\xdf\xb8\xee\x1e\xef\x13\xc2\xef<\xf1\
>\xab\xc2\xb4\xbfh\x10\xbbR#\xef`0\x18\x0c\x06\
\x83\xc1`0\xf8\x0c\x17\xfb\xdc^\xde\x22xC\xae\x9b\
\x0e\x80y\xd7B\x1f\x01\xfew\x9fe1\x02\x09\x84\x8b\
\xbc/\x92\xe0\xfc\x9d\xee\xe3o\x82B\x8f\x96ZC\x94\
\x0c\x85\x82\xbb\xa0\x81\x7f\x9e\xe9\x22\x7fN\x1a\xe2\x1f\xae\
\xb0\xf6\x9c\xb9G\xa7\x96v0\x19\xb3h\xac\xaf\x06+\
\xa2\x85\xc2\x0ao\xad\xfbH\x9aTR\x8a\xe9no\xeb\
\x0b\xe8\xcf.\x1f\xb6\xc2V\xfe._\xf8\x87Mil\
`\xb9\x9c\x0a)\x1a\x04\x81$\x22\x16\xed\xc24\xb0\xc7\
\xe4\xd9\xc06\x96+}\x00c\x17\xb6\x98\xe4k\x1d\xc9\
\xd2\xaf\xd8\xff.\xe6\x80\xa0\xa3`\xa7\xf4\x09\x8a$\xe5\
d\xae\xa0\xf4\xb1\x16\xa3\x95iL\xfc}\xa5Y#6\
\xe0\xd8\x0b\xd7\xe3\xed\x80\xf6\xf89\xb4dT\xafv\xc4\
\xd8\xe7\xb4\xac\xc7\x8a\xd1_\xc8S\xd2N\xa2\xd7\x16K\
u<\xf7\xf8\xb7\xbd\x8f-\xf7\x03\xeeV)\xe2\x1cv\
\xdf\xaciS\xc6\xbf\xedc\xe5\xd9\xda\xf8\xdfc-\xc6\
b\x8b\xff\xbd\xde\x89\xff\x89\xff\x89\xff\x89\xff_'\xfe\
%\xc4\xe6\x8c\x7f\xef\x0e\x9fw\xe8\x83@\xf9\xbc\xdb\xba\
\x8f\xec!\xfe\x9b>\x888_\xb6J\xfc\xaf\x17\x0a\xa2\
}\x05?4\xb7\xf4\xb8Ee_\x01\xad\x11\xbe\x14\x05\
\xf47/\x14\x9f\xf3\xf7n\xc4\xe7\xc1`0\x18\x0c\x06\
\x83\xc1\xe0{\xf8\xaa+\x9f\xf3\xcd\xe0\x08\xde\x03\xfa@\
\x97\x83c\xaaTr\x7f\x93\x1e$Q\x0a\x1f\xd6Z\xc4\
\xd4\x8e(#\x89\xbb\xc9\xa2\x91\xd9<\xe7\x9bq\xec^\
;\x89h|PM\xa2j\xf9\xa8p\xf1\x05E\x81\x8e\
\x1cK/\xa8`Yn\x0b\x9f\x13,O\xa2\x8c\x81x\
\x81\xc2\x84\xa0\x0d\xd5$\xda \x0e\x15\xa2)9NF\
\xf5\x0a\xa7I\x92[\xa5|\x97\x0d\xe5\xb9\x22\x1b\xf9\xe6\
t~)\x12\x8f\xd56\xee\xab\x1e%\x1f\xd1/\x9e3\
L\xac\x0b)wAjM\xe0n\x0c\xca\xd1\x12\x17V\
a\x10v@,\x00\xa1KD6\xb2\xda\x09<\x9b\xbf\
ZW\x9b\x0a\xd9\xc81\xd0\x18g\x1c\xf7\xcd\xa6\xe6\xcb\
\x9a|\xeb\x82\x22\x9a\xac<\xda\xd4S\x13\xac~\xae\xef\
\x06\xe5\xad\x11e6\xc2\xce\xc2\x08\xd7\xc9\xa2#\x9d\xaf\
\xf1O\xf9K\xfc\xcb!\xfe%W\xb0\xca\xc4\xff\xc4\xff\
\xc4\xff\xc4\x7f\xfa6\xf1\xff\xdd\xf8W\xb1=\xfc\xe3.\
\xae\x8f\x7f\xbf\xe7\x94o\xc4\xbfR\xfc\xebC\xfc[\xb5\
\xa1\x1e\xff`\xd3\xf27\xe0\xca\xa2BV\xb6!\x91\x93\
@>\x18\x0c\x06\x83\xc1`0\x18\x0c\xce\xf8brt\
\xdf\x83\xdf7\xdf\xfbM\xb7\x84\xc8\xdc#I\xfc}t\
\xa5\xdce\x91\xb2(\xd28 \xbe\x90Z\xad\xe6\x89\xa4\
\x987\xc9\xbd\x1e\xb3\xfc\xfa*\xe4\xe5\xfa\xfcRx\xbc\
\xb5\x92\x90BJ\xb8\x8d/B\xc4L\xd2\xd9Q0%\
\xdb\xf6\xee\x0c!\x01H\xb6\x1d\x08\xb6\x13\xb1B\xac\x88\
\xcc\xbakj\xfd#\xc5\xbe\x0f\xaaH#\xaeP\xde\xdb\
$\x8ds\xe3\xcfE\xb0c%S\xb3\xe9\x88\xed\x14\x9b\
Ic\xb7\xa2\xcc\xeb\xef\xca\x07\x89\xf4\x95p\x90^l\
\x80?(h\x95\xf6\x96yW\xf3\xca\xa1~\x17:t\
\xd9\xf2G\xff\x91\x94\xab\xd4q\xc1\xbaDS\xcc1\xa9\
}\x80\xa2\x01\x8f\x91\x81h\xb5\x93\xf2\xc3\xa7\xd7\x09c\
\x99\xf4\x1b\xec\x93@\xb4\x09\x1c\x02\xc4\xdd\xea>\xacQ\
\x0f\xcfoi\xc6\x98\x04\x11\xb1.\xfe\xa5\xd4\xbb\x95\x8b\
\xa4&\xfeY\x00!\x9f\xccE\xb46\xfe\xbf\xb6\xc7\xdb\
\xb5\xfbl\x84F\xed\x842\xb75\xf1_\x93\xd0'\x99\
\xf8\x9f\xf8\x9f\xf8G\xff\xe2;\xfa-\xff\x94\xf8\xa7q\
\xda\xe2\xc7(\xfe\xed9\xfe\xa5\x8b\xff{5\xb2\xfc\xa8\
\xf3s\xeb\x1b\xcb\xe7\xe1p\xe7\xe9\xbb\xbdV\x0a\xd9\xfa\
\xdf\xfd]\xa542\x7f\x10J\x93\xee\xa1\xd5\xb8\xff\x85\
\xa1\x8e\xcf~\xe42\x9e\x07\x83\xc1`0\x18\x0c\x06\x83\
\xc13\xcaK\x08\xf3qjY+B\xae#\xc9<\xfe\
m\x93\x07b\xd5H\x12\x10\x8b\x8f$\xd9\x96\x84\xd9\x09\
\x89\xe6y\x03\xd3N\xbc\x0a\xa1+\xde$\xb1oo\xfe\
\xad\x12@\xb1\x86\x0e\x9b,bS\x1f3\x8e\xbd\x03e\
\x11\x1c$\x80\xc8H@\x5cH\xff\x81\xf0\x22\xbb!\x01\
 \xc8\xba\xc8F\xf4\x9dX\xdd\xbe\x14\xe9~\x13\x01\xe2\
\xed\xf6\xab\x1f\x98\xe6aYl\xbd\xb2 \xb3\xdac \
.0\xd5\x8a\xf1h\x84\x81\xf0\xd9x\x842\x8f\xa2\x80\
\xb2\xec\x84\xefD\x8eK\xdd\x8b\xf0\x97vS^L\x8b\
O\xf6\xb5\x13F\xe0|\xe9wh3~G\x1f\xdd7\
&\xe6e\x0fY\xd9\xa3\xc5*\xab-\xb6\xcb\xbc\xa3\xb2\
(Xy\xff\xdc\xfei)\x13[\x0e@\x7f'\xff\xe6\
\xd9\x96~)\xe6\xf5\xb1\xa1\xf8\xdb\x0b\xc2\x1cV\xdd\x04\
\x08\xa1\xbe\xc0z\xc4\xcb\x88l\xf3\xf6}\xfcK\xd4\xdb\
\xc7\xbf5\xf1\xbf\xe7\x11\x10\x02\xa3\x0e\x14\xc3&\xfe\xb3\
=\x13\xff\xc5G\xf7m\xe2\x7f\xe2\xff\xd7\x8c\x7f\x0d\x83\
\xef\xe3_\xf2.\xcb\xd6\x1f\xf9\xcd\xc2\xc6]\xef\xfd\xef\
\x1c\xff\x1aw}e\xbcDK}\x91g\x8b\xff0'\
\xb9\xf7\xb3A\xda}\x9c\xc5\xea\xde\xcfxo;\x82\xf3\
`0\x18\x0c\x06\x83\xc1`\xf0}\x5c\x02\xf4\xf6\x88\xe8\
\xf5u\x91\xa3\xeb%E\xfb\xcdvf\xd7\xc2\xa5\xb7\xfb\
r%Z`\x8b0 y[\x8c\xc3W\x1f\xdf\xc4K\
\x0a\xc9;!\x09\xad\xd7\xef$\xcc\x82\xa0\xfb\xe9\xdc\x8a\
ce\xfe\xd2 ZH\xb67B\xb8\xfaG\x85\x88?\
\x0b1X\xde\xea*\xa9kE\x96$YF\x81\x81\x05\
\x8e Nf-9\xc5\xef\xb9:H\xb6\xbeb\x91\xa7\
\xd8Q\xad\xf9\xbd\xeeeo\x13\x0c\x04\x086\xce\x158\
/kU\x16\xb6\xab\x10g\xcb1\xc1\xfa\xb5i\x1f\x92\
O-s\xc5\xaa\xe8@\x13\x0e\x09\xb9\xbc\xf6]U\xdd\
V\xc2\xa1\xefH\xe6\x05E\x17\x12`\xdc\xaeR\xf9\xb0\
\x81~\xa8\xee\xe3t\xa8;l\xd3X\x171\x81D\xb2\
\x10\xd2\xac\x12a>Nw\x9ayAu\xe1\xaaF\x85\
:c\xef\xda\xcc\x1c\xfec~\x14A\xa8\xf2\xadnl\
C\x8c\xa5\xd5\x15\xa1(\x84<!\xe3\xdf\xa2~\x140\
j\xfc\xd7~\xf7\xf91\xf1/\x13\xff\xcb\xd6\xc4\xff\xc4\
\xff\xc4\x7f\xae\x1f\xde\xe3_\x1e\xe2\xdf>\x88\xff%\xea\
\x82\x1d\x8c\x96|b\xce\x130\xfeoq\xf89\xfe%\
\x04i\xbf\xbfS/\x94\xad\xb8>WS\xa19&\xbe\
G\xb4H]\x80\xe1\xc2t\xed2\x8dy\xa0o\xe6\xe9\
`0\x18\x0c\x06\x83\xc1`0\x80\x15\xd0/\xe0=}\
\x8a\xd0&\xcc\x05o^c%\x0d\xac\x14Rx\xdd\xe4\
\xaf3\xd7\xad\xfd\xb2\x8b\xa4\x06\xc5\xecB\xb0\x9c!x\
\xc6e\xe3&\xd0HZ\xee\x13\xea\x190\xfd\xf5Hu\
\xad\xe4\x92\xa1\x93\xe4\xa5]&\xd3\x95D-B\xb8H\
>\x12\xd6\xe8\x14\xdd\x1f\x7f5\x22\xc6\xbc\xe2+\x08-\
\xe4\x0d\x01C\xb5%\x8f\xde\xb6nE\x1e\x127\x7f\xf1\
\x12\xb6\x0d\xf32\xbcm\x02\xe4X;\xdb\xf0\xdd\x1a\xe1\
\x85\xc9~\x887 \x9chc\x93\xdb\x87}PD\x0e\
o\xcf\x22\xd1\xd8.c\xb1\xca\xac\xdd\x97\xb6\x13MJ\
_\x81p\xe1ix\x1c\x02\x84\xa7\xbf\x11y\xb0\xde<\
\xd0\x18'\xf7\x83E\xaf\xe2\x17\xdb\x00\xb1\x88\xd3\x14\xfc\
\xf0\xfe*\xf5\xe2\xf7\x22:\x90\xa8c\xfb\xbe\xa7&\xd0\
g\xb2\xa3\xc6?\xed\xed\x0b\xe3\x13y\x9by\x1c\xdfI\
h\xc8\xf8\xa7|0v%\xfd\x8a\x7f\xdbE\x13\x8f\x7f\
\xa9m;\xc7\xbfL\xfcc\xde\xa8f\xe2_d\xe2\x1f\
1\xf1\x0f\xe5\xff\xd1\xf1\xafo\xe2\xdf\xde\xc4\xbf5\xf1\
\xafM\xfck\xdb\xbe\x1a\xff8?\x97\x8f*M\xfc\xa7\
\xdd\xab)\x18\xff\x96\xa3\x89+\x9b\xb3\xdb\x97M\x81\xf8\
\x8f\xa9S\x8fy\xb5\xf7\xac\x88\x1e\x0c\x06\x83\xc1`0\
\x18\x0c\xde\xe3\x0bE\x01\x91|!\x8c\xd3\x22\x5c\x05R\
o\xb2oj\xe2<\xce\x1fe\x8c{}?0\xdc\xbb\
\x0fK\x82\x8d\x8bPH|^~H\x12\xfd\xb4\xcb\x8f\
\x98\xba\xcf\xc0:\x04\x1d\x90B<\xa3\x94\x93\x92ll\
K\xbe1\xed\xf5\x1f\xdcsr\xb3\xad\xf9R\x9cB\x1e\
u\xa7XH4\xb1\xee+\xc9\xac\x90R(t\x13$\
`M(\x9cp\x1a\x93\xe9\xad\x1e\xf8\x0c\x02\xb7\xc6\xab\
\xcb\x1f\xc7V\xc72\xc7x'\xaaA\xbe5W!:\
\x11\xed\xfcBa\xa1\x13\x19\xda\x95{\xd2\x13d\xc36\
5\x88\xbe\xc3\x15~(^\x09\xf5\x0d\xd4\x11\xfd@c\
,\x98\x87\xc4\x88\xcd/\x91\xb2Z\xb3\x88\x1c\xe8\x8f\xd1\
\x9cg\xd6\xbc\xdaP\xd6\xca\x99\xc8;:\x5c\xf6\x84%\
?B\xc8\xe1q\x22\xb1\x01}S\x12\xa4j\xfcC\x9a\
H?/\xa9.\xdf\x838\xe3?c\x85\xdb\x86\xab7\
\xc1\xd9=\x0d\xda\xc1+\x00\xdf\xc7\xbfM\xfc\xaf:\xca\
\xb9\x89\xff\x89\x7f\x99\xf8\xffu\xe2\x9f\xceQ\xcc\xdc\xdf\
\xcd\xdd\x09\xbbz\x07~\x13\xff\xf6&\xfe-\xc6B\xc3\
\x81\xd5o\xeb\xder\x8f\x7f\x8b\xd4\xf2RD\x1c\xef\xe8\
&Z\xe1/1m\xf1\xf6\xb0L'\x0c\x83\x11\x9e\x07\
\x83\xc1`0\x18\x0c\x06\x83\xcf\xf1\xd5\xdd@g\x92\xc1\
\x8a\x90;\xa5\xf29\x85\x1b\xf4\xa4\xedL\x9eb\xbf\xbd\
\xb4*N%\xe3\x8c\x93)K\x86cB\x86\xa4\x92Q\
\x09\x91\xbc\x12\x1e'\xae\xb9\xfaK*q_\xc7\xbeB\
.\xf5\xebEn\x94\xf6]4ZE\xb7^\x98U\xdc\
c2(\xa5\x03\xeaqC\x94;\xc1\xa4\x90G\xad+\
\xeer\x95R%\x83\x5c{y$\xbd#K\xfe\x17\x04\
\xb0\xe1u;\x11\xd7\xe6\xbc\xb0o`/\x04\x09\xf0'\
\xfc\x17\x12w\x88\xc4\x8b\x80\x80\xc3u\x01\x01G\xd2\xad\
\xd4^OcB\xeb\xed\x09[\xafC\x7f\xf9\xd9\x9a\x0f\
\xe6\xf3c\xf9i\xd8\x7f\xe0{G\xe6\xa5I\xd3F0\
\x0a\xc1\xaei\x9f\x08\x89W,n=\x88-1#4\
\xfb7W\x1c\xd6yU\xdaAu\x18\xf9)\x22\xdb\xa7\
\xfb\x80\xe3+0\xe6\x9d\xe0\xa2l_\x9a\xf8a?\x9a\
\xf9\xc6\xf3\x02W\x19\xba\x8d\x1a\xffJ\xf1\xaf\x19\xff`\
\x0f\xfb|\xe2\x7f\xe2\x7f\xe2\x7f\xe2\xff:\x9c\xf8\x87\xf3\
\xc5z\xe4\x8dV\x94\xf8\x17Q\x10\x82}\x91\xc3\xe7\xf1\
O\x15\xba\x90\x0d\xf7\xa5b\xe8\x85\xac\xbd\xa5\xef\xf9~\
\xfb\xad\xd1\x0f\xfc\xe4\xdc=\x0dV\xfc\xc7\xde\xcfY\xc6\
\x8f)tW9\xb4\xd3\xfd\x02\x0c\x06\x83\xc1`0\x18\
\x0c\x06\x03F,\xffP\x22\xfc\xf7\xfd\xb5\x06?\xa9\xdc\
\xc5J\xbeX)b*e\xef\xca\xeb\x13Ej&\xb2\
\xf0\xdf\xf5\x9f\x8d\x88\x01iP\x12\x0f\xd6\xd7\x0aK2\
\x14D\xdeV\xfb\xbcl8,b\xc0\xe0\x0c=\xc0\xbe\
\xd0\x95\xc9\xf6\xbd\x16\x0d:\xc1\x90|A;\x1f\x09J\
G\xb0I\xf4@[l\xdf\xc2\xcc\x22\xd5DL\xf1\x91\
g_\xb9\x85\xa45VuQ=\x82\xe5\x99\xa0G\xe5\
\xb6\x09;\x0a\x22\x0a\xfa\x17\xf9\x95H\xab\xed+\xe4b\
l\x880c{pu\xa5Q{\xef\x15\x81R\x05\x92\
0\xad\x9b\x88\xe2\xa4\xd8\xd9l\xa9\x96\x85.\xb3B\xce\
\xb1m\xfe\xcf\xb0\xce5.8\x07\xb0\xff\xb1m\x02>\
c\x0c\x95\x98i\x04\x85\xea\xae\xae\xc2F\x7f\x0e\xdaE\
\x10\x16\x82\x94\xfd\xd1\xfaHu\x07\x9f\x8f\x1e\x17{\xfc\
\xc3\x9c\xb0~\xeb\x05\x8c\xa9>\xfeW\xbe6\xfe\xb5\xf5\
\xc9m\x84\x88r\x8a\x7f\xa8#\xc6\x15\xfca_&\xfe\
\x01\x13\xff\xa5m\x13\xff\x13\xff\x13\xffw\xed\xfeR\xc1\
\xba2\xdfD\xe5\x14\xff\xd0\xe6\xe8\xee.\xfe\xef\x0c~\
\xcaTb\x9e\xfb\xf9\xd7\xa2\xe6\xd8\xa6#\x22[c\xec\
k\x97\xaf\xf8\x87\xca\xf7'\xfd\x96\x05\x98\x92#:\x0f\
\x06\x83\xc1`0\x18\x0c\x06\xdf\x87\xea\xff\xfb?\xcb\x97\
\xa8\x18.\x10\xbb`(\x1a\xd8\x07\x16\xad\xee\xfb\x18\x15\
-\xa3\x86\x84\xc5\xc9\x04\xe63\xa0\x22L jE\x02\
LE\xee\xd56K\x8cX6P~0W\x160\x9f\
\x18\x09\x15;\xa1\x17)\x14D\xbe\x0d\xec\x8fET\xef\
v\xc2\xea\xac\x03\x14D\x96FB\xe8\xeb\xa2\xfc\x0a\xa4\
\x14\xf3\x19\x08#]{Q\xd4i}[\xbe\xfb\xfc0\
{~\xd4\xba\xb3\x85\xf99\xaf<\xd8:\x95\xcf\xe6Y\
\x11r\x84\x8f3#\x10wlS\xad\xa3\xed\x03\x18\xcb\
o\xa7\x89|<\x9e\xd2\x08WeE\x1e\xb4M\x9el\
\xbe\xda\xfa\xb5\xda\xd6\xcd\x13*\x1f\xc7$\x1a~\x82\xe3\
Xm\xf1\xbf\xdb\xed\xc6L\xe4M\xdd4\xbe\xdc&\x91\
~\x1e\xbc\x9bsB\xe7>m?\xfb6\xf1?\xf1/\
\x8d\xef\x13\xff\x13\xff\x7f\xef\xf8\xb7C\x9d.\xe6\xaf\xf9\
\xb1\x04\xe1\xbcW\xf3<\xeb\xbe\x0bl\xa6#~\x7f\xe6\
wj\x9e7\xa4d\x09\x8b\xde.\xb7\xa2\x02\xf9p\xac\
\xd5\x9bw\xdd\x04\xaa\xe8>\xee\xb6r\xc7\x96q\xcb\x07\
{\x09\xd3\xabN\x8c\x7f\x95\xcf\xee{\x07\x83\xc1`0\
\x18\x0c\x06\x83\xc1[|\x95\x97\xe4\x98\x16\xb1\xd9\x16c\
\xc8\xef\xce\x97R\xb0\xdeQ\x09\xd5\xfdH\xf4:0\xa0\
\x85k\xa5V\xb7\xca\xa5\xd80\xd9\x04\x81<\xb7\x88J\
\x10Y$@\xf7gy\x84R\xb1\xdc\xca\xafY\x12\x05\
f\x95J<\x91H\xf1^\xa4O\x0c\xc5\x05\x0e\xa1\x95\
\x5c\x1d\xf9d*\x8a\xab\x8f|\xb5\x11\xfa\xa6\xb0\xc2\xeb\
\x16\x18\xbe\xb6\xc7\xbay\xc5\xa0\xa7\x9dio3\xaa\xd4\
>\x1fy\x9c;Nd\xb9\xab\x0byo\xc6\x9a\x1f\xcb\
\x8ft(\xe3\xe2\xc5\xd1\xcf\xd5\x9f\xb1\x02Ms\x8e\x9d\
\xca\x0a\xa4\xbb\xf8d\xde\x8f0\x0b\x8f3\x9cV\x85\x95\
z\xec\xf0\xa7\x0ao\xbfY\x11\xec\xba|\xdc\x7f\xde\xc6\
\xdb\xdf\x141J\xdb\xac\xd9z@\xaa\x98$\x07Q#\
(?\x88B>Gq\x1b\x82\xf0\xebCf\xae8\xf7\
\x1bf\xdf\xc7\xbf\x94\xbe4jOf.?J\xa5-\
\xd1\x06\xab\xfb\xa2b\xb9\x12\x13\x22\x9b\x10\xa6\xcd\xb9\x89\
\xff\x89\xff\x89\xff\x89\x7f\xe9\xfch\xf0\xcf\x8e\xff\xda_\
\x98\xba\xc7\xbf\x1c\xe2\xdf\xe3{\xf5\x81\xd5zbjD\
\x99\xbc\x17\x8b\xf8\x8f~\xa8\xd6\xa37l\xe5_\x9f.\
$\xdf\xff\xb7C\xfc\xe7\x08\xdf\xf7\xbd\xdbt\x12\xdf\x96\
c+\x89\x7f\x14\xf2X\xd4\xa7\x1e\x1d\x0c\x06\x83\xc1`\
0\x18\x0c\x06/\xd0\x1bX\x9c\xac\xad[\xfb\xca\xf6\xee\
\xff\x9as\xc7\xa4\x0cw\xdeE\x1bT\xe2N\xfe\xfa\xea\
\xf7\xf9\xd6\xd8\xfcR\xb2\x8fu\xa7\x88p}\x98\x15\xc2\
\xacN\x16D\x81\x106$\xe0E\xb6\xbeP,\xf0\x17\
\xe1\xb4\xb97!D\xcb\x190[\xaa\xd0M4\xd8V\
\x8d)\x88\xfb\x8bP!\xc9E\x81\xc1\x8f\xb1\xbc?*\
[\xbcA\x22\xab\xf4\xe8(\x12W\xect\x14\x1e4W\
?\xe9\x03\x19F\x12\xcd\x8f\x07#\x01.\xc7B\xa4\x1e\
\xfc@\x12\xff\x22\xcd}\x7fg\xdd\x066[\x10\x09\x8c\
>;\x89\x1b^\xcc\xdbb+o\x94\xaf\x02\x16>\xb6\
\xef\xfe(\x94W\xf0]!O\xf8\x06\xcc6\x84*\xd5\
\xbeoPtp\x13^\x86`4\xae\xbe\x1dA\xbc\xf4\
M\xa4\xcc\x8f\x9b\x91+2l2hE\xa4R\xd9\xdb\
\x10\xedmD\x89\x88\x81\x12\xffZ\xca\x97y\xf6\xb5\xbf\
\x00\xaa\xd8\x03\x1f\xf7\xf8\x071\xe6\xcd\xdc\xc0G\xcf\xa3\
\x0d\x07\x11\xe6\x1c\xff\x07\xffd\xe2\x7f\xe2\x7f\xe2\x7f\xe2\
\xffW\x89\x7f\xd9\xe3?\xfcU\x8a\x7f\x9c\xe3^\x87\xff\
\x91d\xe5\xf8\xd2z_&\x15W\xd5`\x7f\xcfa\x10\
\xff\xf7ql\xeaa\xc5C\xa1Y\x0d\x02\xb3\x09\xef\xfd\
\xec\xad\xbb\xbbVK\xc8\xf8\x1f\xdc\xe2\xc9\x0f\xee\xfb\xc1\
`0\x18\x0c\x06\x83\xc1`\xd0\x22\xb6\xe0\xe8OJ\xdc\
\xa0\xcbZYR^6x3\xe3z\xf3mVHz\
\xecDiV\x08\x94\xaf\xdeb\x89@\x8d\x1e\xe4\x5c\xd5\
\xe1^\x86W\xe2\x8f\x1f\xb07\xf3}\xc2\x1f\x05\x0d[\
\xb2\x1a\xa0\xfb\xc3\x9a\xcb\x09\xd1\xcc\x19\xdeb[\xa4\x10\
U-\x82C\xe9+\xd9\x89\xd9#%\x01\xc1c\xb3\xc3\
\x82\x05\xf5\x95\xe7QJ\xbb[\xf0\xecK|\x87\xb6=\
\xf9\xcd\x8f\x01\x8b\x9c\xdb~l3\xb4\x95\x1f\x09\xe6\xfe\
\xbe\xc4\x82\x18\xdbj\x1b\xfbak\x93\x97]D\xb9{\
D\xbd\xed\x03qm\x86\xe7\xb1\xa4\xcfR\xfb\xack\xd7\
c\x1a\xd7{8\xc6\xb6D\xf0\x1d|\x7f\x9a\x83\x1b!\
\xa6\xf9d\xf2\xc1\x98I3\x179\x86]Pi\xc4\xa8\
m\x8c>\x8a\xff\xbe\x8fp<\xf7\xf8\x97\xc7\xb9,\x87\
z:_E\xe4M\xfc\xbf\xef\xfb\xd3\xf1\x86\x89\xff\xdd\
\xd6\xc4\xff\xc4\xbfL\xfc\xff}\xe2\xdf\x0e\xf1_{\xeb\
\x16\xa5sC\x8dj\xc9\xe7\xf1\x9dvm\xb5\xa1*\xbc\
]\x87\xac\xfb\xb8k\xb1\xc0\x0f\x1c\xef\xb5E\x87I\xd8\
\xb9\x9fX\xd0\xa8K\xfd\xd4\xab\xac-S\x8auw\xdb\
\x81d+c\xdf\xea2\x8f\xbd'\xfd\xbe\x17\xd3\x06\x83\
\xc1`0\x18\x0c\x06\x83\xc1\xcf\xe0Z\x1a\x94\xab\xaf\xa4\
|&\x0f\xf2G\x14St\xf6\xf3\xdd\xe3\xb1\xe6$ \
sV\xf2\xb9*\xb9)\x81\xd5\xb2Az\x80\xf8i\x0a\
\xc4\x17\x19}\xbd\x85>\xec\xc1\xca\x22\xb1\x9d\x1f\xe8J\
\xb7Z\x8f\x7fG\xc2fRW\xba!A\x0c\xd2\xc6\xe6\
\x89D\xea\x83\xf8 h\x83;\x19\xeb\x81\xba\xfd\x98\xc9\
\xa7\xb0\x7f\xde>\x1a\x8f\x8b\xf8\x9b\x09\xb7\x03Wh1\
\xc1\x16L;\x88\x04\xd2\x949\xae\x02j\xc4'|\xac\
;l.\xe1\xc4\xf7\xa7,\xb6E\xca#\xc9I\x0f\xa1\
\x8ee\xb3<b\x0c\x22I\x88\x19p\xee&\xf1*\xf9\
\xf8\xfdm\x5c\x9b\xbeu\x11f\x9f\x97\xd9\x86n\xfcq\
\xf5\x1e\xbf@\x0a\xdb\xc0m)s\x00\xc6L\xd0\xd7t\
R\xca#\xd1\x06s\x9e\xe7S\xe3\x9f4~\xf8\xdc\xf3\
\xd5\x82\xa6\xba\xf5K\x1f\xff\x16\xfd\x1cim\xfc\xf7u\
*\xcfe\xec\xe7-\xfeE\xf4\xa1m1\x7f?\x8a\x7f\
\x99\xf8\x87\xb2Bu\x0b\x9f\xa32\x13\xff\x13\xff\x9e>\
\xf1O\xf9\xc0\x7f\xf7\xab\x1cc=\x7f\x9b\xf8\xd7\xf7\xf1\
o\xdf\x8c\xffh\x83\x88\xc1\xec\xcf\xf8\x17\xe1\x17C\xdf\
s\xc9\xd6\xd3t\xa7\xf8w_4\x04j\xac;4p\
s1\xf9.\xad^\xe7\xbai\xd5\xf5\x03\x90\xe3\x88\xfd\
\x97+\xa2\xb3i\xfdx\x0f\x06\x83\xc1`0\x18\x0c\x06\
\x83\x1d\x97\x00\x9d\x8f\x11\x8a\xe0\xbew\x1dG\xf2\xfd\xfe\
\xa4\xac \xb9\x8fo\xddx\x89\xd4\x8a\x04\xaf#[\xf7\
\x99BY\x161p\xe9!\xdf\xa4\x9ev,D\x83[\
\xbc\xceu0N\xb8\xaa9\xa6D\x85`E\x03\x7f\xec\
$\x16\x08k\x10\xfb\x86\xb4!\xd9\x16\xcc{\xaa\x17D\
\x0c\x7f\x8c\xf3$\x00\x5c\xdfQ0\xb1\xba\xc7\xa9\x81\xc8\
\x10D\x11\x89\xbdj\xddGr\xd9\xbb\xf6\x8a\x84\xbaX\
\x18A\x7f\x83\x10\xcb\xde\xa6\x8d|)\x90I\xcekv\
|qVg\x1bm\xb1\xd0\xe2u\xf3\xfe\xb1\xde7\x0a\
u\xa2\xbd\xe8;Ow\xd2\xf9\x1a\x7f\xacS\xab?\xf9\
\x08\xae\xc5c\xee(\x98\xb8\x9fE\xdc\xa2\xb6D\x7f\x92\
\x10sy\x00\xc2\x11\x8ac\x98/\xda\xeb\xb1\x0a\xedW\
\x0eXI\xb1\xc8\xfdR\xb0\x83~\x8b\x8b\x82\xde.3\
\x12!j_\xa0\x90'\x87|.\xded\xfcg]\x8c\
\x1a\xff5v0\xdeb\x8c\xd1W\xc9>\x14\xd9\xe7\xca\
\xe7\xf1o\x13\xff\x13\xff\x13\xff2\xf1?\xf1_\xfd}\
\x1b\xff\xc5\xd9\xf2!8:\xd7*i\xf7e\xa9\xc10\
[\xc5\xd8\xd0\x8a7\x95\xfaG\x8fu\x93)%\x8c\x05\
\xe3\x1f\xfa\xd1$\xea\xaf\xfd\xe23\xc3\x7fK\x0c\xbb(\
\xee\x85\xf18\xfb\x5c\xe2~\xf9>\xce\xdf\xa3\xc1`0\
\x18\x0c\x06\x83\xc1`\xf0\x8c\xafm\x9fL\x03Z`R\
\xbe\xab\x1a|W\xbaqO2\x87d\x0cI\x062{\
\x94\x0e\x22Y\x17\x8d\xb8Y\xc2\x22\x15\x06\x16\x88\xa0J\
%\x0a&Ie4r8+Jq!V\xca\x05y\
\xfbJ\x22!R\xeaHd\xfb\xb6\xf3\xaa\x1d\x0f\xab\x80\
r\x06b\x82\x1f\xe3\x8a1$\xb8\x85<\x12\xc9\xd1\xe6\
\xd3\xfb\xdcV\x9d\xda\x09\x05.dH%\xf6\x9d\xbf\x9c\
\x96\xb4M\xc2\x86\xdb\xe6v\x171\x80\xc4'\x91\xae\x8f\
\xc1\x16\xf6\x17\xd4U\x88>\x0a;Bb\xc1\xeb?\xb0\
\xc7h\x11+\x82\x04\xe7\x9e\xa9\xe1\xa7\xd4m\x5c\x04\xc4\
!\xb7\x136}N\x91@!(\xd2@9\x1e\xbf\x1a\
\x1f\xd2\x10m\x10\xa9<y\xcd\x1d]$8\xfa\xdf\xf7\
9\x05\xb1\xc9W(\x1a\xd5Y|\xa0\xfaj_\xd4|\
8&(\xa40\xfa\xf8\x17A\xd5\xc0\xa8\xdd\x19\xff\xf9\
\xa9\x8d\x0f\xfc\xc9\xab\xfb\xcc\xac\xccE\x8e#\x85X\xc3\
\x95\xad\xef\xe3?\x1a\xb5\x9f\x9f\xf8\x9f\xf8\x97\x89\x7f.\
7\xf1\xdf\x97\xfb\xf7\xc4\xbf\xdb\xd4\xd5\xe7\xec_\xb6\xc4\
\x14\xecz\x98\x84\xa5:\xd2\x19\xffZ\xea\xfb~\xfcK\
\xb5\x19\xe5\xb3\xc7\xee\xae\xe0ck\x9a\xbeJB\x13\x15\
\xe7\xd4`0\x18\x0c\x06\x83\xc1`0x\x8b\xb8E\xef\
n\xb0\x19\x96o\x14\x5c\xfcD\xcb\xcdz\xb99\xf72\
\x9c\xa2N\x16T\x14l\xddd\xd6\x80\xd4\xf8\xa3\x8f\x8b\
6\x18Z\x95X\xe9\x5c\xeb\xbc\xfdK\xd2RW\xabE\
;\x97\xd0\x0d\xadi\x09_\xf8\xef+\xe0\xcc\x82\xe8\xa7\
\x1f\xe6\x86\xb7UTA\x84\x8d\x1e\x9f\x16 \xdd\x9ew\
\xd9E\x22\xb5\x91Q\xf0\x09\xfd5\xf2\x15\x1a\xbb\x09\x0a\
\xfe\x82\xaam\xc5\x1b\x91.'\x81\xf8(7\x93a\x14\
7\x90(2)\x14\xb4\x0f\xfe\xaa\xd5\xd5t\x0a\xfel\
\x84X\xfbG\x81U\xea\x5c+}\xd7\x88\x13hO\x9a\
\xb2\xaf\xd5\xf0\xaf/\xda\xf8\x1b\xf3\xc9\x85+\x10m<\
\xbd\xd8~\x8d\xa9\xc2||=:\xde\x08\x02OA\xd7\
\x8d\x7f\xac\x80\xf4<\xaf\xef/\xdb\x22\xbb\xd0\xa7\xfa,\
\x5c\xf0J.9\x03m\xdf\x04\xff\xab\xc6\x7fS\xc7F\
\xe5\xb5\xae^\xf4\xbaq.\xb4ey~B\x1c\x09\xb5\
\x87\xe7b\x1b\xff(\xd4\x89|\x10\xff:\xf1?\xf1?\
\xf1\xbflO\xfcW?~\xed\xf8\xb7C\xfc\xe3\xd6)\
\xbb\xbf\xaf{\xb8\xfb\x9e\xefn\x91\xae\xb4{\xbb\x8d}\
\x16<\xc7\xbfB\xdf\xddG\xd8$\x13n\xa2\x96&\xdd\
\xd3\xc2[\xa1\xa2\xf0(]\xb1c\xd0v\x8f\x7f\xab\xdb\
\x9c\x0c\x06\x83\xc1`0\x18\x0c\x06\x83\x1e_u?;\
<\xc57\xd4\x85.\x95\xef\xf7\xbd7\x10B\xab\x06\xcd\
\xbf\x063\xb1\xa0,N\xd0nB\xad\x95\xa0`}Z\
\xc5\x8c{\xd1J\xb7\xba\x0b\xa9P\x12\x92<\xde\x85\x87\
J^\x80p!\xc9]\xe4\x93Wu\xc5~\xa3\x9a+\
\xd3\xa2LtC\xeeC\xd9\xad\x96\xe9\xc4\x12$\xeaL\
\xa6#\xad\xf1U ?\x8b,\xbeb\xce\xc0\x1f\x01\xff\
\xb7\xc7p\x97\xd0\xb1\xf9\xeb\x84\x8bV\x00u\xe2\x85\x11\
y\xe5\xbe+\xc2\x8d\xfb\x01m\xd3\x83]\xef\x03\xcb\x8a\
B\x18A\x7fP `q\xe1\xf5\xe8}\xf4\xa9\xd6U\
x\xa6\xb5\xaee\xa4\xb6\x09\xeb~},\x11\xc8s\x16\
q\x06\x04\xa1\x92G\xaa\x10\x13\xf9\xd7\x9c\xcbZa\xec\
\xbb\xb1\x96\x14;d\x8d\x1bS\xf8m>Y\xb3B\xae\
\x99O\xdb1\x89\x5c\x06\xe7\xd1\xef\x1a\xffZl\x1b\xd5\
iZ\x1f!\x17\xf2M\x94\xf6\x81%\xb1\xc7\xdb\xc3\xe0\
\xfe\xc2X\xc0\xf2\x13\xff\x13\xff\x13\xff2\xf1?\xf1_\
\xdafZ\x05\xf7++\xc6\xbf=\xc5?\x08\xb3\xeae\
\xf3\xc0\xef\xf9\x14o\x0e_!\x22\xea\x01t}O\xbf\
\xf2\xd7\xc0_ch\x9e~\xf5\x85,{\x9e\x83\xe3?\
\xdcZ\xfda!<\xdf\xa2r\xda\xc7'\x01y\xc8F\
l\x1e\x0c\x06\x83\xc1`0\x18\x0c~\x0ee\x0b\x0e\xe4\
3\x95\xfa\xf8\xb1D\x1a\xf2I<o\xebF\xdf\xb8\xd4\
bOIvn\xb2\x90|\x04h\xd6J\xdc^\x5c$\
\x95\xd8n\x0f~\xea:\xb6J\xa6\xaf\xb7\xa3\x83\xf7^\
\x1a)[\xd7Z\x14\x06\xee\xbeIA\x00W\x07\x19\x96\
}\xadd2+y\xbb}\x02Q8AR\x8b\x8fU\
\xa3\xbf\xd8\xfb\x85`\x029\x16\xa9$\xb0<\x8e\x1b\xed\
 !A\xebJ\xba\xf0I\xb9_{\x14\xa1\x84\x05\x8d\
F@\xeaf\x94\xdb\xf1\xber\xc1\x22\xd2(\xbfR\x1a\
\xf6\x07\xf7\x93Q\x7f\x16a\x03\xc4\xae\xedqx\xf8\xaf\
\x89 ?\xde\x89\xb6\x8f\x01\x0b\x5c\x8d\xd8\xc4\xe7QT\
\x09;\x1e\x88,\xba\x08\x889^\x06|\x08\xe1\x02\x84\
0\xac\xbf\xec\xef\xea\xfd\x8b>\x82\xb0\xb3\x058\xd5\xc9\
\xf1\x12b\x13\x8aRRc\x88\xc5\x8e\xe8\x93\x9d\xe1\x87\
\x88&d\x07\xebR>\xe7\xe9F+ka\xd5\xa2\x89\
l\xc2\x5c\xd7\x9e=\xfem\xe2\xbf\xc1\xc4\xbfL\xfc\xc3\
\xf9\x89\xff\x7f[\xfc\xdbC\xfc\xaf9oP_\x89\x7f\
i\xe2\x1f\xceg\x94B\xfc\xfb\x1c_M\x03\xbfT\xf6\
\xb9\xa7\x02\xf7q\x9ay\xf6\xf8\x87\xb9\xa4PZ\xc1w\
\x95\xb0\x8cM6\xab\xe9\x0f?\x87\x83\xc1`0\x18\x0c\
\x06\x83\xc1\xe0\x01eyK\x12\xa4\xfd\x06\x9d\x91\x1c\xde\
\xe2\xf3\xda\xcaBe#\xcd\x1bQ\xbcj^\xd4\xc1n\
\x12Q\x09\xe6N\xf2\x99\xc0\xdf\x84\x05\xf7;\x84\x9c\xaa\
Ab.\xaf\x804\xdfn\xd9&\x06\x94<N\x86\x90\
\x00;/\xf7\xfc'\xa2nV\xc8x\x10nl\x03\xd5\
%,\x02\xc8.\xb6x\xb9\xb2\xc7\xe7\xea\x07_}\xe5\
\xdd\x80\x84\xbc\x90e\xf0\x05\xeb\xe3\x95O\xbc:,\xd2\
\xbd=Nv\xa1\xde\xa8\x0f'\xcck\xc5\x98\xeaf\xa7\
\xd8\x04?\xdc\xc6J\x88O\x14\xa3\xd0\xc7\x1c{\xdbH\
{\xb1-)\xb8\x5c\xc7\xd4>\xdf\x83s\x9f\xec\xb85\
K\xfa\xb9\xf5\x8bH\xf5\xcf\xf6-\x00N\xa2\x09\x8a0\
1\x1fV\xbf\xf9\xf9(O\xe3\xc4\xfe\xeaS^\x17\x80\
P(\xe2v\xb8Ps\x98+a\x1b\xfc\xc2\x17h\x99\
\x91\xe0\xf8\x18\xff_!\x12\xa9\xec\x02\xd3g\xf1/e\
\x0e\x08\xb4\xd3 \xcf\x1f\x13\xffu\xfc&\xfe'\xfe\xf1\
\xd4\xc4\xff\xc4?\xd6\xef6\xff\xd9\xf1O\xe9\x11\xff\x1a\
\xf9\xf2\xa9\xb3\xbb\xe2\x1a\xff\xbeUL\x19\xb9\xf2}\x8f\
\xff\xbbfP\xcd)\xbe\xcc\x9b!\xb7e;\xc4\xbfQ\
\xfcc\xcc\xf9\xf8x\x15\xd1\x9b\xe4\x1f\x0eM\x96\xd9\xc3\
0\xe3j0\x18\x0c\x06\x83\xc1`0\x18\x9c\xf1\xa5\x0f\
\xa4\xf4N\xd6\xc2\x91\xfcqIO\xf3G\x15_\x9f\x97\
\xa4lp+\x0fD\xa6\x10)\x11X\xe9\x124B*\
\xc5\xf4;}\x22/N\x1a~\x94\x1d\x06\x8b\x7fI\xc6\
\x0e\xa4@o\xf1;I\xa5\x1eE\x97\xeb\xbc\xf9\xa3\x9a\
P\x9f\x10\x09\x15 \xc3\x92\xbeds\x92tb]H\
\x92\x5clA\x14r\xeddS\xb0\x1f+\xb9\x8e4\x14\
\x064\x1f\xc9F\xe2\x1e\xe5h\xf5\xd4I40\x9a'\
QOCbO\xbea\x1ftBN\x1e\xc0#\xf1^\
\x07\x8aSf\x85\xe0\x1b\xf7u\xe7\xcfke`\xd7\xbf\
^\xb7\xfbk\xf5\x85P\xc5;\xd5m\x95\xa7\x18=R\
~h\xdb&\xaat\xe4\x1f\xbf\xc3\xbc\xf2>S;\xd3\
\xf9rLs\xf5\xaaO\xea\xdc(q\xaa\xba\xc7\xff\xb2\
\x83\xab\xf2X4B\xa1\x0cW\xacv\xf3\x9c\xe7-\x97\
\xd9\xd0\x8ca\xf8\xfe\xdbX\xb6}EbL\x0b\x88\x05\
i|\xdd\xb2\xfb\x5c\x9b\xf8/uN\xfcO\xfcO\xfc\
\xcb\xbf8\xfe\xf5}\xfc\xcb\xbb\xf8\xf7\xfb\xb4\xd5;\xaf\
&\x88\xbd\x89\xff+\x93\xf8\x96lR\xfa\xc6\x7f\x0f\xee\
\x8f\x8c\x7f\xacX\x9a\x81\xb4\xd5%\xd4\xbf\xd0\xb5^0\
\xb7\xe6\xe8\xa6`\x15\x9b\x9f\xfe\xa03\x18\x0c\x06\x83\xc1\
`0\x18\x0c*T\xfe\xf3\xdf'\x9e&\xf7\x8d{]\
\x09\x9d\xf7\xda7U\x89\x1b\xf5\xeb\xa6\xdd\xe5\xe6\xcc\x8c\
dM\xa3\x14\x92\xf6E\x1a\x17I\xbao\xe65\xf3\xdc\
,I\x84\x05\xea\xc8\x93V\x0b\xf1\xf2\xff\x9a\xc4\xcbw\
\x8a\x1fZd\x03\xb0\xdb\xf6F\xda\xd6\xfd\x11c,\x19\
m 2\x89\xfd\x11\x22\x85Y\x92f\xca\xef\xfe\xea\x83\
W%\x7f#\x22\x84\x9d\xcc\xb4\xf9\xe3\xe9\x85\x0c\xb3\x0d\
\x91F\x94\xa9\xc7\xddw\xef\x8bN\x8cx\xb2\x85\xfe\x95\
\xb2f\xdb\xfe\xa61\xae\xd4\x87\xc5\x1e\xf7o\x8ce~\
?\xd9\xb8g\xeb\xaa\xedVM\xfa1\x86c\x85\xe3\xd2\
f\x10\xd4\xec \x12\xc9\xa9\x0fh\xfe\x1e\xf3\x03\xdc\x8f\
m\x1eY/\x02tm\xe0m\x0c:\xe1\xa0\x9b\x03Q\
\x8ft\xf1\xdf\xc7\x0b\xce\xe1\x98\xb7]\x1c=\xd4'\xd4\
\xd6\x983\x1c\xff\xf2ML\xfcO\xfcO\xfcO\xfc\xff\
r\xf1o4n8oS\xd8\xdd\xee\xe9\x04\xe3\x7fY\
\xd2\xcc\xa7\xc2\xdb\xa0\xf1|\xbc\xe3\xad\xc6\xfao\x9f_\
wYq;\xaf\xb4{\x92\xad\xcc\xee\xa5\xfb\xa3\xf8c\
\xe4A\x7f{\xa0\x12-\xae+\xa1\xa3[J7e\xba\
\x8e\xe8<\x18\x0c\x06\x83\xc1`0\x18|\x13\x87-8\
D\x80'\x8b\x88\x95\xefJ\xc2-p\x98\xedF\xfd\xca\
\x02v\xe3\xf1\xc7\xfb\x04\x10\xf3\xdbP\xd8\x92${\x8b\
]\xd0*\x9bfo\xbf\x10\x9fu'\xc4\x17\x99\x93\x0d\
\xaa\xbe\x15\x88m\xe9\xa5\x09\x92\x04\x19Y\x89-\xfb\x16\
\xf9\xaa\xe0\xb2w\x85\xd6\xc7\xd25W\xfayy\x87\xbd\
!\xde|6\x08\x11\xb5\xc5\xdcgm;\xa0\x10\xff\xa0\
_`\xa3[\xdd\x14\xa2\x8d\x7f\xc7\xb2\x98M\xa0\x8d\x98\
\xc6n\xa0\xff\x90VV|\x01I\xdf\xec\x81\xf0\xc0~\
\xba\x1d?\x16?^s\xd3W\x88\xdd\xc9L\xd0\xd3~\
\xd8!aD\x9b\xfa\xf1|\x1c\xbf\xf0\xe3~\xf1\x19\x0a\
!>GcE'\xfa\xc9}\x00\xf6p\xa5\x1b\x96q\
\x1b( \x09\x95\x17=\xac@#\x81\xc6\xb0>\xcf\xc7\
\xf3\x0b\xcaocK\xf3\xce\x0eeB`\xe36\xc0\x8f\
\xca\xd3jQ<\xdf\x0abfm<\xc5\xea\xce\xb7\xf1\
/\x13\xff\xb5\xb2\xfb\xc3\xbfO\xfcO\xfc\xcb\xc4\xff\xbf\
/\xfe\xed!\xfe\xe1\xc953\xa9\xcf\xa4I\x9e\xbf\xda\
\x88s`\xf7>\x16!\x94\xb4\xfb?\x19\xff\x99\x88\xb3\
\x04\xcf\xd5\x99~\x17V\xa1\xea\xac&\xbc\x84g\x7f\x92\
o\xef\x22\x83\xfb\xde\xf4\x0c}\xd5\x87q\x1a\x0c\x06\x83\
\xc1`0\x18\x0c\x06\x89K\x80\xce\x1b\xe8u[\x9f,\
x}\xd7\xc2\xdf}E\xf4-D'Qa\xd2]W\
Y1\xf5\xb4\xfc0\x5c\xe9\xec\xb9]\x14\xb0\xe0\x0a(\
 ;%gR]\x0f5\xed\x22\xe17#A\xc0\xc9\
\xd9\x99\xcc\x17\x22~ dvX!\x15B@\xad!\
\xc9\xafT\xa2\x8c\xf5\x8a4\xa4\x9e\xd3\x99x\x92\xb8\x11\
\xf5Q\xf9\xd8Or\x91\xcf\xd8\x8e\xc5\x85\x1e\x17\x99\x94\
V\xf1\xad:\xb4i\x8b\x81\x18\xf5\xce\xdfG\xe1\x82m\
x\x19\xe8\xfb\x22J5\xe2S;N4G\xdc_\x14\
\x82\x22+\x8aJ@\xa2\xfdQx\xf6-\xabH\x1a\xcc\
\x8f\xd9o[\x05@\x9dJ\xc2\xc4&.\xb1X\x02\xed\
\xf6q\xc46\xa0\xb0\x11f\xb9}\x98\xd6\x1c+\x953\
\xcbUy\xc5\x97n\xcc\xed\xb0\xca\x92\xf2\xb0\xa0\xe7\xbe\
\xf3#\xeeoW\x8c\x92\xc8\xa2 \xee<\xc7\xbfl\xf3\
b\xe2\x7f\xe2\x7f\xe2\x7f\xe2\x7f\xe2\xffM\xfc\xafF]\
],\xab\x0fL@ \xce\x9e\xbbj[\xe3}\x1f\xdf\
\xe9\xe7\xf8\xaf\xe3\xbf\x92\xc1\x9e\xa5C*M\xfc\xcb\x0e\
\xea\x14\x14\x979\xe4\xee\xfb[\x8d{\xe0\xec\xde\xfe\x0f\
\x0c\x83\xc1`0\x18\x0c\x06\x83\xc1\xe0\x19_\xf8(\xe1\
\xce\xa9\xef\xbb\xf5\xe4$IC.\x22j\xb9\x1f\x9ej\
\x12\xadB\xb8\x7f8\x1b\xa97\xecq\xa4u\x8fI\xf1\
%/(P\x87\xb1\xfa5\x09L\x92X\x5c1\xb5\x09\
\x03\xb2h\x0b\x92\x87\x22&h-g=\xf5c\xe2\x18\
iHx%\xe9W\xa4\xb1=\xb3B\xec\x82\xf8Q\xdd\
\xfaN\x5c\x01\xa2\x1eb\x84\x80\x00\x82\xbe\xa3\x8d5\xf6\
e\xcf\xcc\x17!'\xe2\xefD\x15\x09o9\x06\xc1\xa5\
\xf8#;)D?\xbb\xf4\xb0\xafZI\x9e3D\xb2\
\x8d\xf9\x90\xe0\xa3x\xd4\x8f\x22\x10}\xad+\x0cc\xf4\
t_y\xe8\xbe\xc4\xe3\xfaK\x90)\xe2\xd0k\xafY\
\xf0\xaf\x14\xf5<\x92B\x05\x0a\x14.\x90x=*L\
\xf8\xedzY\x18\x0b\x14>\xd6\xd6\xb4\x128\xfa\x06\x14\
c\x8c\x04 \x14\xb8L\xb2O\x05\xea\xc2\xbdW\x15l\
\x86\x9dW_4qt\x8e\x7f\xe9~\x88\xb6\xef\xdbx\
Y\xb3z\xaf\x8d\x7fy\x88\x7f\xaag\xe2\xff\xfe\x98\xf8\
\xdf\xfc\x9c\xf8\x9f\xf8\x8f\xba\xe5\x17\x8e\x7f\xf5|\xb0\xca\
\x19\xbb\xb7\x9bu\xeaYb\xe6\xdd\xff\xb6\xf8\xdf\x8cm\
\xb6\x9f\xe3_\xf6\xf8\xa7!\xf0:V(C\xda\x9e^\
\xcc\xe0\x5c<\xcc\x93\xc1`0\x18\x0c\x06\x83\xc1`P\
q\xdc\x82\x03\x91\xf7\xd7\xbe\xf2\xd9\xf3\x19p\xb5\xb5\x1b\
s\x10\x92\xf5\xb9HCX6'\x05\x8b\x1a\xd8Z\xc9\
\xc2Dc}\x18\x91\x92\xc8b\xee\xcf\x22>\x91O\xae\
\xb7\xaf\xe3\x8b\xa4\xb4\xd0\x1dm\xdb[V\x83\xb90\xe0\
\x02\x84\x81\x7f.:dsn?1m\xbd i{\
\xa4\x94\x88$?B\x1d\x04\xd6\xaaH\xde\xee\xeb\xb8D\
\x88\x10%\xc0\x9f\x13Lz1\x05\x85\x03\xeb\x04\x93\xdf\
\xea2\xf4\x91\xe7\x09\xb6\xe1\xe5\x17\xf4ey\x1c\x99\x04\
\x84#@\xe48\x91g\x91*\xbc\x08\xb4\xe1:\xe7\xed\
\x82~\xaa\xb6*\x05\xc6\xf4\x98\xd3)EU\xac\xf1\xd5\
\xce\xa7\x97\xef\xeb\xa5N,\xec(\x08O\xdc\x0e\x14z\
p\xce\xa3\xc8\xe2\xf9\xccW\xed\xa1\xdf.\xce5\xa2\x8b\
\xd7\xc1\xa2M<\x9aMy\x19(,r\x9b\x8b\x84`\
\xb4\xdd\x01\x88\x86\x19\xff\xbb\x98\xd1\xcd\xc9\xe2\xa3\x97\xeb\
\xe2\x95D\x9f\x0bk\x0ef\xfcS;\xa2\x9a\xef\xc4\x7f\
\xfa;\xf1?\xf1?\xf1_\xcfM\xfc\xff\x1b\xe3\xdf\xde\
\xc4?\xd7\xba\xfe8by\xf69\xfe\x0fQ\x14\xf1/\
\x82\xeb\xe7\xf9\x97\xe9n\x8f\x95\xfb3\xaf;\xe3\xdf\xe7\
,\xfd\x96\xec.\xdd\xfe\xeb\xbe C\x9b\xc0p\xe1\xfb\
t\xcf<\x18\x0c\x06\x83\xc1`0\x18\x0cv\x84\x00\x9d\
\x8faJ,\xc4i\xf8\xac\xf3/\xb8\x01\x8f3\x8bp\
Tr\x99g\x9d\xdc\xf9\xf9;\xc5\x89H\xc9i\xf9!\
\xe9\xe0\xca)\xe9 \x08\xe0\x8b\xb9I<\xd8\x19\xc4*\
\xc9d\x98\x0a\xf7<\xaf,\x22\xd6?:\xeeu!9\
\xed\xf3\xe4w$l\xd0\xb2\xd27A`t'`\xf8\
\x987\x12\xf6k5\xd2\x8b(\xaeUv\xd6\x10z\xc1\
\xfc\x07_\x04\xf2\xa3P\xa2\x9eo\xd5\x83\x93\x00I5\
\x0a\x19\xd8^\xb3\xba\xe7(\x12:\xc12\xc2M\xd6z\
\x8e\xea\x09{\xf0\xcf\x897\xfe\xe3\xfc.\x0c8\xb1W\
\xb6\xebm\x8bt\xdbI\xb9\x10\x5c\x98\xc0\xfe\xc4\x95d\
\xf9W\x99*\xa2\xa9\xees\x00c\x04\xfa\xb9[\xd9\x85\
v\x22\x0e\xa8\xact\xe2\x16\xb6\x93\x8e\xd3\xe4\xfe\x985\
\xf7g\xf1\xa5\x11\xa3X\x88\xe9\xe3\xbf\xdf\x0f\xb8\xea\x00\
U\xe4\xc1v\xd5\xf8\xaf}\x8d\xc7\x06c\xf8>\xfe\xb5\
\x08\x80\x1b\xb0\xee\x89\xffj\x9f\xda;\xf1?\xf1?\xf1\
\xffo\x89\x7f\xf9,\xfe\x85\xe3\xdf\xdbk{\xfc\xab~\
?\xfe\x97\xc0\x5c\xe3\xdf \xfe\xf5\x83\xf8_m\xd2b\
>J\xf8\xd3}.f{>h~\x01\xae\x1c\x1f\x0c\
\x06\x83\xc1`0\x18\x0c\x06\x9f\xe1\x8bo\xa2\x89\xcf]\
\xb89\x92\xc2\xf7+G)w\xdf\xa8\xefDJ,\xf3\
\xef\xf7\xeb\xe6\x8cr\x11\x0a\x11\xdf\xe5\xa3#)!^\
\x07\x91\x02\xfa\xa3~\xacA\xee\xa2\x0en\x90x\x9dN\
\x8c\x15R\x8aw\x02V\x93\x00\xa1J\x0fv\xb7\xc7\xad\
\xfd|CT\x14\xc4\x08$u\xe15<\x0a[\x04\x01\
 \xac\xde\x17\xf8\x02-e\x82\xdf\x89\x14r\x163\xdc\
\x9fX\xe9d\x07Q~\x95Ar\x1b}\x03\xfe\x8a\xd6\
\xc7\xc8\xb9=\x9do\x9e\x07\x05&\xb7i\xe0w\x10\xfd\
\x96\x14\xefs\x08_6&\xecS#P\x08\xfb\x8f\xbe\
\x81\xcd\xc8\xc7$\xdaE\x0d\xb3}>/\xa1\xce\x96\xd0\
\x80}\x85\xa2\x8cZ]\xdd\x86\xe7\xde\xcd\xbf\xcd\x97F\
l\x88\xfe\xa3>4\xb2\x11ms\x7fX\xc02\xdbV\
T\xba\x7f\xcabQ)X\x85\xa5\xb2\xefn\x93\xb7\xc6\
\x7f\xfa\xc7\x8a\xc1\xd6\x17\x5c\xb7Y\x89i\x11i\xc56\
\xb7?\xf1\xdf`\xe2\x7f\xe2\xdf\xf3L\xfc\xff\x0b\xe3_\
\xbe\x11\xff\x22\xbe%\x86\x08\xc6\x7f\xfd-\xf02wZ\
\xef\xdb\xed\x87R\xfc\xdf\xaf8\x8cQ\xbb+\x8c|w\
\x8e\xda\xb66\xfe\xa1\x1a\xd5\xcce\x96#\xccS\x87\xa7\
5\xda\x18\x11z0\x18\x0c\x06\x83\xc1`0\xf8\x1c_\
\x9cPo\xb4\xadp\xac{\xd5\x87\x7f\xaf\xfb\xe3\x15\xf1\
\x19\x09\xb7s\xb5\xf5\x1d\x92!?\x92)\xc8p\x10\xc7\
\xef\x22I\x84\xf3Qi\x0bR\x82+\xb1\x92\xd4\x03q\
\xa3s\xefHV\xb4\xd3\xdb\x87\x847\xdc\xddE\x14\x14\
\x0aN\x22\x86t\xe9D\xc2[\xf1\x01\xdb\xa1\xd0f\x16\
\x07\xe8;\xaf\xea3\x01\x01\xa9\xf3\xb3\x11\x1b\xbc\xce\xc8\
\xe76}e\x96\x00\xb9\x86\xd5B\x9d\x98\x22 n\xb0\
\xc0\x14\xfeIm?\x8a:\x86\xa4\x1b}\x12\xe9\x85\x0c\
\xb2\x87c\x83\xe3\xa8M\x19\x812\x98V\xec\x09\x89\x1a\
\xda\xac\x9a\x83\xc0B\xff\x8d\x05\x1e\xd5\x8fI.\x0b]\
\x1d\x01/\xc7^\xcfA|\xe3\xd5ueu\xab\xd6\xd5\
\x9c\xed\xd6\x0d\xe0\x7f\x11\x89d\xefK\x16SX\xdc\xf1\
\xfa\xd1w\xc5\xb2Bs\xab\x8d\xff</t\xee}\xfc\
\x83\xc81\xf1\x1fuF\xbe\x89\xff\x89\xff\xae\xee\x89\xff\
\x7fp\xfc\xeb\xfb\xf8_\xa7\xae0\x7f\x1d\x1c\xe3?\xfd\
\xcc\xf3Z\x1c\xac\xf1/\x14\xff\xfe|\x9aA\xfc\xe3\x5c\
\xccx\xc9v\xd9v\x9f\x19\xe6\xcb\xf4\xb2\x10\xa3\xeft\
cSt\x0c=\x04\xe2\xff`0\x18\x0c\x06\x83\xc1`\
0x\xc6%@\xe3M4\xf0^\xc1U\xcf\xf9hb\
G\xe5\xecN\x0fN\x067\xe8\x169\xeec*)\xbe\
D\x86LV\xaa\xd9\xd05\xa3T[\xb6L\xca*\xad\
R\xda\x16\xedA\xf2\x02&\x14\x09\x8bUB\xa3\xd46\
\xee\x85'\x02\xeb\x06\x824\x97:e\x133\xd0n\xc9\
Ge\xe2-\xf6F\x8f\x83\xc2\xaa\xa6\xf2\x08\xae\xfb\xaa\
\xfd\x0a3?\xc7\xedQZ\xb9\xc4/)r\xdb!2\
\xa0\x88b\xb42\xae\x11S\xda\xc7\xc7W\xfbP|\x8a\
:\xc0\xdf\x96l\x93\x08%R\x85\x22\x01\x02\xed\xf9\x8b\
\x15\xe8\x03\xfe\x87y\xd0>\xfa\xc7-\xf4z\xec\xc1O\
O+B\x82\xa4\xd8\x80~Gy\xd9\x89\xaf5iz\
\xa8\xc7\xdb\xa10f\xd6\xe4\x09q\xe50o|\xac\xba\
\xfax\xcb\x83=\xfee\x1b\xf7\xed\xfc\xa1N\xa3c\xac\
\xf3\x1c\xff\xeb\xbcv\xf1/\x0f\xf1_?'\xfee\xe2\
_&\xfee\xf95\xf1\x7f\xf6\xd3\xed\xfc\xfb\xe2?\x1d\
\xab\xf1\xef>\xde\xff\x0c;\xd6\xf6^\x08\xd7\xcb<\x90\
\x8c\xff%0\xa7\x99\xfb\xdbu\xd6\xaa\xb7\xf94\x5c\x98\
\x89\x12\x12?C\x10\xff\xed\xcfR.\xae\xe0\x7f\x8cm\
\xdb\x9d\xc1`0\x18\x0c\x06\x83\xc1`p\xc4W\x10\xde\
\xf5\x8fo\xc8Y\x1b\xc8\x1b\xf1J8\xcd*\x01gb\
~\xe5[$6\xca\xb1\x1d\xb1\xc2A\x92\x0c\xd2\xb1;\
d\xb8\x12InB\xa2I\xa2R\xdb^N_\xc7\xbe\
\x7f\xa7l\xa4um\x04r\x1f\xc3\xcb\xb4n\x0b\xcb\xd2\
k\x85\x0f\x09\x01\xca\xe4\xc3\xac\x122\xe9E\x08oZ\
\xfb\xb80\xd9\xc4~tQ\x22\xc8\x22\x08\x05i\xe2\xee\
k\x03_\x984c]\x1b}\x02R\xbc=BN\xa4\
K\x9b\xf6\x84= \xbb\x85\xbc\x82\x1d\x9cd\x0a\xe5\x04\
\x88\xaf\xdb\xdeD\x07\x14\xbc\x22y'\x83\xad\xc0\xf4\xc3\
\xda\xf1\x10\x01\xc1\x01\xc4*oC5\x05{\x8dz\x0c\
a} (iSOd\x93l_\x11\x97@\x90)\
\xdb\x1cX\xee\xaf\xc9cS\xf6\xa0\x95\x9c\xb38\x7f\x0c\
\xc4\x18_\xd9\xb8\xcd1\xec\x0fl\xe3\xb2\x8d}\x10\xfb\
\x87\xba=(\x7f\x8e\x7f\xdb\xfa\xa0\x88W\xf4c\xf4\x1c\
\xff\xb0\x8aT\xb5\x0awn\x03bpk\x03\x89U{\
\xfc\xaf\xcf\x89\xff\x89\xffbj\xe2\x7f\xe2\xffW\x8d\x7f\
Ym\xf3\x13\xf7\x9f\xf0k\xfc\xdf\xf7\x5cak\xb3\xe3\
mU\x8a\x7f\x8fmi\xe2\xdf\xcb\x89\xa4\xe0\xad\xec\x9e\
`\x8fX\xf9\xe2\x02\xf3\x8f\x95w/\x9b\x7fp\xa0\xf8\
\xd7bM|\xdb\x93\xc1`0\x18\x0c\x06\x83\xc1`\xf0\
\x1e_\x06$\xae\xded\xb3>\xb0\xd1c\xcaw\xafH\
\xf1\xac\xc0\x0b\x0b\x19\x97F\x1c\xb8\xe9\xc3\x22\x05\x90\x1a\
\x14\x08Ii)\xa6\xec\x91\xb8'\x12\xdfj\xdb\xd2\x0f\
\xa9o\x9a'\x12\x81\x8f\x1b\xbb7\xd7\x8a\xa3\xf5F\xf8\
\xb2\x12\x8a;\xac\x1a\xba?_{:2\x91[v\xb6\
= uosG^\xf7\xaa`\xc0p\x00D6\x01\
\x84}\xc0z\xb0\x5c\xf8\xd8\xb5\xd7\xeb\xc5O\x17a\xb4\
\x92N]\xe7J\x1dRE\x07\x14p\x14D\x84\xd6g\
<w\x9cW\x92D\x9a\x88\xf6aFEKBH\xd2\
\xdc\xc7\xf5>#\xf4\x082\x082\x9a+*\xf5`\x99\
\xfd\xc9\x1a\xd3\xae\xe1|\xd2\x5c\xcdfT\xd7%\x86\xe8\
\xbe\xb2\xee\x22\xc58\x7f\xd7|\xc2\x1eR\x9esV\xb7\
!\xf0s\xe2m\xf7\x7f`\xb3\xcbg$\x0c\xb1\x18y\
\x1a'\xef\xe3\x12\xff\xbb\xc2\xf1&\xfe\xf7<1\xde\x1c\
\xff\xf2\xdd\xf8\x97\x89\x7f\x99\xf8\x9f\xf8\x9f\xf8\x9f\xf8\x8f\
\x1a\xa3:\x11\xfb,\xfeU)\xfe\xf1>\xf2\x93\xf8W\
/\x05\x03\xfe\x14\xff+\xcb\xba}5(\xf2T\xc0\x17\
c\xbc\xb6\x96\xbb?\xb3\xad\xdbjx{72\x83\xc1\
`0\x18\x0c\x06\x83\xc1\xe0\x85\xb2\x074\xded#\xf2\
F\x5ci\x05\x88V\xae\xb4n\xd6\xa5\xe1\x03\xb9\x83\xdf\
:F1\xc0\xac!\x1bue\xc9\xad\x19\xf3c\xb7N\
\xa4\xed\x22\x18\x16\xae%e\xbb\xbeY\x92\xa0\xf4<\xeb\
\x16\xfc\xd7@\x81\x08\xe3\xca\x22!\x9bL\xfa\xf0\xbb5\
\x22\xc0}\xc2\x84\x1f\x81F\x92\x16\xf6\xc17\xc5\xb2p\
N\xa9~\xdd\xaa\x826b\x9b\xfc\xbc\xecD\xd5\x84\x88\
-\xdb\x05\xf2\x1cu\xbf\xfe\xfdF\xb8\x95m+<\xde\
k\xf9x\xb0Q\x1b\xbc\xce2F\x92\xa3\xda\xf5\x09\x8e\
oY\x91\xe6\xe4Ta\x8fK\xef\x9f/\x9f\xfe\xdc_\
@\xb6W\x9f\x95>\xe9\x88'\x8c\xb3\x0b)\xb8\xca0\
\xec\xe9\xfe\xf8s\x08L8oP\x8cq\xff\x15V\xf0\
a\x9b<\xcf\xb2\xef\xe2\xc9\x89c\xa3\xb0\x16\xe3\x05\x84\
\x9f\xe7h\xacp<\xf8\x8e\xa2\x85R|\x94:\xe5;\
\xf1/\xc2\xab!\xb1\xbc\xf7\x8bB\x1f\xdb\xa1\xad\xbc\x95\
\x83\xa7{\xb9\x89\xff\x95$\x13\xffx<\xf1\xef&'\
\xfe\xbd}\x13\xff\xa7\xf8\xf7\xba\x85\xe2?c)c\xc3\
\xae\x84\x1cSm\xe2\x9f\xc6H|\xae[\xdcKbg\
\x9e\xe3?\x8d\xb97\x1eE\xaa\xf5\x15(4\xfdBX\
\xbf\xf3b\xba\x95\xcf\xc1`0\x18\x0c\x06\x83\xc1`\xf0\
\x19T\xff\xdf\xffYw#\x9d\xab>\xfc\xce\xbbR\x13\
-$\xf3\xde\x1b\xfa\xbe\xcf\xbf\xf3\xed\xd2\x00c\x91\x8a\
`\x1a7)\xc8\xb7\x91/'\xb8\xfc:\x0c\x12\xb2\xc8\
\xcb-Pk\x16]$\xc7\x8b\xde\xbb>\x9b\xe0^\xd4\
\xa6LG=\xa7l\x84\x95\xe5\x09'\xa2\xb2\xe5\xab\x04\
\xd1\x09%\xba/\x9c\xb7!\xecW2\x89\x12\x0a\xc2B\
[?\xa4\x9dlp\x9e\xce\xf7\x22|`:\xd5\xc73\
\xe3\x1d\x1dc\x01`\xab\xb7\xf1_\x0eyN~\x9f\xfc\
\xd8\xce{]@\xc4\xaf\xf9a71\xf5<\xea\x02\x8d\
\xd1\xa3\xe7\xdc\xcf\xd2\x88#\xaf\xd5rD\xda7\x1f!\
\xdf\x15SkU#\x97\x89c\xf4E\x9a\xf9\x83}X\
\xdaVa\x0f~K3\xc7\xb6yCs\xb6\x90\xffN\
h9\x80\x1f\xcb\x7f[\xae\x1b\x7f\x103\xd1\x1f\xf4\x99\
\xfb\xfdi\xbe~4\x97&\xfe'\xfe\x1b\xfb\x81\x89\xff\
\x8f0\xf1/\x7f\xf3\xf8\xcf\xf9\x9b\xf1\x0f+\xcf\xbd\x8d\
\xd2\xdd\xf3\xd5\xde\xf6;\xb0\x885\xc8\xa3^\x9dv3\
\xf5\x9e\xf3\x91\xe7+,\x81\xdfJ\xb5\x86\x87\xe0\x81P\
\xbd\xd5G\xbf\xe7\xf5-\xe5$\xdc\xb9\xf3\xd9\xc3\xe4\xd4\
\xc3\x18\x0e\x06\x83\xc1`0\x18\x0c\x06\x83D\xd9\x82#\
\xd1\xddl#\xf9\x94J>\xd5\xd6\xea\x1a/-\x85\xf0\
^\x1c\xbe\xd0\x05K;\xeb\x06\xff^\x19S\xe9\x90\x16\
\xf2n\xd5\x0d\xbb\x0fT\x80\xdeh\x9e\xbf\xd6\xc9\xa8\xaf\
\x97\xd1B9v\x1fi\x85\x1b}\xf2>\xa0\xe6\xce\x93\
-%\xfb\xbej\xcc\xe4@P=\xaf\xdb\xa7N?\x92\
\xcf\xd7\xf1k\x8fJ\xf6s\x89\x13\xe5\xf1W\xd5\xea\x1b\
\x91Q\x14.\x0a\x91\x15\xa9+\xaa\xde\x08C\xf8\xb9\xad\
\x942\xdb\x88\xaeAz\x1ck>n^\x80\xe5q\x0c\
\xac\x8e\x1b\xd7q\xa5\x99mc_\xfaa\xb5-\xe6\xa7\
\xd2#\xe3\xec\x0f\xf6\x05\xf4]\x11C$\x09)\xaef\
\xe3\xb8\x88\xfa^\xab\xc5\xb0\xec\xf2\xfb\x9a7\xd8\x97V\
\xf7W\xcd*\xd3\x8f2N\xaf\xba\xd7*O\x9c\x83\xe8\
k\x88F\xc8\xb8\x9b:6\xd1\x82\xc5'\xab\xfdW\xe3\
\xbf_\x8dY\x1e\xedn\xeaT\x9eG\xe8\x07\x9c\x8b\xf1\
\xa5\x98\xc4\x15\xb7\xcf\xf1/\x13\xff\x13\xffq<\xf1?\
\xf1\x8f\x9f\x13\xff\x1c\xff\xd5O\xef\x15\xa5\xd3}\xfc\xdf\
\xdfj\xfc\xea\x87\xf1\xaf\x10\xffz\x19\xc4\x99\x95ud\
\xed\xc7\xf8/\xf9\x94\xbb\x85\xb0\xcdL\xd9r\xec\x85\x06\
\x83\xc1`0\x18\x0c\x06\x83\x01!\x9eA\xac\x22\xb4\xc6\
\xca\x8fLGZ\x06\xb7\xf9\x0a\xbcW\x81\x93\x87\xa5\xdf\
\xbe\xfb{{\x0c\x1f\x81\xc4\x15#n\xa0\x8a\xe1VV\
/\xa9g)\xe7\xc4|\x85\x8f]/\x95\xaa\xb40\xc9\
\x11\x83\xd7K!\xf1J\x13\x96uY\xeeO\xe8v7\
\xc2\x09\xff\xa2,\x9a\x13\xa2.$\x5c\x18\x91|\xf4\xa7\
\xec\xc1\x08\xe7\x90\xa4;\x09\xc7=%YLpq#\
\x06\x0dHf\x10i\x10-\xb6\xd5fR\x09\xbdP\x9b\
;\x92+T\x7f\xf8\x01b\x0f?\xa6^\x0bu\x94q\
O\xc79\x87c\xd7\xcd\x5c\xa6\x90\xfc'\x08\x14\x81\xbc\
\xac6~\xb9\x1f\xfc\xf83?\xb6lh\x0f\xc6\xceW\
X\x86o^\x1e\x02\xcb\x05\x9e\xee\x05nn\x97\xfbC\
)_+\xbc\x80\xcf\xbcG\xea\xd6\xae\x03\xc1\xc6y\xe7\
\xf6\xf1\xf3\x8e\xff\x1f\xe2\x8f\x7f\x97\x98aaO\xe4!\
\xfeS`\xc1s\x187!\xe4\x91\x7f\xad\xdf,\xf6,\
[5q\xe2\x7f\xe2?\xcbN\xfc\xef\x98\xf8\xcf\xf2\xbf\
N\xfcC\x9az\x9b\x15\xe2\xbfd.\x88\xfbJ\xf7\xd5\
\xa5e\x93RgS(\x8c\xdd\xfdn8\x91\xafs{\
\xfc\xdb\xb5\xc0\xa1\xc4\xbf\xb9I\xfa\xed0\xb4\x95]\x83\
a\xbc/\xd4\xc8\xb4\xee\xdc`0\x18\x0c\x06\x83\xc1`\
0\xa8\xb8\x98\x86\xbf\xfc\xa5\x03n\xb3\xe1\x9f\xf76\x19\
~\xde?\x81\xa6\xd8M(\x0aqQ)\x82\xc3]0\
v\xe3\x8b\xe3\xd8\xf6\xc3\x89\x02\xb0\x073\x22 r\x13\
3'\xf2Y\x1f\x902\xb3jC\xd2\xaf \x8a\xb8\xe2\
\x07x\x0d\xae$\x0aR\x0e\xfdb\x22;\xb9\x13\x02\xf4\
k\xa9w\xd9D\xfb\x9c\xaf\x13^\xf03\xf28\x99\xec\
\xc6\x11\x88k\xac2S-+\xa8\x98/\xb6+\xb2\xa8\
\x1d\x98?\xfc\xd1F\xc8\x07\x81\x05\xf3\xb3\x9f\xb1'\xe9\
\x9by\xa8\xd0\xef8\xbf\xac\xf3\xf1 ~\xb1\xdf\x9e\x17\
KG?\xa1\x08eu\xcfM\xb1\xfa\xe2\xa5\x92\x86b\
\x89\xa7\xa3\xb8$\xd0\xd7(4\xa0\xbf(:\xa8n\xa2\
\x07d\xac\x87\x8d=\xf7\x01\xfb\x8c\xc5\x93\x0e\xb8\xb2\x91\
mv\xf6\xc5\xeb\xa1\xba\x5c\xcc\xaa\xf1\x0fc\xe8}\x85\
\x8c\x1f\xdb\x02}\x5c\x84\x9f6\xfe\xb3}\xb6|\x09\x1b\
\xf2.\xfem\xe2\x7f\xe2\x7f\xe2\xdf\xcfM\xfcO\xfc7\
\xed\xf0\xdc}\xfcc\xfdR\xe3\xdf\xba\xf8\xd7K(\xd6\
R\x16z\xeaj\x97\x84O\xf7\x99kI\x82\xf8Q\xce\
\xa1{\x14\x94\xfd\x10j\xa7\x09j\xef\xb7\x0dp>\xa7\
\xbd\xc1\xb4\xb6\xc8\x9bvh\xde\x0e\x06\x83\xc1`0\x18\
\x0c\x06\x83#.\x01\xba\xbe\xec\xc7\xca\xca\x8f}a\x87\
]y\xeaq\x94N2\xa5Htm\x17\x0b\xfc\xa6\x7f\
\x9d\xf7c\xa7\x15\xcc\x8e\x0c\xc8\x82\x13\x10\xb7v\xadr\
\xb1\xfb3I\x08\x94'_ Yp\x15\x90\xfbU\xfc\
\x94*v\xb8\x08Q\x1e+\x06\x12bR\x09%?\x82\
\x8d\xc4;}\x04\xf1\xa5!}L\xae\x0d|\xf2\xf3\xb6\
^\xfa\x83Dy\x13,PDx\xadJC\xbf\xc0\x96\
\x97-+\xd0\x90\x9c+=fM\xa2\x81\x0b7\x1d\x90\
\x5c\x1b\xd7G\xf5(\x1c\xb3Ol\xd3\xeb\x85\x86\xdc\xfd\
\xd6\x08'\xad\xe8\xb3\x9b\xcd\xb6c~\xecc\xcd\x95\x5c\
}c1\xae\xa0\xff\xe8<\xdb\xc0\xf9\xe6\xe7\xd9'\x16\
\xb8h\xd6\xd7\xb2\xee\xbf\xd2F8(\xbc@\xfe\xa7\xba\
\xb74l\x93j\x89);\xd8\x0c\xff\xd1o\xec\x0b8\
\x16\x12\xed\xbaG\xda\xe3\xe5V\xf8\xc3\x05>\xb1/n\
\x07}E\xbf&\xfe'\xfe\xf1\xdc\xc4?5\xab83\
\xf1\xff\xef\x8d\x7fh\x7f\x89\x7fy\x13\xffr\x8e\x7f5\
\x8a\x7f/\x02\xc7\xe6\xf7\x81\xfb\xdc\xcc\xb5\x0f9\x0bj\
\xfbV\xba\x0a\xc5?>\xcdPg\x90\xc5\x0f\x00G\x91\
\x87\x0d\xcf8\xe8'\xfa\x8d\x19\x0c\x06\x83\xc1`0\x18\
\x0c\x06g\x94\xd7\x80\xdf7\xd2\x1a+A\x92\xcfY\xc9\
S\xb9\x05\xdc|[\x15-\x92\x9cj\xcb\xf2\xfd\x9ca\
y\xd9\xc5\x01\x8d\x5c(|x>\x22z\x8b\x84(\x13\
\xc9 I;\x81\xbf\xf2\xdbM2\xae\xbap\xa5U\xac\
\xe4\xb2B$\x9d\x8cF\xbe\xa8\x1bz\xabY%\xe5\xc2\
\x08\xfa\x14\xc4\xd5\xc90\x12\xcfu\xec\xe7y5W\xd4\
G\xe2\x02\xd6\xbd\xad6\x04_qD\xae\xef\xaf\x97`\
Q\x1b\xd2u\x0d\x7f=\x0f\xb6\xbb\x10\xdc%\x0a\xb0}\
\x5c\x91\x16\xc7RI~\x19\xbbE\xac\xb5\x11\x11\xd8>\
\xb6\x8fW\xd2\xa1\x0fl\xaf\x9c\x832\xd6\xb5\xfd\xc7\x8f\
\x1c\x0fk\xf6-\xa5~\xc5v\x89\x10\xd9\xf7s\x8d8\
U\xe6\xc7\xfa\xde\x89(\xc2eD\xb6\x97\xc5\xa1\xc8R\
\x04\x18/\x8f\xa2\x08\xccM\xf4\x1b\xdbw\xdcs\x96\xdb\
\x89mj\x04\x09\xa52\xd1\xc66\xfe\xeb1\xdb\xac\xf1\
/\x0f\xf1o\xfd\xdc\xa6\x98\xc7\xef,ML\xfcO\xfc\
O\xfc\xcb\xc4\xff/\x1f\xffz?]v\x8c\x7f\x11\x5c\
7~\xbf\xe4S\xbe\x19\xff.\xf8\x0b\xcd\x7f\xb7\xbf\xe3\
n3\xfb\x7f\x1b\xb8\xc7J\xb1\x9b\xa1}\xde\x04\xabE\
K\xdb%\xfa\xa0\xc4\xc2`0\x18\x0c\x06\x83\xc1`0\
x\x0b\x95\xff\xfc\xd7\xf8F\xfa~\xec\xd0\x89\x9c\x90 \
\xbd\xdf\xf2\xc7M\xbb\xad\xbc\x0a+v^\x1b@\xeb\xd7\
\xd9\x81e\xdf\x1f\xa6t\x96\x91\xe49\xfesc1\x15\
\x14\xa4\xf3\xc4\x8b\xdc\xc4\xe6\x1c@\x18+\xd1\xae+e\
\x9c\xce\xa4\xc5\x9eRh\x10n\xec\xaf\x8dD\xef\xa56\
bx\x12\x0e\xe4\xc1F\x97\xb7\x15\x08\xa4\xb7\x97\xe3a\
u|\x18 *\xc4\xbe\xac\xda\xd1<\xca\xdf\x88\x11E\
4\x00\x22\x1d\xe7\x0d\x1e\x09\x86\xbcl?\xca:!\x7f\
\xad\xde\x22\x91\xa5k_g\xcf_\xe6\xc4\xf6c\xec\x91\
P\xb3\x1f\xaf\xbd1I\xc0\x08\xd1\x06\xfbM\xf61?\
\xf5Q\xf8u\xf0w\xcb\x07\xc2^iws\x8e}\x89\
\x17Y\xf9\xa7,\x22\xfd[\xbb\x8c\xc4\x98M\xc4r\xbb\
\x8d\xff(\x08u\xe5\xe4a\xfet>G\xf9\xae\xec\xbb\
\xf1\xa5\xb6\x97<%\xfe\xa5\xceu\xd9\xfbs\xc3\xc4\xff\
9\xff\xc4\xff\xc4\xff\xc4\xff\xde>\xf9\xa7\xc7\xbf5c\
\x0e\xad\xb6\xd5k%n\xee\xb4\xb2h`Ux\xc7\xfb\
\xea\xbb8\xaey\xd9\x9f\xb4\xaa\xcbN\xbe\xf7C\xa9\xb6\
\xbc?\xf42&\xd8\x83\xf7o\x8e\xe2\xa4\x8d\xfb\xda\xfb\
\xb3\xe6\x07G~;\xffu[\x04'Y\x94\x1f\x0c\x06\
\x83\xc1`0\x18\x0c\x06g\x1c\x94am8\xa3\x82(\
mk\xb5H\xae\x926\xd3 \x08\x1a%\xf2\xbf'\x94\
\x15qp\x0fo\xb9\x1c\xa5z\xe1\xdcQ\x9c\x5c\xec\x94\
La\xd5K\x90./\x1b\xe4\xf5\xb6\x7f\xafpj\xc4\
g$\x14@\x5c\x83\x18\xe7R\x98Bx\xb1\xed\x17\xd9\
\x81\xbcw\xf5\x1a\xc7\xee\xbdR\x0b\x94\xd2\xcc\xec\x91\xe0\
*\xf8\xd8\xf9\x22PO\x10\xa6\xce\x16\x0a%\xab\xbd\xb1\
\xc7&\xd8\x8d\xbcT\x8e\xf3\xe0\xe8\xe0\xe3\xde\xe1\xdb\x1a\
\xe3B\xe2\x89\xd8\xc7\xca.\x10\x0dP\xe4\x884\xc8\x8f\
m\x8ed\xe9gb}\xf4\xbd\xfaCLs\x17Dx\
\x8e\xd2\x18l\x82\xc7\xea[\x1e3,\xf74\x17b\xee\
\xc1g\xf1\xd7\xf3\xc0q\xb1\xe9\xf3\x97\xdb\xc0\xe4\x99l\
z\x9a\x810\x81\xbe\xf98\x1b\x8e\xad\xbc\x8b|\x89v\
d\xfc[\xf1\xbb\x8f\xff\x9c\xbf\xc7\x98`;0\xf7J\
\xdb`no\xe2\xd3\xc4\xff\xc4\xff\xc4\x7fI\x9b\xf8\x9f\
\xf8\x7f\x1f\xffU0\xae\xf1\xbf\xee\x1b\xe5)\xfek=\
\xaf/\x86\xc26\x89\xcf\x91\xbc\x154\xa9\xbb\xba{\x9d\
R:\xc6\x9f\xfa\xbb}\xbc3(\x1a\x06\x0bgqz\
0\x18\x0c\x06\x83\xc1`0\x18|\x82x\x09a]\x95\
c\x85\x1b\xa3\xe0|\x9f\xd3\x14\x9d\x93\xb1\x152z\x11\
\x87\xf5\xd9\x12\xffUF\xa8\xccE\x00d\x91\xdcX]\
\x93\x04\xaeR\x02\x17\x22\x9c\x10\xdf\xe4$VwEF\
\xf2\xc0\x09\x0c\x89\x19W[E\xf72k\x057\xda\xc4\
Uy\xd9\x03Up\x09\x11\x1d\xfcq\xa2n\x876\x19\
\xd9A\xc1\x82I\xa3\xe1\xa7*\x89)@:\x9b4\x06\
\x0a\x13\xfe\xa8o\xd8\xd7f_L$\x8e$X\x94>\
b\x9f\xd1.\x0b6\xab\x1d\xeb\xe4N\xa0I\x9c2&\
\xff$\x18\xb1\x1d\xeb|#\x1f\x95|\xd1\xea\xbcl\x8f\
3{Z'FuB\x8e\xfb\x01b\x966\xfd\xeb\xb6\
1\xcd\xfb \xc8\xbb\xfb\x84\xbel\x95\x91\x18#$\x00\
H\xed\xdb\xcd&\xe4\xc7\x15\xb1\xa7y\x9a\xb1\x9c\xc2\xe1\
9\xfe\xb3\x0e\x03\x7f6\x11\xe6\x18\xff\xb2\xe5G!\xec\
1\xfe\xad\x8b\xff\xba\x9f\xad\xd0\xf7\x89\xff\x89\xff\x89\xff\
\x89\xff;i\xe2\xbf\x8f\x7f\xd8*G\xf7Z\xae\xfb\xc6\
\x10|o\x8fj\xfc\xbbQ\x94\xaf}\x8e\xde\x19\xe2\x19\
7\x937\xf1\xafW\x86\xd2\xfe\xd5\x09\xe9\x1b\xc5\x7f\xfd\
\x01\xa0\xe3\x87\xf8\x1f\x0c\x06\x83\xc1`0\x18\x0c\x06o\
\x11+\xa0s\x85\x9a\xc8\xfd8\x22\xdey\xdf\xf4\xc7\xd3\
\x93\xbbg\x19\x5c\xa4\xe2\x9f(\x14\xdc\x84o\x91\x1bq\
\xda\x01\xfb6\x061Y\xac\xc2\x85d\xbd\xbf+\xdd\xe3\
#!\x0b\xb1\x5c4I2\xe4L\xd7\xdc~a D\
\x9a\xad!\xbf\xb0J\x0a\x88v\xec\xf7\xe9\xed[\xf9\x8b\
@ \x95(\xf3y\xa6.;gSx\xbb\xbc\x890\
\x01\x12 \xdf>\x86\xb4:\xcb\xc8\xb6uui]\x89\
d ply\x99\xa8\x1f\xea\x11^9\xb5\xfe\xd0Q\
\xc4\x9f\xa6MN\x86\xed!M\xd1g\xcd\x97Py=\
A\xdcA,\x89:%\xc5\x86\x96P\x82\xbf\xc5\x07\xad\
+\xfc0\xad\xf8\x0f\xf3\xcb\x84\xc6_\xf7\x15\x8b\x0c\xec\
\xdbM0\xa0~Aq\xa4\xd4\x0f\xfe\xe1\x5c\x8d\xbex\
\xb5m\xed\xf7y\x1d\xa2\x18\xa6\x1c\xff\x12b\x0b\xb6\xbf\
\xec\x95\x0a\xf9\xfcs\x8f\x7f\x83\xf8\x87\xb6\xc2\x1c\x0a\x1b\
\xe8\xb7j\x15\x17\x84\xe3?c~\x8f\xff}\xde?\xc7\
\xbf<\x8a_\x13\xff2\xf1\xdf\xa4\x15\xff'\xfe'\xfe\
\xff5\xf1\xdf\xe4\xe5\xf8\x17\x93\x5colo\xe2\x1f\xba\
f\xdd\xf7\xed\xf1o{\xfcG?\xc0\xef\xd1\xcb\x96\xe8\
\x8a\x7f\x81\xf8\xbf\xff)V!\xe0\x88\xe6\x14\xe8\x05e\
\xf7\xd1\xa4j\xdaZ\xfd\x8f\xb4.\x8a\x07\x83\xc1`0\
\x18\x0c\x06\x83\x01#\x04h|\xc9\x0a\xdf\x98\xdf_\x93\
\xb8\x03\xbf\x89O\xb3J\x18\x8c\xec\xea\x97^o0\x7f\
\xbdT\x06\x09P\x10\xabu\xc3\x1f\x82\x81\x13\xbd\x1f\x8b\
\xd6\xa8\x109L\x0aZ\xed4\x8f\x82\x07\x11\xca\xed6\
\x9cPw\xb0\xcd\x7f\xcd\xc6\x02\x19\x0c\x02\xbcH\x88I\
%\xc6^\xde\xdbS\xca\x13\x0a9D\x01a\x1d\x07i\
=\x91\x1d$\xca \xcc\xa0\x0d\xdb\x8a\x80H\xf0\xdaW\
\x15\xfdi\x88.\xd6\xc3\xa2\x8e\x8f\x8b\x92\xdd\xf0i\xf9\
\xe5b\x84\x13\xf8\xee\x91\xe0\x8dH\x83\x1d%R\x1d\x22\
Ve\x85\x9bM\xf4\xddmI'V\x90\x9dS>\xcf\
[\xc8\xbaW\x03\xfd\xce\x8f\x83\xc7\xfc \xe1.\xe7u\
\xfa\xaaT\x0eW\xa5\xc5\x986\xbe\x19\x89\x09n\x0f\x85\
\xb9\x10\x99`\xde\xb8=\x143\xc4\xbf\xb3\x80E\x9f!\
\x18P\xdfg\xfc\x7f\xddy`\x9eq\xdcz\xfe\x88\xff\
\x95_\xc0\xfe\xd6O\xf2\x9d\xf8\xaf\xf1\xf9y\xfc\xcb\xc4\
?\xd53\xf1?\xf1?\xf1\x9fv~\x9d\xf8\xcf\x0f\xec\
\xd5\x1a\xff\xf2a\xfcgsj\xfc\xbb\x0f\x90p\xd9\xb4\
\xb5o\xb4VA\xb9\xab0lj5\xbc\x06\xd7\x05f\
\xef\x87(\xaa\xd5P\xcd'\x05\xbe\x17\xf8\xac\x80\x1e\x0c\
\x06\x83\xc1`0\x18\x0c>\xc3\xb6\x07\xb4\xdfTw\xb8\
o\xc6\x95\x8e\x1d\xb6V\xa3\xdcy\x90\xfc\x91~{\x7f\
^\x5c\xc0\xc8\x8e\x16\xf2\x11$%\xce\x22Q\xb1\xa8\xc7\
\x89\x1f\x933\xa3J#\xef\x22\x8c(.\x94vz\x9e\
U\xf6\xe2\xe9\xaaee\x1b\x12\xdd\xae.L\xf7r\xe1\
gS\x1f~\xb2\xbflS\xa9L<\xee+\x95\xc8\xc9\
\xaa\xfbHx\xdd'\xcb\x95i1n \x1c\xb8\xad\xbb\
H%\xc1\x858k\xaeZs\x12\xdf\xce$\xf7\xd5\xce\
{[\x16\x1f0/\x09',vE\x1f\x9bmb\x00\
\xfa\x1d\xb6\xa0\xed\x22\x8d\xb8\xe2c\xee}i\xb4R\xcf\
M\xd3\xa7\xd7\xc7+\xb9\xb8\xbd1\x07u_\xd9\xc8\xe5\
\xb0?\xee,\xddl\xa2y\xee>z;T\x8f}\xe2\
}k;\xd3.\xf5\xca\xa1~\xed\xe6\x85\xb7\x0d\xe7\x8f\
H\x15\xd3p\x5c@|4\x1a\x9bm<\xb1\xad\xeeg\
c\xeb\xf7\xc7\xbfN\xfcO\xfcO\xfcs=\x13\xff\xc7\
\xba0\xfd\x9f\x1d\xff\x1a\xb6V\x91\x1a\xff>\xbd\xd6\xbd\
\x9f\xdf\xb3e\xfc7\xb5G\xfc\xafr\xe9Q\xc1\xfd\xca\
\x91|b\xceV6\xcd\x8e\x81\xf8\xcf\xf6\xf7\xf1\x8fc\
\xe7\xe3\xf5\x1a[\x7f*\xa34\x13>\xdd\xa2\xc9\xfdr\
\xeev\xca\xc8\xac\x82\x1e\x0c\x06\x83\xc1`0\x18\x0c\xde\
C\xf5\xff\xfd\x9f\xbd_\xc1\x917\xe1=\x85Z\xc6D\
\x824\x8a\xa4\xf8\x5c\xe8\xd2\x95\xb6n\xfe\xe5&\x16)\
6\xfb\x0a\x99\xf5\xfdP\xd5\xbdw#\xd6z\xfb\xa8K\
\xc0Vq\xd2\xbb\xbe\xe7Y\xd9\xe4\x0a\x229}\xd3U\
xu\x95Q\xbb=O\xac\xdc*\xbe\xc2\x9e\x8a\xcb\x06\
\xae*\x8b|R\xeb\xe2~\x15\xef#9\x80\xca\x15\xff\
\xec\xbc\xe2\xbb#\xf6\x9d\xbdS\xdb\xed\xc1\xc6v\xbe\xf3\
\x91\xfa\xec\x11X\x1e\xbes\x9fr}\xe8\xbb~\xd2\x06\
\xf0\xa9kwW\x87\x88\xf0\xecjm\x97\xef0o\xb6\
1o\xbe\x97\xf3/\x1f_+\x0b;\xb1\x0d\xdaq\x9a\
\x13%\xe6\x1e\xf2\x0a\x88p\xa2\xdf\x8d\x7f=\xfa\x13>\
\x98\x15\xe1\xf2\xdd|\xd0\xc3\x5c.\xbfP\xaaE\x9c|\
\x9a\xa3\x22\x1f\xc4\xc0\xc4\xff\xc4\xbf\xf4m\x9b\xf8'\x9f\
&\xfe\xffE\xf1Ov\xe4\xbe\x97\xca\xb4\xb5e\x05\xdc\
ian\xbf\xe7\xca{/\xf7\x11\x22\xeb\xea\xb3jw\
\xf7e\xfd\xe7\xf5\x89\xa2\xb8B\x1b^7\x85x\x1cy\
\xea\x82\x88\xbb\x0f\xb3\xfe\xec\xf2{\x9b\xb9h\xa5\xdfC\
Buh\xfdi\xb1\xc6`0\x18\x0c\x06\x83\xc1`0\
\xd8\xf1u:\xa1\xb0\xe9\xf2\xbdB\xe4u\xc3\xfd\xcan\
r\xdf|\xfb9\x11!\xeaaD\xb6\x22\x1f\x12\x86\x8b\
p\xacr\xaf\x03$m\xaf<\xc1E\xacsN\xee,\
\x8b@\x04\x09\xb0\xe46\xbe\xfa\xc7\xd0B\x12_\xfc'\
\x96;R3\x05\xf2\x15@\xb8w%{\x14Dg\xf9\
\x86\xe7ce\xd2j\xa3\xf7\x0f\x13E?\xbf\xd5\xbfl\
\x0a\xf4\x91\xf2\xf98XL\x8aH\x91\x81\x1f\x02\x02\x01\
\x9e?\xda\x13\xe8#K\xda\xb6\xed\xb5I6\xdb:\xa8\
n\xa5>\xf3zb\xce\xc0g\x8cU\x99SZ|\x8b\
y\x81u{\x9f\x8b\xb4d\xb1\xbcl\xc9\xea\x9c7j\
\xb7\x90_\xd1\x17P_\x94\xc1c\xf0\xa3\xa4A^\x1e\
\xd3'\xf1)lh}\xa4\x19\xcbCC\xb6\xfe\x14\xa9\
B\x1b\xe6\x8d\xaf\xd4\x17\xba\xc4./Sl\xe2\x5cX\
>\xed\xf1_\x85\x15\x14R\xf6\xf8W\x91\x83X\x82m\
\xd2\x83\xaf\x1e\x03\xda\x8c\x9d\xfb\xdc\xc7\xbf4\xf1\xff\x95\
} \x13\xff\x13\xff\x13\xff\x13\xff\x15\xbf^\xfc[\x13\
\xffR\xfd~\x8c\xff\xbb\xd4m\xc3V\xbb\xf4\x10\xffk\
\xefp\xf1mH\xee\xfa\xbd\x0e]\xc6\xcd\xfc\x1cu\xad\
f\xfd5\xfe}\x1eZt\xd7\xfd\x99\xb6c{\x1b\xb3\
6Lb\x85\xfe\xd3\x5c\x1d\x0c\x06\x83\xc1`0\x18\x0c\
\x06\x81k\x05\xf4\xebKK\xceu\xe32\x22\xb4r\xe4\
\xa2\x03\x98\x09I\xe6\x95;\xa9\xb4\x93)'\xcd\x02\xa4\
nY\x0a\x8d:j\x09\x02\xa1\xeb\xbf\xb8J\xca\xd3\x97\
_V\xc5\x01fEn?\xd5s\xdb+\xc2\x92AB\
`\xd5\x12\x9e\x93g`\xdb6\x10\x09\x8d\x95R\x9a+\
\xb7\xe2\x13\xf3i\xed\xef\xea\xe7^\xbfHCx\xb71\
\xaa~]\xab\xea^{o\x82h\xc0~\xf1\xd8E>\
\xb3\xedQq#\x7f\x84\xd2\xdfA?\xc8\xfb\x9d<\x91\
\xd7h\xa5\x9d\xf5\xab\x1ey\x95\xe0F8\xb1o\xc0V\
\x9e\xd6\xbd\x9f\x84\xc6\xa5\x11%J\x15VW\xb0iS\
\x7f\xd7\xd6\x02\xcb\x15\x93l\xa7\xeb\xbb\x93\x8d\x22L\xe8\
y\x15\x18\x97\x7f\x1f\xffu|:\xc1\xec8v\x90&\
\xf2\xd0\x9e\x87X\x90\x93\xafXV&\xfe'\xfe'\xfe\
\xa3\xec\xc4\xff\x11\xff\xfc\xf8\x97C\xfc\x0b\x8c\xdd\xba\x87\
Z\x03\x96\xf3\xd4\xef\xd4\xea3h\x027i\xf68\xe2\
\xe1P\xdc\xa6E\xabT\xd8\xeb\xb8;\xec\xca\xbb\xdd\xe8\
S\xf5\x15\xd0\xd8\x9f\xcb\x82\xee\xab\x9e\xb7>o\xe6\xcb\
)\x06\x06\x83\xc1`0\x18\x0c\x06\x83A\xe2Z\xde\xf3\
$>\xd7\x9bm\x8bsyS\x8e\xd4`\xadL*\xe9\
\x1a\xc4#\x88\xa7\x93\x95e\xf3\xe6\x13\xb0RI5\xe8\
\x8b\xaf}q\xceq\xf9\xb4Tj&\x1c\xbeWc\xa4\
\x07a\x04\xf9Za\x95\x91\xf9\x7f(m\xf9\xe2/@\
\x8a\xacN\xbaH\xa4P$\xa6\x0f\xd0\x07\x12c\xab\xc3\
c\xd5\x0d\xa6\x0b\x91I\xb7\xb1\x8e7\xf1a\xf53\xf6\
g\xa9\xd7\x07W\x1a\x82\xecD3Dz\x8dz1M\
\x9br\xe8\xaf\x80o\xdb\x0c\x02\xf2\x9e\xfd\x9e\x84\x90\xc1\
>\xaa\xd4\xbe\xd6\x83-.c\x8d=k\xda\xb0\x09\x1b\
0\x0f\xdcw\xb4\xb5\x89Ol\xcb\xdb\x06\xcc\x96\x85\x19\
\xde?U\xe9;\xe7\x8f\xba\xe5\x9e\xa7\xa5\x0fl\xdf\xa7\
\xf6\xa9o:\xea\x1c\x92@#\x5c\xb8\xbfF\xf6x\x1f\
Q\xb4ug\xf5\xf8\xb72\x87\xfa\xf8_\xf3G$c\
\xcd\xe7\xd3*\xbf\xcd\x0b\x1a\x1bl;\xb6G\x0f\xed\x8d\
2\x13\xff\x13\xff\x98>\xf1\x9fe'\xfe'\xfe\xb7{\
(wP)\xfe\x85\xe2\xdf\x9a\xf8_#c\x9b\xabY\
JqV\xd9\x1aO\x8c\x97\xdaGy_\x97\xa9%\xfe\
-\xd3\xf1{\xe4]\x22t\xe2\x87\x14\x7fp\x9c\xccj\
\xdf\x0c\x06\x83\xc1`0\x18\x0c\x06\x83#.\x01\x9a\x1f\
#\xf4\xc7\x12o\x9e\xb2\x93\xa6 \x16\xa5\xccu\xe6&\
\x17\x8b0\xd8\xfao\xac0\x81\xd5%\x1a\xe4R\x81\xdc\
i%U\x97_^\x81\x93'YoyG\xb1\xdb\x09\
*\x91\xc0\x8d\xec[%\xa8Q/\x92\xb5l\xe7F*\
,W)\xa1\xdd \x8fB\xd9\xa1\x5c\xe4\x933AW\
 \x86\xee\xdb\x13\xac#\xf2^\x0f\xf9\xe8\x04\x1e\x05\x00\
\xf4\x8d\x0c\x87\xb8\xe0\xd4\x0f\x1fgv2gM\xf9\xad\
\xff\x81\xac\xe3\x9cQH\x8b\xbc/\xbcH\x7f\xe7\xd3\xc9\
W?E\xf5jw\x9e\xcb\x93\xe8\xe3\xf9\x8c\x08|7\
n\xddJI\xc6\xb5\x92\x8c\xfd:\x8cok\x0b\x04\x18\
Q\x22\xd2Ovt\xdf\xa6\xa0\xd8h\xc6\x0c\x05\x18\xc5\
q\xee\xe2_XX\x80\xf9%U\x9c\xe31\xf69\xa0\
\xd06\x14w\xf6\xf8\x07\xd1\xc3\xe7\x13\xe4\xad\xf1oo\
\xe2_\x0e\xf1/U\xfc\x9a\xf8\x9f\xf8\x9f\xf8\x9f\xf8\xff\
\xe5\xe3_\x0e\xf1\x8f\xf7QO\xf1\x7f\xff\xcby \x0f\
\xf1\xbf\xca\xfc\xb0C\x9c[\x1fdy\xb6\xd4\xab\x14M\
\xb6e\xc2\x88\xc3\xee\xf0\xfbU\xdc\x9aCK\x9e\xcb\xba\
V\xa1~V@\x0f\x06\x83\xc1`0\x18\x0c\x06\xef\xf1\
\x85\xab9\xf2f\xfatS\x8d\xe4L\x04W@\xc7j\
\xa5Ep\x0a\xa9\x15$Y+/\x12 K\xca\x1a%\
\x9d\xa4\xdaMx\x9c\x7f \xd5\xbe\xed,Bd\x99\xb6\
\xc3\x1f\xfb\xc54\x8b\x0f\x5c1]^\x88\xe8\xa5\x81\xe4\
\x16\xd2\x04\x84W\x1b1#\xf9JC$\x9b\xf6?\x89\
\x04\xb55\xd5\x86\x0b\x12\xfe\xd9\xc1\x9ar\x85\x88\x1e\xc0\
+\xb2\xa2\x9c\x9b\xfaMd\xd1O\xc9\xd7\x22m\xc6$\
\x1b\xfa\x17\xfb`/\x9eb\x04\x8b\x0a!p\x91\x7f[\
y\xf4]\xaa\xe8\xa3\x98\x86>\x80 \x15\xf9\xa1_\xd0\
\x0ez^\xc4\xb5\xae\x1f\xa1n\xb4\x05\x0e\xb7\x22\x88\xaf\
\xf4g\x1bED\x13\xa9Bas\x0e\x8fC\x1c\x03\xdb\
\xd6\x08v\xd8N\x9coFu\x9d\xe3_\x1f\xe2\x9f\x84\
 \xb32\xa6\xdc?n\x07c\xf2$\x04\x18\xd5S\xce\
e\xa6\xfd\x85h2\xf1\x1fudb\xfa2\xf1?\xf1\
/\x13\xff\xbfV\xfc\xe7\x97\xd7{A\xce\xbe\x92\xed6\
\xfe\xd3\xde\x1e\xff\xe8u]\x8c\x80\xb3\xa1\x8f\x7f\xdb|\
\xd020\xea\x7f\x1f\x13/r\x1f{=e\xa6]\xff\
\xb2\xbb\xea\x0ah\xed\xe2t0\x18\x0c\x06\x83\xc1`0\
\x18l\x88\x97\x10\xa6\x08-\xf0\xa9\xd2\xf0_\x80J\xbe\
5\xbc\x12\x1c$\xa4H\xe6\x92`h\xa9\xef>\x87\x94\
9K\xd4#\xb4s\x7f\xf1\xef\xe6>\x87\x1b\x9e!\xd8\
E\xac\xe6A\x12\xe5\xa6\xae\xdc7\x93)$\xc9\x9b\xb8\
=z\x0b\xec\xc5(\x0d_n%\xb2Q\xb1$\xc4\x0a\
{ZK\x12\xcfN`\x08\xbbD\x88W\xc5E8A\
\xaeU\xc6\x05\xcaJ\xb3\xd2\x0b\xd3\xfd\x5c\x08\x14Nx\
\xb1\xdd@b\x81KbC\xb3\xbdM:\x92\xe0\x22\xe6\
`~\x22\xc1\xa5\xfdf\x95\xb8\xae\x7f\xa5\x9dX\xee\x81\
(\x9aT?Q\x8c\xe2Uo\x91G\x1b1\xec$8\
\xe8\xbeZM\xb1\x1f\x22\x06u#\xd5\xdd\xbc\xd8\xe6T\
\x93V3\x94\x1d\xd3Kz\xbb\x9aN\x0f+I\xf1\xf8\
\xe0\xcf\xfb\xf8_e\xe0\xfb6w\xa0\xcf\xfb\xf8\xd7\x8c\
=\x17\xceT\xdb\xf8\xdc\xe3\x1f\xfa]0\xfe\xb5\x89\xff\
\x9c\xf7\x13\xff\x13\xff\x88\x89\xff\x89\xff_7\xfe\xd7\xdd\
\xd9\xba\x9f\xdb\xe3\xdf\x22\xe1\xae\x16z/\xfa_\x9a\xf8\
\xf7\xf1Y\x16\x97\xa0\xbc\xc7\xff\xbd` \x9e`+\xf1\
/\x91'\xbc\xe1ID`q\xdc\xcd]ms\x1f\xa9\
\xacB\x9f\x0e\x06\x83\xc1`0\x18\x0c\x06\x83g\xa8\xfc\
\xe7\xbf\xa7\xdb\xf1us}\x7f\x7fCm\xef<\xf6\xba\
Q\xf7\xd5\xc8\xeaJ\xc2}\xf3\xee\x5c\xc4\xfc\x94\x05!\
\xbaV\x1d/\xb1\xb8\xbcp\xc6\xd3\x04\xf7\x9bL\xbbw\
-\x8b\x00,\xf7\xd4\x09\x8d\x99\xe4\xce\xcf\xfe_\x09\xd2\
w\xa7\xfdH\x82\xd55\xd1\xfc\x855\xf0\xc8e\xb66\
\xed\xbd\x8a~}\xe51\x89*B\xc2\x87\x93\xbc\xb7\xc4\
\xc5\x9e_\xaa\x14yD\xf2\xd1`\xab\x8f\xc9?\xd9\xeb\
\xf2p\x1a\xb7W\x9b\xef\x91\xf6N\x8c\xf2r]\xff\x5c\
'\xea\x18um\xcd\xb1\xa3v\xad\xf2Om\xc7:\xba\
v\x1a\xf6\xa5\x9c\xc7n\xeb\x0b\xcfc\xf7\x0b\x9c\xc4\xac\
\x15\xaa\xa4\x11%\xec\xd4F\xb3M\xdc\xb1&_i\x17\
\xf6?\x88.w\x8c\xbd\xb1\xd7\xf8\xc1\xe2\xda'\xf0~\
\x0c\x9f\x84\xda\x8eBW\xe3\xdb\xe3\x9c\xe4y\x82\xf5a\
\xbbi\x0c\x8aM\x9cC\xd8\xc6n\xce\xc1\xf9\x89\xff\xfd\
\xfc\xc4\xff\xc4?c\xe2\xff\xdf\x16\xffV\xea\x8f{\xb1\
u\xee\xb2\xf3j\xb2\xf8\xfc\xe3|\xfb\x8cW\xff\xea\x16\
\xc2\xe0C\xfc\x9b\x85\xd3\xf7\xed$\x8c\x84-?\xf5\xab\
i\xd7J1j\xc5\xd7\xeb>5m\xe4\x96\x1ar\xa5\
gh\xb9\xc5t1\xa7\xe1\x88\xcf\x83\xc1`0\x18\x0c\
\x06\x83\xc1w\xf0\xd5%j0\x04\xbb\x04\xe5\xeb\x86]\
\xf1\x5c\x97\xff.rk\xc4\x8a\xf7\xec\xc8\x1d2M\x92\
\xa8\xba\xf8\x5cn\xf4\xe13\xce\xa8\x92\xe9uVa\xc7\
\xbf%\x9a\x07I\xb8\xd7\xc9D\xad\xdb\xfe\x8d\xd1\x06%\
\x0f%\x08\xbc\xf8\xca\x18 \xd1\xbe\xb7\xa6\x02\xc9\x7f\xbd\
\xb4\xc8\xdc\x07\xb0\xcd\x9d\x86m\x8f\x0er\xbb\xf0=\x04\
\x04\x91X\xe9\x87\xfdR|\x5ce\xdaGf\xa1\x8d\x86\
\x22\x08\xf9P\x1e;V-\xab\xadd\xf9\x80\xdb\xb50\
\xd9\xc3\xfd\x1d\x9fP\xfa\xe7 6\xf1hhG\xe2\xb3\
aeuZG\xaaK?\xb1\x0d\x83Ut\xec\xc3\xea\
\x87\x98A\xde~\xff\x8e\xe2G'2\xf9xP\xbf\xef\
D?\xdbR>\xa1Lu\x1e\xf25e\xf81z\x03\
\x7f\xb4\xb3O\xbe\x85\xa0\xb6\xda\xb8\xcd\xbb\xcew\xaf\x87\
\xfa\xda\xcc>\x88\xff\xde\xe6\x1e\xff\xfb\xaa\xcc=\xfe\xeb\
*\xc1\xd2\xcf\x8f\xf1\xbf\xdb\x9d\xf8\x9f\xf8\x9f\xf8\x9f\xf8\
\x9f\xf8\xef\xe2_\xd7\xe2\x81t\xa5\xf8\x16G\xd4~]\
} \xcd\x8da)\x85\xfd\xe2\xf9\xee3\xa5\x87_\xf6\
6\xf19\xcfg1t\xb0>\xdd\x97\xdd\x0e\xbf1\xba\
\xfaA\x0d\xbbx\x95\x1d\xf1y0\x18\x0c\x06\x83\xc1`\
0\xf8.\xbe\x98x-\xbe\xe5G\x92\xfbAK\xf9\xdc\
\xf9\xda\xce>T*\xfd\xb8\xd6$+\xe5_F3O\
E\xac\xacY\xf9\x8c\xf2XX\x96d6\xe8\x9f\x86\x95\
j\x9fH\xf5M^\xa8\xf6E\xb8\xf4k\x09\x0c\xaf\xfd\
NO\xc4\xbeTZm\xbcM\x03\x01\xc3\x1f\x01\x16\xac\
\xc7l#\xb5\xdc\x07\xd1\x96\x83H\xd3\x09\x07\xc5\xdf\x97\
\xfd\x1f?\xaa\x8f@\x80#\xbf\xfb\x05/\x0b\xe3\xbe\x0d\
a\x89\xce\x97\xaaa\x22m\x14\xb5\x11\x82\xac\x114\xf0\
<\x9eK3Z\x05\x0c\xcc'U\xd8\xc0\xba\xf1\xbcH\
\x0a\x0al\x13\x05\x0am\xfc\xf6\xb2\x1bx\x8c\x1a1\x02\
\xf7\xb3T\xe8w\xddL\x81-\x9aW\xde>lc\xcc\
\xa3\xc3\xd8(\x8d\xb7\xd1\x1c(\xf3\xbd\x03\xf6\xbfp\xfc\
K/\xf4<\xc6\xbf|\x10\xff\x94\x0f\xeb\xa1~{\x8e\
\xff\xdd\xaf;\xfe\xef\xbf\xd3M\xfcO\xfcO\xfcK[\
\x8e\xfd\x17\x99\xf8w\x1bo\xd3\xfe\xb6\xf1/M\xfc\xaf\
\xd3\x18\xff><\xe8\xdbc\xfc\xeb\x9a\xab\xea\xff?\xc4\
\xff=2w\xbf\x84c\x10\xffw\xc9\x1a\xffh\xe6!\
\xfe\xadts\xf8\xc5\xe7\xef\xefZ\xee{\xef\xa7\xfc\xea\
\x18\xb6\xf3z0\x18\x0c\x06\x83\xc1`0\x18\x14|\xf1\
\x8dt\xc7\x97\x1ce\xbf\xc6\x9be\xc0\xb9\xf5\x89\xb6D\
\x880\xee\x04\xfdf \xbeJ\xb9\xd0\x8e\xb0\x12\x02\xb0\
\xf2\xea'\xa2\x16Z\xdb\xa1\xf8)DU4\x0b\x18}\
F\x96\x17\xe1\x14\x0d\x1b\xf2Z\xe1\xb4\xb3\x96U_\xb3\
J\x8c\xf2nd\x9f\xc8z!zR\x89YGoB\
\xa0\x002l\x0fu\xb8h\xa2XOel%\xef&\
\x02\xad\xfa<\xaf\x92\x98!p\xdeP\xac\x92\x1dFc\
\x19\xc7\xec/\xa5y\x9f\xaa\xec\x22\x16\xfa%BB\x95\
jY]V\xf6\x8e\x8d,\xfbXY#T\xe0y\xf7\
\xe7\xd4\x0f\xb1R\x0e\xd3\xcd\x8a=\xe5\xb2\xcb_\x17l\
pE\xdf6& \x04X#Ru\xab\x0fKyJ\
{Z\xd5\xf5\xb4_\xab\x1e\xf2\xf0<\xb2\xdep?\xd7\
\xfc\xd8\x05 Uy\xa4\xf9$R*~\xca.r\xf0\
\xfc\xdc\xdat\xc5?\xcc\x81\x89\xff\x89\x7f:?\xf1\x9f\
\xb6\xba<\x13\xff\xff\xe4\xf8\xd7\xdd?\xcb\xbc.\x0c\x1b\
\xfe9\xa7\xc4?\xd4\x8b\x86\x84\xe3_\xd7\xcb\xa4k%\
\x11\xbd%\xae\xbc\x0d\x1e\xcf\xfe{`a\x1f\xf7k6\
\xa87\xfb\xc2\xf0oG\xe1T\x89\x7f\xf7\xd3r\xd1\x04\
v\x17\x0b\xce\xb3\x1az0\x18\x0c\x06\x83\xc1`0x\
\x8f\xb2\x05\x07p\xb2\x0b(2\xdf7\xdf\x95\xe2\xf0j\
\xa0bK\xe41-\x09+$.2\x80T\xfb&\x80\
N\x88xo\xcd\x07z\xe6\xa4A\xf8}\xe9\xcf\xd0\xe0\
(\x06\xedM\xa1\xc3\xadl5\x12!Q\x14J\xb6\xac\
keN\xb2\x9cz^\x92\xf0\x19\xd9\xc6Gq\xe3\x9c\
\xea.\x8cxy\x22\xed\x85\xe8\x02A\x0e?A\x1c\x11\
\xb2\xa5\xb2\x13\xaf\xd5\xa0\xed{\xa9\x93\x886\xdbta\
\xcb\xc0~+N\xb9\xfd\x95\x97\x1f3G\xd1H\xc8\xdf\
K\x88q\x06\x89\x8c\xb24\xd26\xdf\xa2= f\x95\
(\xd0\xfaX8\x0b1.\x00a~\xae\x17_\x9e\xc5\
\xedg?\xa2]\xd2\xcc\x0di\xf00g;\x11i\x13\
\x99P,\xb3>\xfa:Q\xe6\xf3\xf8\xdf~pv1\
\x0a\xfa\xf0}\x04\x87\xe1,/\x87\xbe\xe9\x8a\x81H\xd9\
\x89\x82\x22\x13\xff\x1b&\xfe'\xfe'\xfew;\xff\xca\
\xf8\x97\x06\xe0Q\x99\xbf\x19;\xe9\xffn\xd3\xb7\xe2\xb0\
\xb0O\xe2\xb4\xc8!\xfe\xb3\x19\x99\xd3\xe7\xa9R\xfcC\
\x7f\x1fgE\xce\xb0\xec\x9a\xd5\x86x\xb7\xc9\xb2\x85m\
R\x95Y\x01=\x18\x0c\x06\x83\xc1`0\x18\xbc\xc7\x17\
\xafj\xde\xb5\xe4\xbc\x81\xbf\x8ev\xbex\xe5a\xad\xb6\
\x93\x1c\xf0\x96?n\xe0\x0d\xcf\xe6g\x12\xf0JF.\
R\x81L\x80j\xbbKd*\xae\xe2\xa9mKb\xa3\
\x98\xe2\x04\x0a\xc8\xa6H\xf5\xdf\xf7B,DY\xebc\
\xcaL\xfc\x8a\xad\xd5\xd1H\xaa\x9c\xec\x17\xe2\x09\xf9\xc3\
6\xd4Sl\x00yW\xa8\xa3\xd4\xdd\xac\xb8\xe2\xd5S\
]\xbb1?\xf7G\x9c\xe7\x89\xc3uG2\xf8e\xf5\
EQ\x9d\xc8\xe1\xb6\x8b\xff\x0d\xa9\xde\xcah\xee\xcb\x89\
+\x1ec\x02\x7f}\xd5G\x8e\xb9=t,O\x04\x93\
\xda\xc3\xfb\xd5\x8a\xd9&DD_R?\xf53z\xf7\
\x0b\xfbM>$\xbfe\xfe\x89\x94\xbdm\xb9\xfe\xac\xb0\
\xce\x07\xed\xc6Ua?\xccFD\xc2\xfc{\xfcw9\
e\x17\xe0 ]\xbfQv\x9b{\x8d?(KL\xfc\
O\xfc\xbb\xcd\x89\x7f\x99\xf8\xef\xf2\xff\xf2\xf1\xbf\x8f\xf1\
9\xfem\x9f\xcb%^\xee\x11\xc8\xf8\x17\x02<\xa9\xe0\
\xffQ\x9e\x138\x929~w\xfc[\x8d\x7f,e?\
\xd0\xabR\xb7\xff\xad\x0a\xf3\x0f\x06\x83\xc1`0\x18\x0c\
\x06\x83\xdf\x87k\x054\xaf\xe0\xe0\x05m\xfe\xef\x05&\
\x08J\xec0\x89\x82\xa3\xd2)$\xe8\x1aw\xf9\xb6\x19\
K\xe2y\xaf{.D\x09W\xb0Y\xa1\xb5\xe1G\xad\
_j\xba\xc1Ke\x04I\xff\xbd^z_\xcd\xb2\x93\
\xcbr\xd6\xac\x15Nb\xa5\xce\xfa\xee.\x5c$\xb2[\
\xb5t\x12\x12`\x15^\x10M\xf8\xb4\x95\xa7\xf4\x02\x0c\
Z\xd4O\xfd\x8b\x9f\x98~\x915\x9a\x13M\xebJ;\
\xdbU}r\xa0m0~A\x19\xbd?\x14\x1e\xa7]\
s\xc3H\x14pA\xaa\x88\x11R\x09\xbe?\x12\x1d\x84\
\x1aE\x92\xd7\xf1K|\xc2~\x15\xa0\xb0\xb6\x93f\x9c\
e\xd2\x08 \xd1\xe7\x9e\x1f\xc4-\x7f\x84\xdc\xda\xae\xd8\
WOny\xa8\x9e\x10\x18\xa4\xfa\x15c\x0amW\xb2\
\x1bc+u\x8cX\xe4\xc1\xefx~\x9b\xfbRa;\
s\xaf\xe7\xa5\x8b\x7f7\x06\xf3\xcd\xea\x1f\x92\x9e\xe3\x9f\
\xf0&\x8e\xc4\xac\x08-%\xb6E\xa4[\xcd6\xf1\xff\
\x80?<\xfe\xc1.\xda\x9a\xf8\x9f\xf8\x97\x89\xff\xdb\xdc\
_\x11\xff\xb2\xe5\xaf\x1eC\x1c\xb4\xf1_\x97\x0fl\xc5\
\x15^\x11\xad\xee7\xc6\x19\xda\xd2\x5c\x1dm\x02\xf1\x9f\
\x99c\x86\x5c\xdd\xf4\xe3\x1c\xff\xd1\x8d\xfe\xbb\x12\xee\x88\
\xbft\x10\x87\xd3\xbb\xdd\xeb\xef0[p\x0c\x06\x83\xc1\
`0\x18\x0c\x06\xef\xf1eDh\xee\xef~3nq\
\xdc\xaeL\xd3J\xd3\xef\x1b~!\x01Q\x0a\xc1\xbe\xbe\
\x7f\xdd\xe4$\xef\xea\xd7\xbfr\xd7\xefd\xe8.\x89\xa4\
\x0f\x09q}\x09S\x96\xe5\xdcI\xf6\xee:\xcd\x92\xc8\
\xe3\x0e\x94\xba\xda\xda=n\x5c\x889\x929=\xac\xc8\
S-\xfb\x94b\x9fl6\xbb\xfe\xc5|,\xd08\xc1\
d\xe2)\xf2(\xfa\xd8\x96\x5c{*\xdcY\xfb]\xea\
\xc1\xa7\xe2\xb3\xee{{c\xbbt\xf5\x03\xb7u\xcd\x02\
\xf2\xcbI\xbb\x01\xa7\xb5\x9a\x07\x05\x1d\xd5*\x10\x81\xc0\
r\xadr\xf49\x86\xe9f\xc7\xf1\xc3\xc7\xc9\x15lF\
}\x1d\xd9\x16n<\x89w\xaf\xbe\xf4S\xf4\x19\xe9X\
oa\xfe\xb6\x89yE$\x01Q\x02\xeb7ib\x16\
lq\xbf\xd7HN!\xce\x8fO+S\xcb\xb1\xf4s\
z\x8f\xff\xaf<Om-\xee\xa2\x0f\x1f\xc5\x7f\xfe\xee\
\xf0\xbc-\xfd\xbf\xc4\x08m\xf2\xc6\xea\xc6\x89\xff\xffQ\
\xfc\x9f\x85\xc0\x89\xff,3\xf1\xefM\x9d\xf8\xff\xf3\xe2\
_\x0e\xf1\xef\xfd\x9c\xb6\x8d,\xec\xf1\x8fi\x9e'E\
\xe3\xef\xc5\xbf\xae2*\xb7p\x0d\xdbt\xac)\xa5+\
\xdf\x16\xff\xf7\xc4\xa6i\xa70<a)\xba8\xee?\
\xacx\x01\xe5\xf7\xb4\xc1`0\x18\x0c\x06\x83\xc1`\xb0\
\xe3b\x82\xdd\x0d\xf4\xcdk\x15x\x11S\xe7\xfb{\x8a\
\xd57%\xb8\xca\xc5\x8d\xbe\xd3\x15\x8d\xa2\xc1\x97\x83\xc3\
\x00\x05F\xa2\xad\x8b\x0czQ\x95\xa0\x19Q\xdc\x09n\
\x90T\x09r)\xaa\xac\x13,\x07D\xbaUWhC\
\x93y|F\xee\xd0\x17'\xb7\x0dq\x8e\xe3\xd5\x09\xd0\
\x0dA\x92\xb0]N\x8eY\xf80\xaa\xf3\xe4[\x8c\x98\
\xd5\xd5\x80\x9evl\x0a\xb4\xdf\xed\x94\xfcD\xa2\xbb\xef\
\x06\xb6\x0c>\xfd\xc5N%\x0f\x96\xb7\xbd\x8e{j\x00\
\xe1_\x13\xc8\xfb\x06\xc5#O\xbb\xfe\xe1*\xc7Fx\
A\xc1$\xc6B\x93\xcc\x86\xf0R\xe6e\x0a\x09\xddJ\
\xb9v\xe9\x14\xa4\x1b\x89YQ\x8f\xcf\x0b.\x07\xf3\xd3\
\xa8\x9e\xe2O\x03%q\x0e\xfb\x80\x05\xa6\xad\x19\x92c\
\xd6\x89n\xee\x1b\xf6c\xec\xd5\xea\x02\x1c\xcfW\x85\x17\
\xaauuS?\xabHY\xfd\x8a\xf3\xa6\x8f\xffU_\
\xc4\xffa|\x1e\xe3_'\xfe\xff\xa7\xf1o[\x1d\x9b\
`L\x02\xf6\xc4\x7f\x8f\x89\xff\x89\x7fo\xdb\xcf\xc5\x7f\
\xc6Y\x8d\x7f\xa8#\x9d\x11\xfc3\xd4\x1e\xff\x12\xa2\xb2\
B\x09\xfc<_\xff\xeb\x1f\xa33\xfe\x0d\xe2_!\xfe\
W\x9d?\xac\x89\xff\x9c#\xdeL_\xf1\x8c\xe1\x07\xc3\
\x945P\x07\xebC\xec\x0d\x06\x83\xc1`0\x18\x0c\x06\
\x83\x1d*\xff\xf9/s\xa0\x9f3\xb4\xca\xe2+c\x9c\
\x1e\xa9\xe8F\xe4\xad\xd0|\xc9<\x91z?\x9ei\xc7\
\x9b|,\xbf\xf2\xb2\xba \x0a5\x94\x13!\x98#\x19\
\xca\x159\xd0\xae8\x07\x16V[\xba\xae\xd2\xcd3)\
m\xc7<\xf2P\xfe\x09\x85\x14;\xd9\x96JD\xe3\xbb\
Y}\xd9Q\xd3\x9fN\x9a\xb7\xb2\x22\x87\xfe8\xfb\x8d\
/\xdf\xf2:\xafG\xd0;\xe1\xa5\xeb\x93{\x12\x09\xfb\
\xcb^\x1b\xa5\x96v~\xe0\xabt\xf6\x96\xa8tj\xbf\
\x0b#\xdc\xb6\xef\xae\x80r_7\xfb\x96/J{z\
\x0c\x5c\x1a\xffx\xde\x9d\xd2\xba\xb2[\xfd?\x01\xac\x8b\
\xfd\xe5\x188\xfaCs\xf9;\xfeD\xf9H8\xd7u\
\x9f\x86U\x90\xf2\xbe\x9f&\xfe\xcfi\x98\xfe\xc7\xc4\xff\
\xeeo\x1f\xffP\xff\xc4\xff\xc4\xff\xc4\xfff\xe3\xf7\xc7\
\xbf\x1d\xfc\x03/\xaeK\xf6\xba\xf3\x83\xaa\xe2\xdc\x15\xff\
?\xae2vw\xc8\xf7\xe3\x9f\xc6\x96v\xe0~\x88\x7f\
\x9a\x95\x1e[Z\xd3\xdd\xdf\xbb/\xbc\x9a\xd7=\xa5b\
\xb5\x90\xd7\xd3\xf4\xdb\xf1?\x18\x0c\x06\x83\xc1`0\x18\
\xfc\xaa({@\xef\xf7\xd1D>\xd4\xd3\x90 /a\
\xc1n\xb2\xb1>v\x22\xa7'\xda\x9f{\xfa\xddDJ\
\x83\x0c\xe4>\x82\xd5\x9f\xd71n\xb7\x91\x96\x96\x8d\xeb\
\x11M\xdc[\xd3\xa4\xaa\xd3\xe9\xef\xbd\xeah\x89&\xb2\
3\x0c,\x15\xdf\x99|6\xe4\xad\x1c\x93\xb2O\x94h\
+\xaf\x94\xce@_\x98\x8c\x22yghC\xd0\x82 \
\xa3@Duw#\xa7l#\x8aY!\xf6\x17Y\x5c\
\x8f\xf3\xe3\xaa>\xe3\x95gnK\x8b\xc3Q\x87\xaf\xae\
\x13\xe9}\x14\xcd3\xca\xf9\x08<?\xa3/i\x9c\xda\
r0V\x85\xb8\x93P\xc6\x9f\x02>\x9f\xf60uQ\
\x0aE\xadXU(\xbd?\x01Z\x1d\xa7]\x7f\xa1O\
D\xfeY\x10p_\xb7r\xd4^\x9e7&\xf2\x8d\xf8\
'_]Hq\x9b\x07\xf1QE\xca\xe3\xf6^o\xc6\
\xffW)\x87~g\xd3\xb2\xfc\xd3\xbc\x9a\xf8\xff\xab\xe3\
_\xd1\xe1\xa8\xe3}\xfc\xd7\xf9\x5c\xf2\x11&\xfee\xe2\
\x7f\xe2\xff'\xe3\x1f\xef\xad\x8c\xe2\xdf\x1e\xe2_(\xfe\
\xd7\xd7\xa8\xd7\x0e\xf1\xbf\xdadB\xe3\xa4{g\xc7W\
\x0d\x9b\x1dnW\xb2@\xba\xc5#H\xe5\xac\xe6\xed\xe2\
\x7f0\x18\x0c\x06\x83\xc1`0\x18\x9cq\xd8\x82\x83\x88\
'p\xcdk\xf1\x88b\x19\xbc\xf3_\xc2\xb4!\xe9\xd3\
JH\x0d\xad\xdf7\xfc\xdb-\xbf\xa6]_Y#q\
\xb4\xeaVpH\xac!m\x06dX\xab_\xd8R$\
\xe2\xcert\xedY\xda\x918\x14 \x22Q+9\x97\
$\x89\x9e\xaf\x08\x14\x8b\xc9`\xf9 \xc2`\xc3\xed\xc6\
\xfe\xa9\xf8I\x82\x83\xdb\x09\xf2\xe9\xe7\xc17&\xbe(\
\xa80IV\xb0\xd5\x0a\x18`C\x9a>\xe9V\xa3I\
#\xd2\x18\xfe!\x03}\xf4>R-$\xbe\xa3\x87>\
\x03\xee\xfa\xad\xcc(\x1c/\xfct\xdf\xed\xe1x5\xa4\
\xb5\xb5\x95%!\xa4\x92et\xb6\xee7\xabO\xab\xc0\
\xd6\xbf2\xd7\x1a\xa0\x88\x10y\x1b\xb1!|\x95:>\
\x9b\xe8\xc0\xc2\x13\x8b\x84fu\xdex\x99f\x9eF}\
P\xc7\xf3\xaf\x8d\xc8\xd3j\xc1\x8c\x7f\x85\xf8\xef\xfb\xc7\
\xe0\x9f\x8b\x8b\xef\xe3\xdf&\xfe\xe5\x7f\x11\xff\xf2;\xe3\
_H\x0c[\xe7&\xfe#O\xf8*\x13\xff\x91g\xe2\
\xbf\xf8\x90\xa6\xee+\xe9\x1e\xff\xb6\xc7\x7f\xdceu\xf1\
o\x10\xff\xe5c\xc5?\x1a\xc3\xf8\xf7\xa2\xb8\x8f3\xd6\
\x07\xcd\x16\x8e\xff\x1fq\xc6\x17*d\xbfeq\x1f\xee\
\xb0j<\xf5)\x86\x961\xbf\xff\xad\xefM\xd9\xe7\xca\
`0\x18\x0c\x06\x83\xc1`0\xa8\xf8\xf2/V\xc8\x87\
\xff\xd3\xc2\xf3\xee\xef\xddJ\xe9(\x19\xe2\xb0\x8b\x06A\
\x9e\xa40\x81\xebK\x10\x11 \x81\xb8\x1e\xd9\x8f\xd7\xf2\
\x19\x89=\xff\x88\xd0D\xee\xafU\xf2\xc7N\xb5l\xe5\
\x87V\xde\xff5\xc8\xf9*\xef|z\xad\xd2\xd3\xd2:\
)/q2L\xf7V-b\xd2\xed9\x1a\x04\xeb\xb5\
BK\xeb#\xc0Q\xc7z\x5c\xbd#\x96\xe5\xd3\xeb\xd0\
\x9dz\xf3\xa3\xadn\x03\xfd\x89s\xfc\xd7\x05o\x03\xd9\
\x0ab)\x8b|I\xf5O\xa8\x0f\x14_4\x05y\x80\
\xff\x89\xef\xe5|?\x9e\x9bd4\xe6\x8e\xd6\xc7\xdd\x91\
$+\xd5[\xaa\xb2\xda\x17HP\x0bx\x22C\x1dQ\
\x06\xfb\xf7\xd4\x87\x22U  \x9b.\x22p\xfb\xb1\x9f\
\xf7Q\xcc\x98\xe4\xfefQ#l\xac\xf9\x80b\x0f\xfb\
R\xea\xeaD(\xb2\xefs>\xc8\xbd\xf6\x8f\x9e\x0b\xd6\
\x0d\x9f\xca}\xd2\xcc\xcd\x1a\xff\xb2\x0b\x1c\xd4wJ\x82\
f\xe4\xf3\xd8\xf9\xf1C\x18\xc5\xaf\xa6\xad\xe2\xe5A\xb8\
\x99\xf8\xff+\xe2?\xf3`\xdf\xfe\x5c\xfc[\xf8\x8f}\
1\xf1_\x8f'\xfe\xf7\xb6\x8a\x97\x9f\xf8\x87y\xa9\x9f\
\xc5\xff\xea\xc5\xec\x83\xd5\x0e\xbc\xe1\xba+{\x88\x7f\xa5\
\xf8/\xe1~\xa7Ba\x05\xa7\x5c\xb6\xce\xf8\x17\xe8\x8b\
n\xde\x80\xcd\x02\x9f}V\xee{k;kX\xc5\x1f\
\x16\xb4\x8b\xe0\xc1`0\x18\x0c\x06\x83\xc1`\x80\x88-\
8\xfc\xf3&\xfd\x1a\xabA\xaaF\x10\x14#\x0c\xdc\x1c\
h\xa5\x019p\xd2m\x91\xac \x0c\xdc7\xf9\x06D\
\xdfmk\xd4\xe5\xa4\xd7I\x96\x0aJ\xd3\x85\x92Z&\
\xdeY\x91\xe6H\xf8{\x11#\x93b\xe5\xf6\xcf\xa0\x8d\
D\x80\xad\x92/\x14\x1a6\x22\xbfH+\x0b%NL\
q\xa5\x94-\x91\xc6\x89i!\xe1\x0d\x99Q\xfaw\x17\
\xb3Z\xbf4\x84\xf3\x8d\xc8!\xe0\x9b\xdb2\x10a\xc2\
\xa7\x95OwVV\xc9\xdd:\x1f\x8f\xf5\x92H`\x07\
_\x99\xe8{~y\x100\xf6\x86\xac\xf6*\x88\x1bR\
gl\xfdC\x8b2\x9b\x14\x16\xba\xba\xbd1\x85}\xc4\
\xf2T\x1f\x8a\x06q\x0e\x84\x1d\x01;\xd6\xd9\xb4~\x95\
\xe4\xf5o\x09-e\x9c~KS\xad\xfb\xd8*\xb5\xcf\
\xe88\xe6\xf4zA\x5c\xbc8Jv\x01%\xcay\x19\
\x91m\xa5`\x8d\x7f-\x82[m\x9a\xb5\xfdZ\xb69\
\x80\xfa\xd0\x17\xee#\xffw\x12e\xbc\xfe\x22\x88Y\xdd\
\xde\x00\xebe\x1f\xbd\xde\x89\xff\xbfs\xfc\xaf\x97\xdc\xa9\
N\xfcC\xfe\x89\xff\xac\x7f\xe2\x7f\xc7\xf7\xe2_\xa0\x7f\
qN\x87Sq\x1d\xfe<\xfeE\x14FW\xe1\x8e0\
\xfa\xc6\xb0]\x1c\xd5+\xb7\xae\xfb\xd6\xc7\xf8\x0f\xc3\x92\
[nt\xb9)\xfeUZ\xe1yV>\x0f\x06\x83\xc1\
`0\x18\x0c\x06\x9fc\xdb\x82\xa3\xbb\xa1\xbe\xef\xb5\xef\
\x17\xb2\xf8\xaa\xe8\xcc/r\xef\xa7g\x8bH\xact!\
\x92\xf8:\xaeJ\xc2MT\xa2\x0e-\xa7\xc2\x86U\x1a\
\xac\x9b_\x0a\x9c\xc4}\xa4<\x8bx^b\xb3\xee[\
z\xe4Q\x12\x9f$\xe5\xcdK\xa9\x88\xe0?\xbd\xfc\xca\
IT\xf9t\xc7\x98\xd0\xaf<A^\x1b\xe2\x8d\x9f\x9d\
\x80\x13\xf5\xbc\x84\x08\xa8\xa7\xa3l\xe8\x7fI\x0f\xd2G\
#\xb8\x08v\xf7h2>\xca\xeb\xf5x\x1f\xb2\x8dR\
9\xa5G\x19\xb2'\xf4G\x12\x9e\x5cA\xce\x15\xf6\x14\
?\xf4\xbb\x9e\xfc\xc18hD\xb6\x22*\x10\x91\xe6z\
\xb6\xb9\x8f\xdfA8\xaa\xf3\x0f>i\x0e\x84\xa0\xb3>\
\x8b\xef8O|\xdc\x80\xfc\x1b\xf4\xc3\xd6^\xec\xdf\xd7\
^\x9d\xb2#D\x13\xdd\xb7\x03\xb8\xa2\x93\x04\x97H'\
;\x9b\xb0\x82q\xb4\x05\xed.X\xa0},\xa3 \xfa\
\x18\xd9\x8aG\xef]\x0c\xc3\xf8\x7f\x10>3\xfe\xbf&\
\xfe\xa1\x9e?6\xfe\xf7\xef\x9f\xc7\xff>/2\xfem\
\xe2\x7f\xe2?\xcfM\xfc\xffD\xfc\xcb!\xfea\xfe\x89\
\x853w\x92\xae\xbe\xc9\xed\xb0v\x1b\xe1\xa5\xe4\x8d\x9b\
@\xfck\x9d<\x9aO\xd5y6\xcd\x80\x03\xb3\xab\xce\
\xcb\xbf\x87~\x8f\xaaJ\xb4e{\x5cT\xb7z\xde\xa0\
\xbe\xf2dFs<\x18\x0c\x06\x83\xc1`0\x18\x0cz\
|\xd5C\xbf\xc1\xee\xbe\xe7\x8dz]\x09\x92\x9f\xce\x0b\
\xfc^=\x09b\xe4F+\xf5\xc8\x0c\xf9L\x92\x97\xaa\
\x16\xc0y]\xabY,\xfd\xf9R\xd9\xb4\x09\xebWE\
\xdd+\xab\xa3\x95t\x0e\x1a\xf7\x22r\xd6?Z\x8d\xf9\
\x95\xd2Y\xe4(>t\x02\x0e\xd5\x8b\xfbn\x06\xb1f\
\x1f\x95\xfa\x0f\xca3\xb9\x0fb\xbe|q\x11\xc5\xc0o\
\xa5\xb2\xd6\xf8\x8b\xf5j#\x92\x08\xf8m\xd0f\x85:\
6\xa2/)\xcax9&\xc4\xa5\x9d\xe17\xa4\xe3\xbf\
E\x9e\xb5\x13hJ)h\xbb\xd7\x89\xfe\xfa1\xf6\x8d\
\x80\xd0C6\x10\xe5%Y\xeb_PZ\xf0\xab\x08\x19\
8\xe6.\xa4\xf9?\xc9\xf1\xc0q\xc1r,X\x88\xc8\
#1\xd6F\x10r_\xb6y\x8cs\x0d\xd2x\x5c3\
\xfeM\xba\xc7\x93\xb79\x8c~\x1a\xad\xd6c\xc1Ld\
\xef\xaf\xd5?\x17|\x05'\xb6\xf9\x18\xff\xd5^wn\
\xe2\xff\xef\x1e\xff\x90\x05\xffy\xccN\xfcO\xfcO\xfc\
\xff\x8e\xf8\xcfs]\xbd\xfe\xe0\x9b\xaf$N\xc1\x19\xe6\
\xabB\xb9\xeb\x0f\x01J\xf1\xbf\xda\xf9\xa3\xfen4\xb3\
-\xdbi\x22\xe4\xd1Uc\xc6\xff\xaa+\x03\xaeX\xea\
z?\x17V\x18\x16\x81\xf3P\xd7CL\x0d\x06\x83\xc1\
`0\x18\x0c\x06\x833\xbe\x98$.\xbe\xfd\xfa\x16\xdf\
s5H\xd0\xcb@\xe1\xd9xN\xf1$e^i\xf7\
\xe3\xad*\xddM\xbf\x09\x92\xc6*x\xdc\xe7\x97/D\
\xc2\x98\x1b\xe4\x03\x9d\xabMY\xfdM\xa0\x0c\x1f\xb1M\
\xa2\x12.+\xac\x9a\xd2\xfd\xd1N$\xce\xca\xe9\xc5\x0f\
\x00\x10\x22'\x83H`\xd5\xeb\x05aA\xc9/$\xde\
\xf8\x08m\xb1%;\xc9GA\x03\x85\xa4h#\x09%\
*U@\xe0\xbe\xb9\x00\xe2Q\xa9\xd7\xc5\x97\xa6\xddh\
/\xce\xe1X\xe0d\xc8I\x99e\x9c\x10\xc2\x04\xac\xb3\
%\xfb\x17}R\xec3h\xa7?\xba\xef\xf9\xb6\x15N\
\xb2C\x8b?\x1a\xf3C5\xf7\xb3d\xf1\xa1\xd8\xf6U\
jPO\xb1\xcb\xc2\xc5\xe6@\xbet\x0a\x05\x99\x22\xdc\
`\xfb\x9b\xf9\xdb\xbd\xa4\x0d\xe7:\xcf99\xcck\x9c\
\xafQ/\xfe8\xe0\xe7\xfanfm\xfb\x05|(\xcd\
\xe59@y\x8a\xa0\x02\xf9\xb6y) \xf8\x98mb\
\xd4\xc4\xbf\x94z\xff\x9e\xf1\xaf\xd1\x0f\xc2~C\xbe\x89\
\xff\x89\xff\x89\x7f/\xf2\x9d\xf8\xd7\xcf\xe3\xffz\x87\x83\
6\xf1/\xd4\xf9z_\xb27yY\x9b\xf8\xb7\xb4D\
\xf3\xe0\xf2^\xb3\x1f\x96\xd1&\xfeu\x8f\xffp\xa5\x89\
\x7f\xd3\xd5\xee&\xfe\x9b\x1f\x80\xd9\x86c0\x18\x0c\x06\
\x83\xc1`0\xf8\x1e\xcaK\x08\x99_\xfa\xf7\xd7\xcd\xba\
\xaf\x00\xa9\xf7\xdaD9\x8c\x88\xb2\xc2\xe3\xd0\xaf\xc3\xaf\
/8\xe5$\xcc\x16y\xd0\x8e\xabH<Z\x99\xb5\x14\
\x92t\x93mI\x22\xe2\xf4&\x99Z\x1a\x14_'#\
A\x1a\x91\xc4\x0b\xd6\xd1|G\xa2\x89\xe2@y1Q\
C\xfc\x11\xf8x\xf8\xfd\x91D\x12\xcb\xa3\x18\xb1\x13;\
+d\x98\x85\x93 \xd7\x22\xdbj\xb0\xd6\x1f\xd5\xb2\x9a\
1\xfc3\xab\x84\x13}\x00D_\xdc\x06\xa2.\x05Q\
\x86m\x10%\xcf\xbe$\xdf\xa2>\x104\x0aY\xd7\xba\
r\xb1\xd8[yJ\x8d\xcd\xf8tu\x229o\xfb\x0d\
\xcay\x9e\xb6\xcf!\x9f\xd1\x9c\xc3G\xd7\xb9\x9f\xfb\xd9\
#m\x80z\xd9\x10\xab\x98t\x03Q\xde\x84\x9b\x15\x93\
n\xc3\x1a\x91'V\x00\xa2\xb0\x86\xc0>%\x11\xea}\
\xfcK\x8a.\xc5d\xc6\xfd9\xfe%ba\x13\x22y\
\xcc\xb0\xbeu~\xe2\xff\x7f\x19\xff\xe4\xc7\xc4\xff\xc4\x7f\
19\xf1\xef\xf5\xff\xfd\xe2\xbf\xa6\x98h\xdc\x1f\xd6\xf8\
_IRc\x00\x1c\x0aO\xef\xbc\xb4X\xc0lY\xaf\
\x0e\xc4\xccXC\xaf\xfe\x05\xdbu\x8c\x7f\xfc\xb2e\x01\
a\xfa\xcex\x1f7\xfd\xa6\xf5\x0f\x04\x83\xc1`0\x18\
\x0c\x06\x83\xc1\xe0=\xbe\xcc\xe0Qe\xc9\xc7\x10\xf1\x13\
\x85h\xa06\xb2\xd1d\xcd\x8f\xb8\xcf\x7f=\x16\x1b\x5c\
\xc0\xc9\xd1\x22\xf5\xeadb\xd9#\xae\x84\x84\xd9W\xa8\
\xdd\xdcK\x93\x96h\x0a\x14N\xc3\xac\xa1\xf2\x16b\xc5\
N\xf0\xb0\x84\xe7\x15\xb0\xb0}7\x8b\xc7\xa3K\xf3\x0f\
b\x056j\x13\x00\x04H\x1f\xd6cu\xdfF\x93F\
\xe8X\xf9J9h\x83\x820\xe4\xdf72\xef\xf9\x99\
\xa0\x93\x88Q\x9a!\xbb0PVc\x81=\xb4\x99\xf9\
SH\x8a\xfc\xf8B-\xb2af\xad\xc8$]\xbf\x09\
\xcc\xd7\xad\xde\x14jzZ\x996c\xd5\x19\x08\x0ch\
\xcf\xc8.\xfb\x92N=\xcc\x87U\x8e}t!\xe1\x94\
?\xe6\x19\x89\x15Bc\xe0~r\xa4\xba}\xfcL\xf3\
ZD\x1c\xef\x03\xb4\x8bu\xb5\xfe\xa1\xe8x\xc5\x7f\x8e\
c\xf8B\x22\x0a\xdb4\x16?\x22\xfe\xad\xc6\x0b\x08\x90\
\xfe\xd9y\x96\xf1\x0f\xed\x14\xfa\xad\x82\xbc\xf1\x1d\xd3\xc1\
\xcf\x89\xff\xdf\x13\xffp\xfc\xa7\xc4\x7f\xce\x7f\xaew\xe2\
\x7f\xe2?\xda)\x13\xff\x91\xff\xa7\xe2\x1f\xee\xdeng\
(\xfe\xef\x7f\x19\xff~\xaf\xe9\xf33Ef\xdf\x82c\
\x8f\xff5\xe6q\xa3\xe7\x1e\x18\x8cu\xf5\xddH\xb8\xae\
\xf1\xafK<\xee\x86\xcaV}\xde_\xaf<*\xfe\x04\
 \xfem\x81\xfbw0\x18\x0c\x06\x83\xc1`0\x18\xbc\
\xc7\xb6\x07\xf4}S\xce+\x9d\xfd\x86\xddo\xc4_7\
\xdf_\xeb\xbb\xff\x03\xd5\xcf\x888\x1aP\x04[\xd4\x00\
\xf3\xe9\x22\x06_Nt\xef\xbc,\x1a\xa8\x229Oz\
\x9a[g\xc0^}\x85U\xdel\xc3\xd0/A!B\
\xd7\xea,+oy\xef\x88\x9a\x97-+\xc1\x80\xa8\xab\
jy\xcc{#\xf7d7\x1e\x9f%\xd1\x84\x09iy\
\x89\x12\x0a\x0ePvU\x12\x9fee\x15\x10z;\xb5\
C*\x01\x14\xf2\x85\x05\x18\xb4\xc5\xc2S\x8e\x13\x9d\x17\
\x1f\xdf\xfa\xd8{\x11\x97\x1aR\xc7\xa2\xd2\x93\x7f\x02\x02\
S\xe7'\xdaR\xb2iT\x1f\xdau\xc2\x8f\x8f]G\
\x1fB\xfb\x8e\x80q\xe3q6.\x0b\xa2\x8d\xfb]\xce\
!\xf9\xf5s0\x061\x8exNu\x13[\x18\xb6\xec\
\x97<f\xa5\x9dW\x9f\xad\xd5\x8c[\x1fB\xdf\xb8\xff\
E\xe42x\xfc\xdbh\x15\xa2\xdbl\x84\x16\x14P\x8e\
+L\xa5\xce\x01!\xc1\xac\xfcAK\xa4\x08\x91\xa5\xee\
\x89\xff\xad\xbd\x22\x7fd\xfc\xaf\xef\x13\xff\x13\xffP\xdf\
\xc4\xff\xbf9\xfe\xb1-w\x8e\x8c\x7f\x15\xea\xa8\xad\xf6\
\x8c\xd9=j-\xee\xe2\xb2\xfc1\xfe%\x9f\x82[a\
$\xb8\xea\xd9\x0c\xeb\xd3\xe2\x0e\x85\x99\xe0\x96&\x83\xc1\
`0\x18\x0c\x06\x83\xc1\xe0=.\xd6\xb5\xdf@\xaf\x1b\
zU\x01>v!\x04^\xf9\x11+A.\x0a\xe0\xdb\
o\xbc\xb8\xa3\xee\xe4-\xe8Ud\xd3u\x987\xfa.\
T\xdf)\x1aD:\x08\x8f\xdb\xd6B\xe1\x04\xe9\x9a\x93\
5w\xb6\x10R\xa2\xde\x16\x04\xdd\x92phZ6\xb2\
\x1e\xb4\x87\x19\x09\x10\xf3B\xeaTKY$\xbd\x98\x97\
W\x5c1\xe1\xe5tE\x12\x0f\xf5\x0b\xd4\x85\xfeE9\
\x17-\x88\x18o\xf5\xb8\xf8QN\xec\xeb\xca\x91\x062\
\x91u\xff\xca\xf9\xc2+\x7fH'4a}Q\x07\xac\
\xa2Cq@\x0f\xe5\xae\xd9e\xcd\xa3\xd8 \xc2\x84\x8f\
>\x07\x88]v\x8f\xf0\xca\xf2%\x98\xab\x9c\x05\x8f:\
\xef(M\xe4(\x02\xb9\xcfJm\xe2X\xf0G\x80\xaf\
|\xfe\x18=\xb5\xcd\xc0\xcf\xed\xd3\xf2Qp\x83z\xe2\
\xd3r\xa5!\xae\xf2\x8a\xefk\xffZ#\xc1IT\xeb\
\x5c\x05\x7f\xb0~\x9e\x1f\xb2luq\x92\xf1ou\xbb\
\x87\x06\xcf\xf1Oya\xdc\x0dcY&\xfe\xfd\xbb\x80\
\xad\xdf\x1f\xffZ\xec\xfdy\xf1/\x13\xff2\xf1?\xf1\
\xff{\xe2\xdf\x1e\xe2_?\x8c\x7f<O~\xc6\xf5\xdf\
\xa4\x8d\x86\x88\xff%\xea\x97\x09e\x14\xffp\xe4Cb\
\x91\x95\x9c\xf2\x9c\xbe\xd8\xc2\xea\xc9u6\xe7\x18\xc5?\
\xb5sV@\x0f\x06\x83\xc1`0\x18\x0c\x06\x9fc{\
\x09\xe1\x8d\xd7\x0d\xff\x17p\x9a\xdc\x92\x83\xf7\xf0\xbbW\
B\xefD\xa2\xbf\xad\xf7D\xcf\xbbSr'.\xf7\xde\
\xd0\xb9j\xc9\x05\x05$pRV\xc5,\x1ab{\x8d\
\x8f\x14A\xef\x07Iq\x85\xde\xc9\x7f\xa6I\xb1\xa7\xe5\
\x126\xd8\xaf\xae\xedl7\xce\xb30\x82y\xc8~G\
\xc2\xf5\xd0\xb62*\xaf\xc7\xdc\xc1\xd6\xdb\xf2R\xc9k\
\xf8\xc2\xbe\xb5Uk\xe9\x8b\xcck\xbb\x18\x05\xe7Y\xa8\
\xb8\x92\x7f\xf3;\xfa\xc4\xea\xaa\xb9\xe2\xe7\xb2\xfb\x22\x9f\
\xf8\xe2(\xf4\xc9\xe0\xfbe\xcf\xcbh\xddK\xd6\x1a_\
\x94\x88~\xf1\x97\xear\x9f\xf8qx\x1ck|$\xba\
\xcc\x11m\x1e1\xf7s\xd0\x0f\xb1\x82\xcf\xac\xae\x90\xf4\
\xa2fm9\x14\x9a\xca\xaa<\x104^s\x1b\xc7\xd8\
\xc7\x92\xf7\x14\x0dAn\x1do\xf5\xb9/\x22\xa5\xdc\x09\
1\xb6 \x0c\xbd\x8f\xff\xac\xa3\x9b\xc7\xef\xe3_&\xfe\
\xa5\xc7\x1f\x1f\xff\xf2\x17\xc4\xbfM\xfc\xcb\xc4\xbf@\xfa\
\x11\x13\xff\xe7\xf2\xd2\xc5\x7f\xf9\xa0\xb1\xcc\x91\x88\xed\xce\
\xf0~l5 \xc4\xe8hQ\xce\x9f\x88(\x10\xa7\xef\
9\x80q\xa9\x12\xf7\x88Xs{\xfd\x17\xec\x8e\xb0\x93\
\xdb\xc2\xe41v\xa9?\xb9\x87\xed\xd2\xd3\x1f1\x06\x83\
\xc1`0\x18\x0c\x06\x83\xc1G\xf8*\x8fI\xc2M\xf8\
Mp\xfd{\xd2d\x0drx\xef\x8dgD@\xf6[\
\xf4u\xa3\xef\x87&\xed\xea\x92$\xe3\x95\x10\x87\xf0\xbd\
\xea-\xf5\xf9\xb9u\x10\xe4U\x91.\xde\x84E7\x8f\
\x10\x16\xab\xc8\xba\x95oam\x917\x5c5UH\xb1\
\xd6\xfdC7\xd2\x8d6\x1b\xf2lT&\x881\x08 \
AB\xbd\xbc\xe6^\xa5^\xcf\x89\x12\xf1j+&\xc6\
J\xfe\x08\xb4\x9b\x85\x1b?g\xdaSWC\xb1i\xe5\
\x0e\x1b$\x98hc\xbb\x00\xc4,\xcd\x0a\xc2\xd6\xa9\xce\
\xb6-\xfe\xe9d\xdc\xdb!\xd0\x07(\x0c\xa1\xe8\x84\xfd\
\xb0\xfc\xda\x5c\x85\xef\x06c\x87u\x87?KX{\x12\
\xb1\xbc=\x9d\xc0T\x04\x1f\xaa\x07\xbf\x97\x15\x8c\x94\xc6\
\xf2\x81\x82\xef\x8a\xb6\x9d\xdcK\xb6\x8b\xe7\x13\x8be\xc5\
U\xf0\xb9\x1bg\x8e\x19\xfe\xc3X\x1f\xff{\xdfz^\
\xae\xfb9\xfee\xe2_\xfe\xec\xf8\x97\x89\x7f\x99\xf8\x9f\
\xf8_6\xff\xb1\xf1\x8fe\x8c\xfa:G\x22\x9e\x8cS\
\xcc}9q\xafN\xb6h\x09\x8d\xf9\xd6\x03k^\xd9\
e>F|\x95\xf7\xed\xda\xb2\xce\x0f\xe3\x1f\xa2\xfe\xbe\
\x8f\xf5\xe1\xf5\xbd\x9dc\xca7\xedz^\x85?\x18\x0c\
\x06\x83\xc1`0\x18\x0cz\xc4\x1e\xd0\xb9\x95\xc6}\x8c\
\xbc;\xcf{\x9a6\xe7\xf4\xe6\x05\x8b,\x07\x81g:\
\xa4Nj\xd6\xc12\x9a\xfb\x15&=\xc8\xcfE\xcf\x14\
W\x09U\xb2r\xbd\xe0\xc6\xaa\xc8\xe1\xfe\xea\xb2\xaa\x85\
\xc8'\xf5/\xa4\x9d\x88\x9d\xc2\xf9k\xc5\x13\x12B\x01\
b\xfa\xc2z\x91V\xec\x0d\x885)\xac\xb2[\xc7N\
\xeclko\xda\xc6}7\xfdE]\xb4T\x07\xfa\xe0\
>\x87/CR\xa9\xc4RND\x95|){\xae\xee\
\x93!>\x99\xe4\xb1@\x85#\x14\xe9*\x1b\xd9\xde\xf3\
C\x1aNJ\xa8\xbfv\x03\xcd3\xc8\x80}\xaa\xd8&\
\x18\x0f\x14\xc5p\xc5e\xf1\x1e\xc4\x13+~h\xd8H\
Z}\xd7\xd1x\x95b\x97\xee\xab\xde\xc4\xfdh\x04\x06\
\x16\x8b\xb0\xbf\xcaJ\xc6d\xd3a\x13\xeb\x8e\x95\xa04\
Vw\xd6\x12qy\x1e\xc9=\xf9\xb2=B^\xe2\x9f\
\xe0ei>e\xfcK\xfb\xe9e\xb5K\x97\x14k\xf6\
\xf8\xaf\x8f\xf5w/R\x9b\xf8\x97\xbf \xfe\xa18\x08\
i%]\xbe\x1b\xffP\xd7\xc4\xbf\xa0\x9f\x13\xff\x13\xff\
\xd1/\xf23\xf1_m\xf6\xf1/\x14\xff\xda\xc4?\xfd\
B(\xc7\x7f\xced\x9c\xcfn\xe1Z>\xb0\xc5\x7f=\
\x94r?\x0a\xbd\xa9\x12v\xfd\xf0\xbaO\x94,\x97\x7f\
\xe80\xf1\x97l\x9b\xfd\x00{\x0au\xe5K\x14y\xe1\
\xc6`0\x18\x0c\x06\x83\xc1`0x\x8f\xf2\x12\xc2\x8e\
c\xf8\xcd\xfc\xcd;\xad\x1c'\x16\x89P+\x8f?'\
\x99\xcb\x5cAI\x80I\x12\xaf\x10<\x8d\x14'^ \
\x03\x02\xc8\xcdh\xf2%I\x1b\xd1RI\xca\xf1\x03\xb7\
\x7fX[o\xb8\xf7A\xfc\x17A\x07\x12\x19\x14\xc6l\
#\x88\xb2\xea\xf5\xcfX\xb1t \x89L\xa8k[\xa5\
\x92b\x17<\x1a\xc1\x00\xedmd\x1d\xc4\x15\x1f\x87B\
\x94E\xf2\xf1a\x01\xe2*;Q\xc5\xf6\xb2\xdf\xad\xc0\
\xe2$\x19}2\x1e\xd9\xec\x1f^\x9d\x87\xf9]\xcc\xb0\
\xa6\x9e\xe0\xd8\xe0\x8bP-\xbc\xda\xab\x90}j\x1f\x8e\
\x99\x0b\x15\xc6e\x5c\x80\x00\x9b\xe8\x8c\x89l\xc2\x0d\xe7\
EA\xa0\x1bS\xa3\xf9c\xb6\xafhC\xa1\xcb\x05\xab\
Mhi\x84@\xb5|l\x9f*\xaduK\x15\xc4\x04\
\xca\xe3q:\xa4\xd1\x07(\x96\x19\x0bt\xd8\x17 \x84\
\x9cVc2x~\xe0\xe79\xfe\xa1\xbd/a\x91\xc7\
Y8\xfe\xad\x89\x7f)\xf5\x14_d\xe2\xbf\xe0m\xfc\
W\x1b?\x1f\xffV\xe6\xeb\xc4\xff\xc4\xff\xc4?\xd8\xfd\
S\xe3?\xf3<\xc7\xbf~\x10\xff\xd5\xec\x1e\xff\xd8\xc6\
\x1c\x8d\xbc\xfeW{\xc5V\x17\xff1\x85\xd3N\xe6\x80\
y\xa1\x16y\xb3\xccW\xf1a\x84\xe7\xc1`0\x18\x0c\
\x06\x83\xc1\xe0{P\xf9\xcf\x7f\x17\xb7\xa1\xc73\xe9\xde\
\xda\xca\xdd\xfe\x95R\x8e\xef\x1b\xf6ED\x81\xfc\xdc\xa2\
1\xe6\xd3E\xe4\xd6\x8a\xe5d<\xf1\xdf\x9b\x0c\xfe\xf6\
\xf9\xe5\x8f\xfc\xde'\xb4\xd4\x5cw\x00\xd4\xf5R\x9b\x97\
\x0fw\xdd\xf7\xc6\x1b7\xa9Nw\xd7\xc3\x9c \x82\xdf\
\x0c\x07\xb7\x8a\x10\x146\xc0\xb7' !\xed\xbe\x17r\
\xa5\xba\xd5\x81m\x13\x10\x0aNv\x0b\xc0\xd6V\x0f\xdb\
Pm\x89\x19\xdbR\x10@\xe4\xc1\xef\xf0\xdd\xea\xe3\xb8\
\xa5=\xeb[\xd6u\x8f\xd7\xfe\xf8\xfeJG?A\x0c\
\x12\xdd\x1f\xf1f\xd1\xc2\xa0\xf6\x22\x1c4dQ\x9b\xf4\
m\xbc\xde\xc0\x05\x07\xf6\x03\xfd\xe3<L\xb4\x05\x84\x8b\
\xb7c\x8d\xe7\x97\xe0#\xd0W\xc7\xbct,R\x05'\
=\x8c\xdf\xca\xb8\x0b \xcd\xfc\xed\xc6bK\x8f\xf8?\
\xf4\xffj\x8b\x9fS\xf0\xb3\xc6?\xd9\x85\xfe+u\xd3\
\xbc\xc5s(\x9c\xd9C\xdb\x18\xfb\xdc\x96v^\xb6\xfe\
\xfe\xc5\xf1\xcf\xbe\xfe\xef\xe2\x9f\xda\xf2\x14\x93\xf2{\xe3\
?\x8f\xa5\xf1M\x1e|\x98\xf8\xafyV\xc6\x89\xff7\
8\xc5\xe9?\xf7\xfa\xef\x87\x1c\xff\xe2\x9d\x17%}]\
\x02n}\x96wa\x99\xd7\xef\xbd\xae\xfb\xb0\xeb\xfa\xff\
%<k\x8e\xf1\xbf\xea\x8d\xaa7\xfb\xdd\x1ct\xdf\xa5\
lQ\x92\xe2\xf7\xbag\x85_k\x1c\x1a;\x06 \xb4\
\x93\x7f'\x07\x83\xc1`0\x18\x0c\x06\x83\xc1\x11_\xa7\
\x1b\xe8\x9b\x97Y|W %7\x94\xf2k%\xfc\xfe\
UR\xa0\xf0z\x9c48\xd1\xb8r,2}\xd5y\
\x11\x06/\xffz\xd1\x91\xac\x950V\xec#\xed\xb8\xf7\
7\xcc:\x19\xbaN0\xd9\xba\xca|\xf9\xb6!+\x03\
\x107\xb7\xa8\x9d\xbd\x0f\xd2\xb6~\xf0N\xdc\xea\x00;\
\xc4~V\x0f\x95\xbeT8\x17\x02\x06\xe4Q!\xa1\xe1\
`\x17\xc9-\xfa\xd5\xee\xb7i\xb0\x7f\xe7\x22\xeen\xc3\
\xc8\xb6\x91/\x22\xd4\xf7\xbf\x0dj\x9e\xf3\xff\xdaMJ\
\x95W|\xbd\xe6\xdeW\xd6U\xec\xf9\xfc\x01\xf2N>\
l\x22\x87\xf7\x15\xb6\x05>c\x1e\xbe\x03\x8aF\xd4v\
1\xda\x93\x92\xc7h\xa5E\x7f\x1f\xc4\xa7\xd8+\x14\xfd\
A\x92\xae\xfb\xbe\xa3\xdb\x9c\x82v\xe2\xcaN\xf6\xa94\
M\xa4\xf8\xaf,\xfeQ\x9ff<\xca\x87\xf1\x0f\xfd\xe0\
\xbey\x9d\x9c\xe7\xeb\xab<^_\xe3_\xc2G;\xb4\
E\xc0\x87-\xfe_\x9f\xcb~\xf8\xd9\x88O[L\x1d\
\xd2J}\xf4]\x05\xc6\xe9$\xf6I\x8a/\xa5\x9c\xd4\
v\x94\xb2\x1e\x9blG\xea8*\xe4\xeb\xf2\x8a\xdb\x92\
\xbf\x22\xfeu\xf3CE\xea\x16\x0f\xd8G \x1eZg\
\xcfl\xe2_&\xfe\xbd\xcc\xd6\x05\xe4W\xf1\xf3\x10\xff\
]\x0c\x9f\x8eOi[?\xfc\xe3\xaf\xffa\xf4*\xfc\
>\xfe\xf5w\xc6\x7f\xfa\x9e\xf1\x7f\x7f\xeb\xe3\xdfmZ\
\xe4\xdd\xff\xc8\xe4s\x91{\x7f\x95\xd0w\xf1_\xcf\x8d\
\xf8<\x18\x0c\x06\x83\xc1`0\x18|\x86\xeb9\xcc\xdc\
\x07\xcf\xff%\xbdAnn\xeb\x0e\xff\xde\x8aC\xa2\x8c\
\xc3\x82\xfdTq\xe5\xa2\x02\x1d\x09x\x11\x8d\x1f\x96\x19\
\xd5\x09\xd5\xfd\x1f\x7fQ\xcdU\xb7\xded\xe6N\xd2\x22\
\x5c&\x8bRW\x0f\xc4]t\x81\xdb\xfc\x1c\xc0\xd2\xc1\
\xdb\x17K\x13. hz{\xbb\x88D\x0f\x04\x8b\xcd\
ni\xab\xf7\xcf3QA\xb2\xba\xed\x11\xf9 \x14\x88\
\xe7_~\xfbq\xe4]\x02\xc2F\xc0\x1b;\xda\x9e\x04\
a&L\x02Q\x844\xa5r&r\x14\xe6j\x9d\x9a\
\xf3K\x08\x1a4t\x1d\xe4\x1f1\x908;\x19\xafk\
\xe3\xab0\x82m\x88\xbac\xfe\xab\xf0j\xb9'\xe0c\
\xcc\x9b \x03\xe2R\x08+P\xa7\x91`\xc8\xfd\xa2$\
\xfe\xb8\xff\xa5.&\xfc\x8dh\xa1 $\x04\xc1/\x8d\
\xc8~\x8b2 \x92\x949\xb9\xea|\xf2\xbb\xf8'0\
g\xb6\xf8_\xf6q_S\xf0\x05\xfb\xff\x12C\xb4_\
\x0dY\xfa\x81\x846\x11\x10.`<\x18n\xb3\xac\x22\
\x05\x81U9\xaf\xecc*\x22o\xe7K\x97\x9f\xcb\xc4\
/\xaf\xd6\x95\x8aOeq\xcc|^\xe1\xb6\x07\xaf\xef\
_$\x10\xc9\xa1\xeeS\xfc\xc7X\x80\x7f<\xce\xdb#\
\xe9\xdf\x8a\xff\xda\xb7\xd51\xed\xc5&\xcc[\xe2\xbf\xd6\
7\xf1\xffk\xc7\xbfH\x1f\xff\x86\xe5W\xbc\xc55\xac\
\x5c\xff\xe5\x17\xbc\xfeC\xab\xb6\xeb\xbf6\xd7\x7fk\xae\
\xff\xf7\xbd\xdf\x1e\xff\xd6\xd4\xa9o\xe2\x1fro\xd7\x7f\
\x13\xbcw\xc4{\x85\xb2\xe7\xf3\x12\xd0\xeb=\x0bx\xa0\
\x0a\xad\xd4\xc3\xe5\x02zH\xdf\xfdB\x0c\x06\x83\xc1`\
0\x18\x0c\x06\x03\xc4W]\xe9\x02\x22\x86\xe2m:\x92\
9\xbcY\xcf\xf3W~\xbdo\xf9C\x181\xdf~C\
\xc1L\xa5 \xfa\x95\xb4\x06W\xb1\xe4*/\x22$Z\
\x5c\x92J'\x96h\x84\xc4\xd9\xaa\x04\xa2+\x8f\xc8.\
\xaaT7\x15\xecXI\x8f\xda4\xdb\xe2\xe4\x9c\xddD\
\xfb\xbc\x17\xa6\x9fC\x81\xa2\xf4\xabV\x815\xcaj]\
-\x87/\xc1\xda\xce-\xbf\xca\xa3\xb4\x84m\xbfP\xce\
\x03\xa2\x8c\xd7S\xc8;\x94\xed\xfc\xca\x94\xda\xee5\x1a\
\x9bp\xc1D\xd4\xe8\xb3\x08;\xd2\x10\xd6\xa6\xac,\x7f\
\x8c\xcaW\xa7\xee\xb9\xc1\x8f\xa2\x1f\xedwB\x18\xd5'\
\xe0#~b\xfam\xaao\xb3\x9fk\x05\xd4\xaf/\xae\
0\x05\x08/\x8bm\xc5\xfc\x9e\xaf\x11%\x0c\x04\x9c\xad\
=\xda\xc4?\x085(B\xa8\xed\xab\xd4\xe2\xab\xe7!\
\x9fB\xe4\xb2\x5c\xe5\xa9\xdcF\x91\xb3\x98\x031\x80\xc2\
\x8dJ\x8d\x870'\xb2\xf9\xees\xb7\x13\x18\xca\xcae\
\x16\xb4\xde\x08LO\x82E\x17\xff\x9f|\xc7c\x17\xd0\
:\xdb\x06\xe3\xcd\xf8j\x84c\xec/m\xc49\x119\
\x0a\xa9X\xee\x84\x22\xb6eC\x8a\x8f\x13\xffy\xeeW\
\x8b\x7fy\x13\xff\xf2\x10\xff\xfb\xf5\x1f\x8aC\xd9\xfd\xfa\
\x9f\xe3U\xaf\xffR\xd2\xe3x\xae\xff\xe5\xe6\xa9\xbf\xfe\
+\xa4d\x81\x1a\xff+*N\xf1\x1fsZ\xd3\x1f\xa1\
\xedT(\x02\xdd\x9b-\xfe-\xf3\xee?O\x1e\x13\xf8\
[\xcb\xf9\xea8\xb5\xe36\x18\x0c\x06\x83\xc1`0\x18\
\x0cZ\xd0K\x08\x0dx\x86\xb67\xdf7\x17\xf1[\x7f\
\x0ba\xe2\xde\xff\xb9\x12\xda{\xd5\x92\xb5\xd2#\xd6\xe9\
T\x09u\xf0\xe0\x99?*ybBv\xf1\x96\xaf*\
\x18 \xb9\xdeW=i\x0aT\x8b1!es\xd2\x1b\
\xf5Y\xae\xa6^\xd5\xa5@eu\x85$\xef#\xc9\x8f\
\xd9;Im\xa93\x12\x1a\xff\xb7\xd2\x15l\x86\xa7V\
_\x96\xa4^\xbf\xed\x8f\xa0\x17b]\xfa\xa2\x92_\xac\
\xd3}\x16h/\x8e\xab\x00\xf1\xea\xc4\x0a\xdb\x8e\xec\x90\
.$`i\xf5\xf7\xea\x8bJ\xb4\xb7:\x0c\xc8\xe6\x9a\
O\xa5\x1e\xf2\xd1\xc7\xec\x9e\x03\x96\xa2\x85\xf6+-\xb7\
\x95Y\xd6\x0b\xf0\x1b\x09}\xad\xee#\xe1\xcf\xa4\x17 \
Nc\x84\xfe2X\xfc\xf3\xf2\xd9\x0f\x95\xc4[\xe7\xab\
\x8f\xa5\xe5j;\xf7\x07\x05\x0co\xab\x92}\x83y\x18\
\xf5x\x9d\xaaG\xdf\xb1\x0d\xdb\xf75\x16\x97O\xaf\x17\
\x87\x99\x15\xb1\xb3\xcc\x85W\xda\xd7W\xad\x07\xfd}\x10\
\x91O\x821\x9e\xe7~\xc3<\x9b\xb8\x85B\xce\x83\x18\
\xfc\x9d:\xd9&\xdb\xe7\xbc\xf6F`\xea\xc0\xe2\xf4'\
\xc2\xfb\xbb:3\xe2\xeb\xef\xc8i~\xfb'\xce\xbd\x8c\
\x7f{\x8c\x7f\x8c-\xb1\xe6wf\xe2\xff\x1f\x17\xffJ\
\xf1\x8f\xf5\x87\xdf\x9e\xc6/\xd4{\xbc\xfe\x0b\x5c\xffi\
\x5c\xbd\xfd\xdb\xf5\xdf\xeay\x99\xeb\x7f^\xff\x05\xfa'\
#\xbeFa\xfe\x1aX3#\x94\xbf\x97\xeb?\xfa \
\xe4\xbf\x09f\xc4\xfc\xa5\x9ek\xac\xa4\xc4D\xbed\xf0\
\xf6\xcd\xefa\xebO\x19\xe6\xc1\xfa\xf5\xf8;>\x18\x0c\
\x06\x83\xc1`0\x18\x0c\xce\x88\x97\x10F\x82\x8at\xf7\
\xd6\x99\x9e\x14\x9a\xf3\x06\x99\xd1\x96b\x17bt\x13G\
'\xbf\x12\x0c\x0d\xbe\x86p`ZW\xbb\x5c\x9ff\xf4\
8q\x0a\xc5N3.\x02x\xbd\xf9\xfee\xea\xeb\xb7\
\xaa~\xa4\x17\x97\x9f~Hv\xa0qaK\x92\x9c\x16\
\xd1\x02\xdb.@\x80\xbf\xbe\x92L\xeaN\xb8\x8a\x80\xa1\
\xbc\x9a\xa7\x9e\xe7\x95X\x9b\x80F6\xb6:\x0e\xe0\xbe\
E\xffd\xf5\x9d\x93ulG\xeb?\xf4\x97\xf7\x81\x95\
\xfc\xab'-\x89\xfa]\x04^N\xb4Z\x8e\xa2I\xf6\
]}\xad\x91W\x14/\x95T\x10\x93D\xf7G\xcd\xd1\
V3&\xdby\x91\xbd\xdfE6\x81JHt\x88\x86\
\x11J\x9f\xbc\xf3\xe5\x80\xd3\x8b\xdb6X\xce\xe12v\
\xcd\x5c\xb3\xc6\xcf\xae\x8dEx\xea\xe6\x81\xbc\x9fs\xa5\
^\x17\x8e\x5c\x18s\xf1\x84\x05#;\x0b\xb9\xef\xf2\xbe\
\xbe\xff\xf8m\x0e\xfbj\xe6N\xc0=\xfa\xaag17\
D\x9fC\xf9\xd7\xb9\xaf\x15\xff\xef\xea\xf9\x99\xf3\x1c\xff\
\xefl\xfcL\xdd\xd8wOy=\xfd\xd3\xfe5\xf8=\
\x8b\x95\xd5\xf2}\xff\x0c\xe6\xe5r8\x7foE\x8es\
\x83\xe70d\x98\xf8\x97??\xfeE\xf0\xfa\xff%\x82\
\xd7\xc8\xe6z\xf4\xf9\xf5_\xf6\x15\xc0q\xfd\xdf\xe7\xe7\
S\xbf{\xdf\xe5\xf5_~\xc1\xeb\xbf\xbc\xb9\xfe\xafR\
v{}_\xff\xef\xeb\xf3\xdd\x07\x12/%\xbc\xaf\xd1\
+\x9fX\xa6C\xfc[\xd6\xdc_\xff1_\xcce\x1e\
\x97\xfb\xe0J\xe3\xa1\xcd\x0b\x0f4\xb0\xcd\x90\xfd\xa0U\
\x90\xf6j\x07\x83\xc1`0\x18\x0c\x06\x83\xc1\xcfA\xf5\
\xff\xfd\x9f\xf1*\xa6\x1bI\x87:\xce\x9c\x06\x80?\xbe\
\xf8\x8a\xec\xc2p*\x84\xc4\xd7\xa1\x1eu\xeabIE\
\x90LyeId\xbc\xa45\xa4 \xedU\xea\x83\xb4\
c\x91\xcbd0R\xc8\x87\xa0\xc8\xa1;Q\x07\xf2\x86\
\x1dq$\xf4$\x98t\xf6\x90<\xa7\x9bD\xfc\xde\x08\
\x16\xe1\x97\xd6U\x8a\x02b\xd8[b\x0a\xfe]\xf9}\
\x9f\xce\xd5N\xd5\x9e\x9c?\xc3\xc7\x95\xd7\x9b;\x99\xcd\
\xb4J\x05\xf1\xdc\xb2s\xf5\xc1\xd7F\x8c\x83\x16\x9b\xa4\
\xc8\xb5|F1\xe0\xc9_\x9a\xb9\xdbx\x85\xa8\xb1\xec\
r\xd9c?\x1c\x84\x9b2N\x82sN\x8es\xee\xe4\
\xf7i\xee\xb9\xcfE\x9c\x11\x12t\xe4,\xae\xf1\x5c\xb7\
\xae\x0e9\x0bC\xf2 0?\x81\x05\xe0G1\xf2M\
\x9ew\xf5|*r\x9f\xce\x9d\x04\xebOl}\xc7\x87\
O\xedt\xab\x94\x7fF\xa8v!\x1a\x8f\xdf\xb5\xf5\xcf\
\x06\xb6\xe3\xd3?Dx\xfb'\xfe\xe9\x9c\xfc\xef\xe2\xbf\
\xb3S\x8e\x8d\xae\x00'\xff\xf9\x86\xe4\xa1}<\xbe\xc5\
\xbf\xae\xfe7c\x81\xbe\xfd\xbb\xae\xff\xf0\xdb\xd1^\xff\
\xa5\x5c\xbd\xbb{0iF\xeb.\x8a\xe3\xaat\x1f\x88\
\xe3\x05#f&e$\xfc^\xb0\x0c\xaa\xc2\xf5_$\
\xc4p\x85?\x06x\x9b\xb6\xd9\xe0f3\xbd\xbb\xe7\xbd\
\x8f\xff\xb7\xbf\x7f\x83\xc1`0\x18\x0c\x06\x83\xc1?\x15\
\xf1\xecj\x15q\xae\xffn7\xdf\xf9\xdd\xd6\xb9\x14\x7f\
or\x03\x94\xc3*q\xf4\x0f\x93\xfc\xc7\xf5\xdd\x86\xf2\
\xe3\x16;\xe4~4\x9aH\x03\xd2\x87k%\xb5J\x10\
<\x15x\x0c\xb8\xe4g\x8a\x1b\xc5\xe2\x85\x87\xde\xc8l\
G\xa5*\xdc\xa6p\xd9p\x0b\x88]\xb8\xc0\xceDZ\
\x86/\x9b\xca\xacZ:G\x05\xe8\x1c\x92^\xb0\xc3\xf9\
y5\x22\xdb\xd5\xe5\x8b\xcaN\xc3\xb0\x97B\xcc!\x11\
\xcc\xba\xfc,\x184\xfe\xe5\x0a\xe6\xba\xba\x9cLl\xe7\
\xbc\xfd\x17\x8f\xd4\x5c\x95U\x1f\xbfV\x9f80\xfe\xd0\
\x17\x0as\x01\xc4\x15\xe5?zpy\x91v_\xccm\
N\xd8a5\xa7\x8b\x82\xdd)'\xf7\xde\x1f\xe0\xe3\x96\
\x17\x84\x08\xa11-s\x0a|G\xd1\xc2\xe4</\xb7\
\xb9\x8b\xe3\xdd\x88F\xe8Cg\xaf<\x9e\xae\xba\xd9D\
\xb0\xc0\x8a\xe9\xf8\xef\x84\xd7j\xe3\xdf#\x8cv\xabw\
\xbb\xef\x5c\x06\x81\xab\x91\x9f\xf2\xf3\xf966O\xbf\x05\
\xcd\xf1'\xf5tup\x9e\x13P\xd0~W\xee;}\
\xff\xb36X|\xfe\xa2}\x90O\x82\xf4\x0b\x18\x83\xf1\
\x1d\x85)\x99\xf8\x0f\xfb(\x96>\xc4\xbfq]\x14\xff\
X\x87\x8b\x9f&|\xfd\x87\x9e\xf18\x92\x8c\xff\xbc\xfe\
K\xf1#\xaf\xff_\xeb\x22\x9e\xdbb\x18\xf9\x8b\xf9\x11\
\xea\xf5\xd0M\xce\x5c\xff\xb3\xec~\xfd\x97\x14\x8d#|\
4\x0a>_\xff\xf3\x8b\xc1=\x18\xda\x16\xc1{\x03\x8c\
\xcd\xb5%\x86J\x88\xcf\xf7\xf6k\x18\x17\xe8J\xddj\
E\x8a\xb0\xecs\xd2\xc4\xdfw\xb2t\xfa\xbb\x9cA[\
M\xa4\xbe\x13eY\x83y=\x18\x0c\x06\x83\xc1`0\
\x18\x0c\xde\xe3\xab'\xecy3\xee\xa7\xfcqD_!\
\xe2\x82s\x22o\xc6\xafo_\x8d\x98\xb0\x89\x0b\x8b,\
\xfe\xb0 \xf9\xb7\x18\x9c\xd4\xe3@\xe9W\xe9{\x8d\xcb\
\xe5\xd7\xb2\x9f\xc4%\xe8F9\xc7\x04\xd8\xc9\x14\xeeW\
\xcd\x04Pd\x17!\xf6\x96Hm?\xa0\x08\x9cZI\
W\xb7\xa2\x0d\x1fKW\xf0;l ;\xa2\xfcHp\
\xd9?&\xf0\x02\x82\x00\x0b,JDz5n\xb3\xab\
\xe5t?VEl\xc8\x8e\x92\xf2\xc7\x86\xe5\xfbR?\
6\x02\x1f\xc5\x80p\x8a\xd6\xd5\x83W\xbed\x91I\xb0\
\x1bQ\xcb\x96\xf0\xec\xe2Fi\x83\xd9N\xd0I@\xe8\
\xfa\x1bE\x92\xa8\x17\xc4\x9f\x10i\xc0\x0f\xcd\x00\xcb4\
\xaf\x1b\x853\x987,\x10\x94vI3\xce\xd0\x16\x83\
\xef\xd1\x0f\xe9L\x94Q\xfa\xf7\x05\xf5\xb3\xc0\x81\xf9\xe2\
\xd8\x1fA\x97\xdaW\x1d|\x85m\xff$\xc6{\xbc\x13\
\x7f\xdf\x9d\xbb|\xfc@\x00\xfe\xc4\xad\x1a\x03w\xaf\x84\
@\x13\xe7\xd1\xfe\x97<\xf9j\xed\xdc\xad\xe7>\x11\xcc\
\xdf\xf9\xba\x0b\xe3\xcf\xf9\xdf\xd9;\x81We\xf3\xb9w\
6Pp\xeel`\xda\xe3\xbc0+\xe2\xba\xc7F\x17\
\xff\xd7\xd7_0\xfe\xb1\x9d\xe5\x89\x12.\x87\xed\xf1<\
\x10\xff\xe0l\x9b\xdf\xd6\x8ar\xdf\xd7\x18E\xe4\xa7\xd9\
\x1c\xd7r3\xba\xfe\xef\xbfG\xc7\xeb\xbf\xe0\xf5_\xe6\
\xfa\x1f\xf5f}\x99\xc8We\x9c\xb6]\xec\xae\xdf\xbf\
bw\xcd\xa2\xbb!W\xb9\x98W\xed\xf5_K\x8dy\
\xfdW\xba\xfe\xaf|\x18 |\xfd\xd7t\xf8\x8e\xfd\xd7\
o\xc0\xbd\xf7s\xb6GW[$>U\xbd\xb0@\xd9\
z<\x18\x0c\x06\x83\xc1`0\x18\x0c\xde\xe3b\xf3\xef\
D\xe8\xfb\xf8\x07\x88\xd0\xaf\x14&\x1bI\x86l\x1d\xaa\
j\xa1 \xf7\x16\x1b\x98_\x0b\xf9\xb8\xc5\xc3H(v\
\x83\x18\x9aP:\xed!\x08\x84\xf16\xb5r09r\
\xb2S\x19V\x10\xda\xeb\x88W\xd7\xc1\xea\xae\xe2\x05\x12\
Li\xc8\x9eV\x12\x15\xfe-\x81\x22\x09R\xb5\xaf\x9e\
\xc6\xf5\xc1_\x07\xbc_\xf0\xf1Zeq\x00E\x9f\xd2\
\xdaJ\x84\x95\xfckI\xbd\xea&\xce\xc4*.\xf4\xb1\
\x00\xdb#\x9b\xe0Q\xda\x15\x84\xf3\xb0b\xd0\xf6\xf6m\
\xb4\xd8\xfb\xd1\xc7\x8f\xc6\x9e\xfdE\x1f\x0c\xce\xb5+\xf6\
@$u\x9f\x81\x12C;\x97\xb0\x0d\xe3\xa7'\xf1\xca\
\xeaJ4n\x87\xc0\x8b\xb8\xf0\x9c\x92\xf0P\xfa\x84\xe6\
\x92\xf9\x1c\xc9\x00.\xed\x96\xa6/\x10\xbe\x1f\xb05\xa2\
X\x87\x93\x98\xf8\xb4\xf2\x15\xe7q\x87O\xc4\xe9\xa7\xb2\
\x9f\xf8\x81\xe7xu\xad\x8b\xc7)(\xf7\xc7\xfc\xc3\xe2\
\xa2\x06\xa7\xdf\xe1oQ\xbe\xb3\x7f\xef]_\xed\xdfS\
\xca\xca\x0a<^\x19\xdc\xb5'\xfb`\xf7\xf3\x16\xc2\xcb\
\x0c^\xbeX\xd3\x07\xf2\x87\x88\xde\xdf]\xdd\xedu}\
:\x07|\xfc>\x1d{\xff]c;\xd8+\xb1\x9a\xf8\
_\x16\xff\xdd\xd5\x5c\xa1>\x83\xf8\xf7\xf6I\x17\xdf\x92\
\xd7DU\xdd\xdb\xd5\x08\xe6\xf5\xfao\xad]\xbf\xf6p\
y%?\xf7\xeb?^[\xb0\xe2\xc3\xef\x90\xcc\xf5\xdf\
\xeb9_\xffu\xcd7\xf4\x17\x9f\x1a\xe8fS\xe6x\
\xbe\xfe\xdfG\x1c'\xf9\xd5\x9a\xeb\xbfE\x19\xac ^\
N\x8dc\xbf\x84\xe7\xfb\xb7\x8d\x7f\x17\x04\xeew\xbd_\
k\xba\x9b\xc3\xdf\xa1w\xd7\xc2\xc1`0\x18\x0c\x06\x83\
\xc1`p\xa3\xdd\x82#\xd3\xf2\xfb-PX\xe4\xbdo\
\xce{1\xa1#\xd27y\xc9\x93\x85\xd4\xaf\xf4\x9b\x1c\
;9[\xe7\x8d|\xd1zp\xad\x80\xf6\xd57nc\
\x11\xa2\x9b\xf0\x1b\xf9\xb7V\xb7,1\xdb%\x86$g\
\x1a\xfe\x9a\xed+\xaaZ2\x8b\x04\x13\x05\x0c\xcc\x22;\
\xfc\xd1V\x03Q'V\xe5\x1a\xac|\x22\x02\x85\x88:\
\x81\x94\x96\x95x \x14\xf0\xaa\xb5\x8d([\xbf\x1a\xae\
\xe4w\x11e\x91\xf3\xeb\xbc\x13u\xab\x83\x15\xc3\xbd*\
*\xe4\x9c\x05\x15\xaf6\x9dI\x82WlY\xdd\x82\x03\
|+b\x0c\xf6\x07\xd9\x8eUg \xe0\xf9\xea;\xf4\
\xa3\x15\x87\xdc\x1e\x88S\x06>\xb8\xdd\xe2\xbbj\x15I\
 _\x88Ux\x9eD\x18;\x10\x5c\x14Yt;\xd1\
\xf4\xef\x9a\x1b\xee\x0b\x0alhc\xb3'\x12/\xd5+\
bG#\xd6u@\xa1\xb4\xcb\x17\x8f\xda7\x22*\x7f\
\x9eDh\xb4\x9de\xe2\xec&|\xb2\x18\xab\xaa\xf0\xfd\
\x16c\xeb\xa3\xdb\xb5<\xd7\xed8\x8b\xa3\xba\x1d\xc7\xea\
\xdb\xf0[\xde\xf6\xad\x19\x8e\xb8.?%\x84\xea\xb4\xa7\
P\xc7W\xd8?\xfc\x12\x91m\x91^\xac\x96V\x9c\xf7\
\xef<V\xe8\xf3I\x14?\xe1$4?\x09\xed\x9c\xc7\
\xcc\x8e\xf3\x8d?\xdf\xfd\xc1D\xa1\xac\xc7,\xa6_y\
\xb3\x82\x7fT\xfco\xf9\x9a\xb4xa\xe0\x07\xf1\xaf\x5c\
^S(\xe5~\xd3\xd5>\x17\xd4\xa3/@\xb4\x178\
\x8e\xeb\x1c\xf7\x81\xdb\xb83GY\xeb\xfc\xeb\xfcP\xdd\
\xfc\xfd\xb5\xaf\xff`\x1f\xf3\xaf{\xaa\xcf\xae\xff\xf7\xdd\
Y^\xffa+5\xcfJ\x91\x11\xa3\x12\xf1\xef\x7f\xc8\
\xf0\xb1\x95\xb5\x05\x87\xd0\xf5_\xe9\xfa/\xfb\xf5?\xdc\
\xa3:\xaf.\xb2\xd2\xcd9\xcdp\x15\xb4\xffF\xd7\xb9\
\xf4\xee\xb7l0\x18\x0c\x06\x83\xc1`0\x18\xdcP\xf9\
\xcf\x7f\x99\xa3\x16!b+\x90w\xf9q#\x8f\x02\x8a\
\x8b\xbf\xeb\xff\x22N6t\x91\x0d\xab6\x9c\xd6\xdd\x04\
\xe2^\x0dXH\xd2eG\x9d\x93\x08\x93\xf3X\xd1e\
\xaf\xb7\xdd\x7f\x05)\xb9,/\xb2\xe2M\xd5+\x0f\xd2\
\xf5E\x90\x5c\xa0!\x22\x94$\xae>N\x8c\xab\xc8\x0a\
I\x87VE\x87,&\xa3\xdc\x81.\xe46\x22\x80J\
/\x08\xa0M'\xc8\xdb\xea\xa77e\xb5\xf1\x1bm\xb2\
/\x0c}s>\xf2\x99m\xe4\xd9=|*\xeb\xc21\
\xb6\xa5\xb4\x89\xc6\xbf\xf4G\xd4\x93\xa2\x84\xad\x97o=\
\xfa*\xcf\xed\xb5\xa6.\xc1\xfa\x96h\x80/\xe0j}\
?\xd4\xf5\xd8\xef<\xdfe\xc5'\xd5\xe3y\xdby\x80\
\x82\x11\x08\x15\xecgf\x7f\xbf\x0a\xf9)O\xf7\x882\
\x8a\x86\xfaf<>\xaf\xf7\x95\x86Of\xd4\xde\xcd\xb4\
\xde\xafS\xda\xa9\xee\xef\x94\xc1|\x9dP\x87\x82\xfaw\
\xd0\xf5\xe5w\xfd\xf94\xfd\xc1\x92H\x1bq\xfe\x1d\xdb\
'M\x9e3\xde\x09:Os\xab\xb3\xe5+\xf7\xff\x08\
<\x8a\xd4\x10\xffO=\xd3\xb5\xec\x8f\x8e\xff\xcd\xceC\
\xfcw\xbe\xd8\xd3y/O\xbfu\x22\xe7\xdf\xc9\x22\x04\
\x9e\xfaP\x0e\xbfE~\xec\xfe\x1f\xaf\xff\xcdo/\xa4\
Is\x5c\xca\xcb\xf9wz\x8b\xe1\x872]?\xfc3\
\xaf\xff\xbd\x15\xbcs\xf2o\xebB/\xd8\x82\xfd\xfa\xbf\
$b\xb5MtF\xcb.\x1c\xbb\xa0\x1cm\x0aq[\
^\xfbA\xe5\x99\xe3\xf5\x7f\xf5\xc9\x8f\xe6~a\xf9\x81\
u\x9e~r\xea\xb9\xbbL\xf7\x1b>\x22\xf4`0\x18\
\x0c\x06\x83\xc1`\xf0\x1e\x97\xf2\xca\xab\xf0\xee\xe3zC\
\x9d\xbc)\x1f\x19\xf7\xb2\xce\x0b#c\x90\x08\xb9\xf9\x89\
j\x10\x8a\xb0\xb3Dg\xfft\xd2\x81\xf4\xb3\xbc\xfc\xc8\
\xc8\x11\xa71\xea\xd6\x92\x82X)\x0f6\x95(\xe2\xcd\
\x00\xc5\xd7I\xf7\x94[\xaeG\xa0\x11\xb8\x02W\xb0\x1c\
\x92l\x14\x09T\xcb\x8b\x94\x82\x98\xf9?;\xbc\xd4\xaf\
\x03\x12H\xd53i~*\xdb\x91%\xab}\xd7\x16_\
e\x8b\xe0\x01\xe7\x8a9\xed\xb6\xd0\xd0\xd2\xcfJ\x22E\
\x10M\x178\xb6\xd2\x22,\x8c\xf8\xeae\xee\xbf\xab\xff\
q\xdc\xa8\xcd8\xd3|\xe5\x97r]\x9b\xfb}\xff\xc5\
\x0a\xb6\xe5Ki\x0f\x99\x88\xf6\xc3\xdc\xa9D\xbd\xfa&\
,\xf2\xa0\x88$\x8d\xd8\x01\xf5\xb8\x0f\xbc:\xd1\x8f\xbf\
\xc8\xb6\xdb\x7f\x22\xd4\x9f\x08\xa7X\x9eE\xbb'\xd1\xfa\
\x09\xa7z\xeb\xd6\x11\x02\xbfM\xda\xe4\xd5\xcd\xe6'\xe2\
\xe4\x0f\x8a\x7f=\xcc\x03LG\xdb\xbc\xd2\x99\xd3\xbe#\
^|\xd2\x97\xef\xca\x9eV\x16\x7f\x02\xfc\xe3$^\x07\
h\xd6\x96?\x12\xbc\xcf\x93\xe1\xe9\xd7\x97\xb3 \xb4\x8f\
\xe9\xa9=8n\xefD\xedO\xf04\xee\xf1\xdbD\xf1\
\x7f%K\xd3\x03\x7fr\xfc_6,\xb7\xcb\xb0\xeap\
i\xcf\xf6[\x88\xbfc`\xcf\xcf\x1b\xf9e\x22\xbb}\
\xcb\xedE\x0c\xc4Q\x14@\xf1_\xf7{_~\xd3\xdd\
\x1fj\xe3\xb6\xbd\x85\x19]\xff\xc9\xafR\x81E\xdf\xe4\
\xacn0\xd7\xff\xb4o~\xe7%4\xc7\xf7kb\xe7\
\x83/4\xb8\xdd\x89M<\xe0\xfa/kR\xd4\xfb\x0c\
\xaf_\xca\xef\xca\xeaB\xcb'\xddD\xfc\xfa\xff\xdb\x7f\
~Xm\x1ft\xce\xfd\xdb\xeb\xa7p\x95\xb3I\xa9f\
\xeb\x81\xe6\xfa\xff\x8d\xdf\xef\xc1`0\x18\x0c\x06\x83\xc1\
\xe0WF\xec\x01\xbd\xdfT\xa3P\xe0\x5c\xcdi\x9a\xe1\
\xe2\x9e\xbcq\xb7\x9b\x88 Q\xb8W0#y\x11\x12\
0W=q\xf3\xef\x8f\x9e\xfa\xfe\x91\xb9w%r\x82\
\xa4a\xea:\xb2T\x9a\x1f\x95,\xdf\xf0e7\xd9.\
Yu,w6x[\xbc\x0d(\x1e\xe0\x8b\xa9\xee\x0f\
KR\xeb\x9d\x03D\xaa{\xd1_\xac\x9e\xe3:)\x1f\
\xb6\x1f\xed\xb0\xb0%M?)\x89\x18\xca\xdf\x17\xfb\x0a\
\xe2N\xe7K\xc7\xa0\xafT\x06\x89\xa2\x8b\x03<\x12\x8a\
\x9f\xd8\x8e\xd7\x16\x0f\x9e\xefU\xee\xb7c\xac\x07\xdb\xc7\
h_\xe4\xa4\xba\xbf\x5c\xb0A\x11h0\x0f\xf8\xbe\x8d\
\x87\xc2^\xa8\x9bA\xad\x9fT\xee\xf2\x0d\xec\xa3P\xdb\
\x89(\x91\x84\xf6Q\xdc\x90:G\xbdo\xbfh^l\
B\xb0\xf4\xc4YI\x9c\x12\xf2\xf1\x84\x93\x18\xdb\x89\x8c\
]\x99~|\xee\xd6\xa5 \xa9\xf4O\xde\x94\xef\xeb:\
\x89\xd9\xa7\xf6\x9d\xf2\xb1 \x89\xc23\xae\xd8>\xd9g\
\xa1\xfa\xc9\xf7\x93\x1dm\xc6\xf9\x9d\xff\xdd\xf9\xa7<\xa7\
qz\xd7\x7fg\x9b9\xae\xfe\xfd\xde\xc6c\xfd\xe2\xeb\
\xeb\xa9~\x85\xe3\xf3\x1c:\xd5\xd3\x09\xfe'ts\xf5\
\xd3?\xb0|b\xab\xb3\xa9\xcd\xb5\xe3g\xe2_0\x9d\
\xf2\xf1\xea_\xbe\xce\xa0\xe8hl\x87\xca\x9a\xdb\x00\x7f\
\xf0\xf7\x86\x7f\xfb\xd1N^\xff\xad\xb9\xfe\xd7z\xd1\x1f\
,w\xda\xf7?|y3\xc7\xeb\xf5\xbf\xc6\xafF\x96\
&v\x96o\xe5W\xe7\x97\xbe\xfe_\x91\xeb\x95C\x19\
\xcd\xfb*\xb1\xf3\xf5\xdf\xf2\xde.\xe3_\xae\xfd\x9a\xf3\
\xfa/p\xfd\xc7\xb9\xae\x87\xeb\xbf4i\xcd\xf5\xbf\xc9\
\xe7\xf7\x8di6\xeb:]\xcaq\xd5\xf9`0\x18\x0c\
\x06\x83\xc1`0\xf8\x1c\xb1\x02\xda\xa1\xe5\x1e\xbf\x0aO\
.J\xe7\xea\x11O\xbfR\xb3\xc8\x22L\xd5J\xde\xc8\
\xe3\xe2j\x94\x9b\x8f\x0f\x81\xaal\x22c\x10\xd9B\xb8\
`\xd5\xa1I6\xc4\xa4\xb0\x88n\x15\xd6F\x00\xb5n\
\xb5\x80\xf5\x09\x11O,\xb7\x89\x0cH\xc0\x17Yt\xe2\
\x8e\xa2!\xfa`d\xd3\x80 \xc6\xb1\x10\xa97+\xab\
\xa2\x90L\x1a\x8d\x85\x11\xd9,\xed\x07\xd2\x1c\x02\x03\x88\
\xa5\x91\x16}\x8b\xe4\xb4\xf6+\xb7E(]\xf1<\xad\
2\xf3c\xafW\xfc\x93I\xbf\xb4\xbcr\x17B\x0e\xf9\
\x8aoH*Y\x9cY\xfd\xa2 V\xb3\x90\x82\xed\xb1\
ND\xb2\xba\xd2\xda@\xb49A\xf9\x13\x04\x0b,\xf7\
\xc5s\xe2 \x90}\x07\xddJ\xde\xa3\x9f$\x82\x96\xdf\
\x04\x12\x12+\xd9W\xfa\xae\x94\xde\x88,\xe4#\x02\xf7\
#\xfe\xee*\xecS{\xb8\xbe\xa7\x95\xc4\xdd*\xe7\xa7\
\xe3O\xf0T\x8e\xff8\xd0\xd9\xfc\x5c\x18\xee\xe7N\xd7\
\xde\xee\x8f\x12\xbfG\x90\xa9\xab\xcc_[g`]\xf9\
Y\xc3\x93\x7f\xb5u\xfb\xce+\xe4\x9f\xf04\xb6O\xb1\
\xf0\xe9\x8a\xf2-\xcd\xfa\x8d\x0e\xf8\xf7\xbf|b'`\
\xbe-\xfe\xac\xd8\xe0\xdf]L\xe3^\xc4\xdf\xb5\xcbG\
\x12\xa5\xf9\xb7\xc7\x7f\x0f\xb1]\xfd\xf5_\xb3\x0d|N\
\xf6Q\xca\x9f\x09\xfd\xf0\xfa/\xb17q\xbe\x0bB\xea\
\xc4\x91\xb9\xfe\xffq\xd7\x7f\xe8\xe3K(\xae6\xb9-\
\x22<\x0f-\xee\xff\xcaj\xe5\x97\xa1\xeb\xf7\x00\xd7K\
\xfb\xf5\x1f\xfc\x149\x5c\xd7\xbd\xcf\xabO\xdaz\x02)\
e\x9a\x98@wD\xab\xf0\x8fO\x7f\xd4o\xdf`0\
\x18\x0c\x06\x83\xc1`\xf0\xab\xe0\x0bWs$\xb9\xf6\xd3\
\x95l\x13\xc7\xbc\x04\xe9\x5c%r\xdf\xec\x07YP-\
\xc2\xb0\xd1*\x9ad\x06y3\x7f\x13\x9c\x8e\x86:Q\
cjv\xd7_$\xe8X\x9d\xe4\x0e\xab\xff\xbf\x12\xbc\
\x8b$\xd7Z\x8a\x80\xba\xfca\x92^V\xd5H\x92\xd5\
b\x07\xbd\xd4\xbd\x9d~l\xcd1\xaf\x92B\xe2\xd4\xf7\
LC|\x1b\xf1C\x5c\x94 a\x02\x1c\xcdr\xba\xaf\
\x5cBr{\xa5\xc1\xf2\xa0\xd3\xe3\xda]z\xb1\x8b\xc4\
\x98\x09\x9c\xea\xa38!l\x07\xc4\x5c\xbd\x13\xab\x90\x22\
9\xee\xf1]\x1a\x12\xf9\xda3V*\x89vfz\x5c\
\xf9L\xbez\x9aP\xfd\x02v]\x9c@a!\xca\xfb\
_\x81H\x08\xb8\xca\xeb\xe1\xd1\xe67d\xf8S\x01\x93\
\xcb$\xe1\xeef\xa1J?:(\x98\xb2\xa0\x87/\xc9\
\x93\xb0\xfd\xb3\xa2\xf9\xd3\xea\xe4'\xe1\xfcIh=\x9d\
?\xd9\xfaD\x98\xe7~~\xf7\xf9]|\x22\x88>\xf5\
1\x0a+\xa7\xf6ts\x08\xcbuu>\xe1i\xce\xee\
>\xe0|\xaas\xf0\x0e\x95\x1a\x818g\xf3\xbb\xb6\xc2\
2\xd6\xc9\xdb\xadx\x9e\x1a\x0b\xf2\xc6\xd7\xf7\xe3\xe1\xf6\
T\xeb\xea\xda\xf8-\xff \xfe\xf1\xb3\xfc.\xa1@)\
\xf5\xda\xe6\xbf/\xd1[p\xdd\xd9\x22\xdc\x05T\xf8m\
\x8d6I\x7fm:\xfdN\xd5\xeb\xff\xfe\xdb\x98\xd7\xff\
\x1e\xd8\x07%]\xeb\xe6\x0fy\xfdW\x11\xbcFIw\
\xfd\xaf\xbf\xcbs\xfd\xff\xf4\xfa\xafe{3%y\xb7\
^\xff\xb1>[]\xe5}\x01g\xb6p\x8fu\xd4\xdb\
\xea\xf7\xa6iQ\xcd\x8a\xf2\xd5\x9f\xd4\xf7\xa5\x0c\xfe6\
\xf8\xef\xde\x9d\x0b\xc2\xcfs\x8b_\xb7\xee\xdf\x82\xce\x87\
nv\x0e\x06\x83\xc1`0\x18\x0c\x06\x03\xc4\x97\x93\xeb\
\x14(\xf2\xc6\x9b\xb8\x13}\x1a\xa5\xc1]yG\xc8W\
\x89$Gv%\x16\xf2\xceB\x1e\x11\xc4\x8d\x16\x15\x91\
\xa1\x92\xf8\xcb\xbc\x13gK\x1bQ\xe2 \x10v,\xd7\
\x09>\xc3\xc8_\xa32A\xfa\xa4\x12\xd7\x10 \xd1\x0f\
\x17\xcc\x1aA\xd7\xe8\x1f\x8a\xad%\xdd\xd3Pl@\x7f\
@\xf0\x10Ia\xc5\xbf;iW\xb2\xb97|'\xb1\
<^\xdcf\x81:\xb9\xacX\xffx\xb5\x82h\x16}\
\x86\x22\x99\xc1v/p\x8e\xfb\x89\xc5\x17\x14\x22P \
\xf0\x15\xd6v\xf0\xa7\x8c/\x8c\x81b\xbd]\xdf4\xa2\
\x91\x0b\xdd\x82\xbe\xa0}\x1a\xab2\xb7\x0f\xf8T\xf0\xeb\
\x84\xbf\xb3\x88\xeaBn\x95B\xf6\xaa@\x90P}\xeb\
\x83\xd7y\x12\xc69\xef;[\xa7\x15\xab';'\x81\
\xf0;b\xeaS;\xd9\x87\x93\xc0\x8a\x9fO\x22'\xdb\
}\xc2\x93\x80\xcc\xed\xc6\xf8\xe7\xf3\xdf\xad\xffI\xd0\x7f\
*\xfbd\x8f\xfb\xf0\xf4\xbd\xeb\xb7\xae\xefO\xe3\xe0\x22\
\xf6mG\xde\xe24g>\x9d'\x9d\xd0\xcde\x9e\xe2\
\xfft\xbd\x91\xe6<\xfe\xce\xf2oT\xbc4Q\xb5\xbd\
\x96x\x1e\x81t\xfcm-i\xe9\xbcl\xed\x11\xd9\x05\
V\x9eo\xfa\xee\xfaO\xa0~\xaf\xd7\x7f\x83\xeb\x7f\xbd\
.<_\xff\x9b\xf1\x93_\xf1\xfa\xaf\x9f_\xff-?\
K\xb6m\xc0\xea\x1f3\xfb\xeb\xbf\xd1\xf5\xdf\xdb\xb7\x16\
;\xe0%\xbd\x5c\xff\xe5\xb3\xeb?|\xde\x97\xfb\xbc\xba\
\xdf\xd9w\x91\x99\xef\x83\xf1\x1a\xf7\xe9o\xe6`0\x18\
\x0c\x06\x83\xc1`0X+\xa0\x11\xcc\xcb^+\x9b\xb5\
\xb0\x0b\x16\x19\xe0f}\xdd\xd0;\x0d@\x9a\xe2d\x04\
I\x9b\x9f\xd3E.4\xa9\xc6MC4_^\xc85\
\x03m\x88c\xa7.\x8bG,\x22v\xb3#\xa7=A\
&\xcd6\xa2\xe6\x8fl2\xe9\xb7\xd51Hp\x95:\
\xad\xb4\xc9\x89>\x11\xf7Mp\xec\x04\x93\x03y\x17\xaa\
O\x0f\xe7\x8dH\xbb\xffE\xc1\xa4!\xc9\xaf}\x97;\
\xf2\xed\xfd\xe2\x04\xcfl\xdbwR\xc0\x9e1\x99>\xf8\
VlC9\x9f3\x0a\xf5x\x9fw\x22\x05\x8eI\xe9\
[\xcc\xef\xff\x001\x83\x89\xc0\xbb\x0f\xdeV\xb7\xcb\x02\
\x0c\x0b\x19B\xe7\xd1?\x1e\xebn~\xf8\xf7m>\x89\
\x14\xe1\xcd\x8f\xa5\xc9\x83x\xb7\xea\xb2\x03\x0bw\xbd\x88\
w\x16\xe5>\x11\x1d1\xfd\xdd\xf9Ol}\x82\xa7\x15\
\xd0\xb1\xda\xf2\x1bu~\xb2\xca\x19\xed\xbf+\x83\xf9\xf0\
\xf8\x936\x7f*\xf0\xfb\xf1i.|Q\xfc\xb3\xdf(\
\xe0w\x7f\xb4\xe0\xe3\xef\xfa\xce\xe5\xbazX\xe0y'\
&\xf3\xbf\x0e.4\x09D\x9e\xaf\xca\xef~\x82\xb9?\
>i\xd3\x13>\xfd\x83\xc7\xdb|f\xdbu\xe8\xfa\x90\
\xfd:\xd0y\xa5\xee/\xf69\x97\x83k@\x87mo\
f\xd5\xf6N\x01\xb7\xf1\xb0\x83\x1fx\xdd\xc5\xdf\xf7\xe7\
\xeb\x7f\x1e\x97zU\xcbu\xe9\xb3\xeb\xbf\x94k\xeb\x5c\
\xff\xdf]\xff\xed\xba\xaf;_\xffU\xb6E\x03\xb7A\
\xba\xfe\xaf\xbb\xbe\xab\x9e\xdbK\x0c\xd1z\xfd_\xf5\xae\
\x1b5C1\xbb\x5c\xff\xe5|\xfd\xf7\xfbL\xcd\xdf\x82\
\xfb\xf7\xc2\xc4\xa3\x05\x87\x22\xb7\x9e\xeb\x7f\x0f?\xbd\xd6\
\x0e\x06\x83\xc1`0\x18\x0c\x06\xbf:\xbev\xd1A\xe0\
F\xdc\x80\x93\xac\xbd\x15\x83kx\xfe\xbcY\xbfo\xe8\
m\xdd\xd5\x13\xb9\xb3\xfc\x0cZ`\xebf>j\xcb\xb4\
\x84\x95\x0f\xb7\x99\xa4\xd0Wp9\x91\x81b.\x9e\x89\
\xc4\xa3\xc6q^\x81\x8e\xa9\x9f\xd7Jd;b\xb9\xec\
8\xb1\xf3\xbd&U\xa4<\xc2\xfa\x09x\x85\xb0\x93\xe3\
\xee\x05P~\xbe\xb4\x1f\x9a\x1a\xf9}\x0fL?FA\
V\x80\xa8\xad\xba\xca\xa3\xd7\x98.\xd2\x12x\xae\xaf\xf3\
\xc1\x1a\xdf\x97\xe1\xc7\xfc>\xa6'\xdb&U\xe0\xe8\xec\
}\xf2(7\x96q\x82\x1dsPi\x85\xb4\x00\x01\x06\
\x11\xc2\xd9\xeb\xd6>\x9ag,X\xb0\xc8x\x12\xb7\xba\
\x15\xb2\x5c\xfe\xb4\xc2\xf4I\x5c\xed\xe2\x1dg\xd6+\xce\
=\x84\xd1%\xdc[\xb9\xf3\x8b\xeb\xef\xfc\xc2\xcfS\xde\
w\xe5\xb9=\xf8\x9d\x05\xf8'\x91\x80\xcb\xbe\xb3\xcf6\
qu.\xb7\xed\x13\x11\xf2\x94\x8f\xc7\xee\xbb\xe2\x86\x8f\
\x13\xd6q\x12qO\xc2\xf2\xbb1\xfe\x14\xdd\xd8\xbe\xc3\
\xbb\xba\xde\xf5\xcd\x93\xe0\xbe,4e\xd8~\xfd\xe7i\
\xef\xe6\xcc\xfb\xba\xff\xfc\xf8\x977\xf1/[\xfc\xafc\
/\xae\x9a\xfb'\xe3\xb5\x07\xf7V\xc6\xf2\x07q7\xea\
\xf4O/\x87\xbf\xcdp=\x8d\xdf\xccS\x1f\x92\xcd\xbc\
\xfeK\x5c\xab\xb6k\x83\xc7\xa5\x9c\xae\xff\xf9=\xb6\x22\
\x91_\xfd\xfa\xffj\xe3\x8f%.\xbf\xbb\xfek||\
v\xfd\xbf\x1a-~O\x96\xc9\xab^t\x1c\xec\x1b\xe4\
\xbb\xc7X\xa1\x22\xcb\xb2\xf2t\xfd\xaf\xf3\xfc\xce\xeb]\
a\xe5\x9a\x97\xc2\xb3\xac\xfbZ\xbc>\xbe\xff\x0d\x1a\x0c\
\x06\x83\xc1`0\x18\x0c\x06=T\xff\xdf\xff\xc1\x1d\xb4\
\xc5Mw%\xe5&\xb8\xdf\xb3\xc5\x8d\xbfV\xaeeK\
\xb0\x86\x154\xf7\xe2\x11\x22Z&\xb1\x22\xda\xf3\x04\xa9\
\xc2ze\xe5\x0b\xf6\xa3\xf1=I\x98\xaf\x98^\xfe\x98\
g18\xb3H\xb52\x0d\xb1\xb4\x0b}\xe0mIB\
\xfb\x19\xa1\xdc\x00\x84\xd4\xc9\xa5\x02\x99\x0bb\xac |\
\x03\x03r\x91#\x88\x1c\x11Sa[R\x89 \xa3k\
E!\xafH~Ah(\xa4\xfe\x89\x5c\xd3y]i\
\xa5}\xd2\xf6v\xa4w\xfe`[O\x88\xbe\x92E\x0a\
\xb1\xcf_+\xbd|o\xe7\x07\xff\x8b\x0d\xf4\xa7\xcc\x05\
\x89vn\xfe\x92\xbd\xb0a\xbb\xa8\x18u\x1dD?\xce\
+\x1f\xb4\x9dR\xe5iV`\x9cw\xc24\xd6\xff\xa9\
_\xa7v\xeeu[+\xa8\x9d\xf0\xdd\xfc\xefl\xfc\x19\
\xf9O6^x\xf2\xfd\xa9\xcf|\x5c\xba1\xf8#\xfc\
\xeb\xfc}\x9a\x8f\xef\xea\xfc\xa4}?\xe3\xcfwc\x80\
\xdb\xf1\x12\xe5}\xcb\x0b\xfd \xfeO~\xac\xa3\x87\x9f\
A\xb8\xae\x1c\xcb\xffU\xf1\xbfG\x7f\xf9%p\xbbt\
\xc1\xe7\xdfj\x17W\xf9\x0fs\xf8\x1b\x08\xce\xee\xe2i\
\xe3;\xa6ks}\x10\xf6\xb7Q\x05O\xed\xe2_=\
\xbc\xce\xbe\xbb\x86\x08\xb5E\xbf\x93\xff`\xe3v\xea\x9f\
z\xfd\xef\xaf{\xdb<78\x84\xfb\xa9z\xfd\xb7\x10\
\x9a\xb3\x19\xd8\xbf\xf5>\x0e\xfd)OEE?\xd4+\
oLew]\x97\xbdo]\xff16\xf3\xbe7\xfa\
\xc18\x7f\x8d\xdd\xc1`0\x18\x0c\x06\x83\xc1`\xf0\x8c\
\xb2\x5c\xaerQ\xa0\x06\xfeXd\xa4\xbfn\xc8\xbf\xe2\
\x86\xfd\xce\xe3\x04#\x8d\x19\x19\xd7\xadV\xcb\xad9\xa4\
\x0a\x97\xb7H\x9dD\xec\x22\x19\x02\xa4\x86n\xfa\xefE\
\xdb&\xb88F\x81\x0c\xf1~\x8d\xdak\x05\xb9R[\
\xea\xa7@\xdd' 5\xf3UGN\xf2\x8d\xf2\x05\xd9\
\xfc\x8d\x1c!\x81\x14\x12*\xc4\xd3\xb4>\x1a\x8cd\x9a\
?7\xc0\xd2\x1e{\xc8o Dp\x1d\xe1\x07\x1eZ\
]i\xa4@^\xa3\x8d\x5cF$|\xd8\xea\xb7\xba\x1d\
E\x88\x1e\xda\xec\x0dJu\xc7\xb8@\xba\xd7\xef\x824\
>r\xdd\x8de\x11\x08@\x8c\x16\xf8\xae\xeb\x9c\xcfA\
\x05{\xbc\xe2\xb6\xcc\x058\xef\xabTYX:\x89\xbf\
\xef\xf0\xe3\x07\xcf\xae\x9c)\xb7\x0d]\xdf\xddn\xc6\xd4\
\xcb\x97n\x95,\x0ab\x9d\xc0\xc5+\xa2=/\x97\xef\
\x8eq\x95\xeeI\x5c;\xd9\xf5s\xa7\xd5\xa7\xdd\xea\xd2\
\xce\xc6'\xf5\xfe\xccy\xb4\x7f\xea;\xb4\xd5\xadX\xc6\
\xf3h\xeb\x94\xef\x1d\xba\xbe9\xf9\xfc\xd4\xef\xef\xe6g\
'\xc8|\xd7\xcf\xce\xde\xa7\xe3\x7f\xb2\xe1m\x7f\xe7\x7f\
'\xfe\xf3\xf7[\xec\xd2\xf8I\x15\xf8\x05\xc0<h\xba\
\x8f\xff\xfbi\x03\xf6\xf5\xc9\xbf\x13N\xfbI\x87\xe8I\
\xdf\xf1Z\xf0\xba\xfe\xf8\xf5e\x13Bo\xa7\xe2\xbaP\
~e\xfc\xba\x05\xe2`\x11\xf7\x1e\xaf\xff\xd9n\xde\xa6\
\xc2\xfd.+\x7f\x9b\xdf\xed\xfd\xfa\x9f\xd78\xb7Wb\
i\xbb\xfe\xf7\xf3\x92_\xb8\xf8\xeb]\xff\x7f\xb4u\x84\
\x1fxhR\xee\xda\xf2\x9e\x0a\xaf\xff\xb5\x8e;]\x9b\
\xeb\xbf_c\x95\xae\xffv\xb8\xfe\x8b\x94?\x89\xc4\xc5\
M\xe8\xfa/\xfd\xf5_e\xf3\xc0\xaf\x8b\xf9\xa9p\x0f\
\xd9\xff\xae\x8c\xf8<\x18\x0c\x06\x83\xc1`0\x18|\x8e\
/&\xee\xc8y\x10I\xa2\xaf\xa3u\xf3-%-\xee\
\xd5\xb3\xd0MR\xd6\x1d\x7f\x10\x9f\x9b}Ef\x8dc\
\xf4LW\xc6J\xc8B\xd4\xd4\xb4\x81:\x80\x01\x81\xbc\
y\x0aK\xdb\x8b,\x17F\xc3g\xe5\x22\x86 '\xd4\
6\xf9W\x160\xdc\xb7\x97\x9f.\x0aX\x15U\xd1k\
\xdf\x83\xd1[\xe9\xa49%\x0d\x09\xf2\xca\xe5}eT\
G\x94\xf18H\xadj!\xcflS;\x22\xe5}i\
\xf5\xb1\xe9\x104|L\xb9,\xd4\x85d7\x1es\x86\
6\x16\xdfQ<\x80r8T\x06\xed\xe1|\xbaH&\
\xb7\xcd\xcb\x16\x9b\x8b\x94n~X]E\x1de\x1b1\
\xeeI\xa0\xc3\xf3,du\xa4\xf5$\xdeuBI-\
\x9e$\xb9\x1bB,\xff\xf5\xa5+\x7f#r\x1c\x8e;\
;O\xf9\xd8\xffN\xfc\xfb\xa4N\x16f1\xdf\xa9\xef\
Y@}\x12\x07\xde\x09\x07]\xfd^\xcf\x93\x0d\xf7\xc1\
E\xc1\xa7zx\x0ff\xb6\xffX>\x15\xd0\xb7x'\
\x84\x9f\xea\xe9D\xddN\x5c>\x89\xbe'{G\xf1\xef\
\x90\xde\xe5\xeb\xf2\x9e\xd2;\x9c\x04yl\xf3\xbb?`\
|\x16\xff\x9a\xd7\xc7\x10\xae\xf1W\xad\x96\xfd,\xfe\xdf\
\x97\xe5s/\xf0\x1f\xbe\xca\xef\xdd\xc1\xb6\xe7\x8b: \
\x1f^\xb7\xd0\x1eT~_;\xe0\xf7\xba\xf5\xbf\x9b\x97\
\x87\xf8\xc7\xdf\xffH\x87\xb4z\xfd\xb7\xf6Z\x10\xbf\xff\
M;\xb1~\xeb\xd2\xff\xb0\xeb\xbf\xfcM\xaf\xff\x90\xda\
^\xff\xd7\xbd\x8b\xac\xeb\x7fw\xef\xa6\x02\xd7\x7f\xb8\xa6\
\xc7\xf5_\xe8\xba\xbb\xe2\xe1\xe3\xeb\xff\xfd\x0f\xef\xedb\
{\x0eU\xba\xe7\xcb\xb2\xd8\x9f\xfe\x87Y\x9cJ\xf8\xb9\
_\xa30\xb6\xdf_?\x06\x83\xc1`0\x18\x0c\x06\x83\
\xc1\x8e\xaf\xd3\x09\xdcr\xc3\xb9\x8b\xbf\x84\xc5\xd3\xf62\
@B\x17\xf94/\xbb\xadw\x81oK@\x8b\x155\
@\x96\xcaC\x99\xaaT\xaff\x9e\x8b\x90\x85'wq\
+\xbb\x0bJ\x95C-\x9d\x96\x14\x1d\x82\x0c\x82\xba\x9e\
{\x0f\xaec'W\xee\x8c\xc1\xca2\xbb\x85\xe5 \xec\
ZEQ\xa7e\xd7* \xfb\x01\x1d\xa7\xc5\x87-]\
d[\x8d\x84D:H\xda\x83\x00s\xa2LN&\xdd\
n\xb4\x0d\xdb\xb0\x08/\xfa\xa9\xe0\x0b\xdb/}\x83\xe7\
\xcdJ\x1b\x95\xfcx\xf4\xd5\xac~r>\x14z%\x89\
\xb3R_a;\xd0\x86a{l'\xb1\xb5\xaa*\xca\
\x99\x9dWe~j\xc3}\xdf\xcf']w\xd7]\xdc\
\xca\xf3{Y\xf4\x09\xff`\xc4\xc0\x15\x94\xa7U\xa7\xd5\
\x9f3Pt\xc6\xcfwe\xd0\xfe\xa9\xcc\x93\xc0\xd8\xb7\
\xf7\xbd\xbf'q\x95\xc5W\xf4\xb1K\xc3s_\x10\xff\
\xadP)R\xc5\xba\xd5O\xfe\xbb\x83\xe7\xbf\xb4\x7f\xf9\
\x99\xd2oO\xfcS}\x9c\xb7'\xf0\xb8\xa3\xdf\xf8\x87\
\x93\x93Pz\xb2\xc7B\xee\xa7\xe3\xd2\x81\xc7\xe4t\xbe\
\x9bO\x5c\xfe\xe9w\xf2\x939\xfbY\xfco\x96\xe1\x93\
\xffXr\xa7c\x5c\xe7i\x8e\x7f}\xec\xf3\xce'\xf6\
\x0fK\xffX\xdb\x13\xe0\xfcA!\x14\x9d\xe4_\x9d\xf2\
\x9b\xef>\x94\xeb?<I\x82\xbeV\xc7\xef\x0f\xb3\xe6\
\xfa/t\xfdo\xda-)\xc8\x0a\xce\x11\xb3\xcd\xc7\x0d\
<\x8e`\xcf\xcf{\xbb\xfe\xb8\xeb\xbfT\x11\xdc\xeco\
t\xfd\x97l[{\xfd\x97\xf0S#\xff\xdd2\x1c\xe5\
x\x014_\xffW\xb3\xea\xf5\x1f\xff{\xf2Uk\xe7\
\x89R>\x1f{\x7f\x8aI\x9b\xeb\xbf[\xea\xaf\xd35\
\xdel\x13\xa6E\xf8\xba\xcb\xe9\x83\xc1`0\x18\x0c\x06\
\x83\xc1\xe0\x09_(\x149n\x82[o\xcc\xefc$\
\xb8~c\x8ew\xe7\xeb&\x9el19I\x22\xe6\xb4\
j\xe5Y\xc4\x01\x89`\xd4\x07\x9f\xf8B\xa3<\xa9e\
\xcb\x8e\x10\xe9,\xebDG\xb5\x88v\x0a\xecD+)\
\x8d\xf6\xc2y\x91\xba*\x08\x99\xca*\xcf\x04\xaa\xee\x87\
\xb9\x08\x8ee\x1f\xe1\xca\xad\xe8\x19\x17\x93\x9cH!a\
\x85\xfa\x90\x12\x19\x90\xf0\xf0\x9f\x94\x10\xac\xa3\x90m\xf6\
Y\xa4\xfcA\xc1\xf7c\xb4U\xb7Q\xfbZ\x1b(\xe6\
\xa0\xa8%9\xfa,b\x08\xf5\x85\xeeF\xa1@\xae\x04\
\xc3\xf6\x84\xf8!H\x96sK\x8f,^\x05<i\xe2\
\xe1\xd4.\xfe\xfe\xc9\xcaN\xdc\xbab\x17\xbaPx\xf2\
G\xf4u;\x7f\x8bW{=h\x0b\xb7\xd6x\xf2\xcd\
\xcfu\x82\xe2\xb6RQ?#\xde]\xdf|\x82S\xbd\
\x0c\x16\x22Qh\xe4\x7f\xd6\xcc}\xfc\xf7E1\xf6E\
\xf1\xef\xf9J\x1d+\xbf\x90\x8d/\xcdG\xee\xfd\x5c|\
.1\x99\xdb\xe1\x02\x09\x97\xf1\xba\xbav\x0a\xb5\x97\x8c\
\xee\xfd\xd7\xd9\x16\x8aoi\xe2\x0c\xcas\x7fj\xd3\x96\
\x0e\x5c\xe6\x93\xf9\xf0\xe9\x1f,<o\xf7\x87\x9fN,\
\xefb\xa1\x9b\xe3\x7fm\xfc_90\xf7\xf2\xa9\x8a\xd1\
~\xee\xe47\xa7\xfd\xd9\xf1\xaf\x94\x16qr'\xee\xb6\
\xd0\x0e\x1d\x87\xff\xf0{\xfd\xbd\xeb?\x08\xc2\x14\xff\xa7\
\xb9\xcd\xfe\xff\xb5\xd7\xffLs\x1f\xfe^\xd7\xff%\xe4\
Jw\xfd_g\xd4\x97\x06x[\xa2\xb6Z\x97\xd6\xbe\
\xc3\xdfD\x83\x7f\x9d\xbf\x98wo@\xde\xfb\xf9\xc2\x85\
l\x8f\x1c\xae\xff\x02\xf7\xac9\xc7\xf7\x9f\xd0\x8cM\xec\
NoK\xf7\x1b\xf8\xee7k0\x18\x0c\x06\x83\xc1`\
0\x184[p\xe0w\xd2\xf9\x0a\xcf\xf2\xb4J\x0d+\
r\xf5\xd3\x89r\x8a\xf8K\x037\x1b&\x8b\xe4\xf8\xc1\
\xfa\x17Y\xb4\xae\xda\x8d\xaf$NH\x16\x0b\x12g\xbc\
&\xda\x8a\x8d\xd2p \x9c%M\xf7- \xbcNO\
q\xef}\x1fC\x865D\xbf%2^\xd6\x1fK&\
Q\xa1\x94p\xb2\x18E\x1b\x92\x0a\xe7X0\x88*\xc9\
.\xef\xb1)B\x02\x01\x91\xcbr~\x95\x0d2+\x07\
\x01\x02\xfc\xe7t\x15\xa9+\xce\x0c\xf6g\xd6\xba\x1f\xa6\
\xaa\x1e\xf7#-\x84\x97\xfa*l\xbb\xff\xdf \x98\x9f\
\x0a\xad\xf82\xb4\xbbz\x85c\x14\x9e\xde\xd7\xb9\xadj\
\x84r'\x91\xf6d\xe7g\xc9\xf4\x93\xfdN\x00>\x95\
\xff4\x9d\xc7\xc7\x05\x5c\xd5f\xe5/\xcc\xb9\x10\xc8\xec\
\xbc\x05\x0a\x8e\x85\xe7G\x81\x0a\xd3\xda\xfaV>\x91=\
\x06P\xa8\x13J{\x17\xff\x9eo\xdbB\xa1\xfbM1\
+\xfe\x7f\x91\xaf\xda\xf9\xd4\x9cW\xca\xeb1\xfc\xd5\xb4\
[\x1b_\x94|\xfad\x1e\xa2\xff\x1d\xba\xf9\xdd\x89\xda\
\x9c\xf64\xc7\x9e\x84\xf4??\xfe\xcf{N\xbf\xaf3\
\x052\xf6\xe1N\xff\xeb\xe2_\xa9L\x5cg\xb4_\xfd\
\x8c\xc0\xbd\x9e\xc9\xf0\xfdqHw\xfb\xb7\x11\xcdk\x22\
\xf9\xe6\xd7\x94\xe7\xeb\x7f\xb5\xf1\xc7\x5c\xff\xe97\xe0\x1f\
u\xfd\xbf\xff@\xdf_\xffk\xae\xf5e]\xff\xeb\x18\
\xc4\xd1U\x16\x8bZ{\xcf\xe7\xf7j\xe9\xcf\xdd\xc3\xfe\
_\x83d|Z\xeez\xca\xce\x05eY\x8b'\xb6\xeb\
\xbf\xc5\xf9\xbb\x8b,\xec\x8b(\xdd\xd3F7\xae~Z\
>\x9b\xd0=q\x8d\xd7\xc1`0\x18\x0c\x06\x83\xc1`\
\xf0\x0c\x95\xff\xfcwq\x10'\xc4\x95\xd4\xfaM\xba\xa7\
\xef\xe73\x9f\xbfu\xfc\xce$\xe2+U\xb4P\x0f\xa8\
\xdcnRq\x93\x9d\x95\xcf\x89'\x90\x10$C)\x8c\
f\xfa\x9d\xb6\xfc4\xa4-\x8b\x98\x04s\xf0\x95\xb2H\
p\xf2\x91M\xf1rf\xe5\x855\xfe8gyIS\
i\x836\x1d\xdbQ,I\x9f_\xdbo\x94zw\xb2\
\xbd\xa5\xadvhc\x97\xf3|\x1bfIH\xbd~ \
\xb3\xee\x0b\x7f\xba\x9f\xb7\x89\x95\x02\xa4\xbd\xf6cE\xd7\
\x97\x22$\x0a\x80_\xdb\xd6\x19p\xac v|\xd2/\
\xefz\x88E\x19\x16SO\xab\x03O\x82p\x15x\xdc\
\x95\xf7\xe3\xd4\x89d\x9d\xb0\x9b\xab\xb6\xce\xa2Z\xb7*\
\xb8\x13\x9f\x9e\x8e?\xc5'\xe5\x1e\xc5F\xe9\xe7\xcb\xd1\
Vs>\xe6\xe9C=\xa7\xfe\xfa$\xed)}Gm\
\xd1\xcf\xf4\xebg}\xfa\xb3\xe1\xffy\x9b\x9fl\xbcP\
b\xe1g\xca{\x02^t\xee\x0c\xac\x00m\xf1\xffd\
\xfb\xbbm\xf9\xf3\xe2\xffs_~.\xfew\x1b^\xee\
\xaf\x8c\xffV\x14\x86\xef|M=\xe6\x13i\xae\xff\xe7\
k\xd1&\x0c\x93/|M\xc5\xeb\x9e\xae4\xben}\
\xff\xfa\xff\xdc\x16\xbc\xb6b\xba4y\xd1\xd7?\xf7\xfa\
/bP\xf3\xf3\xf5\x1f\xee\xb0\xee;\xc85\xaf\xbc\xfe\
\xdc\x82-\xef\xf0$\xee\xc3\xa0\x96h\x8d?\x11\xb6]\
\xff%\xef\xc1\xd6_\xbb\xc4\x05\xe1\xd0\xc0UC\x1f\xa7\
\xc8\xb83\xc1\xfd\xe8\xba\xe9\x14\xacfu\x01\xa4\xbd\xec\
\xd7\xf8\x8f:\x05\xeb<\xff\xe6\x0c\x06\x83\xc1`0\x18\
\x0c\x06\x83\x8a\xd8\x03\xba#\xae,\x92\xb9\x1e\xb0JH\
\x0a\xb8w>c\xa6UrZ\x90\x09\xaa\xa0\x92O\x03\
\xd2\x18\x82$<\x0e\x8a\x84\xe3\xae\x15-\xc6*\x19\xa7\
8\xbc\xfax\xa7\x0b nB\x1e\x7f|\xf7&5I\
2\x910\x96\x95\xb6\xb8t\xe6X\x17\x93+H7\xeb\
\x05\xb4\x86\xe0\x18\xda1\xe8\x9b\xb0\xdb\xd4\x8c\xc2\x08\x7f\
\x12\x19\xf6seeq\x8c\x05\x90<O\xb3\xfe\xe5P\
[\xbfc\x1f\x99\xf5\x22C]v\xb4\xd93\xfa\x0c\xfb\
\xb0\x8f\xb1\xdb+\xc70N'z~\x12\x8c<\x8d\xf3\
\xe2?\x16\xdf\x9eV4~G\xd09\x89\x9e\x9d/\xa7\
\xfcx\xfe\xbb+9\x9f\x84[\xff\xf7\x89\x1d/\xf3X\
\xd7\x9di\x9b\x9f\xf8\xfd\xd4\xce\xceK.\xf3\xe4\xa7\xd1\
\x8f\x97\x8f_\x1d\xb3\xfa/\xfb5\xb7RH3\x9c_\
\xa8\xecW\x94\xc1\xf2\xfc\xafO\x97\xf8\xe4\xf3.\xc4\xf4\
v\xa4\xb5s\x87\xff\x17\x9d\xafm\xee\x7fR\x0c|\xa8\
\xf3,\x8e\xd1\xa2\x8f\xadI\xf9\xdd*\xff`|\xcb1\
|\xff\xa2s\x97\xc9\xb5\x8fqm\x81\x14_\xd0\xe7\x0e\
\xff\x9e\xf8\xd7\xe3\xf9\xbf2\xfe\xdd\x93\xb8^}t\xfd\
\xdfWD\xfby\x852y\xfd\xdf\xf3\xe2'\x96\xc1t\
\xf4\xe1\xf9\xfaoq-d\xbb\xbf\xff\xfa\x0fy\xffQ\
\xd7\x7f\xad\xd7\x7f9]\xff\xb3\x16C\xc7\xef%\xcb\x92\
\x16\xe5\xe1\xfa_\x9d2\xfa\x8c\xe6\xfd\xa0\x98\x10\x82'\
Xu\xd1\x9ba\x91~;y\x8b\xcfu|\xaa{\x9f\
\xc7\xf0`0\x18\x0c\x06\x83\xc1`0\xb8A/!\xc4\
\xc7\x13\xfd\xa6\x1b\xc8\x9b\xd5\xbc,8\x88\xee7\xf7(\
\x02\xe1\xcbxbE\x8c\xdb\x96\xe4&H\xa6\x5c~\x88\
\xf3\xc5\x87\xf52?\xcfnkk\x06\x95x\xb4\xd7I\
N\x904?\xbf\x04\xf1\xfb\x9c\xae\xd5M\xa1\xa4$#\
QlE\xf5\x17;\xc6\x09\xab\x12\xa968\x8f\x22(\
\x92H\x7fL\x96i\xe3\xb6\xba\x0a\xc4\x18\x81\xb2l+\
\xea\xaa\xcbu\xc2\xa6\xac~\x0ar\xd9\x90V#?Z\
a\x13\x1f\x09n\x08n\xf9\xee\xfd\xe9\xb6\xa8-H\xfa\
\xa5\xabKd#\xc3\xc5>\x09\x04(x\x14a\xaa\x08\
5\x15O\x02\x11>\xca\xde\xad\x84d\xe1\xcd?3\xef\
-:\xd6\x16\x89<\xad\xaa<\xa5\xf1y\xf4\xed\x93\xb2\
\x9d8\xd6\x95{'\xd6\xe1\xcb\xf6\xde\xa1\x88d\x9eF\
\x9f\x9e\xaf\x94\xa3\xf3\xefV\xb9\xe2J\xd0\xae\x96{z\
\xe5w\x14O\xd1\x07+1\xcb^T\xef\xf6\xd5\xe7\xba\
\xf9\xf5$\x02n\xbf\xa3T\x0e\xf3e\xbd\xf7g'\x18\
\xb2(\x9ae\x95\x84C\x9e\xa7\xba\xb5\xad\xfaQ\xff\xe5\
\x96 \xfb\xb5\x81?\xbd\xdf\xfd\xf3\xf4\x87\x12i~k\
\xd8+\x8e\xff\x12\xd7X\xb0\x13\xb9\xffg\xf1\xffl\x97\
\xbf?\xa5\xf1\xf9>^\xfb?\x1a\xb0_\x7fE\xfcG\
\xbf\x97\xeb\xbf\x1c\xae\xff\xda^?\xf2\xfa\xbf_\xa7\xf6\
\xeb\xbf\xd2\xf5_\xe8\xfa\x0f\xfb\xb8\x83\xc0\x5c\xae%q\
\xfd\xef\xdb\xf7\xef\xbc\xfek\xdb\xbe\xf3\xf5\x1f\xe2\xdc\xd2\
\x0b\x88\x84\xbc\xa72\xf7a-XP?\xef\xa7\xf5p\
\xfd\xf76\x1b]\xff\x15\xca\xeb\xf1\xfa/d\xe9\xaaB\
\x8e\xc3*\xb2\xdd1HX\xc4\xeb\x05^k\x06\x83\xc1\
`0\x18\x0c\x06\x83\xc1g\xb8\x14\x04\x16,\xfc\xd1\xc3\
;\xdd\xd3\xbcH\x12\xd7J\xae\xf1\xecJ3|\xab|\
\x16O\x9ab!F\xe7\xf6\x1bYw\xdak\x88\xb0\xed\
\xc9kaMa\x187\xd9\x5c\xc2K\xf8-e\xc5\x8e\
\x817\x858R[\xa8#P\xbdJ{f;\x81\xf6\
\xbe\xb2$A~\x0e\x05\x15\xa6=H\xd6K:\x90h\
\xf6\xd3P\xe8\xfd\xa2\xbf/\x88\xe4\x8byVy'\xed\
\xc8\xc86J\x15\xfe\xd3h\xbcV\x1d\x82\xef.4\x18\
\x96#\x9bA\xd4\xc9V\xec\xcd\xd9\x88S\x1d\x99t\x9b\
\xd1G\xeeGU\x15\x8f\x22\xca\x93X\xdb\x95\xe9\x85\xc0\
\xfa\xbd\x9b\x22;A\xd5\x8f\xec>\x09D~\xbe\x132\
\xf9\x18\x05\xc7]\x9c}nk[\xb7\xf5\xf1\x7fp\xf2\
\xce\xbb\xeaQJ\xe3\xcfwb]5\xed\x8fCc\xff\
}mB0\x0a\xaf~\xec\xe5v\x81\x99\xa3-\x8f;\
Q\xeei\xd5+\x02\xc7\x01\xf3\xb3\x9dO\xf1$|\xe0\
\x18\x7f5\xf1\xcfc\xfb\x89\x90\xc2\xfe;~\xfc\xe01\
\xc0?\xb2`\xdfJI\xcb\xb1\xf3\xb2\x1a\xe2N\x1d\x93\
\xb4\xfd\x89\x10\x8b\xedA\xbfK[d\x9fkl\xff\xe7\
\xe3\x7f\x9f#\xef\xe6\xf1\x9f\x1f\xffR\xfe\xed\xf1\x7f\xf6\
\xe9\x9dH\xff\xe9\x98\x94\x8a\xf8\x1a\x22R\xc4a\xf6\xc1\
\xce\xc67\xe7\xafk\x1b\x89\x98q\x9d,\xd7\x7f;\x5c\
\xff\xe5O\xbe\xfe[\x5c#\xb1\xdd\x7f\x9f\xeb?\xfa\x01\
\xad\xd0\xd3\xf5\xdf\x0e\xd7\xff\xbc\xc1\xc9\xeb?\xccg\xc3\
\xeb\xff\xaa\xed\xb5%Y\x5c\xff\xc3\xdb\xf0\xb96T\xc3\
\xe6~\xfd\x07\x07W9\x85\xbcf\x1c\xff\xf5\xf3\x9e\x12\
\xfb\xd3\x80\xf7o\x97\xc0\xbf\xe7\xb8\x1e\x0c\x06\x83\xc1`\
0\x18\x0c\x06;\xbeP\x5c\xd8o\xaa\xf7\x17\xaf\xe8\x22\
*\xf6\x1ba@\x82\x0bE\x169\x94xiN\xc3\x1d\
n:`N\xfa\x16=p\xdb\xc2\x22\x80\x13\x10\xdc1\
\xd0\x89\x8f\x11\xe9K\xe2\xaa\x98T\x08\x9b\xa1#w\xed\
(\x96\x89\xd0\xda\x17\x91N\xa0\xddH\xaajyl\x15\
k\x0a\x82\xad\xb92\xcd\x05s$\x96a\xb7\x11\x0bK\
=\x96\x8f\x07#I\xbd\xf0\x9b0|\xf5!=\x96\x8e\
\xe5\xc3\xbf\xc5\xa8\xb6G\x90\xa1\x5c\xdb~\x22\xa3\xfc(\
r!\xd6V\xb70q\xa1\xc0\xed(\x10y\xef\x87\x8e\
\xc4\xbb\xfd\xb6\xff\xdd^#\xc2t`\xb1\x88\x85\xa0S\
\xb9gQ\xe6\xf6\xb6\x135\x9fD\xadOEr.\x8b\
~v\x82\x1a\x0ba\xdd\xca\xc7'1\xf4\xb4\xd2\xf4\x1a\
\xdb5\xb7\xba\x7f\xfe\xa3p\xad\x90\x84\xf2\x5c\x1f7\xaf\
\x13\xe0\xf6\xbc\xfb\x8cg\x11\x94\xcf?\x8d\xe7\xa9>\xc6\
'\x82\xc3\xbbz\xf8\x0f\x00\xef\xfa\xfe\x93\xf8\xef\xe0/\
\xba\xfbA\xdb\xd2`y\xf6\xf9\xbb\xed?\x89\x9f\xdd\xfc\
\xe1k\x0b\x8a\xcc\xbb0\xaf4\xd6l_\x1e\xfd\xd3\x0f\
\xe3\x9f\x05\xd1?&\xfe\xf5m\x9e\xce\xd6?!\xfe\xd1\
\xce\x0b\xa7\xb9\x85u?\xfe\x01\xe4\xceX\x7f\xcb\xf1\x1a\
\xc1u\xc3u%\xf27v\x04\xce\xe7\xf5_\xa5^\xff\
\xc9'\x91\xbf\xf8\xfa\x9f\xc2\xea\xdf\xeb\xfa\xaf\xc5g/\
\xb7\xb7\xdf\x0e\xd7\x7f]\xe9\x06}\xaa\xcd\xf5_\x9a\xeb\
\xbf6\xd7\xff\xbb\xf6\xf2\x07\xf2u\xbfv\xdf\x01\xc2H\
t\x0d-\xc7Z\xc6\xcd\xcd\xb9\xe0\xec\xbf;\xf7\xbf\xbb\
-\xaa\xa5\xd9p~\xbf\x7f\x18\x0c\x06\x83\xc1`0\x18\
\x0c\x06\xef\xf1\xf5D8_7\xe2\xaaB\x8b~\x16\xa9\
P\xa4s\x8b\xec\x06+\xd4\xc5EH\xa4\x10\x22K\xba\
h\x81\xdd+\xa0c%4\x95\xf1e+.x\xaf*\
o2\xb7\xea\xbb9\x8a\xfbkA\x9cB\xdb\xf4\x22 \
\x8a\xfa\x09&X\x1d\x98\xa0\x16\x1b(\xb4\x80\xe7\xa5\xdf\
d\x11N S\xca\xf6\x9at\x95\xda\x1e\x81O'\xb3\
L\xc6\x05\xc4\xd8\xad\xccJG\xd2\xed\xbe\xb9\xb8\xe8y\
\x04l\xbb]!\xb1X\x80HZ\xe7\xa3H\xfb\x92&\
\x816\xf3\xfe\x9a\x22\xbd\x08\xa0\xce\x08\xc1O=\xd8<\
\x9d\xdb\xf2\x1c\x84\xb3\x9eX\xea\xf6yw\xcb\x97\x08\x09\
\xcd'\x81\x0e\xedw\x7f\xf8\x89\xd5m\xfa^4}\x02\
\xda\xe8D&\xaew+/\xb0\xd7\xee\xc1>\xda\xeb\xea\
\xce\xf4\xd6\x02\x09\x8e\xd8\xb7\xf5_\xc6\xb6\xb6\xa2\xa6\xa7\
?\x89\xa0|\xfc4>\x1d\xba\xf9\xc0\xb6Nua\x1d\
O\xfd\xfe\xee\x8f%]\xfe\xae\xce'!\x14\xd3;\x81\
\xf2d\xfb$\x9e\xbf\x13Q\x9f\xfc\xe8\xea=\xe4\x12\x9f\
/\xaa\xef\xc7j?\xaf}\xbd\xf0) \xe6\x9d\xe2\xbf\
\xab\xb5\x8b_\xfc\xc4\xfa0\xcf\xff.\xfe\xebjsO\
\x93&\xd2\xdf\x8d\x1b\xfa\xdc\xd5\xfdN\x9c\xd3Mp\xec\
\xa2_\xf2\x9a\x866WZ^\xffaUp\xb9\xfe\xd7\
\xeb\xf6v\xfd\x97?\xeb\xfaO\xbfC\xf2O\xb8\xfeK\
\xb97\xeb\xaf\xffi\x03m}\xef\xfa\xaf\x91\xab\xbf\xfe\
\xa30\xaf\xd1\x0eu\x07U\xa5.'X\xbf\x0f\x22 \
.S\xdfG\x8a\xcf9\x9eq\xfe\xbb&r\xbf\x80\xf0\
\xb3\xb9{:\x1e\x0c\x06\x83\xc1`0\x18\x0c\x06;T\
\xfe\xf3\xdf\xe6N\x1bn\xff\xe9\xbe\xda\x05h<w\xdf\
\xab;\xb1s\xc2q\xe7s\xcd\xb2\x10-I2hd\
_M\xd7\xda\x96\x9bl\x14a)\xf2`9\x22\x02\xe6\
+c\xd2\xcf On\xc1\xc9\xb7\x13\x8d\xf5\xd8\xb8\x8a\
\x95z\xd2W-\xfe\xa7\x0fU\xb0\x11\x17.0}\xf3\
;\xc9W\xf4#\x95)6,\xf7\xa8,6@\x08b\
\x7f\x11\xdc\xe7\x0c\x85\xfa\x94\xca\xc8)\x7f\xa9\x00\x84)\
 \xd0\x9c\xe7\xd4''\xdb{/\x11Q7\xdbDj\
\x119\x0a|]\xfa;\x11\xb6\xf7\x90\xbdz\x06\x0bv\
\x7f\x16\xca\xaa\xb8\x87\xbaX\xa8u\xa1B\x1f\xf2\xb8}\
\x11\x17z\xae\x14\x01\x89\xe4x\x0e\xa6\xaa[\x97\x14\x01\
\xde\xf7\xff\x1f1n'\x91\xefgl\x9dl~\xd2\xff\
\x9f\xce\xcds\xff\xcbQ\x08\xfe=\xf8\xd9>`\x7f\xbe\
\xdb\xee\x9fE\xce\xa9\xed\x8a\x02u\xd5_\x0e\xfa\x09\xfa\
\xd8\xaf\xee\xb7\xf5Y\x9a\xda\xeb\xb8}\xfe{\xc6\xbf\x97\
\xdd\xf3\xf8w\xb7\xbf\x97\x7f\xb2\xcd~}\x9a\xff\x94\xa7\
\x8cfsO\x10\xf55i\xdb\xe0s\x1f\xc0u\x8bm\
\xf2\xaf\x5c\xa4\xff\xee\xeb\x7f\xb5\xf5\xf7\xb9\xfe\x9b\xd8C\
\x09\xbf\x1f\xca\x0a~\xc8\xbd\xc5\x99\xc4=\xd6\x9eg\xdd\
\x00\xae{:\x15+bs\xb5-\xe2w\x5c+\xa2o\
[\x96\xe5^{OW\xb1\x1f\xe3\xdfM\xd6k\xb4\xe2\
\xed`:&|\x8d\xea\xbe\xef\xd70\x91\xa7?\xc0\x0c\
\x06\x83\xc1`0\x18\x0c\x06\x83\x1e\xe5\x19\xd9\x5c\xd4\x82\
7\xd7\xfe/\xf7\xfb$.\x17e\x924\x88\xa4\xc8\xe4\
\xc69\xcd\xe0\xc5?\x9a\x99bU\x0e\xbctF\x88\xd0\
`9w0J5`V\xb6\x88\xd2\xb6z\xb0\x11\x15\
\xd1\x87K\x82[\xf5\x95\x97\x16-\xe2\x99\xdc\x07(\x0e\
~\xef\xc4gH7j_\xac$C5\x00_\xfc'\
;E4\xffgVW\x8b\x11JKA\xd0\xdd\x84\xe3\
\xc6\xbepY\xfc\xf4\xd6aY\x1686\xa3g\x02\x17\
\x04y}\xc7\xfe\xc5s'\xf1\x85W\xc9b\xbf\x9c\x85\
\x14\xb7\x8e^pLd\xbdO\xf01\xdc\xeb\xb0o\x1d\
\xbb\xadw\xf9\x8f\x82Ns>|#[{\x9e\xaf\x88\
Y\x17\xa2\xc1\xa4\xdc\xbf\x09Z\xceq\x1e\x5cm\xf9\xe4\
\xeb'd\xbe[M\xfai~<\xfe\x19\xe1\xa0\x9bg\
\xec\xc3\xe9\xfbil\x9e\xe6,\xce\x9f\x97\xad|\xf1\xdf\
a\x9c\x1b\x9f>\xe9\x9f.\xcfw\xc6\xa2\x1319\xcf\
\x09\xef\xea\xd9\xe7zX\x16\xfc\x89\xab\xe3\x82~\xe5\xde\
\xdf\xfe\xcf\xd32\xb6\xb5\xb1\xdf\x9d\x8d\xca\xb6\xdfz\x86\
\xff\x86\x7f\xfd\x0d\xe2\xdf\x1e\xe2\xdf\xda\xf8\xcf~\xf3\xbe\
\xbb\xcf}\xb5>\xbc\xfb\x9d\xeb|\xffN\xfc\xeb\xe6_\
\x14\xa8\xd7\xdb\xb6\xb0\xb6\xc7\xfb\xf5\x7f\xc7\x9fs\xfd\x07\
W\xe4\xefx\xfd\xbf\xef\x8f\xbe\x7f\xfd\xb7\xc8s_\xff\
\xd7?=\xd9\xb8\xcb\x5c\xfbP\x1f\xee\xdd\x8c\xfcW8\
\xb4\xf5\xdd\xc4\xf2\x9a\xac<WV\xdeh\x92\x81\x07Z\
D\xe6\xbc\x14\xfa\xef\xa6lM\xcd|\xf6\xad\xdf\xb8\xc1\
`0\x18\x0c\x06\x83\xc1`@\x024\xf2\x95\xc2+\xee\
oq\xdc\xe5\x0b\x81jer\x02\x857\xf3\xf7\xde\x81\
\xb2H\xc2\x12\x81\xef\xb3a\xffE\x14\x14\x05\x80`\x1c\
H\x1c$\xd6\xd9\x5cu}9\xbb\xe8\x89\x00P\xee\x10\
\x13\x5c\x84\x10$\x92N\xbfl\xa7u\xde\x92\x8bx\xe2\
\xde\xd6D\xf2\x0a1\x8d\x06\x08\x09\x16\x95\xac\x09\xf4\x00\
\x92P'\xb5\xc5\x13\xdc{\x13\xc5\x04\xf8\xe7\xe7\x14\xc6\
\xa1#w[\x1bd'\xa6a\xd3\xf6\xbe\xe1\x9en\xdb\
\xfd\x04\xb3B\xe2\xdd\xc6=>gr\x87\xc2\x1a\x8bu\
{\x15\xbbH\xb2\xdb\x93\xd2\x8a*b\xf5[\x11\x9c\x84\
\xb7w`A\x9c\xd3O\xbe\xf3\xf1&ZJS\x17\xfe\
\x83\xb1\xe4\xb9\xd2\xb7!\xfb \xfby\xdf\xa6\x01}c\
a\xa9\x13\x9dX\xbc\xddjm\xfa\xe5I\xa0\xbc\x04>\
\x8f\xc7\x87|\x0c\x1eG>\xf7I}\x98\xf7$\xaa\xb1\
\xd8\xfd\xa9\x8f\xa7v\xe3\xde\xbb\xef\xfa\xf1\xd39z\x14\
\xfd\x0e\xe3\xf7\x09>\x89\x8b\x93P\xcf\xc7\x7f^\xfc+\
\xe5\xf19\xfe\xec'\xf7m\x17W\xb5\x86=\xd6\xfe\xe8\
\xf8\x7f\x87ws\xe5\x09\x7f\xf7\xf8W\xdfk\xdeL\x9e\
~\xc9\xfc{\x5c_\x94\xaf\xff+\xcfA\xb0\xfd\xe3\xae\
\xff\x89\xbf\xe7\xf5\xdf\xd2\x86\xf0\xf5?\xcf\xef\xd7\x7fm\
}+9\xb1.\xef\xb3\xd7y\xc3\x9c\xb8\xc2\x99Wf\
W_2\x94U\xaa(\x7f\xf7f\xfd\x03\xc0\xee\xe7=\
\x0dp\xbeYz\x917'%\xbfY\xfe\x96\xbc\x9b\xcf\
\x83\xc1`0\x18\x0c\x06\x83\xc1 q1\xa9J\xa8k\
\x86\x5c\x11b\xe2{\xe3Uq\xda\xe0\x9f\xe6\xea\x1b\xba\
\xf9\xbf\xe9\x00\xdc\xf8\x8b\x13\x9b\x90\xf9\xca\xbe\xcc\x99O\
\x91U\x89\xafb\xc1\xb5\xd6\x17!X~\x19\x10$\x81\
\xda]\x0c\xf7\x92\xb5\x0e\xf4\xb2!\x91(\x88\x1b\xad\xb8\
\x84e1\x8a$\x14\x8e#\x9f\x7f\xde\xcbv\x1ea\x1d\
\x99\x06\x92\xd5\x96\x11\x11\x94R\xf88\xf9\x94U\xb2\x8e\
D\x5c\xfb=\x83\xfd\xfc\xd6\xb3\x8b$;\xc9U\xb3\x92\
\x0f\x05\x18%\xc2,$\x1e}*\xb0\x9c\x04)>\xf7\
\xb9X\x96\xc4\x12\xcb\x9dV\x0d\x9e\xc0\xe5>\x11\x10\x9f\
V2~BlY\xecb\xc1\xe0\xe4\x87\x99\xa7\xeb\xe1\
\x9fH\x12\xf1}\xf58\xda\xe6~\xfa\x8eX\xd9\x89\x90\
'\x11\x97\xeb\xe3\xb4\xef\xcc\x99\x9f\x9d_\xdd\xca7\x9e\
\xbfO\xf3\x19\xfb\xf2\x09\xa7\x15\xb0\x7f\x84\xd8qj\x03\
\x7f\xc7\xfc\xa7zOc\xdf\xe14\x06\xff\xfb\xf8\xafc\
b\xeb\x02\xe1\x9f\xb8\xea\x97\xff8\xd5\xf9q\x9a\xff\xd7\
\xef\x22\xbe\x18\xee\x0f\x88\xff\x13\xecm\xfc\xdbO\xf5\x0f\
\x8b\xf5\xf8\xbb\xf9\xbf\x8a\x7f\xb1\xdc\xfa\xc2\x1e\xdape\
]\xff\xf0:\xba\x89\xbc\xdb\xf5\xbf\x8a\xa6\x7f\xcc\xf5\xff\
}\xfc\xff\xf5\xd7\x7f\x83\xeb?\xc5Q{\xfd7\xb8\xfe\
\xaf\xbb\xab\xe3\xf5\x1f\xff\xb0\xb3\xe6N\xf4\x89\xac\x85\x07\
\xb0\x9f\xb5\x86\x14\xbd\xda\x9c\xe3w\xfb\xe2\xaf\x22TW\
\xd1K\xb9\xfbFQ\xf6>\x14\xda\xb2D\xb3\x8d\xf7\xbf\
\xd5.\xc5\xfb\x01^)\xad\x1f\xc7\xce`0\x18\x0c\x06\
\x83\xc1`0H\xa8\xfe\xbf\xff\xbbo\xb9[\xc1\xa3\x92\
\xcb\xf3J\xb9U\xfeb\x11\x90.\x22e\xa7^`%\
N'\xc2\xa2Q\x85\x91\xe9.\x8fD\xe2&DX\xcb\
\xca\x97L\xa8\x90\x99\xa5v\x86-\xb0\x14\xc2)\x18o\
X\x8bnG[O8;9\x9d\xdf\xca\xae}\x0e?\
,w\x9d_\xfd\xe3B\xaf\xf7\x97-\xb2k$rm\
\xf6\xa8.\xc12\x9e\xc5\xfd\xe8\xfc\xca\xc9P\xfd\x92\x9d\
pZw\x1e\x04\x06\x1e\x09\x06\x8b^|\x8c\xa2\xc8G\
B\xadj\x90K\x9c\x0b\xef\xeay\x87\xef\xe6\x7fg\x83\
\xe3\xecI\x94a\x91\xe2\xe7|\xd1\xc7z\xb8\xbe\x13>\
\xa9\xfb\xa9\x8e\xef\xf8~\xca\x8b\xe9\xdf\x113\xb9\xbf\x7f\
f<\xff\x8ar\xe8\xab\x97\xe3O\xce\xf7T\xd7;a\
\xf9$\xf4\xfe\xec|\xffN\xf9?'\xfe\x7f_\x9fP\
\xc9\x95\xdf\xdb\xf3\xf4\x0b\xf8\xc6\x12\xd6\xf9\xcd\xf8?\xda\
\xf9&\xfe\xd8\xf8\xb7c\x9eS\x1d\x7ff\xfc\xcb7\xe2\
\x1f\xaf\x91\xc72\xf2G\x5c\xff\x1f\xae\xb3\x0f\xbe\xfe\xf9\
\xd7\x7f\xbc/!\x9fm];\xb5\x96\xb8\xdb\xa1\xf1=\
E\xde5\xde\xd7\xb1\xc5\xa57\xe3\xa5\xe6\x13I\x91[\
\xe3\x0f\x0a\xab\xd0\x0f\x8bz]\x8f6\xbf\xcfS\xafc\
\x8f\xbex\xa3\xc8\xca\x9fm0\x18{h\x8bz[\xba\
\xfe\x97\xed~\x98?\x07\x83\xc1`0\x18\x0c\x06\x83\xc1\
\x19\xd7\xd2\xae$\x86\x95{U\x22\xfcc\xe3e\xaaV\
W\xb5\xdcL\xc4\x8f`5KfA-\xfa&\x1a\x12\
\xc2\xb1b\x96E\xa0Tre.\x127^\xa5\xe3y\
<\x93i\xd3\xa0\x02\xa7>\xb9\xf2Z\x81t\x95v\x1e\
,(\xf9\xb3\x93\x1flG=\x17\xfd\x85\xfe\xe5r\x9c\
\xf4\xc7rU\x91\xe0x\xb8-'\xdc\x02-[\xabl\
\x0d|\xb8\xec\xc0\xd6\x01\xa5o\xac>\xeak\x22U\x94\
\x11\xa9\xab\xa5\xbc]u\xb2\xc4\x98'Y\xcd\xf2\xe26\
\xb5\x0a\xa7\xdf\x11\x0a1\xff\xb3\x98QJz\xf3\xe3\xd8\
\xf3tBFg\x8f\xebf!L\x9a\xb6`\xda;b\
\xba\x09`\x92q\xf0\xda?VI$\xc0y\x05V\x1a\
\x81n+\x05\x96U\xaaF\xa3\xad/\x0e\x5c\xb9\xfd\xae\
\x0d\xa7s\xa7\xd5\xb5Ob\xe7\xc9\xfe\xd38a]\xef\
D-\x1c\x9f\xdf#\xe0=\x09\xb9Oe\xba\xb9\x84\xfe\
\xb0\x7f\x9d\x0d\x06\x8f\x95\xdb\xc0\xadC\xb0\xeeO\xed\xb2\
\x8fOs\xffd\xf3\xf4\x07\x16\xb4\xfd\xae^\xfc<\x09\
\x91||J\xfb\xf9\xf8_W'\xb8\xb8uC\x9d\xbf\
=\xef\xdb\xe6\x05>\x89\xffwc\xf6\x89 \xd6\xf5\xfd\
\xef\x8f\x7f\xae\xf3\xfd\xea\xfa?3\xfe\xe5\x83\xf8\xaf\xd7\
\xff\xc6\xee\xa1\xec\xef\xbb\xfeK\xbd\x06\xfb\xf1*\x13\xfe\
\xfc\xa5\xd7\xff\xfc\xef\xf9\xfa/Q\xa6\x0cy\xb9\xfe[\
\x0a\xbd\x02\x7f\xe0\xf7>\xc2\xfaV>\xefC+\xed\xb3\
\xa8+\xc4p[g\xee\x9b\x8c\xb5\xad\x86\x16\xdf\xb9\x9f\
\xae\xfa\x8c\xdb\xa0K\x8f\xc7\xd1U\xf1\xd5\xce\x88{.\
\xd5\xf8\xe7\xdf\xa1\x11\x9f\x07\x83\xc1`0\x18\x0c\x06\x83\
\xf7\xf8\xaab\x80\x94\x9b\xf2\xca\x8d\xfc\x86\xfd\xde\x8a\x03\
\xe1d \xb8\x80$\x89a\xb2\xacA\x04n\xe2\x11B\
\xb1\xacm;\xc4\x89\x15\x90\x07\xb2\xe1o\x81\xd7Xa\
\x93$i\x7f\x08\xd7bOi&\x92\x1b\xa9\xfa\xd2\x8d\
L\x22\xd9P\x22\x88Xw\xf8]j\x96\x03\xa1]\xe4\
\xedG#\xda8\x09\xb6\xb5:I\xb5\xbc\xa4\x88\xc9\x1c\
\x1e\x87o;\x83\x0a\x9b\x0au\x19\xe6g\x81F\xb2\xfd\
\xdc\x16]\xdfY\xc0@\xe2\x8d\xa2\x09\xf2T<W\xec\
\xdb\xf3\x0b\x02\x9f\x04'\x86\x0bD\xfe\xe8|g\xeb$\
\xfe1:\x9f\xde\x891\xef}[\x9f,\xb2H\x8aK\
E\x14\x15\xd9dd\xb7\xb1\x8b\xcc+\x0a\x0a\xb9\xeeJ\
\xf7\xa2\xceI\x84\xe5q\xfa\x04,\xdc\xf1w\xcf\xf34\
\xa6\x1d\xc1\xffD\x5c\xebl\xbc\xf3\xb3{\xc1_\x17\xff\
\xdf\xa9\xfbI\xc8=\x09\xc58\x0e\xa7\xfe9\x09r'\
Q\xf5$\xfcb}'?O\xdf\x9f\xc4\xe3O\xc4d\
\xf6\xfb\x8f\x8d\xff\xfd\x13m\xfd\xf9\xf1\x8fQ\x9bi\xe8\
\xd3i\x1a}\x12\xff\xf1;z0r\x8a\xe3\xe2\xcd\x9f\
\x12\xff\xf9\x1b\xe4\xbf\xbf\x98\x9d\x7f\xaf\xfe\x8a\xf8\x0fA\
WvO\x97\xc1\xfbs\xed%\xfd\xe7_\xff\x97\xad&\
\xfe\xff\xb7\xd7\x7f\x05\xdf\xe97\x0f\xea\xb8j\xc61p\
\xf3\x02\xb3^\xd1;+\xbed{4l\xda\x12\xb1\xa3\
o\xb1\x0d\x0a\xef\xeePYk\xb4k,\xa0\xf7\xbe\x85\
J^\xfe\xb4\xb9G\xac[\xb6\xb9\xc8\x1c\xbe\x14X\xb9\
\x9eb\x8c\x9c~c\x06\x83\xc1`0\x18\x0c\x06\x83\xc1\
\x8e\xafJ\x00\xe3\x16~\xcb\x98\xbc\xa6H`%}-\
NI\xb2\xf0\x1b\xc1\xbao\xfa\x81\xd8\xa8\xa4ll\x0d\
AY\xcas\xf8\xa4\x95\x8b\x18\xf8\xe3D\xc4\x1f\xef\xb4\
\xf5\xb8e\x85no\x99\xbfW\x16\xd5\xb6\xdd\x9fVD\
oO\x8b|\xbe\xb2\x08\x08\xcd[q\x0b\xect/\xdd\
)\x0e@~&6\xd4C\x85|jG\x88\x84\x10u\
\xb3\x83 \x88p\x1d(6 yml\x16\xf2))\
\x9c\xa0=y\xe8+\x16\x01\xbb\xf3\xefH^\x8a\x1b\xb7\
\xdf'\xa1\xa8\xb3\xf3\xca\xfbN\xe8{\x12\xc7NB\xde\
\xab=l\xa3\x08\x8c\x02\x82\xc4\x83\x7fM+\x0a)\xfe\
#ao\xc6\xe9\xd3:\xbb\xfe\xef\xfa\xb3\xab\x1f\xc5\xe0\
\xae\xbeOV\xdcvuz\xde\x93\x18\xcb\xb6\xbaU\xa0\
\x9f\xb4a\xf7w\xb7\xab\xf8\xd7:\xa9\xbf\x93\xdf\x116\
P\x10\xf9\xd2.~\xde\x0b\xcc\xa7>\xee\xfa\x04\xcf?\
\xf9\xf4\x9d\xfc\x7fL\xfc\xd7\xfe\xfd{\xc6\xbf\x5c\xc2,\
\xeb\x84{\xfc\x7f\x10c\xf4\x1b\xf2G\xe1\xcf\x89\xff\xdb\
K\xbc\xd7\xb0\x22z\xd6>\xfa\xa3\xe2\xdf\x7f[K-\
K\xe8\xe4k\xfc_w\xfd\x17iT\xf9\x92\xff\x7fs\
\xfd\xaf~\xf4\xd7\x7f\xb8O\xc8SbE\xda\x15\x10\xb4\
\xe1\x0e\xd0`\x8f\xe5\xa8g-$\xf0\xdb=\x1fwi\
\xa0\xda\xdc\xa1\xc26\x1d\x06\x7f\xacy\xd5\xf5\x83\xeeY\
\xcc\xd6\xed\xa5\x86\xdfa\xc3\xfc\xb7]\xe03E\xea\xfb\
\xd36\xcfNq?\x18\x0c\x06\x83\xc1`0\x18\x0cv\
\xb4{@\xe3\xcdv\x11\x7f\x17y\xc0\xf4r\xdf}\xdd\
\xa8\xb3\x08lEXI\xc2\x00B\x1c\x90\x88\xd8\xfbo\
\xdd\xeb\xc7\x1e~W\x89\x17\x89Sx\x9b\xb9\x13\x00\xc9\
\x150A\x86p/C\x85\x9aa\xe5\x90\xba\x14\xae\xab\
\xce\x1fiW\xb6\xae\x92\xbe\x03a\x85Tv\x83l\x0a\
\x03X\xb9|uB\xa8\xba\xd7\x07B\x875eO`\
r\x86\xc7\xa7\xb2\xb1W6\xf9\xf1\xb6.\xdb\xf7\x8f\xec\
\x80\xe2\x18~\xff\x04\xcf\xf9Q\xb0\x91\xf2G\x84OV\
\xfe\xa1h\xf43`\xd2\xc9\xc22\xa7\xef^\xf7\xb6\xfa\
\xfezn\xebS;N\xa2\xd9;\xfc\x9eq\xfb\x14'\
\xe2\xfeD\xe8\xdf\xf5\xef\xbb\xe3\xef\xfa\xf2s\xe5\x9e\xc6\
\x04~\x97\xa4\x113\xef\x1f07C\xbf\x9dg\x18\xfc\
\xce\xc2\xac\x14\x91\xcfD\xdb\xdb\x8f.\xffg\xe3\xf0d\
\xff\xcf\x89\xff\xc4)~\xde\xe5\xff_\xc4\xff;[\xef\
\xfa+\xaf\xcd{\x9d\xdd\xef\xfc?/\xfe\xbdM\xf7\xf7\
\xff\xcf\xde\xb7(\xca\x8e\xaa\xdab\xdd\xf3\x1f\xe7\xfc\xff\
GNoW\x14\x19 \xa8\xa9\xc7\x5ck\xefft\xcf\
U\x89Q\xc0\x07\x89\x8c\xb2\xcc\xca\xaeW\xce\x17\xc6\xa8\
\xe7\xf8\xe9\x9d\xe0\xbf\xef\xf9\x7f\xd6\x06\xcf\xa9\x93\xfc\x12\
\x8d\x08\xe9i%\xa1Ro\x079n\xf35\x9e\xf7i\
\x8b\xf1.\xc4s7&\x94G\xceB\xa0S\xc6K!\
\x82y\xa3\xd4\x05\xef\xa2m<\xfcCr\x97\x1f\x8a\xf6\
z\x9e\xeaZ\xe4\x99+\x84t\x92\xce\x89D\x22\x91H\
$\x12\x89\xc4]<8\x10\x7f\xa2\x14\x9cl\xcb*\x11\
\xfe\xe3<\x1c00\xf9\xdbP\x07\xa1\xcb\xe7\xe3-\xf0\
\x85\xc6\xca\x18\x5ce\xa3V\x94TrW\x15U\xf5)\
\xe4\xf3\x904\x82U\xd1\x81e\xc7J\x16\x93~\x15\xfd\
\x91z\xa0-U\x0c\xec\xab\xa7\xe2@\xc5\xb3\x15\x11\xd1\
9\xcf\xe0\xad\x1a\x16\xbf\xc0\xf2\x1b\xbb\x22N\xbdT\x11\
d\x17\x9a\x03O\xb4\x8d\x83a\xf5\x05\x03\x7fV\xf9\x99\
/\x05vb~\xc2\xba2\xf9\x5c\xeb\xd4\xee\xca\xc6C\
\xe2\xc2\x929wd\xfc\xc0V&\xde\xeaD{\xcd#\
\x9fj\xf5\x7fZ\xbe\x22B\xf1\x13W\x9e\xa9?\x8c^\
\x03\x88\xfd\xc5\x10\xceN\xbfTG\xa7Sg\xccS\xca\
z\xbb\x81\x88\x04\x8e\xf2{\xf0\xdaoG~E}\xbe\
\x0a\xecgB\xee\xdeV\x10\xd27\xa5\xdfs\xe4\xe6T\
\x06\x89R\xe4\xba\xe3\xff\xea\x17\x1d\x83|\xc2\xff(\xbc\
c\x0c\x1de\xde\x83\x99u\x8d>\x83\xbc;\xb2C\xad\
\x9e\xee\x7fr\xb3\xa9\x83(R\xb6U\xbb\x15\x85^)\
Z\xa0^4\xe4\xe91\xb7\xe3`~\xc7\xff\x7f\xc2\xbc\
\xbf\xed\xff\x16'}\xb7\xb2\x7f\xd6+\xcfg\xbb\xc5P\
1\x99\x9e\xe7\x8f\xff8\xff/\x8b1U\xde\xf6\x7fO\
\x7f\x85\xf6\xba\xce%C\xf7C\xda\xcaP\xe5\x94\xc5&\
?\x7f\xfeG?\xff\xd9\xf6Jz\xdd\xb4\xb5Od\x17\
%\xacNwT\x829\x9cWW!\xb8\xb1M{\xea\
\x0f\xcc@\x8a\xb1\x00\xe4J\xa9\xaa\xc6X)2;\x9d\
\x9bB\xe7\x1ds\xcd\xdd\x8d/\x91H$\x12\x89D\x22\
\x91HL\x18\xbfw\xe6U$muGUD\xb3\x22\
\x99{\x08\xc0A0\xe7W\xe1\x10\x04\xf7\x05\x093\xa5\
\xba\xc8z\x17^\xbe\xd2O\x85\xf00\x93\xfc\xea\x86E\
\xc4+^\xb8\x1e\x1e D\x91\xb4\x87!\xf0\x0cIs\
\x99S\xfb\xce\xd4\x96\x14\x01\x9b\xae\xbc\xb8B\xa75J\
\xbf\xac\xcbz\xabay%\x11D7\x9a\x88gy6\
\x88\xec\xc1c\x1c\xafC\xfd\x82 S\x05\xa3X\x14\xea\
7\xa5c\x7fZ\xdbG\xb15\xa9\xb1\x22\x99,\xb1\xda\
\xc8\x0d\xd6\xa8CP\xaf\xac%_\x99\x1cY\x11\x15\xf6\
\xa7\xf2+\xbb\xa6`\xde\xc8\xad&be\x12\xc3\x84\xe2\
\xa3.H:K\xd12|\xd2\x83g\x0b^\xb3\xab*\
-\xd9\x13\x11s\xf6\x13\xf3\xae\xc88K\xa8Z\xb2o\
\x05,\xbf\xca\x8b\xf7\x911n\xff\xf9\xcf\xdfvB0\
\x8f\x1a=\xbe\x94\xddfl\xe17`H\xc6*\x92\x9a\
\xfc\xd5\xb0cl\xe0}%\x18c^;\xe3\xa7\xd76\
\x96X\xf4\xe4\x96 _\x81O\xb6\xb3\x98khC\xc1\
\xd1\x0b\xbe\xd8\xbe`!\xe7\xe6JPN\xb7sW7\
\xd9j\x8fO\xc7\xd0\x9f\xf4\x7f{n\xfb\x09}\xe1\xc4\
\xfe\x95,\xaf\x0c\xde/\xf0\x9a*k\xee\xcf\xd13\xe9\
\xef\xf3\x7f\xfd4\x96/\x89\xe3\xfb\xff\x1d\xf8\xfeo\xa4\
\xf7\xe7_\xf9\xd7=\xff\x8b\xb2E\xd2I\x11\xd1\xa4\xe6\
N\xb0\xe6\xd8\x94\xab`O\xedsD\x5c+\x8d\x8d^\
\x8b\xd4o\xc8\xac\xe3wsXJ\xc9\x1du\x1d\xfe\xdf\
e\xf5\xb6U\xf5(\xfa9\xdc\xbe\xcc9\xf3\xffr\xf0\
\xa5N\x22\x91H$\x12\x89D\x22\x91\x98Q\xe8\xff\xfd\
o\x9f\xc3\xdb\x95D|\xf4\x0c \xcbE2\xf3\x1b\xc2\
\x9dx\x88H\xfd\xf0\x12\xf7\xea\xab#UH5\xbb\xda\
\xa8\x8eh\xa8T\x90_0W\x0fF*\x1bW\x956\
\xd9\x07\x90\x8bT\x1d\x1c\x15\xd9\x80CBE\xce\xd3W\
\x18\x15\xaf\x81\x88\xaa\x17\x98\x10M\x01\x8d%&\xa7\xc0\
\xb0\xdb4\x82\xc7\x0a\xad\x83\xf6\xae\x80\xc1\xbd\xa3K\xb5\
\xab\x93W\xe5\xa9\xf2\xd3m+\x87\x9c\xfc\xa7@\xc2\x0c\
?\xed\xf5=J({\xa7\xfb$\xef\xa5\xc1!y\xa2\
r\x9e\xec\xb2\x90\x8b\xfb\xcaj=\xb1\xec\x15\xe9t\x8a\
W\xea\xbd\xab\xf3\x89\xccW\xdb{*\x0b\xccH!\xb3\
\xc6\xae\xe2v\x03\xe2\xd3+y\x9e]HRFy\xee\
\xe0\xa4\xdfP\xc7+D\xe5\x9d|'y\xdf\xad\xf3N\
.~\xaa{\xdbu\xfe<\xd8\xe9\xde\x8c\x93\x85\xee\x93\
\xbc\x97\x05o\xfa\xffJn\xec\xff\xb1\xdd\x9f\xf3\xffu\
\x1eo\xfc\x0d\xc2\x92\xf01\xfa\xfb\xfe\xbf\x92#\xd7\xce\
}\xed]\xff\x8f\x9e\x89\xff}\xcf\x7f\xa1\x84\x9b\xcc:\
\xc9'u\xbdK\xae\x9c\xc6d}\xab_e?\x1f\xf7\
\xf3\xd2\xa7n\xb5\x93\xcc|\xfff\x9b\x0b\xd8aj\x05\
\xf3:\xfd}\xa3i\x8bJ\xb2:[\xe9\x81v~\xa6\
<\xb8;\xa0&c^\x0b\x0f \xd4\xd4\x17ZH9\
z\xdbW\x13\x89D\x22\x91H$\x12\x89\x7f\x13\x1e\xf1\
*\x0eYu*+\x9c\x89\xf4\xa2\x1c\x1b\xd6\x14\xc5-\
T\x11\x05b\xab\xc8\xefA\x82\xfcT\xb3\x07\x0a\x05b\
\x16(\x5c\xc9Y\xc9WQO\x9d\xe3\x86\x1e\x8c\xd7.\
J\x05f\x85W\x08R\xdf\x8bQSYQ\x98\xab\x82\
6\x0cD0\xa0'l\x95\x91Y\xaeUx\xd1\x11\x5c\
\x93z\xd5\xc9\x96\xa1\x1b\x02W\xcf\xc6\x0a\xfaX\xd7\x90\
Qe\xcb\x0c\xac\x07\xda\xf3\xcc\xf7(E\xdbnu,\
\x02/KX`p~Fz\x15\x18g>Y\x11\x1d\
{\xe3yG\xfcx\xf6\xcf\x16I\x9b\x909\xf6\xc0?\
\xabo+\x00\x89dx\xf86\xf1K\xb7NV\x0c\x9e\
\x90<\x9e\x8e\xa8\xdd<\x99|\xfdi\xd7)Q\x19\xdd\
KVz\xe5\x1e\xf3\xa0\xb1\x85\xc5\xf0E&$\xe0\xbf\
\xbeRMo\x0b\xe1\xcb\xe64\xdb\x1e\xcfO\x5c\xf1\xca\
\xc4\xdf)\xa21v\xa7\xdfN\xdb\xdf\x93qJzx\
\xe3@\x7f\xc9xn\x8f\xc5]\xff\xc7\x07G\xe9\xf7z\
\xbe\xbfx\x7f\xd2WD\xd3]\xa8\xc6\xc7Q\xdfD\xde\
z\xea\xff6}\xd7>\xda\xff\xe7\x15\xd8\xdf\xf7\xff2\
\xb5\xdd\xce\xff\xd5\xfd\xbe?\x7f\xbe\xef\xffuY6\xd6\
\xb1\x1e\xdb\x98\xf6\xae\xff\xdb\xe7\xe0\x7f\xef\xf3\xbf(\x85\
\x05\xe4M\xad\xe3\xb55\x94\x1d\xe4s\xb7\xa3\x00\x81\x5c\
\x9dg'\xea\xb8\xbc\x95I`5\x89\xacF\xb5\xb4\x05\
gi\x8b\x08\xea\xd0\x8b\x05\xd0>\xbe\xac\xc7LU\x19\
\xe6!QT\xb9\xe9\x1e\x97H$\x12\x89D\x22\x91H\
$\x96\x18kI\xe6\x00\x19\x89\x15\xbd\xea\xe3\x896\x09\
\xc7s\xf9q\xe4\x15*\xe0\xbc\x1e\xa2\xa4\xaa\x12\xdb\x9e\
\xce&<\xe8\x01\x88\x90\xc6\xfc\xf3\xd6\x02\x81\xd7\x90\x87\
1\xd3\xa3\x8c\xc0y\x04P\xb0\xaa\x0b\x03\x22\xaa`\x16\
\x90\x9dq8\x02\x01\x5cU\xac\x17\xa9F!\x1d\xc4\xa3\
\x1c2\xb2\x8b-\x8fzL\xf0h\x83VL\xb3r\xad\
\xacju\xaa\x02&X#\xee?\xcfj\x90\xbb!\xcc\
\xa6\x15an\xa0\x86\xe1\xb9\xff\x93V&f0=\x22\
+\x2220\x22d\xa34k]1\xf96\xf4\x0f\x0d\
Bu\xfc\x95\x90\x1c\xb7v\xe0JH\x8f8\xc1\xfa\xdd\
\xed#/H^\x11\x9dO\xd8U\x9cS>\x82q|\
\xf9\x94\xde\x9abl\x91\xd1\xcf[\x19$\x94\xfd/:\
l]1\x0d\x8f\xd1&\x1c+\x9e\xcd\xde\x17\x22V\xd7\
\x0e+\x22\xf1\x94D>\xc9\xb3#\x8fw\xe5O\xe1\xb5\
#\xa6Gx\xc5\xff\x0b\x94+\x1b\x99\x8fN\xa2^D\
a/1\xc6K\xb1DY\xd1\xc7\x9d\xab\xc21\xa6^\
\xee\xb8\xb0;\xc2\xddvF\x1f\xfe\xf3\xfe/\xf7$9\
g\xbd\xfa\xdc\x96\xad\xdd\xff\xb9\xef\xa2{\xdf\xce/v\
\xe3\xdc\x93g\xe5\xce\xf2\xcb \xdby\xacX\xb9\x9f\xf4\
\x7f|\xfe\xdbg|\x17,\xf9\xe0\xda\x7f\xd6\xf3\xbf\xaf\
n\xf6\xddeH\xaa\xb6\xdf*\xaed\xeem\x0dc\xab\
\x0e\xf2\xbd\x8c<\x15\xec\x93E\x08\xa4\xf2\x97\x87}\x86\
\xf5\xfe\xe3\x92\xc3\xf5\xdbB\x83k$\xc0\x97\x01\xd7\xea\
\xe7AD\xa3\xb9\xb5\xcfi\x9b%\x9e\x1f\xe8\xa6\xb5_\
$\xc7c7\x91H$\x12\x89D\x22\x91H\xf8x\xd4\
\x89)~\xc2'UZ^\x0e\xd6fa\xb5\xb3\xbe*\
L\x1d,.\x04\x82<\x81'\x0e\x12\xe4_a\x9d\xc5\
\xa4\xda\x03g\x09bH\xb3\xd0b`\x0fN\xb4j\xad\
\x81\x03:\x08@\xa9N\xc4\x08\x92b\x18(a\x90Y\
\xc8\x09\xf80\x10/E\xadTB\x99\x1cLN\x84\x0a\
Ap\xd6\x22$\xd1\xc7\xf9\x0cY\xac\xeao\xea0l\
\xe6@\xb6\x1f\xdb\xfa\x10\xcd\xf5\x16\xb11\x09\xb6\x22\x1e\
ViJg\xef\xdf\xe7\xcb\xf8j\xa5P\xbe\xa7\xdb\x1e\
?\xdb\x88W\xb7\xd9\xeb.\x81\x1a\x90#\xc5\xc8\xe7\x95\
\x80\xaf\x12~\xa8\xe7D\x0e\xe6Y\x91)\xab69\xb5\
\xcb\x96\x8dH\xd5\xdaY\x09^\x7f\x8c~\xde\xc6\xf1,\
\x7f\xaa\x03\xcd?U_\xe6\x07\xffX\x11xX\xf6\x15\
\x9c\x92\x09\xbb|^\xbfE\xf98\xcf\x8a\x84\x8b\x08\xb4\
\x95L\x0b\x1c{\x1e1\xbc\xc3\xf7\xfd\xbf\xd9\xf0\xfc\xb2\
c\x1a\x1b@\xf8\xb5O\x19G\xf8\xa5\xc6\x18\x97\x8e\xff\
\x8f\xbc\xc5\xd7\x1d\xd9\xf7\xdf\xe9\xffE}\x22I\xcdE\
\xbd/\x0e\xfa\x85\xd1\x17(i\xe4[\xf8\xa4w\x9f\xf1\
p\xdf\xffQ.\x9f{O\xf15\xee\xf8\xbf[\x7f\xfe\
\xfc\x0f}\xfeO\xf6\x81\x0c\xdc\xcf\xb9\x8c6\xee\xf3\xb7\
\xf1L\x00\x9b\xf9X\xd9\xc5\x0b\x03\xccx\x85/\x88\xae\
/;\xaa\xb1\x7f0\xbe\xcd\x87\xb9m&\xd2\x98m|\
\xd6\xe7\xd1\xdb\x14\xe6\xab\xa57\xe5\xfc\xbc)\x8a\x83\xaf\
\xe1}\xe2A\xa6\xb5\xdf\xba\x1f$\x12\x89D\x22\x91H\
$\x12\xffF\x8c=\xa0o\x15\xea\xfbA7\xd4kr\
^\xeb\x8f\x22\x97\xae\xe0\xa1\xe8]Z\x07\xb7\x0c\x11F\
\x1d\xc1E\xbb\xd0\x028\xe2\x88\x8bdU\xb5%J\xeb\
X\x05\xc3ZzF\xd1/Z\xa9\x8c\x18\xa6\xa8z\x88\
4\x22%\x80 \xa8\x22\x1d\xf0\x15\x0cv\x82\x88e\x10\
\x0e\xd1u\xd2\xe1\x0c\xbf\x91^\xa5s\x9bD$\xe93\
\x9dW\xa8VX\x95\xc4\xe5\x884y\x1e\xe0,\xf4>\
\xc3\xd3\x16\x5c5\xfb\xaaF\x8f|\xf3\x08e\xccg\xcb\
Di&\xc3h\xab\xb5=\xd2\x8d\xbaK\x0b\x9d\x10\x8e\
\x960\xb2\x84\x14\xa6\xed\x08\xc6\xdbut\xe40\xa1v\
\x07\xdcJ\xb6\xcd\xad\xacU{`Y\xdb\x06\xab~<\
ET\xf6\x1d\x99\x9e\xac'V\xfd\xc5\xd7N\xf5\xae\xc6\
\xee\xca\xff\xd9\xd7>\xd5~\xef\xe2\xcc\xff\xf7\xf8\x0d\xff\
o\xcf\xa3zt\x03\x5c\xe9\xf9\xcf\xf5\xff\xe76!^\
\xb9=9\x1e\xf9?\xb7)\x93\xab\xab\xb2\xbf\xe7\xff5\
$\x16_\xd5\xf1\x84\xd7_cF\xf1\x1f\xf6\xfc\x0f\xbe\
\x82\x09\xae\x17\x95\xa7\xfdZ\xad\xcf\xb8\x9e6\xfc\xd4\xb1\
\x0f3\x8d\xb9\x1f\x1fK{\xe8wr\x18[\xea\xfc\x5c\
\xae\x0eS\x5cT\xbd\xc54$\xc4\xd5j\xed\xa9?\xa4\
\x106\x9f\xd7\x16\xfa\xcb\x1a\x98'\x96r\xfbY\x9aH\
$\x12\x89D\x22\x91H\xfc\x1b1~\xb3\xea\x93(x\
\x16M\xb0\xf1eS}*_\x8aZ\xad\xac\x02\x98\xc2\
\xabX`\x85\xd7\xf8\x87\xf4*\xea*+b\xb5)P\
\xae\xd2 \x9fU\x80@-\xf8\xe8\xbf\xb0\xec\xf6\xe8\xc0\
\xa3V\xe7m\xf3\xa4\xf5M\x01!5Yc\xe5\x12\x04\
I\xc5\x06:\x8e\xcd\xd4\xed\x9aV\xfa\x15\x5c\xb5c\xe4\
\xd5:V\x22)y=\x98\xaa(\x07\xca\x8d\xb67\xba\
\xad]\xbd\x89\x8e\x83(K\x9cD\xc4P3O\x135\
\xa7q\x9aG\xb2x:0\xff\x96\x98\x09\x82\xf8\x98\xec\
hcF\xea\xd1\xfe\xf0\x98exv\xe2\xb9]-U\
\xbd~\xa6y\xcb\x11+oEvz:O\xf2\xd3\xb4\
\xfe\xadL\xffy\xee\xef\xf5\x03\xcb\x8f\xda4j+K\
6\xf2uoL\x9e\xb4#\x96_\x91\xd2\xdeg\x04$\
\x9e\xf0oW7\xcf\xe6\xa8\xcd\xbc\xfaD~\xb6\xea\xdf\
\x95\xee\xd3k\x11\xce\xfd\xbf:\xfe\x7f\xa6\xe3\x1b\xfe_\
\x17\xfe\xaf\xc6\xba\xf1\x07\x8f\x0c\xb72D\x07\xb9v\xff\
\x9d\xfe\xef\xf9(\xa7\xeb\xbf\xfa\x1f\xed\xff4\xdd\xb3\xb1\
\xec'\xfd\x7fhp\x9e\xb3#_\xfd\xfb\x9e\xff\xa8\x87\
Fi{$2\xd0\x1eU\x93\xda_\xe6|\xd9G\x8d\
+&\x9a\xf23!-\xb6W=\x1a\xa1\x0e\xdc\x87]\
C\xb3\xb3h\xdb\x8b\xeeZ\xe2\xf7\x8bh\xf2\xd9\x1b\xf1\
%$\x9e\xfb\xf4\x8e\x98|\xe6&O$\x12\x89D\x22\
\x91H$\x12\xaf\xe11\x07\x8aeL\xbc\xf5d\x9b\xf3\
\xc9\xea\xe7k\xdf\xe71IoY\xaa\x1bwV\xd2\x81\
-$\x83t\xbd\x0eY\xf6r\x9e\xd0\x83\x01\x0e\xc0F\
1C\xaaU&\xc2\x8bQX\xe5%\x84,\xaf\xfd\xdc\
\xb5\x9fV\xf3\x82\xa0\xb1\xac\xbaHp\x09\x81w\x0dj\
\xcc\xf98\xc0\x1c\xd70\xd8\x84 \xb2B\xc0\xc4\xc47\
\xdbR\xb1\x1c\xb7\x01\xea\x83\x0e\x1bAY\x15\xbb\xdb\x87\
\xd4\x19\x83\xe4\x11\x9a\x07\xa4\x01\x91&\x03\xf4J\xa0\x88\
\x14y\xc0\x18\x92\x17b\xad\x88\xa5H\xaf=\xb7+\xcf\
\x22\xa2\xa2\x98\xc8\x12\x09\x025\x12\xa7\xb2z\x9cF\xc4\
\x06\xdacm\xc2k|\xbcB\x94\x0f\xd3W$*\x92\
~X\x96_\x86fe\x8f\xbdq\xdb@\xediD\xd1\
Z\xf0\x15\x01\xf7*N\xc8\xc8\x15\x81f\x090\x8f(\
\x5c\x11\x93\x05\xfc\xe2\xa4\xafl_\x9c\x8c]\xd4a\xed\
\xb2$\xad\xd7\xc7\x11\xc9\xea\x91\xa0\x9e\xaf`^\xdb\x16\
'\xe4&\xe6\x9d\xfd\x7fMr\xda\xbe\xf1t\xfc\x86\xff\
G\xba\xedc\x01\xd3\xe5\xaf\xefaN\xe0\x1b\xfd\x86,\
[{\xb4\xfd\x95\xf9qdmE\x1b\x22\xfc\xb6\xffc\
\x19c\x09\xc5\xf6\xf9c\xcf+}r\x87\xf8s\xfeO\
\xbf\xe2\xff<\xcf\xf8\x1b\x9f\xffl\x9f\xad_T#\xdc\
W\xb9\x82\x1b\x8c\xf7sP\xdbf\xa3\x8a\xb0\xfe\xfc\xef\
t3O\xbd\xcc\x08)|\x9d\x08f\x89\xf0<RN\
Uz\x86\xfe\xdc*R\x8f\xe1\x07b\xb1\xbc\x90\x10\xd9\
ki\xbe\xf1\xa9\xfd\xb6:\xcdST\x19\xfb\xfch\xd7\
NF|\x22\x91H$\x12\x89D\x22\xf1\xef\xc6C\x07\
oDm{\x0d\x09\x1c\x10\xc50\xc2\x8d\x88\xd6\xf9\xf1\
m\xe7\xbcRFB\x03\x08\x12*\x04t\x5c\xc4\xe6\xc1\
\xa0\x8de\x821\x1cnY9\xad<\xa7C@\x01\xf4\
\x1a\xf0\xcd\xb0R\xa6\x058\xd3Oa{H4\x02$\
\x1b|\x8e\xe8J>9\xd8\xb3$\xe7\xd0O\x10\x10.\
\x02\xd9j\xae\xd7\x1e\x08z\xe1Nu\xca\xaa\xb4)H\
\xa3m \x1d\x917L&\xdb\x95eZ\xd4:(\xf3\
\x08[\x8b\x1d1\x13\x11\x8chL)\xd8\xef\x95\x22]\
D%\xec\x8a\x88\x08\xc4k\x1e)\xc8\xd7\xa3k\x91\x8e\
\xc92$\x11 \xff\x8epiDG?F\x02\xad\x7f\
\xb6\xb6)S\x10\x1f\x91z\xd6&lO\xbb2q7\
\xaevA{\xd9\x90\xb1\xdeq\x94\xc7\xd3\xef\xd9rj\
\x97-o?\xa31b\xe5\xec\xfc\xcf\xd3uB\xdcq\
YDd\xc3k\xfe\xbf\xf1\xbd\x03|\xdb\xff#\xc2<\
\xd2\xb5JG\x1f\x9at\xf6k\x8f\x22\xf7A\xce\xc7\xd7\
\xff\xa4\xff{$\xbe-\x7f\xee\xbfB\x06\xee\xfc\x9f\x9f\
S\xde\xdf\xf3\xda\xe3\x8f\xfa\xbf\x96\xfbM\xff\xaf\xa0\xf0\
O=\xff\xf9\x9e\xeeT\x86,q\xad\x85\xf4Y\x99\xed\
\x0b.;\xe6J\xf0\xab3\xad\x80\xe0\xc9#\x93\xbfN\
\x0c?\xa7\x90\xe3w\x07@F\x8f\x5c\xa5\x00\xf9\x8d\x04\
w\xff\xa77\xa1\xb2k<\xff\xbbn\xf6\x9dJ$k\
\x10\xb8\xaf\x88\xc8\x90\xce\xdc-\xd8\xf4m|\x83\x9eZ\
\xb7\xf7\x92D\x22\x91H$\x12\x89D\x22\xa1Q\xca\xff\
\xfc\xdf\x98=\x9fL\xa4e\x15\x88N\xabH<\x17\xbd\
\x96\x99h\x0e\x88U 6~\x90\xf9\xcf\xf9\x8fP\xd5\
\x97\xdc\xc2\xe1MQ\xd2*\x86V\x83M\x06\xb2\xad\xd6\
\xb1\x075\x93\xcabR\x1d\x91p\x81$\x1a\xbaH\x07\
nN\xb87\x02\xba2\x87[4\x95'\xa5\x1b\xdb\x00\
\xed\xe2\xd5>\xd5\xe6\x83=6y\xe5T5\xfaP'\
\xd5y5W\x14Tc\xb0\xec\x11\x15~\xb9r\x94/\
\x22\x8fVv\xac\xb0#\xcb\x02\xc1P\x16\xdb\x01W\xb1\
\x95c\xdb\xa2c^m\xb8k\xe7\xbbd\xc7\x11z\xbd\
\xd4>\xe8 \x16IhO\xefK\xed\xfa\x22N\x09O\
\xcc\xbf\x83\xd7\x8e\xabv\xde\xe5?\xc5;e\x22r\xd4\
\xda\xfc\xfc|\x18\xff\xdf\xf5U\xfd\xba\xff\xd3Q\xbe\xbf\
\xc1\xffm\xbb\xbd2\xee?\xe5\xff\xf2`\x9b\xe5\xbe\x83\
\xdd\xf8\xf6\x08\xd3\xcf\xf8\xff\xfd2\xee8\xc3\xe3?\xe2\
\xff\xaf\xed\x11}\xec\x1f\x04\xf3\x00V\xf4\xa5\xe7\x7fA\
\x1dl#\xe8)\xd6\xa6*_\x96\xeb\xb6\xaf\x147\x0a\
~A_\x99\x8d\x1e3\xb4\xcag0WlO\xa76\
\x1f\x93\xfd\xa1\xc5\xa2\xf2\xcf\xc4\xef\xf9\xb2\xe9&\xe5G\
\xcf\xb9\xec\xbd\xaf\xc0\x17\xca\x22\x95\xdc\xd6\xe0:\xb5F\
\xa0\xf1\xfe\x92\xeb\xd7{\x8fKWS\xa1\xe7\x05\xa0\x96\
\x88\xf6s\x84\xdf|\x86&\x12\x89D\x22\x91H$\x12\
\xff\xa9x\xe0J\x0e\x0c\xa6\xdb\xe7\x5c`\xcc\xe7e\xa9\
3\xb5U&\xd5D\x92$?\xcfT\xb1D\x85\x95.\
\x95dr\xcf\x8cp\xfb\xe9\xe45\xa1\xe7\xd5/=\x17\
\xaf\xfe\xe9\x16\xf4\x7f1Hj\xebpZ\x9a\xa4(\xa3\
F\xfd\x0a\xc8\xa5A>\x8f\x5c]\x17\x92\xba*\x10\xea\
\x15\xb3M\x845\xe2\xf2\x05e` l\x83f$\xa6\
XNi/\x1a\x12\x11\xda&>\xf7\xc8g&\x96\x22\
D+\xe0\xe2@J\xdaM\xa5\x9aq\xa3l\x0dd\xd9\
kQYK\x9c\xa0\x8d\xaa|\xf4W\xe6m\x0b\x98t\
\xae\x95KRX\xa7'p_VK\xdc0\x22\xf2i\
\xf6)\xbf\xbc\xc5\x9d`v\xc8\xee_\xc0\x5cu&\xd8\
\xbbyA>s\x9a'o\x05\xbb\xda\xcf\xbb\x1e\x91\xac\
\xab\xbaq\x7fy\xa4hTv\xd5\xee\x91\x0ek\xebn\
\xec\xae\xee\x93\x11fBw\xdd\xff\xfc%I?\x1bi\
\xd16\x0avU\x9e\xd5\xb1\xf7\x7f2\xfe?\xeb8\xc1\
\xdf\xe0\xff+\xdb|\xff\xa7\xed8d|\xca\xffeU\
\xf4~\xfc\xbc\xe2\xff\x5cn\xe5o\x9f\xf5\xffy\x7f|\
O\xef\xce\xff\xb1\xe4\x9f\xf1\xff\xb9\x0e\xd6\xb7\xde\xf1\x7f\
|\xfe\xb7q@\x13\xf9L\xf4\x99\xe7\xffu\xcer;\
\xb1\xacl0y\x99\xf0\xc6\xb9U1\xcfU\xa7f8\
S\xea\xf9\xaa\xca,s(5*\xc6\xa2\x80\xd2\xaf\x0d\
\x19\xa5\x8c\x85\x05\x95\x9fcl\x13\xfa-\x13\xea\xbd\xee\
\x5cf\x9e\x89\x15h\x02\x9e[\xb2*\x1e\xbb\xfcY\xba\
\x8aJ0\x12\xc7g)\x0f\xda\xe1\xee=\x93\x12\x89D\
\x22\x91H$\x12\x89\x7f!\x0a\xfd\xbf\xffU3\xe7\xbe\
\xc0f:\x96s\x9c\xa4c\x9e\x96^xR/Q\xd7\
\xb4\x8a\x98\xa9_\x1b\xe6\x5c\xebX\xaa\xe4\xaeN\xf0\xc4\
\x9a&\x9b\x7f$P\x19\x81M'\x96\xcb(\xd3m\xaf\
UE\xbd\x85\x89\xef+@t\x02rc\xc1\x8a\x9eU\
+\x8e x\xc2 \x94\x83\xbe\x09\xbd,^/;}\
\xe6S\x8b\x9b\xc9\x88&\xde'\xe0<rB4\xade\
G8\xcd7i,g+2G\xfbToU\x1f\x11\
\xa9\x96|\xcdF\xaf\x1d?U\xa7;\xf24Ay\x95\
t\x02\xef\xf7\x10\xd9\xb8\xc3\xabm\xf2\x090I\x1b\x8d\
k\x0bw\x1c\xc1\xf8\x7f\x87L\x90{g\x09\xc9\xbe\xd9\
\xa6:\x95\xd5^\x1f\xdd\x01W\xed\x8d\xab:\x81\xc0!\
\xeb\xff\xf2\x926m\xdb\xba\x0d\xfe\x16\xff\x8f\xae\xdd\xe9\
\xc7\xbf\xc5\xff\xeb\xa6\xcd\xdf\x1d\x9b'x\xdf\xff\xbd\xb1\
y\xd8\x0fP\xea\x8e\x05\xdf\xf3\xff\xd7\xda\xc1\xca\xf3t\
\x7f\xe3\xf9?]\xafUm'6\xdema\xdb\x84o\
\x14\x15\xe7+\xab_Y\x15\xd8\xb6\x8c\x89\xe4Be\x9a\
\xd3\xc9\x1c\x8cp\xa5r\xe1\xa3\x029\xf5\x0c\xa6\xb5\xdf\
\x8f\xcc\x1d\x99\xb0.h\x7f\x95\xf2f\xae\xc7\xd5\xc1Q\
\xc5\xf3\xb3+_!Z\x0d\xf31\x95\xac\x8d\xb0\x96\xf7\
\x9e\xac\xcb%\x12\x89D\x22\x91H$\x12\x89\x18ci\
\x07\xaf\x12\xb1\x04W\xbb\xd6\xcf*\xc1\xea\x1f\x9b\x8f_\
\xb6#\xe5\xf8T\xafBF\x92\xb8@JU\x84\xe1\x88\
5x\x9dt%\x09ojU:\xe8\x22\x9fih\xe2\
?\x89\x16\xea\xa8\xdfx\xa9\xcdu\xadk\xaf\xf3\xea\xdf\
k/\xc3\xc1\x08\x89\xb6\x89\xfc\xb6\x0c})\x9a8\xef\
\xabvj\x97]\x1d\x02\x95\xc0\xdeQ6\xfa\x16\x00\xca\
\x0c\x9bY\x0f\xa4\xb5\xa2s\x90\xcd\x811\xd6\xd7_\xd1\
\xc5\xa4\x15Mrm\xde\xd3\x95\x84\x11\x22R\xc6\xe2\x01\
\x03q\xb4-qLj\xed\xed\xed\x0d\xe3\x0c\xeb\xed\xd9\
X\x9d6\xc4\xeb\xde\xb9W&j\x8f(]\x11g\xc3\
'\xf4*\xe6\x02\xbe)c\xdc\xb7\xcb#=\xecyd\
\xef\xae\x1e\xa7\x84\xce\x0e\xa7}~b\x17\x92O\x11\x09\
\x89}\xec\xf5\xb7\xac\x86\x132X\x13\xc2\xd7\x11\xfc\xd1\
\xc8\x87\xfa\xf8\x0fm\xf5|M\xa3\xf7&\x94\xe5q\xdb\
^nW\xdd\xfc^\x9bH\x9a^m\x8b\xf6i\x9bh\
\xe1\xff\xf2+\x01mB\xf9#\xfe\xbf\xf2\xd3\xa8Om\
\x1b\xfd\xcd\xfe?\xfc\x9df\xff\xb7\xfd\xbd\x94\xf3G\xfd\
_\x8f\xb99M\x8f+#h*\x85:\xbc\xe3'>\
\xe7\xff6\x8d\x8cL\xbf\xee\xa8\xef\xc4\xff+\xe9;I\
A{\xdf|\xfe\x8fg\xe3\xf3\xb0\xe0\x97\xef\xa4^~\
8~\x9d\xc6\xf3!2\xe3\x9ad_\xe6J\xceXP\
_6\x90\xd8a\xa1\xc6\x0b\xd7\x5c\xe7\xadf.8\x88\
b*\xea+V\xe1\x9d+\xa1\x105\x94*\x94\xaf\x92\
\x87\xd3xz\xaa\xab\xc3c\xa4\xf6)\x5c\xd5j\x9c7\
k\xdf}\xde%\x12\x89D\x22\x91H$\x12\x89\xe7\xbc\
\xdc\xac\x80\xbe\x12G\xcc#d\xc6\x9c\xde\xb7\xddPD\
e\xbd^\xf4R\xd5\x0a\x97+a\x9c\x0f\x0eqZ\xe1\
\xc7?\xad4+i\xa2\x89~\xad#\xe8\x90P\xa8\xc8\
j\x18\x5c\xf9R8\xbb\xac\xba\x11\xc2\xba\xb8a\x94\xda\
\x8f\x11\x82\xa3K\xd8\xcf\x8f\x04\x8a]\xf8\x08\x02\x03{\
\x8b\xb2h\x0e\xd6\xf0:\xcb\x1a\xc1*\x07\xd2U\xaf\x9e\
\x1ae H\xc5\xa0\xfbU )e\x03\xf8\xb3\xf2\xe7\
+\xcf,\xe6\xb0V\xd2\xd9\x0eMF\xe8&G\xdbw\
\xfaO\xec\xd9\xc9\xb8\x0be\xff\xd3\xd6\x07\xfe\xecz\xb6\
\xcd\xea\xc3\xf2\x9e-\x91}'\xe3\xc2k\x1f,\xbf\xb3\
m\xd5\xef\x9e\x9c\x1dVm\xbdp\xb5\x09\xcd\xd6\xab\x14\
\xa6\x92\xef\x85k\xddv\xb5\xe5\xae?^\x85\xfdb\x88\
\x89\xac]\xdf~\xc6\xff\xebM\xff\xb7\x04\xa7\xdf7s\
z\xd4\x07\xb1\xfd\xb3\xff\x9f\xfb\xf4\xdf\xe6\xff\xcfO\xdc\
\xdf\xdb\xd3\xa3\xfa\x82\x84\xf7\xabT\xf5\x03e<\x87\x7f\
\xfe\xc3\xfc\xbf.\xed!C\xa2\xe2\xf3\xf1\xf4\x06\xf0\x8a\
O\xec\xfd\x7f\x96\xfd)\xff?}\xfe\xa3M<\x07Q\
\xf7\x02\x9a\xe7\x1c\xd6\xbb\xdc\xf9\x08\x92\xd2\xb5o\x8a\x01\
\xc4\xb9\xac\x5c\xe6y\x0fi\xc90Pqg\xe867\
lYE\x02\xc8\xa1bZ\xc1<\xd8\xb9~h\xc1\xb0\
\xb5\xe77\xc5\x94\x0dH\xeaS#\x9a\xf9\x17ws+\
I\xd6\xc5w\x01\x89D\x22\x91H$\x12\x89D\xe2\x06\
\xae\x15\xd0Q\xd0dW\xf3X\xf0\xca\x10\x99\x94;A\
J\xe9\xd1F)0\xc7\xd7\xa4F\x19\x01\x8e\x91Wf\
2\xa2Lg}\x95\xccX\xad\x02\xe4\x1eAZ5\xfb\
\xa5\xc2J!e\x13\x9f\x8e\x80\x0b\x02l\x22\x08xt\
9\xb1\x97\x5c{GpH~\x00Hl#\x09\xd1]\
\xc1~L+\xb6|\x9dWp\x89I\xab\xfe\xb3\x96\xca\
\x9e\x9e\x964\xc0\x95\x5c\x9e\x1e\xbe\xee\x05\xe1\x96 \xf3\
\xd0\xe3\xd2aX\x81\xcfG@\x8a4y4\xec\xbez\
\xcb\x10g\xd6\x8e\xe8|u\xed$=\xb2/>/=\
\xa2mc\xect53\xef\x07\xbc\x22T,)r\x92\
\x1f?1\xdd\xbb\x07x\xf9-a\xea\xc9X\x91\x9aZ\
\x16\xb9\xf6\x80\x05\xf0)\xe36:o\xaeUMZu\
\xf2\xcfu\xb48%\xe9\x5c\xab\x97\xbeX\x95Cz:\
V6\xbd\xe6\xffk\xe2\x13e\xac\xfd\x9f\xdb\x98\xc6\xfd\
\x03\xdb\xb6\xad\xe2\x16Y\xda\xdb\x8b\xf9\xa3\xd1Os\x99\
\xb8~\xb6\x8d\xfe~\xff\x9f\xef\xb3\x9e\x1ee\xe3\xb3\xfc\
\x0f\x90|#U\x93g\xffY\xfe_\x86\xcd\x22\x0b\xca\
\xb2\x1c\xd2#\xc6~\xae\xda\x19\x9fM\xdeu\xef\xfcO\
\xf8\xff\xf5'\x99\x8f\x9e\xffXV\xe5\x05\x9d<\xe7(\
\xf0\xd93\xcf\xf3\x11\x9e\xdf\x0c9\xed\xfc\x92[a\xef\
\xe7Zg\xd2\xbaM\x90\xf4To,I\x969\x10\xf5\
9\xdb\xa8\x9f\xadQm\xa4\xf1X\xa5\xdd\xeb\xce\xf5S\
eJ\x93\xa6\xbe\xa1`{\x86\xfc\xd1\x18=?\x99\xcc\
%\x18\xfbD\xbe\xdb\xe8q\xbe\xeb\xf7D\x22\x91H$\
\x12\x89D\x22\xd1p\x11\xd0s0\xc6\x9f~:N\xe1\
\x15\xffj\xd200\x840\xad\xef\x8f\x0cD\x03\xca\xa9\
\x95 \xb6\xb8\xfe\xc5\xe9\xbdC\x99L\xf2\x87nL\xb9\
\x82\x0f\x15\x9a\x0d\xdd\xb3H\x08|\xc8\x09\xf8\xccq\x0d\
\xca\xab\xbc\x1c$\xceLW\xbb\x8cA-\xc5(V\xde\
\x10\xe3\x07\xc5\x1ea9\x13\x00\x92\x8eA\x95\x0d\xb6w\
\x84\x8d%\x18\xf8\x93W\x8cz\x84\x8b\x17\xbaY\x1b\xb4\
\xedR\x0a\xed?%\x90\x08\xea\xba:\xc7\x17\xbf\xed\xca\
G\xa4\x92GV(\xfb\x0f\xe5c\x1a\xb6MD\x0ey\
$\x22^?\xd1\xb5J_\xd9e\xcbE6\xcc\x840\
\x8dO=.\x8b\xf3w\x1f\xb6\xadvd\xd0;p\xcb\
\x03C\xabj\xd6I6\xfe\x92\xa5,\xfe\xf0\xfa$\x0b\
\xcac\xfa\xde\xff\xb5\xdd\xdf\xf7\x7f\xdaB\xdb\xa0\x9f;\
\xeay\xb3\xb1g\x85?\xe7\xff\xe7>\xe5\xa5Y\xff\x7f\
\x94\xa2\x085\xe9\xb7\x87\xdb\xd6\x7f\x97\xff\xcf\xf7u\xf1\
\xff3\xe0s~\x99\xef+\xfe\xef\xcf\x10\xa2\xbe\xf3\xfa\
\xdf\x92\x98\xd1\x9d\xce\xce9\xa8\x13\xc2C;\xd6\x07\xe6\
\x5c\xfc\x02C&\x8fqNF\xe6\xcb\x0d\xd9\xd7\xb9\xdb\
\x83\xe7\xa4\xe7(\xd4\xef\xd1\x05\xce\xc5\xff\x8d\xd1\xbcE\
Z\xc1_\xa2T\xfc\xcai\x92UYG\xc5U\xd6\xfc\
\xd9{\xbd\xe8$l/u?$\x9c\x871\x11N\xca\
?\xda\x18\x96\x12\xcf_\x12\xb4\xb1(\xcdTQ\x08Q\
\xe8\xe7\x89D\x22\x91H$\x12\x89D\xc2\x87y\xbd7\
\x06h\xed|\xbc\x14\xb0\xf0\x04\x9d\xc9\x8bJv\xcem\
\x03\x81\x0a\xb2\x8aQ\xa1\x03\xac\xa2Y\xeb!\x90\x03\xa9\
\x990)C\x0e\x08D:\x18\x92q?C\x0c\xe5\xd4\
+sJ\x81:\xc0\xb1\x83U\xa8\x81{*\xaat\xb4\
\xdd#\x83<a\xd5\xacf\x0adZ\x02\x04\xd3\xe7\x9f\
x\xb7\x15\x89\x14|\x89\x80r_\x09\xd8Q\xbf'G\
)\x85\xba\xaf\x08\x1dR+\x95\xc6\x15\xf2y\xbe3\xf2\
\xc0#pg\xbd\xf31\xa6\xedt\xe9\xd5\x8bO\xb2\xe8\
\xd1\xec?&8\xf6X\x91G\xb6~\xab\xfc\x1ep\x1c\
\xedVrB\xa9\xe9s^\xe9\xa8\xbd\x1f\xe5\xf9\xb2f\
=+\xc2\xb1\xf4s\xb4\xa4\xdd\x1e\xe2\xbas\xfe\xe7\xdf\
\xc3)\xeb\xfd\xa1>\x02\x1d(\x0b\xe5\x13\xd4\xb5\xc8\x09\
E\xd8}YS\x80\x19\x19va\x9fw\xffWD5\
\xcdd7\xfa!\xb6\x9dj\x07\xa7N\x9e\x9d\xa7\xfe\xbf\
Z\x91\x1a\x8f-2$Q%\xdb\x1b\xb5\x12\xd1\xf2\x0e\
\xad\xed\xfc-\xffG\x9dw|p\x87j\xfb\x8e\xda\xbd\
\xe6\xea\xfb\xd2\xee9\xc4iT~\xc1\xffc9\xab\xbc\
\xd1\x97\x22\xfe}\xc4\xf7\xf7H\xa7\xd5\xf1\xaa\x8d\x91]\
\x98\x16\x11\xe8w\x08\xfa+\x9d\xf4}\xc2\xf5=\xf6O\
\xfb\x05\x08\xde\x17\xfe\xf1\x7fY\xb9L\xb0\x0a\x19\xc4T\
\xbd\x12\xfa\x92A4\xf6\x90.\xa8kXs\xd5vl\
\xa1\xd1\xe6Y\xcc\xd8\x0e\xf3\xda\xd5Rf\xdbk\x1fW\
]R\xd1l\xb0\x22\xa3\x09t\xf0\xfcR\xdf\xb7\x0a\x8b\
$\xdc\x05\x04?\xb5\xe54\xfa\xa9\xfdan\x1c\x87u\
\xba\x9f\x8cy\xe7jn\x93H$\x12\x89D\x22\x91H\
$\x5c\x18\x02\x9a'\xdf6\x8d\x89h\x1a$\xf4\xf3\x1c\
W\x88\xb4\xb8\xa3\xd0Xf\x83\x12\xccJ\x93&\x88 \
x1\xc1,\xaf\x86\xeaA\x00\x84\x0d&\x08\xaaCA\
\x19\xb1C\x81\xc0\x88H\x11\xceW d\x02\xd7!Y\
\x03\xd3m\x95*\xe6\xb1\x819\x07&H\x0c\x00\xd9:\
\x1ak\x14\xa8\x83\x80\xbd\x82!$f\x81(\x22\xf2\x83\
\xfe\xd5\xea3Y\x0d\xa7\x83w\x1b\x00\xdb`\xca\xae\xfe\
[\x91Ew\xb0\x22\xcac\x12\xb38i\xb1\xec\x1d\xf1\
`W\x87{\xed\x85\xe7\xb6\xcc\x0a<\xb6\x98\xf4\xf1\xe4\
\x96N\xa4\x14s\xfd\xa4\x1e'_\x02x\xe5\xbd\xfa\xaf\
\x08%O\xaf\x96Gj<\xcdy\xf4\xa7\xe1\x16F\xfe\
H\xd7I{\xeb[T\x1d\x7f\xab\xd1\x82$\xaa\xf7\xb7\
\xd4\x11]\x07?G\x1dH\x0c\x12\xf8ODz\xe2\xaa\
\xf5h\x0c\xbc\xe2\xff\x04\xfe\x8f\xf7\x11u\xcc\xed\xc22\
\xed\xea_\xbc\x7f\xf1\xb9m\x07\xe7|\xea\x03(\xf7@\
\x9b\xea\x9d\x15\x84\xde\xbdA\x88g=\x06\xe3\xf1\xf7\xc4\
\xa7\xfd\xdf\x96\xdb\xc9\xf5\xce\xbf\xe1\xff\xbc\xea\x93\x8f\x99\
\xa0n-TFz\x04o\xccF\xe4\xfa\xca\xb6\xd0>\
#g\xfeb\xc1\xf5f-\xd3\xf8\xbf\xcd\xbd\xd2\xf9\x0e\
\xa4n\xfa\x19j\xc7\xdc]\xffG\x7f\xf4\xfc\x96\x98$\
\xaeU\x13\xbc\xa8\xb8\xfb?\xce9\xec\xbd\xa9`y\xc7\
\xff\x87\x0e \xb1Y\x07\x7f\xb1\x8fw]=o*J\
N+\xc7u\x83\xfb\xf1e\xc3<\x04+\xfc\xeb\xa3\x80\
l\x95\xa4\x0e\x07\xb9]q5\xf5\xb3N?\xbdn\xdc\
T\xbe_\xfa+\xf5\xe3\xfbF\x22\x91H$\x12\x89D\
\x22\x91\xf0\xe1\xbe\x84\x10)\xd761\x97\xf3+\x80h\
\xd1J\x9f\x8cC\xde+\xb0\xfd\x19\xc1\x91\x95E@\x0e\
\x8f\xa8\x18\x03\x06\xe69J\xcfy}V\xf5\x03M\x0e\
d\x06O\xcd\xc1\xb4\xb2\xc9\xe8\xed\x11\x06\xbf\xbe\xa6p\
1\xb4]\x05n\x10\xcf\x94\x87\x0a\x0e\x89K8A\xc7\
\x95\xe7\xe7g\x04r4l\xd5{7r Y\xbb\x9c\
)o\xd5\xabW\xf1\xa5g\x88\xfa\x02q\xb3\x22\xb7P\
\xf7G!\x11\x9e\xab\xdb\xda0S\x07\x9f2\xe3[u\
\x14\xa2\xef7lZ\xe5}E\xceLb\xe2\xb0,$\
/6\xf3\xe4\xe2\xbd\xe2^ \x1e\x91\xa7+\xfbKP\
nG\xce\xedH\xc1\x88 \xc4\xf6\xd9\x91\x0e\xcf4\xeb\
\xab\x9e\xeeHW\xfd\xaa\xffk\xdd\x9f\xf0\x7fs\xfb^\
\xeaT\xf7\xcf\xc5\xd8\xa5O\xdf{\x02;\xb4\x0d\xef\x93\
G\xaf\xdeS\xfe\x9c\xff3\xf1\xc6/rS\x97\xd4\xf9\
\xa9\xcc\xdf\xf0\x7f]\xae\xbarT\xde\x96a\x1aW\xbf\
\xef\xff{]w\xfc\xff\xea\xa2Z\xf5\xb6\x18\x06H\x06\
#A=\xcd;z:\x7fa\x852\xf1\xcb\xfc\xaad\
\xcbL\xae0)\x0b\xf9\xa5D\xffR\xbd\xc8\xdc\x8e\x0a\
\x5c\xebs2\x99\x0f\x96\xa9\x0e\x5cW\xae\x8b\xe4\xd13\
C\xbb<\x01Y\xe91\x0e\xb8x)vZB(Z\
\xd2l\xcd\xe72--I\xe8D\x22\x91H$\x12\x89\
Db\x87\xb1T\x93\x03\x1e&\x9a\x8a\xe2n1(h\
\xab\xa1[\x90\x84\x81\xd4\x95{\x0an0\xf0\xe1\xa0\xb7\
\x9d\xf7U0$\xf45\xee78\xca\xd4\x1eb(R\
\xb8@\x90\xd3\x03\x02\x22o\x11\x0c\x1a7\xae1o^\
l\x1e6\x88 \xe0\x81\xd53\xc3,\xa29\xf8|\xa6\
\xf1^\xa74\xc7\xf3\xaa\x5c\xe9u5v\x8d\x15O\xb0\
\xf2&\x0a\xae\x9f\xe9\xd7\xcf\xeb\xc7\xb9\xcd\x11ow\xb0\
Z]w\x12\xfc\x9f\xa4\xa1f\x0ely|q\xbdl\
n\xbb5H$\x7fw\x1e]\xc3:F\xe4\x83w]\
\x03\xfb\x8c\xff#E\x18X\xfd+{\xb1\x0f\xed\xb5I\
\xb3\xe9\xa3U?F\xfa=\x12\x05\xc7\x89\xae\x07~\xce\
r\xdb\xc1\x9c\x16\xb5\x83\xfd\xf4HaS\xa8\x8d\x1b\x9a\
I\xa1e9\x83\x95=\x98\x07\xeb\xee\xd9\xbb*\xffD\
D\x14\xdbrV\x17\xda\x80\x9f\xf7\xfc\xdf\xf1\xc1\xc0\x96\
O\xf9\x7fq\xd2\x22}u\xe9\xff\x92O\xdd7XG\
\xad\xfa~\xfaq\xff'\xa5Q\xf6O^\xb7\xc5d\xfb\
\x7f\x94\xff\x17\xdd/\xfc\x9f\xeb\xff3<\xbf\xf8\xb4\xff\
\xa3\xed\xbe\xff\xef\xc7\xec\xb87\x07\xf6\xa0\xcc\xef\xfa?\
\xcb\xa5\x8f\xf8\xff%\x08\xc7\x0e\xb7\x13A\xafy\xfd@\
\xf1\xb8\xb9\xe6'v\x0e\xe6\x09 \xdd\xfe\x15\xce\xf4\xba\
\xfa\x96B\x05\xbe\xe4\xe8s\x01\x1a\x84\xb2\xd9G\x9a\xec\
\xdc\xa9\x0ai>\xd5\xb5\xc9\xaf\xb5\xba_\x86\xd5\xbe \
\xa1\x82\xfcV\x1c\xf7i'\x07\xdd\xee.%\xc2\xe9=\
3\x91H$\x12\x89D\x22\x91H4\x5c\x11\x0c\x92\x02\
\xd5\xac\x0a\x91Iv5\xf1L#\xa2]T\xbd\x06\x86\
\x8f\x15\xeb[z\x80@\x04+Wpe\xb3\xfc[\x99\
\xb8\xae\x92\xd6\x02\x15Y\xf9\xccz\x0ba\xc0]\xe5o\
\x94\x95\xfd\x0a9\x18\x93=\x10a/\xc4\x88\xbc\xf1\xd2\
\x8a\xbc4ghd\xd2$\x08\x1e\x99X\x89d\x12\xcd\
\xc1=\xf6\x93%r\x98Dd\xe2\xa4]\x9fe\xdd!\
\xef\x222\xc4\x0d\xde\xa1^6\x88\x7f\x02\xf7\xa2.\xd7\
^\xc8b\xeb\x09\x81e\xcf=b\xe9\xb4\xacM\xb7y\
\x98H\x18>`\x02n&kNH\x89\x15\xd1\x80e\
\x22rl%\x7f\xa7\x0fI?\xbc>\xb7\x1d\xda3\xae\
\x84e\xa4\x1c\xe4\xacu\x22$\xb1\xd5\xf8\x98\xf7\x15\xb6\
\xfb,[\xb9\x93\xef\x00i\x11\xd9\x11\x91EQ\x1a\x97\
\xbfC\xdeF2\x88\xd6\xfd\xea\xd9\xb2\x1b\xf7\xf7\xfd_\
\xeb=!\x07?\xe5\xff\x9e\x8e\xd8\xff\x8b\xb2\xef\xd4\xff\
q\x0c)\xc2\xcd\x8cE\xfc{\xd8k\xb7\xfc_?\xbd\
HIB\xe2\x9a\xc2z\xfcg\xf8?\x0a%\xb5\xae\x94\
Ii\xcb\xc3yd\xb1w\xec\xd9\xe7\x95\xf7\xe4\xdav\
\x8a\xfdT?\xfb<\xf5\xd5\x10\xb4\x05\xca\xff\x9e\xff\xe3\
\xb8y\xdf\xff\xaf{\xaeL\xd4F>\x9e\xd7\xf01\xa6\
S\xe0\x0f8\xd2\xc7\xbc\xad\xf2/\xc6\xcaD\x00K~\
\xaf\xce4\xadZ.\xd7^\xf4\xfd\xec\x99\x01|\x18;\
\x8c\xe7`\x84V\x16\xb6\x01\xda\xb9V\x1a\xbfg+`\
\xf3\x90\xa3\x9ae\xd4\xe0*\x1bt\xad4\xcdO\xabY\
\xf1\xafc\xffy\xf7\xbaD\x22\x91H$\x12\x89D\x22\
\xe1\xe3\x22\xa0\xf5\xe4\xb9N\xc4%s?\xde\x1c\xbb\x05\
\xb84\x95\xf1Q`od\xbb*\xa9vR\x8f\xcf\xa8\
\x07*=7\x1f\xab`\x05I\xc2\xf6\x0f\xae,\x1e\xc1\
_\xc5@\xb0@ \xd6\x834K\x10\xd0\x14oO+\
l\x8a!\xdc\xa60\xb3\x93\xd1\xc5\x5c#&_H\x02\
)\x0b\xb6\xd5[\x1d\xe7\x11\x0a\xb6\xac\x0aRM\xfa\x09\
\x22\x12\x8b\xd3\x8a\xd3^|\xad\x0b\xd0\xe7D\x93=\xa3\
O\xc9\x0f\xdc#\x9b\xd0\x8eU\x9e\x88\x84\xf4\x88\x0cK\
\x84\x8d\x17w\x15!\x9a\xc7Jg:\x87\x0dNW\x84\
\xa1%\xe7N\xb0\xaa#\xea\xf0\xed\xc2\xbfX\x9e[\x1e\
>m\x1f\x96&H\xe5\xc1rS?\xa2,\xa7,\xca\
\xf7\xc6\xa3G\xa6\xd9\xcfy\xec\xe9\xf2w\xc8&O\xef\
\x8a\xc0Z\xf9\xcf\x8e\xfc\xfaO\xf1\x7f\xbcf\xcb[\xdb\
\xbd\xfcw\xfc\x1f\xef5\xde\xd8\xf1\xe4\x0cR-x\x90\
y>(\x9f\xdc\x06\xd6_\xec\xc8\x9e\xdbD\xdaC\xf4\
\xfc=\xfe\x1f\xcb\xb35D2:\x92u\xd2\x87\xbbk\
\xde\xf5\xbd\xff{y\xbb\xb5\xd0\xfe8^F\xfe\xae\xef\
\xf1G\xfd\x9f\xc2\xb2'\xfeO\x1eK\xda\xc7\xb8\xaa3\
\xa7\x13\xd1\xaa\x07*\xeb\x812*\x7f!\xa5\x93=C\
\xe6T\xbd\xbd\xfby\xf7\xa0\xd6\x0eWF\xc7\xf6\x02\xde\
S\x8d\xaa\xb1\x10\xa1\x8e\x8bu,d($\xafA$\
\xc3@\xdb\xba\xf6\x85\x06\xb5\x0e\xab\x87\xfa\xa2\x9f\xcf\xbc\
\xb0\xa2V\xc2\xdaQ4tO\xef\xab\x89D\x22\x91H\
$\x12\x89\xc4\xbf\x1dc\x05\xf4\x1c\x94\xda\xf5$m\xc2\
.\x7f\x18\x80\x99\x12E^jSj\x0f\x1388y\
\xae~\xbd\x0e~\x08w\x0b\x1c\x04\x82DL\xed\xdfj\
\x94 \xf1P\xa4\x5c\xc5\xbc\xfd\xb8\x89\xeb\x049\x91&\
\x91m\xc4\xc2$C\x9d\x034\x0c&+\x16\x07y\xea\
\xdc\x04h\xb6\x8e^0\x8c\x88\x08\x11I\x07\x93\x1d\xf2\
\x03I\xa8\x1d\xbc@:$\xb8\xb4\xe2Q\xafS\xf9\xab\
4W\x9f\x93\xbe\x22W\x90\xa0P}f\x085\xf5e\
D\xad\x9aX\xe1aFE\x91]w\x88\xb8!\xca%\
\xb4\xf45\x94\x87\xe9+R#*crO\xc78^\
\xac,l\x97B\x86\x8c2\xd7\xa2/N\xac]^\x7f\
\xacl\xd6}C*\xdfjlzmvB\xc4\xad\xf4\
x\xf59%\x1aV\xfa\xbc:zy\xf03\xaagd\
\xcf\xb7\xfc\x7f\xa7w'\x7f\x95\xe6\xe9\xf3\xd2?\xe9\xff\
<\xce\x8b6\xce\xd7}\xe4\xffE\xfd\xb1\xbf\xc9\xd8\x97\
-\x86\xbe\xef\xff3\xbc/k\xf0Zt\x7f\xb2\xf7L\
\xd9\xa2\xc4\xc7\x9f\xf7\x7f\x1e\xffl/\xc5\xb6\x8a\x22\xfd\
\xe9\xd4\xe7\xb3\xfe\xcf\x7f\xca\x8a\x91\x07?w\xfe_\xcc\
\x1f\x81\xffW\xf2\x9e\x04]\x0f\xcd\xf7y\xe2\xf2S]\
\xc4\x07\xf8Ku;\xf7A\xc9\xb5\xff{q\xe1\xb6\x9e\
\xea\x99k\x88\xe2\x82W\xaa&\x90/\xdd<\xa7+\xb3\
fL*]j\xabd\xfb\x18\x13\xc6\x96\xb1\xf69 \
T[}\x8a}\xb3.\xec\x93\x93\xe7K\x22\x91H$\
\x12\x89D\x22\x91x\xce\xa3\xff\xe7\xff\xc6\xcc\xbaM\xa6\
9(\xf1\x02\xfc9>\xe3\xb4\xeb\xf3zyz53\
x-KO\xe5!\xbcx\xee\xcbw\xb1\xc6-\xc7\x98\
\xe0\xab\x1f\x04\xe3\x8bf \xd2\x18\x06\xd4q^F\xa0\
\xd1\xeb\x83\x81km\x84\xf8\x93D\x87\xf0k\xac\xa7Q\
\xf5\xa3\xe2\xa4\x81\xcc\xfe9\x05c&}\x87U 3\
_+n\x9e\xebJ\x10\xc0?WS\xe1O\xcbw\x04\
\x84M\xbb\x1fb\x95c\xd9\xaf\xe0D\xa6\x17\xc0\xab\x80\
\x1a\xc6\xa6g\x09\x12(\x9e\xbcO\xd9lez\xf5\xf0\
\xc9\xae\xea\xd8\x8a#\x91I\x9f\xe7\xb6\x023\x09\x17\xf6\
\xc1\xad\xb1\xf8\x19X\xb9\xb6\xedO\xcaF\xf5:k\xcf\
\xd7\xec\x8dd\xdd\xd5Q\xdfl\xf3\xd8\xff\xaf\x7f_\xf0\
\xffg\xbe\x9f\xb7\xdb\xc9\x97\xfd7\xf8?\x91\xff\x94\x13\
\xe0\x18l\xcd(\xdb\x1b\xbcg\xf3\xfa\x9e\xf2\xcax]\
\xf9\xcb\xf3\xda\xb3\xef1\xdf\xabc7\xbeV\xe9\xcc[\
\xe9H\xee\xf7\xfd\xff@.\x9d\xeb\x8c\xae\x9fbe\xd3\
{\xfe\xdf\xd3\x9f[\xe0\xf0\x0b\x92\xab\x9d\xa3\xc1\x9c\x88\
\xe69\xccu\x9d\xb0\x87\x8bUN\x96\xdaV\xf3\xa6K\
N+W\x06\x07\xfd\xd3\xe7G(\xd9\xd8D4\xb6\xd9\
h\x22`\x1b\x91a[\x15\x19U\x16\x1b4\xf2\xb9[\
Q\xe4\xd7hc\x8f\xeb\xa2\xab\x88C\xad\x14?=\xba\
c\xe0\xfd%\x91H$\x12\x89D\x22\x91H\xc4x\x8c\
\x952cUM\xb4\x12\xe4\xba\x1a\x0a\xb21\xcd\xa0\xf9\
z\xe0\xd0\x8eqEN5\xe2\xaa\x91W\xd5\xec\x7f&\
\xc5\xcb\xf4/\x99\xe0~Hm\x8cq\xd7)\x86\xce2\
\xad\xe42\x88\x070d\x04Ae\xe8\xa4\xb1\xc2z\x94\
/g\xe4\xf3I\xd0\xd2\x02]m\x9d\x97\x87\xff\xbct\
E&\x97\xb3\x15\x92\x1e\x99c\xd3\xe7\xeb\x85\xc8Y\x91\
m\xf3\xeeVu\xbd\x02KZ`{<\xd3\xaf\xad5\
\xaa\x5c\xa3\x80|^\xd9b\xdbd\xd7.\x11\xa9\x12\x11\
\x06^ZL>\xd8}O\xfd}kk\xd5\xfa\xf9'\
\xe7\xd3\xfe\xb8\xe4\x8f.\xb4\xf9.\xf9\xe6\x11\xf8\xd1\xb9\
\xbd\xb6*\xeb!\x22\xadl\xbb\xdf%\x0cV_BD\
\xeda\xc9\xdc\xf9\x98m\xe0\xe3\xf8O\xaf8-F\x86\
\xe4\xd1\xfe/\xf6\xf1\xfd\x83W\xe0\xf2\xf9,\x13\xff\xea\
\x8b\xfe?\xe3o\xf1\x7f\xbc^\x16\xf7g\xcf\x16\xce\xfb\
\x00B\xce4\xe2\x0d\xff\x87\xad\xa3\xd4\x8bW\xfd1\xb5\
\xf2\xb9\x93\xf6\xc3:\xdb\xe7\xc0\x09\xce\xfc\x1f\xb7D\x91\
\xdf\x8f\xfc\xdd\xfe\xbf\x91G\xd0\xcf\xc6\x8e{\xfe\x1fC\
\xdb\xeb\xdf\x81\xa3z\xd9<\xd1\xf3\x1f\x19\xd51g1\
c\x97\xb5\xe3'Y\xd2~N\x96\xbcp]\xae\x8dA\
._\x8b\xd6^\xe7\xfe\xfc\xbd\xfa\xf9\xba\xc0\x19h\x96\
\xc2}G8\xca\x9a\xfcB0\xf7*\x96H\xae-\x8d\
H\xc8\xe7Z\x95-JSi\x92\xf8\xcb\x80\xd3[\x91\
\x1d\xab\x89D\x22\x91H$\x12\x89D\xc2\xc7\xc3K\xd4\
{\xe0\xf1\xc4\x9c\xd3\xdb$\xbd\x05!\xf2\xd2\xc2\xb6\x9a\
\x18\x025\xfe,\x1c&\x90Zas\x89\xecAH[\
\xac\xa2\x83\xafk\xed\x8a\x0d\xde\x89`O\xe5J\x83(\
y\xd0\x86\x08\xd0\x11\x93\xf0.E]\xbd\xd6\xd2p@\
D*\x92qeWi0\xc9\xcb\xc7\x87\x01I\x14\xc8\
\xda\x80FH\xa3\xea\x96g\xf0J\xb7H\x0e\x96+A\
\xbdz\xc1\x96\xce\x7f\x01\x19\xd5Kw\x22%FD`\
\xadH\x91U\x90\x1f\xae\xf4\xb2\xe4B\xed\x84\x08\xc8*\
$\x81hqt\x9d\x92\x07\x96\xe0\xf2\x08\x93]\x7f\xf9\
\xa4\x8e\x10\x81\xc2\x13\xc8\xb9\xf2\x13\x87p\xf0\xfa\xdc\x92\
\xceV\xe3\x8e`\x5c\xc9\xe6\xf2\x11\xf9\xe3\x1d[\x12\xf2\
\x84\xbc\xe3\xbc\x16\xf8\x82;[\xee\xd4\x9e\x9e\xa2\xda\x9a\
\xd3\xd4\x97\x15\x0e\xb1\x8cD\xae\xfdB\x80\x14\xadST\
92\xe3\x12\xb1\xf7\x7f\xdf\x9e\xb6\xd2\xbd\x80=xN\
Jo\x5c/\x8f\x9c\x89\xb7\x8f\xf0\xca[\xfc\xbe\xffW\
7=\x1aGw\xfc\x1f\xef\x19#\xaf\x1d\xffG\xfe\x8f\
u\xe7'#k\xf0\xfc\x7f\x7f?Y\x91\xb0^~1\
\xf7\x13\xfeOdi\xfd\x07<\x17\xfe.\xff\xe7\xd5\xb8\
k\xbf\xeb\x85\xa6\xe7DT&\xba\xef\xef\xec\x99\xc7\x85\
\x1c\xb7\xeb\x0f\xf7\x1e{\xf2\xfc/\xbeb\x22x\x16\xb4\
y\x1a\x90\xb9\xf3\x0d@f\x5c\x95\x80\xc4\xed\xc46\xf6\
\xd5\x90\x03\xf2\xd5\xd0.4e.`\x16^\x1bu\xc4\
y_\xed\xf6\xb0\xfc\xda\x9f\xf3\xad\xcc\xa5\xa2\xb6\x12c\
:V\xca\xd8\xa2M|\x0a\xda\xe8\x1a\xdbr_t\xaa\
O\xb6\xebO\xe7\x09\x89D\x22\x91H$\x12\x89D\xa2\
\xe1\xb1\x0e\xf2\xa9\xaf\x04)p\x8e\xc1\xb2\x09\x0a\xabD\
\x0f\xa5\xe2\xcf\x8d\xab\xbc\xad\x9d\x03\xb4\x02\x01w\x91-\
6\xc6uo%3I\xa04\x02\xa0\xb1\xc4\xa5(\x8a\
g\xa2H\xbb\xdd\x1c\x84\x8c\xd59U\xef\x93XK\x81\
\xb0\xc9\xc8 C:\x0bC?\xae[B\x85\x83\xc6\xbb\
\xab-=\xa2\xcb[\xe5t\xb22\xeaT'\xd7\x89\xeb\
Q\x96e\xd8.\x1c\x03\xeb\x9f\x81\xe3\xa7w-Z!\
w\xba\xfa\x8d\x06\x01R.R\x82\x89\xe7\x16\x84\xcfD\
\x03\xf6\x8b\xf7\x896[\x92dE`=\x81/\x90B\
\x99\xf1\x0a\xba=i\xf2,k_L\xe5\xe5\x9d$\xc2\
\x97\x09\x93\xdd$\xe3v\xa7\xdf\xda\x22\xe2\xab;.\xbd\
\xf6\xf2\xc6\xf7\xfd\xf1l\xfbr=\xbe\x88\xf4\x0b\xc9l\
\xd9Y\xbe\x94\x9b?\xdb\x9f\x90\xc13\x91\xfby\xff\x17\
\xdb\xbe\xe9\xff\xf3\xf8\xc4\xbf!\x91\x88J\xe0\xffs{\
Z;\xd6\xfe\x1f\xdb\xb5\x03\xb7;\x83\xfd\xc4\xa6\xa3\xec\
O\xf9?\xde/\x1f\xfc\x1c\xba\xed\xffC\x12yuk\
\xe5\xe9\xc8\xff\xbd\xbaz\xc7\xbbr\xde\xb5;\xfe?^\
\xe6z%\x90*\xb7\x22\xa6W\x88\xea\xb7\xf6\xff\xe8\x19\
S\xc2\xfb\xb8J\x83O\xbc\xa7F\xf7\xb2\xcf\xf9\xbf\xbe\
\xff\xbc\xeb\xffe\xa3\x13\xe74\xb6\x1c\xce\xabJ\xcf;\
\x9e\x1bU\xf6\x9b\xa6Z\x8d&\x96\xa7\xee\x16h\xa1\xcc\
\xdd\xaa\xbcj\x90\x9fU\x05dV\x916\x8e.\x92\x19\
\x9e\xf3C:\xfbI\xa1\xb1h\xa1Mc\xf9\x8b\x87>\
/-2O\xedU\x19vs\x13\xb0\xecZ\xf7\xf7\xd2\
D\x22\x91H$\x12\x89D\x22\x11\xe3!\xab?\xaaY\
\xe5Q]\xb2\xa6\x91=\xed\x1c'\xe8cb\xdf\xa3\x84\
Z\xf4\xcf\x9d\xe5%\x84E\x97\x85\xb0\xa2E\x0bZa\
\x184\x99\xf3\x16\xbcx\xa4u\x0bQ\x06\xad] \x04\
\xc2 Z\x95\xe3\x80\xa4(\xf2\x0e\x8f\xaf@\xf0\x19\xe4\
\xe0u\xc2\xf6\x90\x80qG\x1a\xd82M\x15\x87ak\
B!\x92\xe3\xe5\xb5A\xb8G\x86\xc4\x04\x86&\xa4v\
\x81\xbe/\xe3\xdc\xf6\xbb+\xc8\xda\xc9\xd5\xc3\xa3\xaf<\
\x82\x00\xd3d\xb5\xd3l[\x94\xee\xea%\x0a\x89,[\
F\xdb\xd2\x8d&\x9b&2\x8b\xf5\xa3@\xfe \x9e\x99\
\x0c\x82tr\x08$\x94\xb1#\x98v\x88HE\xdb\xd6\
\x98\xf7\xee\xf8qr\xc2\x9f\xbcpL\xb7\xa9%q\x84\
,\x06\xae\x85hA\xfcE\xe4\x1d\xfb\xf5jl\xbc\xef\
\xff>\xfe\x8c\xff\xaf\xf4\xd8\xfb\xc2\xfcW\x15\x01\xe9\xe7\
\xc1\xb2\xa7\xc3\xaf,\xc6\xf6\x9f\xf4\xffA\xd0\xe1\x9fm\
\xdf\xea\x13\xe3x<\xfb\xffu\x04\xe3\x5c\xdb\x83\xe4'\
9:\xff\xa4\xff?\xff{\x94\xf6\xc5`\xfb\xbf\x1c\xc9\
:\xc1\xc9\xf3\x05\xe5\xe3\xf8\xf0\xef\x17\xbe\xff\x8f\xd1\xcb\
~\xfd\xab\xfe\xbf\xef\x9b\x13\xff'E\xec^\x17\xe4\xb3\
8\xbd\xa2\xda\xa9=cq\xc5t1\xfa\xab!\x98\xdb\
\x5c\xabO\x0d\xab-!gu\x1a\x9b]V\x91\x1d\xa5\
\x8b*\xd5\xe7\xac\xdd\xa6Ad_\xe5\x7f\x86\xddz\xd1\
\x82~\xf5\xf5\x93Tnc\xa1\x1bI\xa4|\xabM\x01\
\xabi\xa22\x8d\x8dD\x22\x91H$\x12\x89D\x22\xb1\
\xc7C\x07\xda:&i\x93o\x8cOd\xeb\x0d\x9aV\
\x0f\xf5I\xbcD\x04]`/[\xabY=\xc4\x81\x02\
'\xf5p\x86\xa3\x1a6\x82h$\xb0\xea\x1e\x1a\xe8\x80\
\xa2\xafx\xe5`c\xe4o\xac$\x98\x09\xb2&\xc2\xa5\
*\xf9S\x80\x81\x01R\x97\x85$5\xd7\x83\xcb\xf1\xcf\
a-)0c&\xcexK\x8bW\x82\x9c\xa8\x8cG\
8\xa1\xd6\xd0\xba\xf28\x0e\xecY\x8fw\x1e\x91y\x91\
<\x9b\xc7+S\x7f\xfa\xea\xe6\xdaFDqH\x19+\
7J\x8b\x82\x7f\xbb\xa2\x0d\xd3\xad\x0c/m\xd6\xa9[\
\x1c\xfd\xcf#\x83B\x02\x0d%\xd5`\x95]\x8d\xbf\xc4\
\xe16>\xed\x17$yvD\x11\xcb\xf5\x88!\x9d~\
Y\xa2>\xad/H[E\xc4dQ+^=[\xbc\
c\x8fp]\xb5\x85\x97\xd7%\xa9n\xfb\x7f\xac\xeb7\
\xfc\x7f\x87\x13\xb2\xe5\xcc\xff\xaf\x9c#m\xafs\x9c\xf5\
2|,\xb2\xb1\x8d=\x19w\xd2\xbe\xed\xff2\x8a\xcd\
\xfd\x16\x08\xc1;\xfe\x8f\xd2\xc4oh\xb2=\xc2\xef\xf9\
\xbfs\xef\xbf\xfe\xaf\xe3\xbe\x8d+\xa4Ol\xb0\xf8\xac\
\xffK\x9b\x22\xf8\x9e\x0b\x99\xff\x80\xffO\xa3g+\xcb\
\xa6G\xe3r\xe4#!\x96\xaf9\x9a\x99\xe3\xa0%`\
\xf0([\xc6s\x8c\xe7t\xb5\xfd8\x0eeT\xad\x11\
\xb7\xeb\x18\xf2\xaa\xec\xf1L]n5\x02\x9e\xcf\x7f\xd6\
\xa9\xc5\x961\x15\xf5\xecFB\x99\xd4\x9c\xa1I\xe1*\
31\xadW?\xe7\x9e\xcf\x89D\x22\x91H$\x12\x89\
\xc4+(\xf4\xff\xfe\xb7\x85\xf5j\xc5\x12\x93a:\xee\
\xc0\x18j\xbe\x0e\x11\x80%u9\xb8\xa8\xf0\x16r\xea\
\x01\x11\x06\x00\x10p\x8c\xc0\xc7\xc8PA_i\xc1+\
\xc7\x8c\x1c\xc4\x8b\xe6BE\xadxi\x19\x1bi\xfc\xd3\
w\x0c)z\xbdN3l\x04D\xa3\xa2`\xff:\xfc\
\xdbC\x13\x1a\x14\x92`\xa7\x04\x91\x95yr\x1d\xcf\xf7\
Z\xca-\x9d'\x01\xf7+\x18\xc3\x85HVZU\x19\
\xbb\x9f\xd2yB\xb8\x89M3\xe1\x14H\x1d\xf91\xe8\
U\xfd\xd0\x1d\x8a\xbf\xdc \xd3?\x9cnW\x17\xfe-\
8\x1b\x83\x8f0\xff)Qc\xfb\xfbn\xdf?\xf3>\
\xc9\xa1\xdd\xcaM+\xfbScl'\xf3\xb7\xfd\xffU\
\xfc\xbe\xff[_\xab\xea9T\xd4\xf3\xe2u|\xc7\xff\
%\x7f\xd8\x0f\x81\xff{\xe5\xd7c\x04\x9e\x97\xf24\xa5\
o\xe3\xdd1X\xf1\x06\xbf\x91\xf1\xfb\xfe_\xe3\xf1N\
\xda\xec]K\x7f\xd6\xff\xcf\xbe\x148\xf5\xffA\xf6:\
\xe7\x15R\x0a\x7f\xa9\xc02p\x9e8\xe6yz\x1c\x16\
\xfe\xf7\xfa\xbf\x7f11d\xdbVD\x8b:\x19\xcdS\
\xcc\xc1 \xd7q\xf9\x22\xa7K\xa1Y\xab\x96\x8bz#\
\xac\xfc\x1f\xef5\xb6\x9fN\xef\x19\x89D\x22\x91H$\
\x12\x89\xc4\xbf\x15\xc1K\x08\xe5\xd3\x92\xcem\x92\x8dA\
\x8f\xac\x22)H\xdazr\x09~\x22IU\x11\x06]\
\x84Z\xc1\xc2\xff\x96\x0a\xe4r)\xc0q\x9b\xc0\x8dh\
\xbc\xf4\xb0j\x09Jj\xad\xf3\xeb\x12\x87%H>\x13\
\x91Z\x0as\xad\xb2\xc6\xf6\xa8\xd31~\xda\x80\xc4\x0b\
PF\xfcV\xe7\x15P\xab\xf26x\x9c\x02y]P\
\xaeC\xd0\xc4\x84'H\xc1\x22.N\x08\x97U \x1c\
\xd9\xb9\x0d\xde\xfaXd\xbby\x15\xddj\xe5\xdb)\x5c\
\x22\xe4\x10l\x8f.\xaf?g\xb2\xb9\xa8\xf2\xa8\x97\xc7\
-\xaf\xb6\xe3\xf1J\x90\x8ezw\xb8\xd5\xc67a\xc5\
q\xddZ\xfa\xf8\xaa\xc0\xfc\xd9\xfc\xf1\xb9\xe8\x99I\x96\
O\xf6\xb7\xbdfmb_\xb6?\xa5\xff\x8c\xff\x97\xa5\
\xde\xa8\xfc\x1d\xff\xb7\x84\x17\xe7_\x11-'\xe9\xbf\xe9\
\xff\x5c\x07\xb4\xbb\x0e\xff\xb7\xbe0\x8f\xb5\x13\xd9x~\
\x0a\xdf\xff\xab+\xc7\x1bw\xc5>`i\xf6\x7fr\xda\
|\xed\xff\xde}\xfc|[\x93Sxc\xd6K\x8f\xe0\
\xb7\xc5|\xaf\xd0\xf3\x91?\xe5\xff\x14\xfa?\xde\xa3/\
\xd9l\xec\xaf\xf8?\xb7\xc7\xc3\xcd7lz\xd3\xff\xc7\
|\xaa\xdf\xdb\xdbG\xd7m\xf3\x16\x99{\xd9V\x16\xbe\
\xbaM\xf6\xda\xd7\xc8B.\x13\xcd\x9e[:\xf9\xfc\x94\
[q\xde\xf2,\xff(\xa0\xb3\xa8\xaf[\xc6\xb3\x14\xe4\
\xf6b\xc6\x1e\x8f\x9c\xa7\x05\xf4\xf3\xdb\xbb\xd7'\x12\x89\
D\x22\x91H$\x12\x89\x19\x8fu W\xcd'O\xb8\
\x8b\x22\x80\x91\xa8\xb6\xe2T\x08\x02eX\xea\x08\x8cp\
u\xb2\xb1al\xabQ\xca\xb42g\xac\x9a\x82(\x15\
\xf3T\xc8\xdd~\xc2)A#\xca\x91\xe0_\x93\xd5\xd7\
\xdf\x93x\xe6\xa0\x87t\x10\x87\xc7\x98\xa6\x09\x822\x82\
\xe7\xf6\xf70\x1afY\x1e\xc1\x80yV\x01\xcf\xd4\x86\
e\xde\x1fx\xfc\x15\x1b\xf0\xb7cM&\xfa\xb2m\xdd\
m\xba\x07\x0c\xd6\xb0\x5c)\xfe\xcar\xbd\xad\x86&r\
\xbd\x00\xfa.)\xcbe>\x17@\x16hS\x22\x1b\xac\
\xaeH\x1a\xee\xa3]\x9d\xb8\x0dO\x08@o\x8c\x9e\x02\
\x89\x1fO\xb6X-\x7f\xda\xf6y\xfc\xael\xdd\xe5\xf1\
\xae\xe1\x8a\xc8\x1dv\xe32\xc2\xa3\xfb\x7f}\xd9\xffI\
|\xaf\x94\xb0\x8e'\xfeO/\xf8\xff8\xdf\x11\xa0N\
\xfaj,~\xda\xffOq\xee\xff\xfe\xbdM\xbe \xb1\
\xf7^\xdfo\xefb\xd5\xa6+\xff\xe7t\xafN\xaa&\
\x9d\xdc|\xcd\xff\xb1\x8eD\xabz\x8a\xffWWvd\
\x7f\x84\x13\xff\x7f\xa8\xba\xeag\xd1\x9f\xf7\xff\xcb\xe2\xd1\
.\x92\xb6\xf6\x7f\xf5\xec}\xd3\xff\xfd\xe7\xbf\x1e\xb3\x91\
\x8fo\xbf\x00!;/\xa0i>\xa5\x86\x8bT^\x95\
\xe7\x85\xc9\xd4\xc9\xe5\x91\x9d\x89\xeb\x8a\x0b\x0e\xba\xc6\x02\
\xe5\xc7g\xf7Iec\xf7\x8f\xd2\xca\xa0\xdf\xf2\xa2\x86\
\x0ar\x86NB\xfb\xab5\xdb%\x9d\xed\x9cVn\xbf\
\xaf=O\x13\x89D\x22\x91H$\x12\x89\x7f;.&\
4\x0e\xe000\x97}\xf1\x9e{A\xdb\xe0T\x91U\
\x1cxur\xf8:\xedA\xb3\x90\xc2\x84\x05\xe0T\x02\
\xacRe\xaf\xe8q\xdd\x1e\x14\x0cZ\xf8g\x9e>x\
\x95L;\x96\x17#\xf1\xb9\x11+\xf6,\x08\xcb\x13\x12\
\x04W\xbeJ\xd69\x10\xb4\xe4\xcej\xc5\x14\xe7\x89P\
\xcc\xdf\x13\xed\xa5i\xb6\xcf\xfc\xa0\xde\xd3\x17\xe5\xb1\xc7\
;\x92\xcam3\xeam_\xe5\xaf\x18\xc2\x99\x0c\xf1\x1a\
\x11\x12;{O\x09\x8b\x19b\x8f\x1cs:\xf7\xef\xdc\
vQ[Yb\x89\xeb\x86+\xed\xa21\xb0\xaa\xc3)\
\x81-c\xcc\x1b-e\x10,\x9a|\xd1\x1e\xe2\x92e\
\x86\xf0`[={\xa3U~>\xd12\xe7;%\x01\
\x0a\xd1\x92|Y\x8d\xf3\xfa\x86\xff+\xf2\x89\x8f\x89\x14\
\xd1\xc2\xb6!\xf96HF\xa7\x0e\x98g\xee\xb5\xc5\x1f\
\xbf4\xed\xb0mm]\xa2<\x9f\xf0\x7f\xcco\xdb\x1c\
I\xc6\xd7\xfd\x9f\x02\xfd\xc5|\x22\x8a{\xae\xfd\xdf\x1f\
\xbf\xac\xc7\xa6\xad\xda\xf6\xae\xff\xdb\xf1\x11\x95\xf1\xfd\x9f\
\xe0Y\xb0\xf2\xff\x0a\xfe\xbf\xae\xaf\xb2\x8d>\xe3\xffv\
\x8c\x8f/$\x0d\xf1{\x82\xcf\xfa?\x11\xde#C\xb9\
\x04\xed@\xf1\xf8\xfc\xdc\xf3\x1f\xfbP\x83_\x9azz\
oE}\xd3\xbd\x04\xcb\x9a\xe3A\xd8^\xe7\xed\x1f\xd5\
\xbe}\xecB!Y\xb9\x5ce|\xaa9X)27\
(m\xads1\xc44\xda^\xed\xe2\x09\x1e/\xd7\xd8\
i\xb3\x0d\xb8\x15\xea\xbc\xa4n\x93\xd3'\xeb\xb1\xf7\xa3\
D\x22\x91H$\x12\x89D\x22\xb1\xc6C\xaf\xba\xa1~\
,\x7f-\xc8j\x9f\x0d\xed\x85,\xa5G\x17X\xae\x92\
\x0e}\x06\xa9[A(\x04\x04E\xad\x8f\x19\x19\xbb\x11\
\x5c\x86\xf4O&k\x95\xeb\x15\x08\xe7.\xbf\x0e9C\
(\x90O\xfe\x0b\x83\x0a\x94\x99(\x87\xe2\x13\x0d\x98\xe6\
\x07\xb6\x12\x08\x9e\xac\x1a\xf3H\x8a]9K\xe4\xac\xa8\
\x14\x96\xdb\x9a\xe9\xb1\xc8u\x16\xd4[\xa2\xc1\x96\xb5\xed\
e_\x16&\x81-wp\x11\x82\xcd\x04\xe3\x11\xe1d\
eF\x01\xb5\xb5\xcb\x0b\x1aWuf\xb2\x81G\x22\x12\
D+9S?\xc2X{\x94\x98\xb8<!\x001\xdf\
\xaa\xde6/\xcb\x946\xf6\xda6n{i\x0b\x9a\xfa\
\xc9\xc2#\xa2<{Vi\x1ey\xc6\xe9^\x9d\xc0H\
=\xc2\xcbL\x00W$yM\x19\xce\xf3\xb0}\x07\xd7\
\xb8\x0c\x13\xc7\xca\x16\x92\x11\x13\xb5\x91\x22X\x16\xfe_\
\xc8\xf7\xd6\xc8\xffC@?L\xf79\x92\xf2\x8f\x80t\
Ri\x1f\xf2\x7f\xaf\xfc\xef\xfb\x7f\x09\xc6?\xcb\xe5\xb4\
\xf7\xfc\x1f\xed,\x1f\xf4\x7f\x1c\xd3\xdb\xbc\xb4n\xe3~\
\x06\xe9\xbc\xc5I,'\xc2\xb7\xfd\x1f'\x06\xd1x\xf4\
lAY\xbb\xb1s\xfe\xfc\x8f\xda\x12d\xf0\xb9#\xe7\
\x13\xcf\xff\x1d\xbc~\x88\xe4.\xae\x12\xf5_\xa5\xa9\x89\
\x1f\xeb\x809\x98\xbacv_\xe5\x97Q\xab\x97E\xab\
gJ\xd7_\xa0\xfc\x98\x98\xa2\x05\xa5\xbf\x80\x98\xe4\xde\
]\xed\x17v`\x01\x8e\xdfbg\xaa\xfcE\x82\x8cs\
\xac\x98\xbc|\x9b\xb4\x8d\x89D\x22\x91H$\x12\x89D\
\xe2\x16\xaeH\xda\xae\x06C\x92\x89\xcfe\xd53\x92\xcf\
4V\xac\xc8\x12\x13&z\x84\xe4\x99\xa6\xeacAK\
\x0f\x22/!$r\xbb-W\xd9\xaaI\x10\x94f\xcf\
\x9f\x01\x09\xdb y\x84@\xea\x15i\x01;\xd7\xb1\x94\
A\x12A\xb8\x04u\x8fIf\x8fX\xe0\xcf\xddJ1\
+ku\xeea\x22\xa9\x804\x0a\xb4\xf4r\xb1\x8e(\
\xd8\xdf!\x92\x85D\x8f\xe4\x11;tX.\xd7\xac\xfe\
\x88\xf4\x88u\xcc2\xb0\xfcN\x87\xd8\xd2\xfe\xd0\xf6'\
!#Y\xcf\x02y$\xed0\xfd\xb1 \xabN`\xdb\
aU\x9e\xf7\xca\x8dd\xd81\xbb$~\x88\x5c\xc2\x84\
\xaf\xa3=\x11qc\xf5ZR\x90e\x9c\x8c\xc1A\x17\
2\xc9a|\x99I\x0aK\xfc\xd9>\x89\xfc_\xe53\
\xf5\xe4{\x5c\xcf\xact)\xdb~\xc9\xff\xef\x94\xc3\xfb\
*\xa6\x11\x91\xae\x17\xa4\xe11\x9f?\xd4\xfdVd\x0d\
\xc2\x9b\x9c\xfb\xd3\x01q\xfeg\xfd\x9f-[\xf9?\xe6\
\xc3O_\xd7t\xaf\xfee\xff/\x0b\x19{\xff\x9f\xf3\
\x93\xb1\x9d\xaf\xff\xa6\xff\xf7\x1ej\xb2~\xe26\xa8\x8e\
\xffc\xde\xa8\xdd\xee=\xff\x9bE<\xd5 \xd2\xfd\xab\
|\xcd\xc8\xa2\xc5\xf9\x89]s\x99\xe2~\xae\xc6I\xe4\
\x1b3\xf4\x17Xu\xf2\xff6\xaf*}\xbeU\x9a\xf0\
\x96\xf7\xfa\xabc!\x01\xb4\x10\xfe\xf8\xa9i\x00b\x99\
`~I\xa5\x97+\xd4\xe7\x8de\xb2\xa3I\xec\xbf\xe0\
\xe1\xd2\xd5\xfbb\xa2\x8e\xdc\x9cE\xc4p\x9b\xe1V+\
-=\x1a\xff\x89D\x22\x91H$\x12\x89D\x22F\xa1\
\xff\xf7\xbf\xce\xec\x99\x83\x946\xf9\x96c\xbe\x86\x81b\
/q\x05X\xfa\xcd\xe8m\xe2/\xe4vQ\xd2\x91\x80\
(\xb2\x074\x90\xe1\xfc2\x9b\x8a\xba*\xf1\xaf0U\
<a\xdf\xaa\xde.\x16\xa3\xc9\xd8\xdeYo\x1b\xfcr\
}\x9a\xce}0\xe8\xe3~9\xcf\x0e\xb6\x01\x83\xe7)\
X'm\xaf\xb7\xc2\xcf\xd3\x13\xd5\xd1#\x1bO\x83\xe2\
\x12\xb4\xa7\xce'\xa4\x95-s*#\xd2\x1d\x9d[\xe2\
\x01\xd3\x9f+)\xdbu\x1c\xcfr\xfd\x8e\xfe\x88\xe4a\
\x1d\x98\x9f\xaf\xbd\x82h,\xccvy\x01\xf5\xba\xadV\
DT\xac\xa7\xbe\x5c\x97S\xd81\xcb\xa4\xce*\xdf\x0a\
\xab\xb1\xf6\xbe\xff\xdf\xc7\xab\xfe\xcfem\xde\x9d\x9e?\
\xe7\xffu\x92m?\x7f\xee\x8e'=\xd0_\xf4\x7fm\
\x17_?S\x1f\xdb\xfbL\xfe\xf9\xd1\xab(\x7f\xcf\xff\
\xfd\xb1r\x95\x97\x042\xc6\xc13W?\xb5{\xaa9\
\xffs\xfe\xefg<#\x05\x7f\xcf\xffy\xdeQ\x979\
~\xc7\xff\xeb\xe8\xee\xd7\xfd\xbf(YPp\x10\xcf\xd7\
\x16g#\x17\xff[dF\xd6\xc7\x1f\x93\xd4U\x8cj\
\xba.\x19\xa0K=\x93\x1a\xb9\xcc\xf3Ko\xde9\x98\
g\xeayKO\xea\xb6\x89\xac\xe7\xf1O\x9f\xe7\xe2v\
3U\xd5\x15\xe7\x05,+\x91H$\x12\x89D\x22\x91\
H\xdc\xc3\xc3&\x941\xe9\xe7\xbf\x192\x7f\xf7V\x8d\
\xf4<*\xe3\x08;&\xf2\xb9\x95\xaf\x84[\xf5U\xc2\
\x17\xc7\xe0J\x13U\x08\x88\xe6\xa6\x83W\xb9<WB\
U\xa5o\x84\x11z\x85\x1f\x07,E\xf6t\xe4s]\
\xdf\xd3 T\xcb\x09s\x85D\x85O\x02\xda\xd5d\x11\
\xf9\xe6\xaf\x86\xf2\x03Z\xfe\x8c\x02^\x8f \xe2s\xcf\
FL\xf3Wc\xc9\xdf\xa3\xacm\xf2>\xbd\xbc\xd1\xb9\
\x97\x16\xfd\x5c_\xec-\xcaV\xfe\x99}Dd\x14\x13\
\xec\xc6\xde2\x13nV\xc6\x0a\x91\xfe\x98<\xc03]\
'kKd\x07\xf7\xbfg\xdf\xae=vi\x1e\x9a\xff\
\xc7\x11\xbd\xdcn\xf4\xf6\x19\xfci\xc1}\xbdCQ\xfe\
\x1f\xf7\xcb\x1d\x12\xea\x84\xf8\xda\xfb\x7fQ\xcd\x11\xf9\x7f\
T~g\xef\xef\xfb\xbf\xaf?\xb2\xe9)u\xec\x87]\
\xe6\xd5\xec\x9c\xc6\x7f\x8f\x8f\xf8\xbf\xc6\xa9\xff\xaf\xf2\xc8\
u\x1a\xf7\x18\xcc\xfa\x1d\xff\xdf\xd9R\xd5\xbd\xcbkO\
\x0a\xfd\x7f\xfd\x0e\x03\x8b;\xfe\x7fJ\x18\xdbcw\x0c\
\xfe0\xe1\xabj\x15\xda\xf7}\xff/\xea\xd3m+\xba\
\xff\xfc\x9fd\x1c\xf9\x7fy\xd3\xff\x87U\xfd\x1a\xb5?\
1V\x11\xbc2\xff\xeai\xa5\x11\xcbU]\xaf\xd0D\
\xcd\xffk\xf7\x17\xb7*\xe6\x9e@e\x1a\x8d}\x8b\x0f\
\xb0\xe3\x87\xfaK\xa8Y\x84\xb6\xa0\x8b\x1d\xf5\x93m\xca\
\xa4\xde|M\xfc\xf9\xde\xd8H$\x12\x89D\x22\x91H\
$\xfe\xed\x18/!\xc4\x00Y\xaf\xf6\xf0H\x06}\xce\
\x13w\x5c5u\x05\x11\xcf\x95e4\xa8/8\xee\xc1\
E\x05\x010\x91g\xfaY\x87m\xc6\x06\xa2\x11\x00\xf1\
9\xafh.\x8b\xa0\x13\xc3\x0e$\xb00\xe0\xe2s\x9b\
\xa6\xe4\xa8\xb4A\x8b\xb9A$~b\xb0\xbd\x0a\xba\xa7\
 \x98t{\xe0>\xad:\x7fL\x12X\xfb=\xfbv\
\xf6\xa0]\x11q9\xda\x90\xf8\x85Q1A\xbb\x22P\
\x22b\xc2\xa6E\x04\xaf\xb5\xab\x1d?T\x00\x89-\x8b\
\xb6\xf0\xaaHU\xb6)p\x09\x8b\xd3@4\x22=v\
\xf9\x83\xab4\x93\x1b\x92\xbe\x22)\xecX\x8cpb\xa3\
\xcd\xc7\x84\x96\xf6\x7f\x87\x12\xea\xe3\xe2Q\x8a\x22\xc1l\
^\xa2y\xec\xb0\xef\xbeJ\x00x\xa4\x8e=?\xf7\x7f\
\xb0K\xf9\x7f\xb3\x14\x89\x0b!2\xec\x97UX\xe3\xea\
\x8cO\xdd\x1a+\x92\xec\x94\xcc\xfb\xb6\xff\xa3\xae\x9d\x5c\
\xcc[\xb0\x5c\xd5\xcf\x82~a.\x03\x0f\xad\xe2\xe8\xb0\
~\xb7#L=\xffG]\xef\xfb\xff\xc3\xe9\xff8\xff\
)v\xe3\xe0\xd4\xff\xc7H\xac\x15R\xa2\x5c8\x96\xa5\
-v_\x04y\xbev\x07+\xff\xf7\xbc\x06\x8f~\xc7\
\xff\xbd\xe7\x7f\xeco%\x90\xb3\xd3\x13\xe9]\xa1*B\
\xf5\x8e\xff\xcfi\x90\xd0\xda\xad\xce\xca\xaa\x1c\x92\xaai\
\x91^\x92\xf7A\xb4%\x08\xe3%\xd4f\xae\xd5\xe6\x9a\
U\x16+<\xcf\xbbH!\x99\xe5\xdf\xd6\x97\xa8O\xde\
c\xd2\xdaA\x8e\x05?C\x9f*O\xd2\x06\xa7\xcf\xf0\
D\x22\x91H$\x12\x89D\x22\xd10\xf6\x80n\x13i\
\x5c\xe5\xc2\xc7\x85d\xff\xe79\x10\xe1@\xa6\xcf\xeb\x89\
\xe5\x8d}2F2\x1f\x17\xc9\xa7Y\x05\x13,v\x11\
\xac\x17Y\x1c\x96Wl\x89&\x9b\xb7\xee(\x046I\
\x0eM\xe5\x8c\xc8\xa2\x873\xa5\x1c\xad\xa0l+d\xa6\
T\xda\xadL\x8a\x08\x1co\xc5S?\xb15\x8c,\x22\
M\xa4\xc6\xc1\xb3\xb5\xc5#\x970_t\xcdE]\xe7\
\xb5A\xf6\x14\x84C\xd0\xcf\xd7wA\x9e\x22\xbd\xcb\xdc\
Z\x9aD\xc1\x15\xcf\x0b\xf2\xc2\x0cpEx\xd6\xf5\x8a\
\xe7\x08\xb6\x8f#\x82C\x9fNt\x1a\xcd\xb6s\xfd\x0d\
\xdd\xb2 v\xae=a\x17$\x8b\xdf\x9e\xe6\x1c\xc6\xa6\
\xfa\xac\xfe61;\xd9\xab\xbc\x1eI\x12\x96? c\
\xa2q\xdd\xfc\xdf\x92nso\xc7\xfe\x1f\xe9*\x0b\xff\
\xb7{\x8a\x92\x9b\xcei>D\x96\xf6\xff(\xcf\xc3\xb4\
Aq\xeb$/\xa1;\x1b\xed+Rp\x96\xfdY\xff\
G\xbf\xc5\x1e\x93/\xc4\xb4\x8e\x9dL.\x8bc\xef\x1d\
\xd2\x09\xefC\xda\xff\x87Vs.i\xe7\xb2\xa1\xe4\x8b\
\xfe_\xe8\xcc\xff\xa3v`\xa25\xd2\xbd\xf3\x7f/\xef\
\xbb\xfe\xcfkf\x0b\xad\x9fy\xe7\xcf\xffu\xdd\xbc\xbc\
\xd2\xde|\xfep\xec$=\x00j\xbd\xfd\x9c9\xbd\xff\
\xe1})\xf6\x7f\xbf\x9d\x5c\x99\xac\x8f\x1f\x9d^\x0e{\
\xff\xab\x156(\x81\xb2L*\x83\xcf\xf4\x91\xea|\xc1\
D\xe3]!<\x11-\xe6\xcb\x86kv7\xe4um\
\xd5\xab\x01\x97\x91w\x9dH\x1b\xe2\xfc\x98^\xbe\x0f$\
\x12\x89D\x22\x91H$\x12\xffV\x8c\x15\xd0\xf8\xd9\xa0\
'\xe3r\x8c\x93pLW\xa7T4\x8b\x84'-`\
(\xba\xfc\x15\x94sPpe\xe8aB)c\xb5\x0b\
\xf5\xf3\x02r\xd5\x16\x1d,\x9fhl\xbf\xd1V\xe4\xf8\
\x01oD\xee\xc4\xc1V\xb4j\xd1\x97\xb7\x0b\xda\x90\xdc\
p\x09aH\xf7\xdb\x9dW\xac?&\xb9(K\xaf\xc0\
\xaa\x13\x11j\xaf{\xb0Ay\xb1\x84\x1c\x15X\xc9Z\
\xd4\xf5\xa8\x1d\xec\xbe\xc8\x91\xfd'\xed8\xe7\xd1}\xc4\
\x84\x88O\x1c*aP\x8a\x16\xe4v\xfc\xa5\x81\xd7\x8e\
\xb6\x1e\xfc\x13\x7f-W\xec\xe4~\xd6\xc4\xb2&\xc5|\
2sU\xb5\x99\xc4\xe1\xf3\x98\x1c\xf5QH\x8fS\xfe\
\xf4\xdaj\xd7\x16\x9e-\x98\xd7\x96\x95\xbc^y\x9a\xf2\
\xc7\xfdgKkBF\xd2\xe4\xba\xef\xff<\xc6\xaa#\
'\xc6\xce\xff1}\xee;\x1c\xd7\x0fH\xa31\x86\xd8\
\x06\x1cK\x17\xb1\xa3\x88PM\xa8H\xfd\xf4\xbd\xedG\
mk@D3\x0d\x14\xf6k\xec\xff\xf5\x8b\xfe\xcfV\
\x09\xa9\xf7\xcc\xc3[{\xacd\xa9\xf2\xbf\xea\xff\x14\xf8\
\xbf\xb5q\xef'\x1e^\xf1\x7f=\x0a4\xa2\xbe\xa3\xe5\
\x97 \x9f\xf4\xff\x1a\xe8\xd7\xf99M~5\x84\xabm\
g\xac\xdarE:\xde{\xfe\x17\xe5o\xd6\xff\xf1\xf9\
C\x9d\xa8\xedJ&\x9d\xde\xb8\xbc\xf7\xfc\x9f\x8f-\xe4\
\xf9\xcf\xb3\xabb\xab\xa3\xeb\xe0L\x06\x0b\xbf\xc0\xa3i\
\xfbGh@VWh\xbb\xc2s\xbejh\xe5\x96\xb1\
t\x82\x98\xb7\xf5\xa8j\xfd\xf3,\xb3\x80\xffK\xb3\xe1\
\x02\x8b:\xaeI\xdf\xe8\x17p\xb7k\xfa\x9ep\xe2\x7f\
\x89D\x22\x91H$\x12\x89\xc4\xbf\x1d\xc1K\x08\xfbE\
\x0e\x0e`\xb2-\x84\x98\x04!\xb2RD\x82V\xce\xd2\
\xdexN\xd3KiX\x82\x92\xd3u\xb5k\xa5\x055\
u~!\x12R0x.2HV\xc3`y2\x19\
oC\x07u+b\x82\xf3\xac\x08\x8c\xbd&R\xfa\x9a\
\xec\xfb\xc1\xce\x8a\xa0\xd9\x95c\xfd\x92(\xc6\x15\xd2\xe4\
\x18_<\xd1\xb7\xcb\xe3\x11\x11\xab\xe0\x1f\xc1\x04\x0e\x12\
+\xb6/\xa62F\xef+m\xf6z;\x93\xb2\xfdT\
6\xa6\xdd\xd5\x1d\xe5\x9fh\xc5\xe2\xbf\xf8ju\x8e6\
\xadt\x9d\xda\xc9w\x0b$\xea]\x12\x84,aHt\
8dn\xe17\xfc\xdf\xd3\x87\xb2\xef\xe0\x93\xfe\xbf\xf6\
\xcbW\xfd\xdf'Y\x8b\xe2\xb0\xee\xfa\x7f=\xf6\x7f\x1c\
I;\xff_Y\xf0n;\xb3\xedg\xb2\xebW\xfc\xdf\
\xe2\xc4\xffkK\xb8:l<wi\xe7\xffg}y\
\xd26\x9e\xbd\xf6x\xa3\xe5\xd0\x1a\xad\xe3\xf3\xfe_\x97\
\xfaX6}\xd5\xff\xe5~\xdbT\xda~g\xf5rO\
\xbel\xaa\xe4\xe4i\xf9*\xfc\x06n\xbcX\x9a\xdb\x86\
`\xbeGpg\xeff\xd4NZO\xfd\x0a\x0b\x0d\xf8\
\x13\xe7g\xd7\xa6\xcf\xe3;\xb3\xc70\xea\xb9-T3\
\xce\xce_9\x8b\xbe\x87\x091=?\xa7O\xefG\x89\
D\x22\x91H$\x12\x89D\xa2aI@\x1f\x0b\xb9&\
\xe3?\xd4\x22\x86\x1e\x18\x00\xb9\xd0\xd6\xaf\xb0B\x9c\xe8\
c\xe0P\xa7\xf8K\x05q\xd4\x0bRQ\xfc\x13\xbeE\
\x1d\x03\x11\xd1\xd3l\xe3`\xe22\xabHNl\x0a\x02\
\x8b\x9cZ\xaa\xb3\x1d!\xf7*\xa60}\x92\xbb&\x01\
\xaf\x1c\x87vx\xc4VHt\x0e\xb9\xf7\xeb\xfc\xe9|\
\x9c\x97!}\x8b}\xe8\xd7\xa5\xd0\xf7\xfan%'\xfe\
\x12\x01=\xe3\x9e-\xcf|\xb8\x8a\xfc\x98T\xa2\xcf\x02\
\xed8\x19\x83\xd1\x98\x9eII\xecC\xbd\x0dPD\xf2\
\xa0n/\xcf'\xfa\xd9\xab\xc3'e\xaf\xf4\xeclx\
\xe2\x1b\xfe\xef\xc9\xfd\xae\xffG\xf7\xe7vm\xf6\xffz\
l\xdf;}\x87\x84\x97\xb5\xf4\xdc\xff\xcf\xfbteI\
\xf3\xbb\xf6\x8b\xa2{e?\x8cN\xec)?<\xf2\x7f\
\xdd\x8a\xbb>\xb4\xc4\xf27\xfc\xff\x94\x8a\xfe\xae\xff#\
\x09\xec\xb4\xc9\xc2\x86'>\xe7\xff5\x90\x8b\xedK\x92\
V\xbd\xb6\xebs\xc3\x22do\xb5\x8b\x0e\xc8T\x1bf\
q\x15\xe6\x8fm1B\x91y\x1f\xe7,E\xe6\x81C\
\x22/|\x10{/\x22\x9b\xeaH\xb3~\xc3\x84;_\
\xab\xc9/'\x12\x89D\x22\x91H$\x12\x1f\xc5\xb4\x1f\
\xc1s\xe2m\xe3\x17L\xc3\x97\x12\x86o\x12\xc7%%\
\x06\x95\xf3\x10\x86\x9f=\xe8)\x12\x940\xf9\xd4\x82\x8a\
*+\xab\x0a\x91\x8a)8P\x10\x03[Y\xa2e`\
\xaa\x09\x8dMP\xea\x04\x22k\xd9\xa4VH\xf92\xa1\
,q\xdc\xe5\x07p\xf6\xd8\x0b4q\xb5\xdf)p[\
\x8dU\x80^\xa8H\xbb:uF\x9b\x10\xde\xca9/\
\x8f\xb5a\x95G\xd7\x1d\x7f\xb6\xac-~\x82\x7fn\xaf\
\xc3f\x0aI)\xec;O7\x9fG\xf5^\x11\xb0-\
\xb98\xd7d\xb5\xf6e\xf3#\xde\x87\xd3\xea\xb4\xe4\xcc\
\xae^b\x01-\xc7\xe6)<;p\x0cF:x_\
a\xb4h\x1e\xbbv<\xce?S\xe7O\xab_\xf4\xac\
}\xf4n=u\x1d>\xe7\xff\xab\xb4U\xd9\xdf\xf2\x7f\
\xbe\x8e\xba1\xcd\xa6c\xda\xeb\xfe_\xc6\x1f\x8a\xe6{\
\xf7\xec\xff\xf3}2\xdan\xe7\x1d\xff'n\xe7\x8d\xfd\
\x91\xcfF\xd7\xee\xfb?|\xa1J\xf6\x0b\xb8Q\xb2\xdf\
[&\x91\x1f\xf5\x7f\xba\xed\xff\xf6\x8e\xcc\xe5\xe2\xad\xa4\
\xac\xec\xef\xf9\xbf<1\xc6\xae\xc3_~\xfe\xc7i\xf8\
\xf4R\x19\xe1\x0ba)\xfby\xff\xd7m\xd9UOi\
T\xf7\xfe/\xfe\x82r\xb9\x0d\xab\xa8c\xff\xa62h\
\xe8KF\xadc\x11B#\x91\xf5s\x9f\xb7\xe0(0\
\x17\x1dyD[\x97\xd1Hj\xf1\x8dv.\xdbox\
\xf7{\xd2SL\x92\xf1x\xb7\xdd\x13\x89D\x22\x91H\
$\x12\x89\x7f+\x1e6p\xab\xe1\x02&$\x06\xea\x08\
|\xf5\xa4\xbc\xaa\xf2#\xf0\xa84\x82&Q\xc2AF\
\x0f\xb20\x06\xe1\x83R\x86\x9eQ~\x04\x22\x1cl\x14\
d\x16\x85\xd0\xe6\xcf\x82\xfb\xa0\x0a9\xe0\x91\x0db\x1e\
\xa6\xc9O\xb8m^\x97\xac=\x08\xc4\x9f\xe7\x8f\x119\
\xd5\x80P\x1aU\x1aA\x92\x0d\xba=\xbd\xb8\x92\xc9\xd3\
\xed\xe5WihKm\xab\x8fZ?\xc6\xbaQ\xdei\
\xfa\xe9u\xab\xd3\x12\x92HT-e8i(\xd3#\
7\xec1\x96\xc3\xb21\x11\xe1\xd9\xe5\x8f\x99\x1592\
\x91\xc8\x8b\xfe\x9f\xfa\xaf\x14E\xc4G\x04\xd9\x0e^9\
K\x80 \xd9\xa5\xeb\x84\x81\xbe%\x19\xb5|['\x8f\
\xd8\xb1\xf9\xbd~\xb32\xa2\xf6;!\x82\xbe\xe1\xffx\
-\x22\x94\xad\xad\xbf\xe1\xff+\xbd\x91n\x9b\xe7$\xfd\
\xf4zl\x8b\xe7\xff\xe8o>\x91\x86\xf8\x94\xff\xe3\xb3\
M\xf5\x03\xed\xeeJ\xa4\xf4\xa3M\x91>\xceo}\x88\
\xdbB\x9e\x15\x0fCJ\xe2\xf5o\xf9\xbf\xbf\xa7\xb9\xba\
1PTG\x9bR\xfe\x88\xff\xf3\x1c\xa3\x00\x09\xdd\xba\
\xf87\xfd\xdf\xfa\xe1,\x1b\xc7W!}\xff\xff\xae\xff\
c\x19\x99\xb4\xc9\x18\xb3z\xe0\x98$K\x1f\x8d=\xc3\
\xec\xab\xd5\x08\xc1\xe1>V9\x17\x5c\xf1\xcc\x16\xcd\xfe\
?\xac\x1d\xed\xc7\xd7qL\x16\xe2-\xe4\xda1M\xe0\
\xb4Z)\x1c\x97\x89D\x22\x91H$\x12\x89D\x22\xc6\
\xc3\x12\x16O\x98x\xb1\x9f[\x02TO\xc8\x1bJ\x8f\
Pz\x1a\x93\xc5\x05\xb7\xd1\xa0\xb1\x1f\xf4E\xd1\x99\x98\
\xa5\x1a#\x86\x8e\x22+\xa2Y\x15\xee\x1b\xa8*e\x84\
b1Nx<t0'\xdaKH\x04y\xe9\xf6\xd8\
;\xb7\x81*\x92\xcfm\xc5\x9b\x10u\xbaL\x19\xf6x\
$\x84\xa7\xd3\x0b\xb61\xcf\x8e\x5ca\xc2r\xfc\xa4\x9a\
\xe6\x95\x81\xbbv\xf0\xf2\xed\xb0\x93\x8d\xc19Q\x1c\xf8\
\xf3\xb8)\x87\xbaV\x81\xe3\x8ah\xf3\xdbQQ\x02\xd0\
\x1e\xbe\xbc;\xc1\xabm\xcb\x89@\xa8\xb0*\x8e\xdb\xa0\
\x94\x89\x18\xdb\xf5\xc9\x8a\xb0\xf0\xee\x13~\x1e\xbc\x87\xcc\
D\xd2n\x0cz\xf6\x0c\xd2\xe5\xa0\x1e\x9eoL>\xd8\
W\x9azc\xe0\xdb\xfe\x8fm\x81+^#\xbf\xfdm\
\xff\x7f\xfe\xd9\xad]\xac\x0e\xabw\x97o\x87s\xff\xf7\
\xe1\x11z\xfd\x0a|\xce$\xec\xca\xf5\xee\xfa\x7f1\x7f\
\xd67'e\x1f\xf4\x7f\xdb\xffQ_\xef\xfd-\xd6?\
\xfb\x7f\x8d\xf3\xe0}\xb8\xf4y\x01\xe918\xeeWZ\
\x0a\x11\xf9\xfe\xf7\xe7\xfc\xbf\xfc\x05\xfe\xef\xcd\x0f\x94\xd2\
\xd1\x9e\x9f\xf7\x7fm\x9f\xdb\x0e\x15\xc7\xe2\x95\xcb\xef[\
\xc9\xdeS\xda\x8af\xb5\xbe\x81\x0f\xdb$rl\xaf\x01\
\x95\xed\xffJ\xa1\xa6\xab\x8f9g\x0c\x97.\xaf@\xf9\
Q\x86\x8cx[\xb6x\xae\xbb\xee\xe3D\x22\x91H$\
\x12\x89D\x221\xe3\xda\x03\xda\x0fZ\xbc7\xa2\xcf\x81\
}{C8L\xbe+\x90\xcd\xa3\x8c\x09\xc0\x94\xa4\xaa\
\xc4\x17H\xaa\x0f\x98\xf9#\xc1\xc8\xab\x92\x88&\xb9(\
R\x08\x86\xaa\xb5\x16m\x81\xb6\xcfO_\x91*\x1e\x89\
\xaf\x02=\xa2\xb0\xcc\xa8\xcb\x9e\x83p\x81\xbaO\xc8<\
?OK\xbb\x88g\xde\xcb\xfb\x03X\xd9tb\xaf\xd8\
6\x8f!+\xa38i\xab\xfc\x1c\xfc[\x22a\xd7\xbf\
Q\xfb\x09\xef\xab\xc7\xc2\xab\x81iD\xbc\x88F\x0a\xed\
|\x17\x111'\xf2[\x7f\xbc[\xc7H\xbe\xad;\x1f\
s\x1e<_\xc1#\x97\xde\xb1\x8dez\xd7V\xfe\x1f\
\xc9C2\xedU;?\xe3\xff\xf4\xb6\x1dw\xf5}b\
\xacz2>\xe3\xff\xd5-\xb7\x92m\x89\xdf\xe5x\xa1\
\xd5]Mtv\x01\xc7m\xf5~\x9b\xce~\xb7\x92\xff\
\x09\xff\xaf\x8e\xfc\xd8\xff\xfd\x17\xe3E\xf8\x96\xffW\xb3\
\xee\xf6\xcf\xf9\x7fu\xc7f=\xd0\xe9amG4\xdb\
\xe2\xc9\x9a9\xa7\xe2\xfb\x13\xcf\xdb:\xa7\x5c\x87\xac\xb6\
\xea\x5c\xbd\xb0\x90\x8f+\x8d\x16/F\xc6\xb5\xe6\x81J\
\xb0\x8f\xb4\xc8\x1d\xf5\xbfL-\xd4\xb6\xd9x\x10\x8f\xa9\
\xf6\xfc\xae\xd3\xb3\xaf\x80,\xef\xba\xe4\xfb\xec\xbd3\x91\
H$\x12\x89D\x22\x91\xf8o\xc4c\x9e8s\xa0W\
q\xe1R\xff\xc4\xbd7y\xd2\xae\x89\xd61A\x97\xe8\
\x0c>9(\xb0dZ\xdf\xe2\xa1\xb4@\xe2\xda\xcf\xaf\
\xa0P(Q`\xdb\x0f\x82\x15\x9eC\x9d\x0d\x02\xa2\xa0\
\xc0\x96\xb4y%h\xe1\xc0cE>5\xd3\xf4\xa7\x95\
\xae\xb4\x17\x94/z^\xc5i@\xee\xa2\x07f\xcfU\
O\xabUV+\xfb\xee\xda\x8e\xab\xabxL\xd1\xf4S\
\x5c\xaf\x8f\xc4\xe6\xc7\x0d\xf2\x99u\xa2\x9d\xb8\x07\xe6\xaa\
\x8c\xfd\xd3\xf6I=\xbc\xb1\xc0v\xed\x08L{\xcc\xbe\
\xc4_\xe8\xd8\xd6\xf0\xc6\xcb\x8ax\xf3\xeaeR\xc6'\
\xd7%.\xd3\xbf\xb0\xf8\x87\xc0\x9b\x88q\x18\xd7\xde\xe7\
\x0a\xd8v\xde\xb1wn\xf1i\x12\xe0]\xff\x8f\xa0\xfd\
\xbf\xfeQ\xffg\xbd\xcd\xffc\x12\xed;\xfe\xff\x1ai\
z\x97|f\x9d\xe7\xfe\x8f\xe3\xef\x11\xf8\xbf\xd6}\xea\
\xff\xabgV\xb5\xecW\x8d\xbf\x14\xfb\xac\xff\xb3Ee\
<\x93ve>\xe1\xff\xd8\x16c\xab\xa0\xd0\xffy\xde\
\xe1=/h\xa9\xe7Ux\xfe\x8f\xdbsP\xa5?\xe4\
\xffB\xf4\xa2<\xa5\x03>\x0b\xbd\xeb\xff\xfe\xd6Ic\
\xcc\xd0\xca\xf62\x9d\x15\x19\xfc\xe3\xb8\xba$w\x81\x17\
Z\xf7\xf9!\xf5\x7f\x0c\xe1\xdeVJ\xcf\x12d:Z\
`Zz\xcdx\x80|\xe6t\xac\x7f/S\x9b\x1d\xbf\
\xf9\xdcI$\x12\x89D\x22\x91H$\xfe\x1b\xf1\xf0\x08\
\xdb\x964o\xb3\xd1V;\xcb9,\xd2\x1a\xabY*\
/cf\xd2\xf8\xf9b\xa1>\xcb\xbf\xfe\xabU\xadr\
i\xb20D \xd2a^\xbbTi\xa6\x8aU0\xd2\
\x01\xa5\x86\x8d~\xe0P\xcd'\x11\x92\xce#eC\xc2\
\xdc]\xf9\x84\xba\xd8\xb6\xba \x19\xf83\x22)v\xe5\
V\xfa\xdb\xbf~\xb0\xef\x05\xc5\x96T\xc1\xcf\x132\xc8\
%Z!\xf8\x13\xbb4\xe1\x18_5\xc7\x8e}\x16\x11\
\xb1i\xcbk9E\xf9\x04QLDb\xbbD\xed\x1a\
\xd94\xf2\x9aOl\xa0\xe2\x94\x89\xe4Z;\xc8\xa9\x17\
\x05D\xffj\x5cy\xe7\xb6~Xw\xb5:\xcf\xb1s\
\x17\xbc\xdf\xb9\xee\x11\x7f\xe7>\xb9\x96g\xaf\xf1\xf5\xd7\
\xfc_\x8f\x19$&!\x83|\xa2\xde\x8f\xf8?M2\
\xfe\x8c\xff\xafW\x0e\xdei\xcf\xcf\xf9?\x10^\xd0\x05\
\xb3\xff\xebg\xcd\xa7\xfc\x7f\x94i\x07\xa3\xbf\xed\xbdN\
=\x0f_\xf2\xff\x08\xb8ot\x5c\xe6S\xfeO\xb7\xfc\
\xdf\xb3\x8b&;\xb8\xdc\xf7\xfc_\xeaG\x81\xfe\x13=\
\xaf?\xff\x91\x145mR\xeb\xf8\x92\xf2\xc4\x9a\xfb\xfe\
o\xb7\xe5\xaaT\xc8\xf3\x7f2i4\xdaJ\xe6\x8e\xa5\
\xdbk\xca\x0f\x9d\xca\xcb8\x15\xad\x97\xab\x05\xbe\xa8\xf5\
\x86T\xd1\xd7d\xcfg\x1a_l\x14\xdd\x8c#\xb3\xd4\
\x97\x5c\xdc\x1dc\x89D\x22\x91H$\x12\x89\xc4\xbf\x11\
\x0f\x9b\xb0\x9aG\xd7\xfe\xf6p\x93\xda\xf9\x11C\x92A\
\xb0Q\xfa~\xcbm\xffgI\xafP\xa0BZ\x9b\xf7\
\x1b\xa2\x07\x04VHk$\x1d\xdbG4\xd7\xc7Y\xe1\
\xddI\x04\x0c\xb21\xd8j\xe9~\x10\x1a\x12-V\xf9\
\x22\xf8c\x19\xb8\xff\xa3'\x9b\x03B\xbb\xd2l\x15\xec\
X\xe2\xe3\xfa\x14\x93H\x05\xab5\x96ge\xectD\
\xe5\xe34\x0e\xa0\x1f\xcb\xf2\xb5\xea/&\xaa#+\x22\
\xb6<\xbb#x\xb6i\xb2i-kjs\xc7\xbe\xc8\
f%\x87|\xdbvd\xa2\x1dKXv\xd6Pv\x9c\
O(+\x22\xa1\xbctNc\xdb\x90p9\x91{\x1a\
\xd4\xef\xc8\xbd\x1d\x19i\xed\x8d\x89\xc9{\xfe\xbf\xb3\xf7\
\xf2k\x22\xf5\xa5\x02\xd2I\x97\xef?\xd3\xba\xffcz\
\x88\xa5\xff\xfb6\xfe\x19\xff\xa7\xa3\xf2\xa7}g\x8f\xdf\
\xf3\xff}~MD\x96\x8d\xff\xafm^a\xf4\xb7\xb9\
\x0fZk\xcf\xfd\xff\x9e~\xd4\xf6[\xfe\xdf\xe6\x0f\xf3\
\xf6J\x91}\xfc\x1c\xff\xb3\xfeOT\xc6\x7fD\xab\x05\
\xc1\xdf{\xfe\xcb\x97\xdan\xbe\xa0\xef\xce\xfd\x1f\x09[\
\xbe>\xa4A\x1e\xfb\xe5N5ym]\xe6\x15\xd4\x05\
&u82F\xfbb{\x8c\xb6'\xc5\x5c\xb7\xf9\x02\
x\x0b\x13\xf7`G\x19\x85Zn\xf5\x8b\xbeB\xd3\xb1\
|\xaeGe\x22\x91H$\x12\x89D\x22\x91\x98q\xed\
\x01\xad\x12\x0a\x06\xccmB>\xaf\x0a\xe1|zO\xbc\
6\xe5\xffi\x93\xfeJ=\x08\xa8B(\xf7`c\xfc\
\x10\x92e\x8c\x5c\x18h\x17\xc2\xad\xa5\x0b\xef\xc3'\x05\
\x07Q<Dw\x0b49\xe0\xd6\x9akc\xf2l\xca\
\x8d68\xdb\x93w\xa1\xf8\x16l\xa0x\x8b\x9c3G\
\xa3,vt\xa0sE>\xd9\xeb\xab`\xd6\xb7\xc8\xb6\
}\x9c\xf3\xc4\xbeh\xc5\xa5g+_\x93\x00T\x93D\
Q\xddw\xa4\x18_\xb3{\xcb\x22\x09\xa2\xfa\xd0\xb15\
:\xf7\xf4\xa0\xbc\x15D\xff\xbc\x1aqU\xdf\x13\x1bP\
\x16\xd6\xfb\xa4>+rh\x07\xaf\x1e\xef\xca\xbc\xab\xfb\
\xd4\x9b\xed]e?\xf2g}W\xf9A\xb4\xfd\x1c\xf5\
\xbb\xa7\xe7\x8e\xff\xd3jL\x98\xebw\xc6\xe3'\xf0\x19\
\xff\x9f}\xfa3\xfe\x8f_\xf0\x98gd!W\xc6;\
\xfe\xbf\x1b\xed\xe8\x13\xef\xf9\x7fl\xf3\xb7\xfd\xbf.l\
\xd3\xfe\xcf\xc3\xfa{\xf7\x80\xd3\xe7o\xfd\x90\x0d\xaf?\
\xff\xab+\x8b\xfd\x7f7\x8eg\x1d<\xd7\x9a\xf7w\xd6\
s@!t9\x95`\xce\xa7\xaf\xe9\xf3\xea\x5cm\xe4\
>\xdc\xcf\x8a\xdc\x9f\x06\xc9\x5c\xdb\x8ak\xb5W4\xdf\
\xa3\xfe\xf9\xe0\xb9\xa4\xd64\x0c\x22\xfeu\x9f\xdc\xdap\
\xec\xf6\x9c0\xdfL$\x12\x89D\x22\x91H$\x12\xf7\
\xf1\xb0+k0xC\xf2\xf9\x99\x8eAu/\x01<\
D\xa5\x11\xa0\xf0B\x93*{I\xd3X\xcdT{\xce\
>\xd1o\xa5\xe0\xcd\xe5c-K_\xd9\xc2\x1a\xcb \
\xed\xae\x95\xcf\x10\x1b\xa9`\xa1\xcb\x90k\x92o\x04\x5c\
U\xea\xa4!\x01\xde\xc9\xaa\xa9Q\xc2%_\x0a\x89\x1d\
x\xac\xe1\xad\xde\xb3\xfa\xf8\x0f\xd3\xac\x8ciU\x99\xca\
'\xf9\x07IP\xfd\x15k;B\x00\x89>\xcfN$\
 \x8c5\xa4\xdb\xc0\x90\x13\xe4\xb7\xd6\xe9\xea\xb5\x15a\
\xe4\x97\x7f(m\xd8\xc6Q9\xdb>n\xbb\xffS\xd6\
\xee-\x8b\xf5\x1bm\xef\x94[\x9d\xcf\xf6\x97%\x81S\
\xc1\x9f\xf0s5\x8e\x222ne\x03\x1es\xbd\x91\xd8\
\x1adm@py\xc7Q\x9a%\xf5\xbd\xe3\xbajW\
,\xdf\xcf\xed\x98\x1b\xfe\x5c\xf5\x9dd\x5c/e\x1a\xc9\
\xd5\xf5\x7f\xb0\x01\xeei|\xceG\xad(\xb7;j\xea\
9\x8b\xecA,}\xa8WNF~\xfbp\xec\xb9\xe3\
\xff\x9e\xb7\x8e\xfa\x17M\xc0\xaf\xfd\x7f\x8d\x1d\x11\xe6\xe1\
}\xff\xf7\xef_\xabr\xe7\xfe\xaf\xef}\x98%p\xff\
/\xf8\xff\xbe\xdd\xee\xfb\xbf\x1d\x9b\x0f\xc2\xfb'\xd7\xfb\
\x1b\xfe\x8f\xcf\xd9'\x1e\xa1\xffk[W\xf7\x86U\xdb\
\x9d>\xffQ\xce<7\xb0w\x0f\x0a\xcb\xdac\xd4\xf7\
\xca\xf3\xdf\xcb\xf7\xc4\xfb\xcf\x7f+\xbb(;[\xf9\xc5\
~\xd1\xce\xaf\xe8l^\xec\xf56\x97,c{\x0d\x9e\
;^\xf3K\x9c\xc8\x15M,_\xf9\x8a\xfcn\x8e\xa7\
\xa8\x9aL&m\x1b\x8c\x99\x0a\xa2\xd1N$\xa7w>\
\x9aH$\x12\x89D\x22\x91H$4\xc6\x0ah\x99L\
\xdb7\xcd\xf3j\x979h\x9e\x85Q\x9b\xe4?\x8f\x1f\
\x8d\xc0\xe6\x90\xa1\xad\x9akDr\x93\xc5aAmD\
5\x07\x18\x95F\xa0\xd1V\xb8T\xb5\xe5\x06\x925\xcd\
d\xb1\x9b\x88\x8d,\x04a\x07\x1c\xf7\xe0\x88\xec\xeai\
\x0c\xee\xf6\xf5\xe4\xf6bb\x91\xa1\x89\x909H<\x09\
X\xbcUi^Y\x9b\x86d\xc1\xf9\xda\xcc\xfbX\xd5\
c\xbe\xb6\xce7\x85\xa25^]}7\xd8\xf3m\x91\
q`\xfb\xfdD\xe7\xce\x0e\xefz\xd9\xe4\xf5>\xed\x0a\
\xeaY\x1a\x92\x16\xd6\x0f\xd6\xf6\xe0\xb5!\xd5!\xb3\x90\
8\xf2\xd2iS/[N\x8d\xcf\x9b2\x03E\xc2\x86\
\xb0\x0e\xa2p\xcd\xa1\xea\xfd\x85o\xadH=\xd4\xe0\xe5\
sL\x22\xa2\xd8\x87=\xdc\xf3\x7f\x91/\xf7TI\xeb\
9)\xaa\x83\x9fo\xd5\x8aq=\xda#\xa3\xdb\xbe\x93\
\xd4\x1b\xca\xf3\x7f\xfa\x9a\xff\xaf\xaf\x7f\xcb\xff\xd7ye\
\xcc\xf0\xfd\xa8\xf9\xff\x8d\x95\xc18N\xe6\x8b\xaa?\x18\
\xec\x03\xa3\x9f>\xe6\xff\xb2\x8a\xf4\xdb\xfe_}g[\
\x95`K\x08\x7fAp\xcf\xffi\x99o\xe7\x1b\xd4\xe7\
\x1czVC\xae\x8cw\x9e\xff\xe4[\xb0\xc4\xd9h\x8b\
\xea(\xa4s\x99\xe6^:\x0f\xf1o\xdd\xc6\xbd\xcb>\
\x93Y\xc7CJU\xfe}\x5c\xcf\xc7$8\x11,8\
\xa8\xd6P\x18\x1f\xfd\xfa \x9f/\xa1\xe4m)'\xe4\
s\x5c\x87\xd31\x92H$\x12\x89D\x22\x91H$4\
\xa6-8\xb6\x05L\xd0\x8ciM\xa0\x04Wcz\x0f\
sy\xa1\xd0J\x0f\x90[\xaa\xacR\x81\xd0\xac@\x80\
\x12\xfc\xec\x9c\x03\xf7\x88\x80F\xdb<\x02Z\xcb`\xb5\
N\x80\x01\x01M\x01\xa1\x18Tc der\xde\xdb\
D\xdb\x02\x12\xac\xf6\xa0\x9f\xbe\xab\x0f\xc1m\xa4\x03e\
\x0c,\xe3\xa0X\xc6\xc5\x9e \xc5 \x1c\xcfw\xf0\xeb\
^n\x97\xc1\xb4;\x81\xe7i\xab{D9\x07\xe1w\
\xa5\x9d\x92h\x97\xc4/\x8c\xcd\x88<\x0f\x89\x99\xdb\x84\
\xdd\xfc\xd5\xcaV\x86\xbe\x01\xf42\x9a\xbb:\xf1\xffh\
\x1c\xdci\xcf\xef\xf9\xff\xfb\xed{\xa0M\x9d\x89\xffK\
[\xdav\x8d\xfdE\x13N\xae&|\xb8x\xe7;k\
?DZ\xbf\xea\xff\xef\xe8\xf4\xf5\x1c\x90\x887\xfd\xbf\
.\xca\xbe\x82\xd9\xff\xf1YH[{w\xb2Wc<\
j\x9d\xb9-\xab\xe3\xff{2\xf7\xd3\xfe_c\xea\xf4\
\x18\xaf\xf9?\xce\x8f\x1c\x99\xb4\xd5z\xfd\xfb$\x88\xe5\
\xf9\x7f\xa5t\x02\x9a\xe1\xcf\xbd$\x83\xfd\x12\xd8\xf6\x11\
\xb7u\x9f+\xfe4\xd9\x95\xa7Y\xc4sM\x02\x8d\xf0\
\xa5\xca%\xbc\x97Uy\xba%\xb0\xbd\xdcd#\xb9\x8f\
\x8di\xce\x98H$\x12\x89D\x22\x91H$\xeea\xfb\
\x12\xc2Rt`\xe0M\xc0\xf5qU$s[E\xa5\
\x89\xe7\xca\xb2J\x01\x89\xad,\x97V?Z\xef+b\
<\x9d:(\xe82k5\xf9\xf4[\xdb\xedOc\xa3\
 \xdd4D\xb3\x03\x95\x13\xbfH\xa8\x18}\xfam\xf2\
\x22\xa2\xc4\xf2_@#\xc2\xdb\xcf\x91\xbdU\xcf\x9f\x22\
\x9f8\xd0\xc4c\xbd\x9a\xed:\xea\xe7\x0fU\x0eNt\
[Pl\x1f\xaf\xbc\xb3\xa4\x00\x92\xdek{\x87\x06\xf3\
\xe7\xd8E1\xd9m\xd3\xec\xd6\x1a\x9cn\xeb\xe5\xdb\x04\
\xe3o1\x0e\x98\xd4\xf3\xec^\xc9D[W\xf9m\xbb\
\x0e\xbb7_\x04\x88mq\xdb{\xc4\xcd\xd4\x8f\xe6\x9a\
\xa7\x8bk\xfd\x00\xf2\xf1\xd1\xc7\xfa\x94\xb7\xcc\xbe\xa7\xda\
\xafVH# =\xe4\xef\xc4\xff=\xd2\xe9\x09\xfb\x22\
\xb1\xd3\xb1\xf4\x09\xac\xc8'\xbe\xfe\x09\xe0\x98|~\xf2\
\x1fQq\xfc_\xee\xad\xd8\x0fX\x86\xafK?\xccv\
\x8f?\x92{\xc5\xf8\xe2\x0f\xc6\x89hP\x06\xd3\xae>\
\xde\xf9'\xfc\x7f\xa7\xf3\xcc\xff#\xd2\xbe\x842\xd1\xd6\
\x95\x0d\xe8\x8f\xca\x0b\xbe\xe2\xffv\xfb\x18]\x87\x9d\xdf\
a;\x952\xaf\x9a\x1e:Y\xaa\xe3\x9f\xb6\x8df\xff\
\xdf\xdba\xeb\xf6\x09\xff\xf7\x9f\xd8\xf7\xf0\x9a\xff\x97\xe0\
8\x86~\xfe\xb3/\xdb\xe7\xff\xac\xd3\xce\xc3\xae\xf3>\
\x1fky\xe5X\x8f\x8b\xc7\xfc\x9c*\x85\xe0\x07u\xe0\
\xfbu$\x0a\xf9\xcc)\xf3sG?\x07\xc8\xb1\xbd\xcb\
\xaal\xdf\xa8\x01]\xef7\xa9s\x99O\xddg\x13\x89\
D\x22\x91H$\x12\x89\xffv\x5c\xd1\x93G\xf81\xf0\
\xad\xe0\xed|\x1c\xd9\x9c\xcet\x9f\x83\x0e\xfc\xc1)\xe6\
C\x22\xe1\x9f\xf4G[\xd3\xc2\xab\xa8G@\xe1\x04Z\
\xfc\xa2\xa7ZG\xf89\x02\x86\xb9\x1ez\x7f\xcfJs\
 \x19\x05N\x90\x18\xae2\x8a\x10\x05\x87\xa7r\x22\xd9\
^\xc0w\x12\x04y\x01\xb4M\x8fVma\x00\x8e$\
\x93%\x14<\x1dH \x95\x85~<\xbfKt\x8a\x9c\
\xfe\x85\xc7aL\xe8\xd59$F\xad\xd0N\x8c>\x80\
(#\xfc\x0c\xfa\x1e\xe5\xe1>\xaaD\xfb\xbdRW\xf5\
\xf0t\xad\xceOpBL\xad\xcap_z\xb4\x07P\
\x91\xd7\xe7\x93\xcc\x01\xca\xb1\x91\x00\xd4\x08\x09!\x8eZ\
\x89\xb6\xd2\x92\x14\xc9\xe9\xfb\x02\xa6\xc5\xfb\x14\xef\xfc\xbf\
\xfeU\xfe?\xdb\xfdg\xfc_\x03\xc9\xe8\xd5\x17\x11\xb3\
\xfe\x91\xab\xfd\x0d\xc2\x1b\xd2\xac\x8f\x18\x12\x9a\x05\x95\xa6\
\xecx\xac\xbf\xe3\xff\xd86\x1e\xce\xfc\x7f\xef\xa3\x96\xd4\
\x9d=\xe8}\xff\x9f%\xae\xcb\xdc\xf5\xff\x13m+2\
w~\xfe?\xa6{\xcb\xf8\xc2\xc2\xdc\x8f\xf9\x1a\xca\x12\
\xf9\xf3}\xf7\xf7\xfc\xbf\xeb\xbe\xc6\xbc_>\x92ke\
\xdd\xf7\xff\xe2\xa6\xab/}Z\xe2\xb9\xff\x13~\xd1\xa7\
u\xb4gr#x\xado\xb7\xbc\xfaK\x83\xeb\xcf\xac\
\x8a.X\xec\x22\x99\xab\x92C|\xef)]!X\x86\
\xd6h2\xba\x8e\xf9\x82~\x96\x90\xd6]\xa4\xa4\x1dK\
'\xcf\xe7D\x22\x91H$\x12\x89D\x22\xf1\x9cQ\xff\
\xbf\xff\xad\x12P\xe8UB\x12p\xb4kz\xcf<>\
\x86\x9f1\xc2\xa5vu\xde\xed\x10%pJ\xa7%\xfa\
\xe2\x98\x22\xcbS\xc8#\x88\xf4\xaa\x9a\x02\xf9.\x9b\xc7\
\x22\xb5j\xf2@\xd9\x22\x81R\xb3\xbdn\x83s\x0e`\
t^\xb9\xb2\x93q\x82U\x90\xfb\xe8\x04Z%Y\xc1\
\x8d\xf9\xef\xe8\xc7\xbe\xdd\x9d\xebk\xd2\xd6\xcf\xa4h\xaf\
\xe2\xf7Z\xc1'\xbd\xec5\xadM\x8f\x09\xb6\xdb\x96\x9b\
\xec,\xfe^\x9b\xd8\xcf:\x8c\xa6>v\xea\xed:\xfa\
v\xbf\x86\xd3\xbe\xb6\xf9\xbc\xf6\x8c`\xf3\x9e\xf8\xc8\x95\
/\xbc^\x82\xab\xfex\xc7>a{V\xf9<\x9b\xbd\
<\x98\x8ee\xde!,W\xe9wpW\xf6\xef\xfb\xbf\
\xd6\x1d\xefU\xfe\x1e\xce\xfc\x7f\xbe'\xb5\xeb=\xd5r\
z\x9e\x9d\x81\xff\xdbc]\xa4\xbcT\xe7O\x8c\x8fX\
\x96\xff\x84}\xc7\xff\xe9\xa6\xff\xbf\x0f_\xd7;\xfe\xdf\
\xe6\x13r\x1f\xb7e\xb1\x8c7\xbfp\xad\xfc\xb2\xff{\
\x8f\x85\xef\xfb?\x12\xc6f\xb5\xf9\x1d\xff\xafxP\xcc\
1\xa4\x15/\x0f\xca\xe6/g\xc0.&\x9c\x9f\xa7\x8f\
\xd8\xff\xed\x1ct$U\x98=]S)\xde\x82C\xdb\
!\x0b.\xb8\x1d\xb0\x8d\xf6\xf7\xceD\x22\x91H$\x12\
\x89D\x22\x11\xe31\x13Ma\xd6\xfeY\x08\x03\x15U\
\x06\xe2\x9fkZ_\x9cpN\xc5XM\xce\xe0\xae\x99\
w~\x06\x0f\x83\x84\xa0\x89\xb8\x9bIF\x08V\x0b)\
\xc2t\x0e\x10\xca\xd0\xc3\xc5\x0b\x93\xbb\x15\x08\x0c\x96\xca\
\x81*i\x9dz\x15\x0f\xdd\x0e>#B\xd4^o\x84\
\xe8\xb0f4\xe8 Hk\x9d\x82O/m\xa5[\xaf\
\x8c\xa2\x89xh\x9f,\xf7\xb2*\x0e\xbc\x16\x84\xc1\x0a\
l3\x96\x8d\xdbH\xf7;\x99\xd5\x91\x91n\xbe\xf6\xfc\
\xbbV\xdb\x96y\x9b\x0f\xd6;V9Y;\x1c\xf29\
j\xcf\xd9n\xb4\x95\xc2\xc0~.\xa3\xaf\xdd!\x1al\
\xf9(X^]{\x02W'\xb2_\xd8\x95\xdf]\xd0\
H\x9b\xaf\x9b\xed1h\xb6\xcf\x12\x8f^\x7fF\xed\xe0\
\x8d\xdfh\x9c\xa2\x5c\xec\xf7]_Fc\xf3\x9b\xfe\xef\
\x95\xfb}\xff\xf7\xb6\xde\x89\xc7\xefw\xfd\xff:\xa2\xb5\
\xff\x172wN\xc2\x9f\xf6\x17\xf0\xff\xf9\xde^U:\
\xfa\xfc\xceg\xf7v\xaf\xf3\xbd\xe6\xff\xd6\x9fp\x5c\xcf\
\xe3\xc2\x83\xbdV\xcc\x9f\xb7:yW\xa7\xd3:\xb3F\
!\x1e?\xe3\xff\x85\x1c\xc2\x10l\xf3\xfd\x9f\x8cLc\
\xe5\x17\xfd\x9f`\xdc\x12\xccq\x8aS\xee\xb3\xfe\x7fi\
r\xfd\x7f\x8c\xfd>9\x92\xb9\xd7c1~\x8b\xf1S\
\xac\xe3T\x82@\xbc*\xab\xa7m\xd5\x94\xe7\x91Y'\
\xf9\xd7\xdcN\xad\x8f\xee\xf9X.\x89\x1e\xd9R\x84H\
\xf6\x9d\xae\xa4\x0d\x95z{m\x9dH$\x12\x89D\x22\
\x91H$\xce\x10\xbe\x84PV\x06a `'\xe6\x98\
\x9f\xae\xd5\xc7\xd7T\x1f\x82\x84BL\x0aK\xb8 a\
\x03_\x00\x8a\xaa\xc2\x1b\xcf\x8b\xd6\xcb\xf6\xa0\xf9\x88Z\
e\x07i\xdf\xd6\x9eVL\x19\x15,UZ\x85\x92\x1c\
$\xcfei\x19\xf4\xbd\x92\x1fQ\xe8^\x80\xfb.\xc4\
6\xbf\xae=Q\xf7\x1d\xc5u\xc4O\xf5\xf3i#s\
E>\x89\x96Y\xae\xb5\xdd\x93\xb7m\xeb \xb8<\xed\
#\xdd\x1c\xdf\xe9/n\xbf\xe7~\xb4w\xc6\xdaq\xbe\
^\x09E\x02A\xde\xeb\xdc\xf8\x8b\xc6\xecs\x11Y\xe1\
\xea\xbfc\xeb\x1b\xb2^-\x83\xf9\x7f\xd3\xff\x7f\x1b'\
\xb6\x9e\xa4}\xde\xff}\xb9\xf6\x9a'\xaf\x1d;\xa4\x99\
\x14\x5c\xfa\xff\x8ej\xfa\x8d\xfe\xbc\xe7\xff\xcf#\xef\x19\
h\xf3\xcd\xfde\x89[\xbev\x81\x89[\xda\xb7I\xcb\
^n\xf8\x7f,\xf1[\xfeO\xdb2\xd5\xd5\xf1;\xfe\
/\xf3\xa1z\xd4\xda\x9f\x81\x9dk\xa9zK\xa2n\xbb\
\xea\xd5\xb1\xcf\x0d\xd9_\xa9\xc2\xf6is\xd3\xf3\xf9<\
\xe7\xac\xfd\xff6\x7f\xbb\xe6\x89c\x9a\xa7\xe7m\xf8\xdc\
\xaaL\xe0_\xca\x1eD\xbc\xca\xb9\xd4\xa1o\xbeG\x91\
\xba\xd6\xc8jm\x977\x06v\xf7\xacD\x22\x91H$\
\x12\x89D\xe2\xdf\x0e\xf7%\x84H>\x0bdE\xb2\xce\
_\xa9\xbdQ\x9c\xa6`\x84\x83\xa7\xb1z\xa4\xaf\xec\x11\
j\xb8\xb3\xd2$\xab&\x09\xae\xc9\x84^\x074\xbc\xfa\
\xa5]7d\x83!\x00k\x95\xc0\xc0\xeeg=\xca\x80\
\xf0B^\xc0\x5c\xcc\xa7S\x96hI\x84D\xf9\xa3\xa0\
\x85WA\xc9:\xbeY\xae\xb7\xea\xe9}\xb4\xb6\xc5\x97\
\x09F\xb9\xa8\x94\xa9el0fI\x22&\x9f\x98\xe4\
\xb0\xd0\xf5(\x10\x88\xe2\x08\xa1%Q4V6\x16?\
\xbf\xaa\x03\xe7'\xdd\x1f+r\xc0og\xd8\x8a\x86\xd6\
?\xcb\xe5:b\x1e\x8f\xec\xf1dD\xa4\x9b\x95sJ\
\xc4<\x80L\x1a}\xda+\x82-\xee\xf7\x99\xac^\xb3\
\xfd\xa3\xfb0\xae\xe7\x8e\xb0Y\xa5\x9d\xc8\xc2v\x8c\xda\
\xd3\xca[\xf9\xe5J\xdf'\xfd\xdf+\xef\xd9\x89i\x9f\
$@N\xc6\x8f\xebS\x1f\xf5\xff\xb8\x0d^\xf7\x7f\xd4\
\xd9m:\xf4\xff1\xc2\x176\xad\xc6\x9a\xad\xe3\xf7\xfd\
\xdf\xcbS\xd4\x9f7&#\xf2y\xb4+\xa7\xc9E\xb2\
\xda\xa2\xba\xed}Vl\xf3\x9a\xf0\xd3\xfe\x8f\xcf\xb0\xd8\
\xff\xfd\xb6\xfe\x1d\xff/@>\xcf\xbe\x85y\x7f\xc3\xff\
\xd5\x8cl\xe9\xff|\xae\xc9\xecG\xc1\x95\xee(\x91F\
\xb9Z%\x1d\x8f\x9b\xde\x9e^`^\x04\xca*+}\
\x1e#a~M\xa7x\x9eZ\x95|!\x9d\xb1?\xf0\
\xd7^\xda\xe5\xb9N8\xae>\xd9\xf6\x89D\x22\x91H\
$\x12\x89\xc4\x7f+\x1e\x18\xa8\xf3D\x9c\x03\x06\x1d\x0c\
\x98-*\x80\xe8\xad\xf0zr\xe4\x0bm\xa8\xda\xc8j\
I\x01z\xc0Y\xdb\xe3\x05\xc7\x04\xc4B[Ic\xe1\
\xc7\x98\x05\x02\x1e\xe7Z\xb7\xc5\x92'R\xbf\x0a\xed\x12\
\x133\xab\x80\xd3\x0b\xe8\x89\xe6\x80\x0d\xd3v$\x90%\
Kv\x01\xb0o\xc7\xd0\xea\xd8`\x08\x9c\xea}Q\x10\
\xd0\x1c.\xf9\xe3\x93/\xb34\xd1\xc2vDd\xd7\x8a\
\x88\x1aR9\x9d\x02\xdb\x03\xa2\xc7\xca\x22W\x8a'5\
&\x17\x14\x91\xb3\xe8\xdf\x93<(\x13\xcb\x05\x99fK\
\x81\xe0\xe0\xd4\x99\x13\xd0\xfd\xe0\xd5\xdd\xf3\x9b\x93\xfe\xda\
!\x22\xc7\x90\xcc\xb4\x88H\xbbH\xb77N#2\xf0\
\xbb\xfe?\xb7\xdd\xef\xf8\xbfO\xe8\xdd%\xcb,\xee\xfb\
\xffZ\xce\xab\xfe\x8f\xe9P\x92p\x1c\xd7\xc5x\xd7\xf7\
Aso\x0a\xae\xf0\xb3\xe4o\xf2\xffx,\xcc\xf7\xaf\
\xe8\x19\xaa\xce\x89\xdc\xe7\xa6M\xb32\xee\xfb?\xdc\x9b\
\xbe\xe0\xff\xea\x0b\xb8\xa5\xff\x0bY\x19\xe1\x9b\xfe_\xc6\
\x98\x93\xfb\xf5\xf7\xfd_?\x87k\xf0\xfc\xf7\x80\xa6\xa8\
v\xa0\xc8\xff\xfd\xf9@+\x8a\xcf(\xc8\x8b\xc6\x10\x8f\
?\x98\xcf\x8e\xfd\xca\x1c\xe9E\xe4\xcb\x9c\xb6*\x9d\x22\
w\xfe\xbc3\x8e\x13\x89D\x22\x91H$\x12\x89D\xc3\
\xd8\x82\xc3\x06B<1g\xb2W\x80/j\x91\xb4+\
@\xf9\x19Rg4a\x9c]\x05\xe8C\xf7S\x8ef\
\xb0\xc9R\xd5\x8e`\xc2`\xa5\xf6\xc5->Y\xf4\x94\
Y\x95M\x92\xa7\x80<2i\xb6*g?\xf5\xbdG\
\xda\x14\xdaI\x8c\x08\x96S\xc4v\x97m\xde\x12\x94?\
m\x8b(\xbf\x9c\xcf\xc1\xfa\xa9\xae\xa8\x9d\xcb\x81\xfe\x13\
\x1b\xe9H\xf2\x19\x22\xd9\xd1\xaa\xb6O\x05\xba\xec\xc5\xc5\
\xbd\xb2(w0\x86\x9f\xd7w/\xa4\xc3\xba\xf0\xf1\xbb\
\xe3ye\xebg\xfa\xf9\xbdr\xf7\xfc\xffL/\xcb}\
\xb5\xfci\xd9S_\xff\x9c\xff\xeb<O\xbc\xeb\xff'\
\xfa_\xcd\xd3s\xde\xba\xc2\xf7P\xfa\x03\xfe\xff*\xda\
3\xf5\xbe\xffW'\xcf\xe7\xfc\x1f\xefd\x9a4}\xd7\
\xffOF\x11\x7fA/wU\x1f\xdf\xf3\xff3;\xbd\
\xf2\xaf\xf9\xbfmS\xf3\xacv\xb8a\x1fOJ\xf8'\
\x18\xe3\xd2\xa7\xfc\xc5HQ\xf3\xbf\xf6%\x007{\x85\
\xb6/\xbdA\xaal\xecF\xeae\xcd\xa4\xedkU\xd0\
\xf3X$\xa2\xc3'\xa5\x22\xbb1\xfd\xb3\xfd\x9cH$\
\x12\x89D\x22\x91H\xfc\xb7\xc2,!\xaa\xe3\xb3\x05\x06\
\x95x\xe2_\xab\xac\x04b\x94A\xe6\xce/\xfa\xc1\xe9\
\xbb]5s\xadL\xa9?}\xd5\x8e\xe8.*\xa7\xb7\
B\xa6*\x1b\x89\xb4=??6\x18\x95\xe3Y\xe6\xfc\
\xa2\x1c\xac\xdf\xc9\xea\xb4\x1dV+\xa2\xd0\x94\xb6\xddF\
\x9d\xf2y\xe5#\x02\xc6\xea\xe5?\x94\xe3\x12\xf2\x01\x01\
\xe9\x05U\xab\xd5Z'$\x05\xe6\x97\xf2\x0f\xf2\x83\xbd\
\x98hZ\xad\xe2\xba\xbeT \x0ai\xd5\x93\xf6\xd3\xe3\
\xa2\xfd\xd9\x15a\x9e~\xcf\xb6\x13\xfd\x9c\x1e\xdb\xb1\x81\
S\x7fl\x87!G\xadv#Z}\xc1b\xc7\x10\xa7\
G\xb6\xdf\x0d\xc0\xa3U{w\x81z\x9f\xfb\xe2z6\
\xad\xda\xdc\xca:!\xc5>\xe1\xff\xab1\xfc{\xfe\x1f\
\xe3\xf7\xfc\xff\xaco\xd0\xa6\xd3U\x9cw\xe4\xde\xcd\xd3\
S\xa9=\xfbh|\x8e\xe7\xc7\xf4W\x86\x1c\xfbl\x1c\
\xe9/\xfa\xbfW\xff]\x1f\xed\xbe,\x92?\xda\x96q\
\xc7\x0a\xf9w\xcb\x02\xb2^\xf7\x7f\xf4#Im\xcf\xff\
2\xd9t\xc7\xff\xc7}\xb3\x94\xe53D\xb6\xa8*\xe6\
\xd3\xc8\x0b\xf4\xbd\xe7\xff\xfa\xf5\x9a\x7f\xce\xff\x1b\x11?\
x\xe2\x85\xeb\xb52u\xa2\x84\xe3\xbe\xe1|\xd2\xbe\x17\
\xb1<|L\x8f\xe5\xca\xb2\xeb\xa0\xa5\xfd\xa5\x04\xe3Q\
(sOM>w]\xc5\xda\xe3\x8f9\xd6\x9fH$\
\x12\x89D\x22\x91H$\xf6\xb8\xa2(\x1d\xac]\xff\x0e\
\x02W\x08YM\x16\xb6I\xbb\x0e\xa5G\x80r\xfd\xd3\
W\xb1P\x0f\x10\xc6*\x15\xba\x8e\xaf?&\xb7\xbb\x04\
\x0eRX\x1e\xaf\x84\xa1\xbe\xea\xda'Pi\x04\x0b\xb8\
%\x87\xacR\x82\xa0\x1c\x8e\xad$\xce\xcfe\x98\xcc\x8e\
\x82\x8b;A\x87GP\xb6\x00\xb7(b\xc2\xe6_\x11\
\x12\x9e\xcc(\xaf\x0e\x1c\xfd\xbd5=p\x10^\x16\xb2\
Wi;{\x88\xe2@\xfbD\x8eJo\x82\xc2\xeb6\
\x18\xb7d\x8c\x10\xb2\xf8\x87\xf9\xe9\xc8\xa6WI\x15\xcf\
.\xef\x1c.@P-\x114\xebW\xab\x0dG6\xf6\
\xdf\xf5\xcf\xb5\xa3:x?y\xdf\xd5g\xd8`\x08\xa1\
\x13R\xcc\x93\xe1\x81\xd3\xd1>\xcc\xbf\xf3\x15\xcc\xcfe\
\x98\xcc\xfe\xa6\xff{u\xc0\xfc\xdf\xf1\xffs\xdbO\x89\
\xbbU\xde\x95=\x8cO\xf8?\xcby\xdd\xff\xebQ\xb9\
\x9dMH\x12RH\xc3\xf6\xbc\xf8Y\xe7/\x8eVz\
\xad\xbf\xd6\x85\xffc>\xef\xd8\xcb'\xd7\x85\x04|\xd5\
\xff\x9fuz\xf4{T\xa5o\xf9\x7f\xe9\xcf\xff:\xe5\
\x7f\xc5\xff+\x7f\x99U\xfd/4\xb5\x1c\xec\xc99\xf7\
\xb7\xfc\x7f\x10\xae\xea\xd95\xe7}\xdf\xff\xcb6\xbd\xb5\
\x9d\xcc\x9f \xb7.S\xf6[\x85\xe8\xeb\x15\xfe\xe4Z\
\x7f\x8a\xe9\x7fe\xa8N\x00\xce\xbc\xcf%\xe5\xcb\x95\xd6\
\xf7z\xfe'\xf3\xde\xb9\xcdp\x9c\xec\xee{\x89D\x22\
\x91H$\x12\x89DBpE\x94H\xb2\xc9\xa4\x5cg\
l\xd7,\xa9\x8b\x99\xf4\xb9\xe6\xa69\xf8\xe0\xd3\x1e,\
\xf4\x95&\x85\x7f^Y8\xcd\xbeh\xc9\xbe\xe0M\x84\
1Q>l6\xc1\x1b\xdb\xcd\x95}0\xf1k\xe2\x06\
!\x0d\x8c\xc9N\xa0\xac\xdbe\xbd\xa5\x02\xca(W\x90\
\xfc \x0aV\xd0\xac\x82l\x9b\x0f\xf3#\x01\xe1\xe9'\
\xd6\xde\xdf\x02o\xeb\xea\x91\xf2\x9c\xe3\x15\x02\xce\x06\xe7\
\x96\xdc\xc5\xfe\xbb\x8e\x0e\xea<\x05\xd4\xd8\xbedI\x13\
?\xa8\xc5\xf6\x95q\xa3\x09\xd9U0\xbc\x0b\xdcWc\
eu\x0d\x09Z\x8ft\xf0\xfaE\x07\xe2\x8d\x1c\x12\xd2\
J>\x9f}~J\xa2\xed\xea\xb7\x22\x8bl\xbaG\x80\
\xe8\xb6\xb7~Z\xa7\xebV\x86W\x8fU:\xa7Yr\
\xce\xda\xb7:\xff\xa4\xffS\xf7\x7f=\xfe\x8b\xe9/\xf1\
\x13\xb0f\x5cG\xff\xe1\xfe\xc5{\xa0\x96\xe9\x93R;\
\x02\xe8\xe4\xda\x9d2\xbb\xf3W\xfc\xdf\x93q\xdf\xff\xfd\
\xf1b\xcbE2-\xf0\x99\xe3_\x83_\xe5\x98\xfb\xaf\
;\xe6i\xf6\x7f\xab\x8ba\xbf|\xb1r1=\xb2\xdd\
\xbf\x8e\xe3T\x18>;\xde\xac\xee\xc8\xff\xc7\xbd\xabV\
u\x1f\xa3\xb7\xfc\x9f\xc0&\xbe\x9f?\x86\xcd\x9f\xf2\x7f\
\xaf\x1fb\xff\xf7e{[\x15}\xe2\xf9/\x0a\xdb\xfc\
&\x1e\x83\xef\xfa?\xfa\x89\x7f-\x9a\xdf\xc8\xb9:\x83\
{\xded\xb1\xf6\x97+_\x1d}\xde[\xa1\xad}.\
2\xe7,]I\xcbM\x928\xc6\x01\xb0\xd1C\x8f\xbc\
\xff\xa4\xe5a[\xb5_q\x9e\x13\x9fJ$\x12\x89D\
\x22\x91H$\x12\x1a\x0f\x1d\xe4\xc9\xc4\xbb\xa7\xb8\x85`\
1\x8b\xca;\xa6\xe2Wl\xd2\xa6\xffc~>H\xce\
\x7f\xd2\x9f\xab\x8b\x0b\x97\xe0\x80\x91\xb3\xd5k\xf5\xb1\xc8\
\x96\x89\xbe\x0e\x0e\xbc\x80\x11\x03d\x0e\xceh\x1b r\
~\xf2\x7f\xb4\xe9\x94\xf5\x09\xb0\xd9\x1eU\x85q\x1c\x91\
\x1f;\xb2\xc0\x06\xd2\x96\xbc\xb3\xc1?\x12_\xabz!\
yq\x91\x99H\x18\x94h\x0c\x9c\x07\xb1+\xd8\xd5a\
Q{Ni\xa5,W\x0azv\xdb@\xd7{\x89\xa5\
G8a\xbbz\x04\xcb.\x18\xe5\xbaY\x02\xcc\xd3\xd9\
\x0b\x8c?\xa6\x99\xcb\xf8w\x94\x1a\x9f\x128\x17\x95\xae\
\xfb\xff\xfe\xca\xec\x88\x94;\x81G\x960\x9e\xab\x8b#\
\xc2\xa7\xf9\xff\x8f;\xbe\xbc\xb6\xb7\xe51\xbf\xf5\x13{\
]\x13g\xb4\x81\x9f\xd7\x1f\xaf\x96\x0c%u\xfc\x18\x84\
Q\xcb#_\x8a\x15\x22u\xbf\xd4\xfdI\xa1\xff#\x11\
W\x02\xff\xf7\x09\x9eK\xff\xe3\xa1\xf2\x95\xff\x00\xff\xdf\
\xe9?\x19#\xde\x8a\xde\xdf\xf1\xff\xa2\xeeE\xb6\x9f\x90\
\xe4Z\xdf\xb9\xb5\xfcU]\xbc\xf3\x1df\xff/\xceg\
q\xaf\x09)<\xb7M\x05\xfff\x09\x83h\x7f\xd6\xe5\
c\xfeO\xc4_\xd0XD$\xf0\x0el#\xda\x1d\xb7\
\xbd\xf4\xa7\xb6\xeb\xb3\xcf\x7f\xe2qU\xf5\xf6!\xa7\xfd\
m\xfd \xf6\x7f\x9ecU3f\xcd\xfc\xa9\xa8\xbb%\
\xad \xe3\x84\xefcA\xdd13\xb5|Em\xc3\xa1\
\xf3^mi\xc7f\xc1\xb1Y\xfa\xd8\xb0\x9ad\xb1C\
\x1b?\x5c_\xb9Ft\xdf\x97\x12\x89D\x22\x91H$\
\x12\x89\xc4sF\xdd_B\xa8\x12%\xae\x814\xd9\x06\
C\xaf\xd8\xe2|u\xac\xbcA\x1e\xa5\x90\xe2Z\xaew\
\x00\xd6\x11\xa0\xe0J\xa7\x96\xa9\x22\xf9\x0c\xe9\x0c\x96\xdf\
\x8e\xebD\xf4\xb4\x22O\xb9:\xc8\x85\x1a\x93\x04R\xd3\
U\xb1\xa3W~z\xb9R\xad\xdb\xe0c\x90_\x86\x0c\
\xbf\x03/\xb0E9\xcf\xe3\xa7mH\xd6\xe9\x00\x96T\
_\x19A\xac\x84N\xac\x8a\x82l\x8b\x8b\x5c{h\x1b\
\xb8\xfc\xba\xdc\xfcb\xb2'\xbc\xd5b\xaf\x86}\xdc\x1e\
\x11l\xf0\x1f\x11\x9a\xe7\xfa\xee\xf7\xf9e\xc7A\xca\x8a\
\x88\xb1c\xe4S\x812\x12\xba+\xa2pU\xd6\x1e\x9f\
\x9c\xdf\x93\xa5\xef]\xbe\x98\xb3\xf6x\xc7\xff\x9br\xd1\
u\xf9\xea\x17\xfc\xbf,\xfd\xbf\x1e\xf9\xff\x99-\xf4\xa6\
\xff\x0fI\xe4\x11R\xb6\xafV\xfe\xff*v\xfd\xf6g\
\xfc_?\xdb\xe6kD^\x9b\xd5E\xff\xfd\x1d\xfe_\
\x8fm:\xf1\xff\xfa\x82,\xbf\xee\xe7c\xe9\x8e\xff\xd7\
\xb9\xb0\xea\x1b=\xc7A\xf8\xfep]y\xfb\xf9\x0f}\
T\xfc\xba\x95c\xff/\x9a`&\xbf]k\xffr\x0d\
m0l\xb4S\x9c\x7f\xfd\xe6=\xff\xcb\x98[\x82\x1a\
\xc7e\xdavn\x8e\xe54|L\xcdU\xcb5\x11\xd5\
\xcf\x0a\xbd\xe5\xdb\x8cv\xad\xc9\x88\xfb-\x91H$\x12\
\x89D\x22\x91H\xc4x\xe0j\x9a\xb6\xe2C\xafFa\
TgE\x93L\xe85\xe9lCg%g,\xa2\xa9\
S\xa0\x82\x81\x91-\xc7\x921\x0dW\x00B\x16\xc2\xe0\
`\x10\xe0}\xbdL\xab\x1b\xeb\xa3\x10\x18l\xdbt\x0f\
\xba.\x14\xc6'\xaa\x8e5~\xa1\x96\x17\xdc\xa3\xee\xe7\
\xb1])*\x01T\x19\xab{\xad\xbd\x05\xd2N\xa9\x89\
\xc8F2\xeb\xf3\x9aMU\x9dc\xc0\x1c\xd5i\xb2\xb1\
\x14\xa9_+\xdck\xe5\xc3\x0b^G\xa0iV\x19\xa2\
=h\xd7\x8a|\xb2:\x10Q\x7f\xdd!~\x0a\x91^\
KX\xdaY4>\xbd6#UV\x1f\xef\x08]\xfc\
\xdc\xe5\x89\xf2\xaf\xca[\x9b\xbc6o\x9fW\x8e\x988\
%\xbf~Z\xb7j\xc9\xf6\xc7\xfe\xef\xdewb\x9bw\
\xfe\xaf\xfaMn\x90\xfds\xeeW\xd4\xf9\x09\xff\x7f\xae\
\x14m\xab\xa7\xf9>'~\xc2\xab\x1a\x1f\xe0\xeb\xe3\xcf\
Ks\xfeH\xc9\x95\xffZ\xdd\xf8\x0b6\xf9[\xfb\xbf\
\xbe?\xa1_\xae\xfc?j\x0b\x9b\x7f\xd7~\x7f\xa7\xff\
\xaf|x\xdeV\x05\xaf\x97\xb2\xdf\x9a\xe3\xcf\xf9\x7f\x99\
\xec\xc5\xe3\xd8\xff\xb5o\xd8q\xea\xc9\xf2l\x89\xed\x97\
?\x9cox\xb8\xf3\xfc\xf7\xfd\xdf'De\xbe\xf4\xad\
\xe7\x7f\x03\xfb\xff\x9d\xb1\x1c\xc1>\xefkP\xb7\xcb\xa6\
\xea\xfb\xff\xd8\xab\xba\x88\x1c\xb6%\xf6\x7f|.h]\
jT\x14\xb0aLB+h\xe9s\xd5.\x9b\xd4\xcb\
\xb5\xf9\xb8\xaa\xbc\xcd\x0e;\xa6\xb5-w\xdb1\x91H\
$\x12\x89D\x22\x91\xf8\xb7\xa3\x94\xff\xf9\xbf:\x07\x14\
\xb8\xda\x833\xb6\x95\x1fm\xce]\xa7@\xca.\xf0\xa9\
p\xd0\xca\xf2\x01\x07\x01\xa4\xc8b\xbe\xacW\xb9\x94a\
K\xcbc\xf7\x85\x94\xb4\xb6m\xc7c\x04\x1e\x15tK\
\x84R\x8d\x5cR\xf5\xa0\xe5\x8a4\x1f6H\x1dR\x9e\
{\xef\xf6\x00\xd1#58-\x22<8\xcf\x13\xbc\x0a\
\xcb\x97\xe3\x07\xe2Q\xa0\xbc\xd3\x87\xf5\xf1\xf2\xf1\xca+\
m\x8f\xb4\x9d\x17\xb4\xb3,ok\x05\xd7F\xa9X\xeb\
\xcf\x12\xefs\x1d\xd9(v\x9d\x01e\xed\xe5\xae\xe1\xb6\
\x01\xca'\xaf/\xe6\xf1\xc1\xb2\xac\xfeS;N\xec\xbf\
\xd3\xae\x1ely[\xd6\xda\x5c\x83\xfe\x1c\xfe\xaf\xa5S\
\xec\xffZ^\xf3\xffb+|\x09\x05\xef'\xeb\xe5\x8a\
\xf4\x02\xad\xa78\x19\xef\xdf\xf5\xffz\xec\xff6\x7ft\
\xed\x8e\xffc\xa7\xb5[k\xaf\x13\x91\xde\xd0\xe8\xc8\xff\
\xa5\x87\xc0\xfd\xfbx\xa1\x17\xfc\xff\x1c\xdf\xf6\xff]\xdf\
y\xbaX\x96\xcd/\xe5\xc0\x7fh\x8f?\xe7\xff\xb4\xed\
\xcf\x13\x9d\xd3xS\xfe\xffs\xab}\x95L\xa2\xa9=\
O\x11\xf9?\xdd\xf6\xff\x1a\xda\xf6y\xff\xef\xc7\xee\xb5\
\xb2\xf1\xff\xa7=4\xc8\xdb\x02\xe4/\xff\xdb\xca\xf3\xb3\
\xae}yu}o\xd5\xb7^\xd3\x13=\x7f\xce\xd5\xba\
ZVG\x8b\x5c\x1as\xb8a\xaf\xb7\xe0\xa0\x8c3%\
7\xeae\xf9\x85_\xb7\xba\xe2\x9cfX\xd5\xf5\xda\xb2\
s\xfb'\x12\x89D\x22\x91H$\x12\x89\x19j\x0b\x0e\
\x0e\x10\xc3\xcc\xe1\xf5>Y\x07\xb2\x9a:a-$P\
5\x04\x0f\x86\x02B\x11\xd5\x1f)\x1f\x07&&\xf8\xee\
l3\x07\x02j\xe1\x8a\x22\xd2%\x80\x95\xe0\xe9\x1eQ\
!:M0Xg\x12;\x22\xe30\xc8\x8b\xf2\x84z\
z\x9d\xb0\xedX\x9eK0\x5c\xff\xb4\x06\x88H\x16\x1b\
pF\xa4\xc2,\xff^\xdb\xed\xec\xf4CQ\x9a\xec8\
\xd0\xf4b\xb9\xb9\x0c\x96=#[\xa0Lm\xdb$\xf8\
{\x9a\xdaq\xfc\xda8\xf4\xc8\x17k\xe7\x8e\x0c\x8d\xea\
\xb3K\xdf\xd9\x15\xf5\xf5\xaa\xae[]8n!\x8du\
\x8e$\xd0\xf4.\xc9vb\xe7\x09\xc1\xf89\xff\xd7X\
\xb7\xb5\x7f\xfd3\xfe\xbf\x06\x12\xfeC~\x9d\x89\xebc\
y\x8a\xac\x93g\xc6y\xb9\xfb\xba\xde\xf1\x7f&\xeb_\
%GO\xf0\x14\xc1\xefL\xc0v\x1e}\xda3\xfd]\
\xfe?$\xdf\xd6U\x1d\xff\xaf5&L\xd1\x963=\
g$\xe2\xa9\xff\xd3\xb1\xff\x9f\xdd\x0f<\xdc\xf7\xff\x0a\
$\xed'\xfc\xdf<\xb9\xab\xfbU_\x9b\x13\x12?\xfb\
\xe8\x00\xba\xfcU\xae\x93\xd9:\xcf\xe6\x8e\xc0_~\xd8\
\x8c\xd7\xdc\x09\xdeS\xc2\xa9\x0e\x09\xdd\xd2\xa1\xed\x88\xa6\
~J$\x12\x89D\x22\x91H$\x12kLoa\x8a\
\x02\x83\xce\x1d\x907\xcd\xe72\xa3l\xc5I\xba\xcd\x8d\
\x93\xf5\xa2\xe4\xf1\xca(\xc8I6\x9ch[KTS\
\x96D^\xc5\x80\xa2]\x97\x9f\x85[\xfd3\xf8\xd2.\
\xa0(\xa6b\x12\x8c\x949\xcf\xa4\xa3\x86\xf2#B\x03\
r\xc0\xa7&\x90T\x8eZ\xc9ZdIJ<\xb6z\
-\x81i\xcbX\xdd'\x04\x85\xca\x0b\x04\xc9\xdcr>\
<\x12\x97\xd4\xcfq\xe7\xd5I\xb6\x1c\x06\xfe\x1e)a\
\xcbDA\xa6\x0d\xc6e< a\xf5\xb8\xc6\x07\xff\x1c\
\x1a\xc7\xbd\x1e/\xfaK\x84;\x08\x89\x8f \xcf\xaa\x9f\
V\x04\x8e\x95\xbb\xf6\xa1\xd5\x0b\xc3\xcar\xeco\xc9\x16\
\xf3\xc2\xcc\x12\xe8\xc6k\xbc\x95\x03\xe6Y\xd9\xbe\xcb\xc3\
\xb6b\xbe\x88\xf8\x89t\xbc\xee\xff\xbe\xbc\x93\xb4\xcf\xfa\
\xbf\xd6\xe3\xd6\x1f>\xf9\x9e4\xf2B\x1f\xe1\xdf\x0a\xf6\
\x1e[k%\xdf\xff\xb5\xc4\xdf\xf4\x7f\x8f\xb0\x9e\xfd\x7f\
n\xaf\xd7\xfd\x9feE[\xa4\x90\xb9'-\xfa\xe9W\
\xfc\xdf{\xfe\x8bm;\xffw_\x1c\x19\xe8f\xdc\xf3\
\xff&\xf1S\xfe\xbf\xbaG\x99\xdc\x93\x9c\xef\xf9?o\
\xe1\x22/?}\xdf\xffi\x8f\xda\xc7\xe6\xa8\x13\x8e\x03\
\x95\x11\xd2\xc1\x0eu\xcd<O\x09\x08f\x95\xda\x0a\x9a\
)!\x90\xccd\xf4\xb6{H#\x9f\xbb\x94\x82\xfat\
\x7f\xaf\x88\xffD\x22\x91H$\x12\x89D\x22\xa1\xa1\xa2\
\xb96\xf1&C(\xcf\xc1\x01\xa7\x03\xe7&xN\xf6\
\x85\x89&si\x04<(\x8f\xaf\xa2\x1c!\x12\x8cv\
E\x10I\xf03\x82\xbd\xa2\x7f2\xe9\x05q\x12<L\
\xe2\xa1\xees\xd0\x8d\xb6\xa9\xa0\xac\xce\xf6y\xb0\x84\x05\
\xae\x88Z\xe5\xc7\xc0q\x92\x0f\xe7\x8fN\xecX]w\
I\x0d[\x9eT\x18\xadC\xea\x13r\xa2\x9a\x8e\x1d\xfd\
D3\x22\x02pG\xa8q\x9eU\xb0l\xcbF\xe3\xe2\
\x04V\xcfDH\x11\xd6\x85\xc7\xcc\x83\xc8Y\x9d\x8d\xe5\
\x91`\xd9\x11>;\xa2\xc7\xcb\x7f\xe7\xdc\x22\x22\xdcL\
\xaeA\x88\xf19-\x08Ac\xc0(\x81\x04%J!\
g|\xa0\x0fydJ\xec\xff\xf1\x98Z\xfb\xffzU\
l\x84\xf7\xfd\x9f\xb6\xa4i\xfd\x8a\xff\xef\xf3\x9d\xfa\xff\
v\xbc\xf6~\xb7\x045\xbd\xec\xffz\xeca\xd9o\xfa\
?\xa7\xf1gDR}\xd7\xff\x1b\xa1\x06\x05Z^(\
_\xb4@Z\xe1\xcc\xff\xcf\xee\xbdN\xaay\xfe\xfb\xb6\
\xa8\xf6\xa2^\x97\xaf\xfa\xbfo\xc3]\xff\x7f\xe6\xc6\xfd\
\xda\x1f\xae\xff\xfb\xcf\xd6o\xfa\xff\xd8\x22\xc3\xda{\xdb\
\xffQ&\x056\xd6\xf1\xa7\x9f\x11\xd8~\xb6\x0c\x19\xf9\
s\xfb`&~\xc1\xf5\xd5\x16\xd1j\xf6*c\xad\xcd\
\x1d\xb1\xcd\xb0\x0c\xb6-\xab\x90\xedcp\x1c\xbcr\x8f\
M$\x12\x89D\x22\x91H$\xfem0[p\xc8\xca\
\x14\xe62u\x80\x85\x01\x03\xff|\xd1\x04\xf2*\xd06\
A@\xf5\xb6p\x10\x92\x0e5P\xd1\xba\xce*\xd3\xb2\
7\xbbQ>\x07{\xfd\xec\x06\xd1 \xa6C\xd0I\xf7\
\xcbG\xf2l\x00\x8b\xd7$H\x8a\xf5\xad,a\xd9\x11\
\xf9\xb1\xb6Od\xf0X\xf0\xf3\x1d\xca\xe6:96o\
I)\xe8\xc7^B\xb5\xcf\x09\xbcv\xde\xc1#\x1a\xd0\
V\xb4\xb6{\xc4R\xc6*-\xd2wb\xdb\x9dz \
\x22\x1d+\xb2\x06\x89S\xbe?p@.~\x16\x93\x8b\
T\xd6_<\xbc\xe2\x9b\x9e\xac\xa8\xcd_\xf1\x85H\xe6\
;8\xf3\xff\xf7\xda\xe4=\xff\x87q\xbe\x18\x8b\xa7\xb2\
W\xf9\xee\xd6s\xdc\xc3\x91\xf8\xeb\x9f3\xa5\xd5\xd3\xa7\
{\x18\x9e\x147}\xe7\xffG\xb6\xfeU\xfe\xaf\xef\xa1\
\xde\x8d\xbd\xb6\x02z\xdb\x14\x8a\xfc\x7f\xb5\xa5\xc4\xca\x0e\
\xff\x9a\xe8c;\xcf\xef\xd7u\xa3\xe7\xbe\xff\xeb\xf1Q\
\xeb\xcfq{\x9f`\xd8q\xe4\xff\xf4\x12\xee\xfa?z\
\xd3\xdb\xfe_\xf9\x1f\x1e?\xcf\xf6{4\xc2\xfb\x9a\x07\
\xfc\xc05\xb1w&\x80a\xbc\xf2\x96\x18\x05\xfdC\xae\
\xcf\xa3F\xc6\xd2\xd8j\x83\x87\xbd\xba\xbe\x06\xce%+\
\xb8\xcd\xceG\x13\x89D\x22\x91H$\x12\x89\x84\xc6\xb5\
\xdcj\x0e2\x0a\xb5\x9f \x0a\xc9\xc4\xe9z\xe5\x8a\x0e\
NU\x1a\xc9$\xbf\xf0\x89\x1b\x04\xcd+Z*\xfck\
\xc9\x01;\xe1\x9f\x83\x1fm\xa3\x8d\x0f\x86\xe5E\x9b\xa3\
\xeb\xe5X9\xae\x97)\xd8\xf5\xb0\x0a\xfc\xa2\x953H\
>\xf0\xa7\x0drF`H{\x1b\x9e?=^\xd9\xb0\
*\xcb\xba[\x9e\xb8\xdc.\xb0-]\x80\x90\xf7k]\
\xba\xa4\xeeG\x1c\x9fv[\x95\x08\xbbz\xae\xf2\x0e\x92\
\xab\xeam\x1d4\xf9\xdcR\xa3/%\x22\xe2\xd7\xf6\xb5\
=\xf6H\x89\xe8\xda\x0e\xde\xcf\xd6E\xceL\xe4?\x89\
\x02\xfe\xeb)\xd7\x7f\x8f~\xcev>x|\xfc\xc8*\
:l\x9b\xd1{\xbd\x0du\xbb\xcd\xf0|\xc2\xb7y.\
\x13\xa5E\xf9\xed\x98\xdb\x8e\xe3\x0dq\xe6\xa5\x7f\xd3\xff\
Ol\xf8\x9c\xff\xd7\xb0\xdc\x11\xb1\xb5!\xc0|\xff\x9f\
e\xe0\xbd\xaf\x9am\x15\xc2\xbb\xf7\xb0\xd7\xe6)s)\
&\xb4\x80\x10\xebC\x17\xc8\xaerT\xe7\xa1\xe5\xaf\xf2\
\x7fcKmi(\x8e\xefo\x0f\xa7O\xbc\xf1\xf9\x04\
nq\x11\x8d\xb5\x13\x12t~\xde\xcc\xbd\x1a\xfa3\xfe\
\x15\xdb\xa7~\x1d\xd6\xfe\xaf\xc7\x87\xdc\x0bii\x0f\xa6\
\x9f\xfa\x7fqlC\x1b\xbd\xe7\xef\x89\x0dw\xfd\x1fs\
\xc5\xfe\xdfrj\xd2x\x92\xae\x8e\xd5\x17+CWq\
t\xd9yd\x01\x19\xde\xf3_\x97)S\xe9:\x88\xf0\
\xc8e\xb4\xf9B\xf8\xe3\x1f\xf7%\xcb\xf0\xc8\xe7;\xf7\
\x84D\x22\x91H$\x12\x89D\xe2\xdf\x8aR\xfe\xe7\xff\
\xaa]\xdd\xd4\x8e59\xc5\x5c\x1c_\x93=\xf2\xae\x94\
\x96\xbfJ\x0c\xaf\xae]\x9f\x180x\x9f\x1c\x8c\xf5\xb4\
B\xa4\x03\x0co\x82_T\x80\xd9b\x18]\x86\x03\x88\
!\xebF\xa0\xa0\x03\xa7\xd7\xca\xbd\x02\x0epP^\xb3\
\xa1\xf7\x11Q\xb8\x8a\xf4\xbd@h\xbd\xda)\xd23\xe9\
\xad\xb2L\xe8I~\xdc#L\xcaR\x97\xcaY\xe2\xd5\
cx\xcey\xa3<\x93\x9c\x8a+\xd0\x0a\xf1\x0a\xa8V\
\x8el\x15]\xa2p[\xcbR\x8e\x88\x1b\x96\x8b\xa4\xc4\
)\xa1\xb3\xc3\x8aD\x98\xdahqm\x97~n\xcf\xeb\
+u\x9f\x88\xc8\xbe\xbb\x84\xdd;\xf6\xbcS.*\x7f\
Jt|bL|\xc2\xffq\xdc\xde\xf7\xff\xb5\xae\x9d\
\xad\x9f\xf0\xff\xda\x9d{\x90\x83\xfd\x8b\x13N\x17\x19r\
\x1f\xf8\xcf\xf4\xff\xb9m\x08~\x914\xeeu\xe4\xdbE\
\x87\xe9w\xecY\x97_\x93\xafn\xd9\xaf\xf8\xff=\xff\
8\xd2\xa5\x05\xa8y\xca\x5c\xc7\xfa1\xbd\x16z\x1c\xfb\
\x9bX\x18\xf3|\xff'\xf6\x7f\x9eC\xf6YK\xe1\xe3\
K\x9b\xbbn\x99\xdc:U(\xd6\xce}\xff\x979\xd2\
H B.\x1b\x1ef,G\xb2\x11\xac\x96\x96O\xa9\
\xc3\xfc%\x09\x9b\x94\xab\xa1\x13\x89D\x22\x91H$\x12\
\x89\x1d\x1ez\xd2\xcc\x04\xdbL>39\xd9\x8e\x1f\x90\
\xd7`\x8a%\xfa\xea\x91\x1elH0\x029\xae\xc4j\
\x02^!\x00\x85\xec\xae.Q v\x15\xcbI_+\
e`\xe1\x8c6\xd5\x10\xe5\xbc\xba\x87 \xfb%; \
\x9f\xed*\xa2\xdd\xaa\xa75\x0a\xfc\xa9\x82\xd7\x07\xaeH\
c\xbb&\x097H+\xb1\xb9I\xacu.\x17\x95\xb1\
\xe7\xa5\x94i\x05\xda \xcbM\x7f\xcd\xe7\xc3J\x22\xf2\
\xebd\xed\xb7\xedmm\xc1|\xbbv\x1ae\x99l2\
d\xcf\x18W\xa3\x5c\xfb\xe3c\xbbJ\xcc\xda\xe1\xb5\xa7\
\x1d'Q\xfd<{}\xd2h\x0d\xeck)\xe7\x8f\x95\
\xd1\x168\xd6\x8c\xbe\x88T\x8cl\x9a\xe4\x07\xd7\xa3\xb6\
\x8c\xcas\x1b\xda1\x82yx\x15\xa0\x87]\xbb{y\
\xbc\xfc\x9f\xf1\xff\xb5\x0e[\xc7\xcf\xf9\x7f\xdc\xd6Q\x19\
\xcf6\xcf\x8e3\xff_\xb7\xcbo\xf9?\xca\xe1\xfb\x17\
\xdfs\x8bSN\xfb\xff|\xff\xfc;\xfd\x7f?6\xbb\
\xfb\xc3\xbd\x8e\xa4-z\x9e?\xe7\xff\xfa%\x93l\xe7\
\xca\xff\xaf\x95\xf2\xb5\xbaO\x17\xec\xdb\xc8\xb6\x12Nr\
\xe6>\x7f\xc7\xff\x83\xa7?\x91\xeb\xff\xcf\xe3\xc7\xd2\xd6\
\xcf\xf8\xbf\x9e\xfb\xdc\xf7\xffa\xfe\xc8\xcfs\xbaQ\xbe\
R4\xbb\x1a\xb2\xf0\x19,z\xf9\x8b\x18N\xa3\xa1\xf3\
\x9aK>\x8fk \xbc\xae\xf4\xc9\xe2\x0a\xfc\x15`\x97\
\x0e\xe9\x04\xf6\x9d\xfbb\x22\x91H$\x12\x89D\x22\xf1\
o\x86\xda\x03z$\xf2~y.!\xd8>1\xb0h\
D\xc33\xd0+\x92\xc9L\xfe\xcb\xccL\xf7\x00\xd2\xc8\
\xf2\x94E\xa8\xa2\x9fp\xe5\x96\x916\x82\xc2\x89\xdb\xdd\
\xac\x18\xaa\xf4K\xc1EY^\xb9\xc2-\xdbP\x06\x5c\
\x17[\xa7\xb8\x8eCr;+z\xcf\xd9'qw\xb7\
\xeee\xa1\xd3\xb3\xab\x11\x194\xe5[\xad\x9a\xdc\x05\xd6\
\xa7\xfa#\xdb\xf5Y\xa5U\xdf\xa0l\xb4g;\xae\xac\
\xeer\xb6\x87\xeak\xf0\xdb!\x1a/=\xd3\xb0+\xc2\
n\x9c\x9d\xd4\x03m\x18\xd6\xbe@\xac\xed\xf4\xaeH\xa1\
;u\xfc\x93\xb0\xeddq\xdf\xffc\xf9\xaf\xfa\xffJ\
g\xec\xff3\xa9\xf5'\xfc\xff\x0e\xaa\xa3\x0f\xed\xd1\xba\
\xf8\x1e\x12\xf7\xddw\xfd_\xe3\xc4\xff}b\xb1\x8e\x7f\
\x9f\xa9?\x7f\xdc\xff\xab!\x1dc\xbd;\xff\xaf\x1b\xfb\
Nl\xf9&\xf8\xf9\xef\xfb\x84\x1e7\xdf\xf1\x7f\xbb\x12\
\x1a\xc7\xb6c\x91\xc3\xfb\xf2\x1e\xd0}R\xd5\xfd\x1c\x16\
\x19\xc0\xfc\xed\xb9c\x8cT\x15\x9e\xc1L8\xc34\x93\
\xc2ye\xd1\x96W\x9el\x12\xe1\x0ahY\xe5\x8c:\
Ewk\x17I\x19S[\xc7\x87V\xf7\xe7D\x22\x91\
H$\x12\x89D\x22\xd1\xf7\x80\xb6\xe0\x15\x1e\x05&\xfa\
\xbc%\x87\x00\x83\x1c>/Np@\xe3\xe7\x98\x16Z\
\xbe\x0dY\xf6A\xd33\x80\xe1\x15/\xba\x0c\xaeN\x8a\
\x83Z\x1d\xa8Y\x09\x14\x06\xe6\xf6x\x95\xe6\xa7\xf7\xb6\
\x1a\xc7\xb1]#G\x9dW\xfbye\xa2\xd5HbK\
\x93\x88\xab\x87\xac\xccU\xc0>\xd9\x05\xc7>qA\x81\
]\xfe\x9e\x9aQ \x87\xf5\xe3\xbfX\xb6\xaf\x7f\xb4:\
\xdbIml\x12\x8e_S+\x1b\x98{}\xb0\xb2\xe7\
\x84\x5c\xf1~\x8a\xef\xf5\xe7z\xb5\x9a\x95\xbf\x1e\xf3\x0f\
\xf8Tc\x9e\xe8\xac\xef\x8bl\x05@t2\xee\xf6}\
z\x17O\xa2rEB\xf2\xe7\x99\xff\xd7\xe5u\x9b\xe7\
5\xff\xb7-\xad\xb4\x8d\xcf\xb9\x1f\xd1_\xf5*Pk\
\xab\x94\xc5s\x7f\x0cE\xf59\xf5\xff\xe8\xfa\x99\xff\xc7\
}\xf2-\xff\xb7vF\xe7\x91=\x83lj\x85F\x0f\
\xd8_\xa7<\x9c\xe7\x8a\xd80\xdb\xf6\x1d\xff\x8f\xeb\xe3\
}\xee\xe4\xf0\x98\xe3\xbb\xc5\xb5\x1f|\x1d\x17\xe6\xfb\xc8\
\xd7\xfd\xbf\x80\xff\xdb\xe7\xa9^\x9d|\xe2\xff\xf4\x96\xff\
\xa3\xce\xb9\x8f\xef\x12\x93\xdf}\xfe\xbf\xee\xff\xd2F\xf6\
~\xa6/{E\x9b<\xefYh\xed\xc5\xf9\xe4\x13\x0f\
\x95\x8b\xe7\x8a\xe8Ks\x9d\x1d\xca<\xf0=\x19'\xf3\
Jk.\xf3\x9c\xfb\xb2^\x1cW\xdeg\x22\x91H$\
\x12\x89D\x22\x91\x881^B\xd8\xb0\x0a\x02[\x00\xf1\
\x9c\xa8K\xa0\xc1\x01@\x0f:\xfa>\xd0VJ\x0dD\
\xdb9;\xda!\xb1\xad\x0e(\x955c\xf2/\x9a\xd4\
\xcb\xd0\x8e\x03[\xfd\xc2\xbd2\xec\xabG\x04\xa2\xbd\xbe\
\x22'\xad^\x02]x\xec\x87KZ\x8f\x85G\xbaY\
\x92}\x15\xf4\xafV\xc3)YL\xc2\x10)Bw\xb6\
c\xe4\xb05 ,\xb6\x22\xf3V\x01\x1e\xf7\xcf\x92\xf8\
\x92\xcc\x84\xf5`\xba\xc8\xd6\xf9\x848\xc1|\x9e\x9d\xd1\
\x98\xb9C\x1c\xf9D\xf7\x83\x90\xe0\xc01\xdbs\x8c\xbf\
2\xceM\x0f\xf4\xbe\xbbV\xa0a\x1d6\xe4\x86W\x8f\
;\xc4\xd1\xaa\x8e^\x9e\x15Ab\xd3\xbc\xf6\xbe\xe7\xff\
^[\xb6c\xbf/}\xef\xf4d\xcc6\xd8c\xbe\xbf\
\xc9\x17|>\x91\x15\x8dQ\x94A\xe3S\xc8\x93\x87\xaa\
\x8f\xb4\xcfc\x92\x83\xd7\xb1L\x5c\xbf\xe8\xfc\x8c\x94\xd9\
\xf9\xf6I\x9e\x9d\xff[y6\xdf\xa7\xfc\x1f\xfdj\xd8\
\x03\xf9\x0a\xe9/Ei\xe4\x90\xbe\xc2\xb4\xd5\xd8\x0em\
8\x80\xf7\x8c\xa8\x07\xe4\xa6}\x8e`zt\xaf)F\
Fd\x8b\x97\xe75\xff//\xf9?\xf6\x93\xd5\xb9j\
\xffI\xce\xed\xe7?)]\xde\xb1\xb5\x13\xf5Hj\xe4\
\xff\xf1X\xbf\xfb\xfc\xe76j\xcf{r\xf2\x98\xf1Q\
\xca\x94\xae\xefiU=\xff\x0b\xa4\xa3^\x96!V\x10\
\x94\xd7/\x07T\xa44\x15M\x93\x039\xae\xc7e\xcf\
]\xf0\x9c\x06\x11\xce\xf2\xbd.\xc16<}\xce$\x12\
\x89D\x22\x91H$\x12\xfff\x5c/!|\x1e\xec\x82\
X\x9e\x907p`q\x85\xdc4V\x89U\xc8\xdc\xf7\
\xe1k9u\xe0\xe0\xcbg\x19E4\x94\x02\xbat\xd9\
9\xdc\xe5\x00\xeay\xf0\xf0\xf5\x14}pm\x1bB4\
\xb6\x82\xd0?\xc6\x8dI\x8a\xbbh\x01\xe1,\xd7\x93\xbf\
\xd3\x82d\xcb\xde.\xec\x1f:\xb0s&c8\xc8\xe3\
\xe0\xd3\x86\x94^9)\xebXddz6`>\x1b\
@\xf3\xcf\xf3\xf9\x9a\xab\x9bv(\x13\x01s\x12\x8c\xbf\
\x83U\xbd\xc7\xd87\xba\xdb\xe7\xe3H6\xffd\xda\xb3\
\xf8\xa4.\xab\xf6|E\xde]Dmp\x07w\xcb\xb0\
:yQ\xd6'\xe4\xce\x1e\xb2+\x7fG\xfe=\xff'\
\x95\xf7D\xb6\xf6\x7f!a$=\xaa\x1f\x11\xde\xa7#\
\x9d\xe2\x07xO\xd4\xb20\xdf+\xfe\x7f\x82?\xe9\xff\
4\xf9\xbf&\xb8\xb8=\xa36\xf2d\xaf\xb6L\xf93\
\xfe_\x9d\xa3\x18\xdf\xf1\xff\xb3/@p\xcb\x97z$\
\xf7\x1e\xc4?V\xd7\xef\xf9\x7f<@\xac\x7f\xd67\xfc\
\x1f\x9fY\x98\xb3\xa8\xde\x9d\xec\xaf\xb4\xf0\x7f\x1a\xef\x02\
\xf1\xfa\xea\xd2G\x05\xc6b\xd3\xc7\x84\xf5\xa3P_\x9c\
\xb0\xf2\x91\x82\xd6\xa9\xf3>\xd1#;/\xe2\xb9f\x1d\
/\xb1\x96r\xd6?i\xcc\x84\x12\x89D\x22\x91H$\
\x12\x89\xc4\x1d<FP\xec\xa0\x98y\xbb\xa4\xb7\x15#\
\xfc\xd3\xc4\x11L\x14\x5cAR`\x8e\xde&\xf4-\xaf\
\xa7k\xde\xda@\xaf6\x04\xfd\xd5\x84\x17\x15W\x1b\xd9\
@\x81\x94\xcc\xb9~\xe5Z\x05\xdaV\xe0\xc4\xf0\xc8\x89\
\x15\xecuY\x99S\xd4u\x96;~\xbel\xcay}\
s/\x10nA\xd4\xf3E\x8c'\x88\xea\xc9\xf6a;\
E+\xc3\xa4\x1f\xe7||\xbej?\xbb\xaa\xc8\xea\xb1\
m\x87$\x92R,\xa5\xcc\x9f\xe8\xb0d\x97\xb5\xe3N\
?\x9f\xe6\xc5\xfa\xd9ks\xdd\x1eK\x9dW\x9e\x968\
>#\xd2/\xd2ee\x9f\x12\x9a\xbb\xb4\xbbm\xba\xf7\
\x7f\xdfn\x7f|H_\xb7<D\xf38(0\x0eh\
\x89{\xfe_\xb6>\xbb\x1d\xc3\x90\xef=\xffo\xc0-\
\x1eV\x98\xed$\xc7\xbe\xd9V\xb9\xbfI\x1ens\xdb\
\xf6\x8d\xd0\x1e%)\xf2M>\xbe\xeb\xff'D\xdb\xdf\
\xe0\xffXk{\xaf\xe4\xf6\xb4> \xed\xe9\xcb\xae\x7f\
\x9d\xff\xc39\xbd\xea\xff\xfeu\x9bN\xae|\x9c;\xe8\
q\xc6\xf9\xa71fr=?\x1f\xb6\xbe7\xc6\x05\xeb\
!\x9a\xfb\xe0]\xff\x0ff5S\xca\xeb\xfe\xaf\xc7\xa3\
2e\xf2\x7f\xa2q\xef+8\x9f\xa3I\xe6\xfa\xf6Y\
\xd4\x1c\xb2\xe5m\xf7\x14<\x97\xb6\xd3\xe6H~\xa5\xb5\
\x95\x19V\xea\xfe\xd0v\xd5\x91+6q\xedc\x89D\
\x22\x91H$\x12\x89D\xc2\x87b\xb8d\x0e-\xc4\xb2\
\x5c\xab@\x0e\xc8\xcf\x12y\xd2\xce\xe4\xa4\x10\xc5\xff\xa4\
\x95\x02kEV\xab\xab\x844b\xd2m\x0e\xbc\xa8_\
\x9fI\x0a\xc8\x05\xf6\xcd\x01RU\x84\xb8*\x05\xb6\xcd\
\xc1\x89\x85W\x07\x8f\x90\x89\xc8-\x0c8\x91\xd0\xf5\x82\
\xf8U`S\xa6@o&,P\xdf\x0a^\x10\x8e\x92\
\xac\x1c\xdb\xee:=\xca\xe7\xa7\xc5r\xdb\xea4k\x9f\
\x87\x87\x1d\xb0A\x90I\xe4\x13O\x1e\x09\xe0\x8f\xb1\xd9\
\xb6(OD\x96\xac\xbe\x10A\xa2N\xe5\xedc\xe51\
\x91W>\x99\x11!\xba\x8ec-\x22\xa78_t\xdd\
\x12r\x1e\xa1\xe1\xeb\x97\x1a\x89\xffs:\x91\xf8u\xbb\
.\xb6r~\xaf<\xdeS\xe2z\xedms\xac=\xf2\
\xff\xb8\xad<{\xde\xf7\xff\xba\xcc\xb7\xc3\xce\xbf\xac\x9c\
\xd58Z\x9d\xaf\xf3\x94\xe9\xfe!\xfe?rS\xa4\xf7\
\x94\x04\xfe\xd3\xfeo\x1f\x0a\x05d\x8c\xda\xf3\xb3\xc1\x14\
\xf1|\xea\xc4\xd6\x95\x9dC\xf7G\xfd\x1f\x9e\x83\x908\
\xf5\xbdc\x87g\x03\xd6/~\xfe{\xe5\x8b\x9bF\xd3\
\x97Tk\xdb\x8aVB\x16\xbf\xed\xff\x85\xe5\xfc\x11\xff\
\x97_Di\x8b\xea\x98\x7fI\x99I\x88SO.\xcf\
>\x80\xfe\x0fm\x05\xf7t\xd1\xd9>[S8m\x0d\
\xc7\xc3\xff\xc7j\xeb\xb6\xbf\xf3\x1e\xc5\xeb\xf2\xe3\xe7E\
\x22\x91H$\x12\x89D\x22\x91hx\xe8 \x07_\xc4\
b\x03\xdd\x88\xec\x94\xe3\x0a\x13\xf5J:L\xa8&x\
\xd0\xb1\x82\xa4\xc9\xea\x17\xd6[I[\x84\xc1\x9b\x0ev\
D\xb3&5\xacl\xe2\x95.\xd5\xfe\xc4{\x0e\xa4-\
\xee\xac\x1c\x93 \xdc\xb9P\xeb\x11\x81\xb8\x0b`\x99\xe4\
\x96b\xb6\xdeguq\x89\xa2\x85]:\xd7\xc8=\x13\
\xa7\x07\xfa\xf0\xe7\xe3\x11i\x13\xb6#|\xae^J\xe7\
\x01\xfb-\x22\x90<\x92\x8f?\xa3\x9f\xbdGdML\
\xf0\xcc\x84\x08\x93\x0b\x83\x94\xda\x10~\xa7\x04\xaaG\xb8\
yd\xcf\x9e\xd8\x89I\xa2\x95^9\xf7\xf3\x08\xb1\xec\
\x91FC\x13\xed\xf8\x92\x15\xf9\x8d\xfd\xa8\xfd\xbf~\xd8\
\xff\xe3t\x8f\x0c-\xf8)\x99\xa7\xf2\xb3\xff\xc7}\xff\
\x8e\xffc\xfa\xa9_\xd9zy\xd7\xac<\xed\xff#\x07\
I?\xcf\xc44\xe6\xe5\xcf\xff\x5c\xff\xa7\xe9\x89\x8b\xfd\
\xaa\xee\xc3\xf0\xaf\xf5\x93\xbf\xd7\xffa\xab\x032\x04\xbb\
M3\xfd\x11\x8d\xdf\xba\xb9\x01\xdc\xf7\xff\xb2\xf5\x7f\xb4\
\xbb\x04\xb2i\x99.c\xba\x06_,xvST7\
~\xf0/\xfd\x9f\xf5\x92k\xdf$3\xd0e\x89\xe5q\
]\xbeB'\xfe\x22\x9fTN=\xbf\x1ay\x95\xffW\
57\xc3\x17\x08\xf2<O\xb2\xcf\xe3\xafN\xcf\x7f\x11\
\xe6\xf5\xe4\xe8\xf1\xc2[nD\xa4\xb8\xf8\x7fkj\xb0\
\x93\xfc1\x95H$\x12\x89D\x22\x91H$b\x14\xfa\
\x7f\xff\xeb\xce\x9c{\x5c3\xa5=!AM\xd5\xe9?\
P\xaepp\xd2O\x14\xea\x14\x9c\x8f0\x14#U\x1d\
\xe6\xd1\xbc\x97\xb4#\xbfz\xfaHoOMh\x1b\xf9\
\xf9\x0f\x03z\x1f\xc5\xa9\x9f\xd8\xb7#;\xee\xeb}\xcd\
N\xb7\x05L\xc7\xaf\x82\xd4\x90`?\xd1]\xd6{~\
\xe2\xf5][r\x1c\x0e\xd2'\xa2E\x17\xab/\x117\
\xbb\x95m\x1e\xa1\xb9\xfbbB\xc95\xb2X\xd7\xca\x9e\
W\xec?I\xbfS6\xae\xb7OZ,\xfd\xe3K\xd8\
\xb5\xa7\x97\xffu\xff7\xe3\x97\xa0\x15\xfa`\xb5-\xf3\
\xcc\xfb\x08\xfas\xd7J\xe5 \xcfi9\xfe\xe2\x03\xed\
\x1dwT\x87\x1c\xbbl\xa6\x17t\x7f\xc0\xffW>\xd0\
\xf2\xef\xc7\xfc\x9f\xf1\xff\xbd\xfe\xe5\xfd\xabe\xb8\xfaC\
\xca\xd7c\xfbO\xd2\xef\x94=\xad7\xa2\x0d\xb3\x8d\xcd\
\xf49\x9c\xfb\xbfGN\xefr\xcf8\x1d#:\xfd\xfd\
\xfb\xce\xca\xa69\xc7<n<\xbf\xc4k\x04\xf3-=\
\xf6\x8a\xa6{\xfdY%Q\xa9\xa1\x1eU\xef1>x\
u3\xe1\xc4\xf2\x1f\xfc\x10\xf0\xefpk*\xda\xee\x82\
\xf5\xb4s\xd6\xd2\xe5<:\x19\xbd\x98k\xa8=\xa1\x7f\
\xf7\xd9\x95H$\x12\x89D\x22\x91H\xfc\xb7\xe0\x22\xa0\
\x8b\x09deU\x8e\xe2\x22\x97b\x1aA\xdc\x8eq\x0d\
LQy\x10\x1e\x81\xfcO\xd9\x9f\xda_\x0a\xc6QE\
U\xabl\xc8=\xee)\x95\x16T\xac\x04?\x8d~\xc6\
 \xccG\xad\xfb\x95\x85L\xb4y\x01\xeeT~\x13\xa8\
\xdb\xd5v\xd8/\x12\xf0,~\x96[\xf0\xa5A{\xb2\
\xe1\xbd0\xb7I8\xaa\xf7\x06\xdb\xfcuE\xb6z_\
J\x98\x1c\xc5\x7fIWD\x9c\x9c\x93\x15\xbe\x9c9m\
9*];\x22\xfd\xaf\x12\x14V\xe6\x1d\x12n\xaf\x13\
\x03{\xdc\x87yH\xa0\xd9\xd7c]\xf8R\xb0;\xf8\
\x04y\xf3\x04[\xca\xf2J\xa0\xeb\xca[\x8a\x7f\xde\x12\
\xc3s\xcf\xde3\xff\x8fI\xc9A\x1e\xef\x08C\xda\xfb\
\xfeI\x1e\x96\xd9\x8d\x9a\xf4\x9c\xe2t\xfc\xbd\xda\xbf\xcf\
\x22j\x95e\xa0W\xf4\x5cg\x1f\xf4\xff{\xe5\xef\xfa\
\xbf<o\xcb\x94\xaae\xc2/\x94\x80\xb4{\xdf\xff\x05\
\xf7\xc99\xfdL\xb7\xfe\x7fK\xd2G\xfc_\xeeU\xe7\
\xcf\xff3?\xd8\x9d#)\x7f\xd7\xff9\xdd>\xff\xed\
\x97\x5c\x96D\xbe\xd7\xc23\xbc\xb1\xfaS\xab\xf3\x05?\
\x12\xc2\x04\xe9L$\xfb\xf74\xb4\xfb\xfal\xca\xfaU\
M*;\x0a\xda\xb5\xd2\xe6\x95\xc2V\xeb\x1c\xd2\xce\xf5\
\x22\xa3\x9b\xef\xf3\xeah\x9b\xb7\xe9\x88|6\x91H$\
\x12\x89D\x22\x91H\xc4\xb86\xb1\xc4\xa0G\x07\xa6\x92\
1\x8a\xeb\x14\xbfJ\xd1D\x9c\x834\xc8[\xb9\x04\x02\
\xec\xd0IJ\xce|\x0c\xb6h\xbeW\xe5-\xf07\xad\
\x94\xf1\xac>$\x9f\xf9\xd8\xe6\x1f+\xe6\xba1\x18\xac\
Z\x02\x10?\xb9,\xe6a\xf9;\xa2\x00\xf5Z\x99=\
a|\xda|\x9e\x1dXD\xb7\xe0\xbe\xdeQ\xdb\xdav\
\x98\xae\xdb\xbf\xc2\xab\x9c\xdb~\xbf\xcf\xe3V\xac8%\
g\xcc\xf5\xf1\x09\x1e\xdb\xd6;Y\x98\xdf\xda!D\x16\
\x90\x07\x1c@\x93\x8c\x89;\x04Cd\x07\x9f\xef\xc6\xb2\
G\x92\xf1\xb5\x95\x8ch<yy\x85|\x9eI\x01\xed\
\xff\xb1\xad\xab\xb1\xb8B\x99\x19F\xd0\x8e\xa3\x16FJ\
\xadfD\xcb\xf5\xc7!\xf9\xc4\xc7\xf6\xcb\x9d\xe8\xcb\xa7\
o\xf8?\x8f'k\x977N\x0a\xf9d\x98\x22\xbfL\
\x99\x08\xc3.\x926|x\x0f\x10S\xc6\xea\x5c\xc1\xb6\
\xc5i9\x86\xbd\x7f\xb1_\xea/\x88p_\xe1\xfd\xbd\
\x9f\xed\xc2O\xcff,\x13\xf9\xec;\xfe\xaf\x9e\x93\xea\
\xfe\xa2G\xb3\x8c\x9dyl|\xde\xff\xd76\xeb\xe3\xf9\
\xde\xa9\xec\x00\xff\xdc!\xba\xbf\xad0\xe7\x81\x16t^\
\x02\x8beV\xfeo\xaf\xd7#\xffg\xfdM7\x12\xb3\
\xaf<\xff\xab\x085y,\x81\xca\xcf\xd4x\x9cFh\
6\xe9\xb4\x87r\x7f{O\xb6\xe3\x0d.X\xd9=\x9d\
\x89\xf9\x02\xf6\x88\xecJ\xdb\xd1Q=\xbbI\x95k:\
\xcat\xcd{\xa4\xec| \x91H$\x12\x89D\x22\x91\
H\xf8P[p\x8c\x05\x22\x85\x83\x94g\xaaL\xf07\
\xbcB\xcb\xd7\x04\x5c\xe5\xd6\xdb\x5cH\xd0%\x01\x89\xc9\
\xd5\x89\x0d\x1d\xac\x11\xac\xe2\x11;G\xa0\xe0\x12\xd6-\
\x1f\xd7\x0bm\x10\xa2p\x0fK\xda`\xd9\xe9\xda\x0dy\
\x1e\x19\xd4\xe4?\xb6eO\xe4#\xca\x8d\xfc\xd2\xae\xb6\
\xceu\xca\xff\xfc\xf4V\x19G\xf9\x87\xd4\x22+\x9b*\
*\x9d\xfa\x5c\xdb\xb1\xaa\x03\xeb]\xd5\xef\xd5\xf6\x83\x9a\
\x11-V\xe4[R\x89\xc8\xa1ZJ\x99H\xa8y|\
\xd5\xa5\xccSD:Vy\xe5\x98\xc7!\x06\xde\xd2'\
'2\xcfu\xad\xfb\x8d\xc7\x05\xdeU\xaa\xba\x01\x1c\xd3\
\x12-\xef\x8d6]\xf5\xcf+m\xb0\xf7\xff\xb2-{\
\x22\xff\xae=\xab\xf2\xaf\xfa?\xfa\xb6\xbd\xc7{\xfe\x7f\
\xd7W\xd1f\xd6\xbb\xaa\xdfZ&>\x9b\xe8%\x9c\x8c\
\xab\xdf\xf2\xff\xc6M{:|Yw}\xf2\xb3\xfe\xff\
<\x1a\xa3A\xe5Q\xcf\x87@\xc6]\xec\xdb\xd4\xbb\xe7\
\xcdeU=\xe8\x0cg\xfe\xbf\xef\xa3\xad|\xbac\xcf\
ZG\xec\xff\xfc+\x83f3\x92\xb9<\x8f\x1c\xed\x07\
\xf5\xc2\xeb8\x97k<\xb9\xf1C&\x9d\xc7<N\xe6\
\x80\xe2\xb3\xa2\xb7\xd7\x02\xea#s\x0e\x1a+\x9c\xa5\xce\
\x9a\xd4\xc6:\xe3u\xdd\x16\xd8\x0e\xaf>\x9b\x13\x89D\
\x22\x91H$\x12\x89\x7f\x0b\x0c\xc3)\x84\x9fM\xe3c\
\x0e\x06dE\x0e)rH\x83\x03\x12\x99\xa8K\xb6\x96\
\x8e$\xae\x0a\xe0\xba\xecJ6\x08\xc2 U\x07\x10-\
8q\x02\x05X\x0f\xd6\x82\x9b\x0a\xe4\x19\xb9\x98V\x13\
U\xacK\x99\xcaF\xe4\xf3*HD\xf2fN\x9f\x03\
R\xaflt\xfd\x89\xe7O\x99U\x19\x8a!\xc4~l\
\x07\xea\xe2\xfe\xe7\xe3(\x88~\x92R^[\xa2\xe2\xd1\
7,\xb7\x9f\xc5\xe3\xd0\xb3\x7f\xb6\x8b\xc9\x1d\xbc\xae\xeb\
\xa6\xcf\xed\xca&[\x9f\xb9\x99Kp\xbc\xa8#\xc8|\
\xb6\xcd\xca&\xb4\x7f\x92y\x80h\xdcx\xfdjr\x8d\
\xeb\xda&\x19\xfbml\xf9\xe3\xd7\xea\xb3\xf6D\xa4\x9a\
\xbd\x8f\xac\xfc\x03k\x80\xe7\xa5\xcb/\x0b{,\xe9\xe5\
!\xf6\xff9\x0f\xe6\xf3\xf4\xd1\xc2\x16/\xcfJ\x8f\x97\
\xe7\xd4\xffW\x88\xc8&/\x1f_\xbb\xe3\xff\xe8\xdb+\
\xff\xe7\x9by\xe9\xd7\xf8x\xed\xfd\x9f\xf6\xff\x02\xf7C\
\xb9\xd7\xdfq\xbf\xc8o\xff\x1e\xff\xbf\xce\x82\x92E\xe5\
\xf7\x80c\xeb\xb3\xfe/[\xf8X\xff\xe0\x7f_\xf1\x17\
\xab\xef\xdc\xff\xe5W7\xab\xe7\xf2\xe7\x9f\xffhK\x5c\
\xd6\xda\x81\xe0>*\xce\x9f\x85\x9e\xdf\xcc:\xac\xae\xd9\
\xffi\x9a\xa7]\xb3\xb7\x9f\x0ae\xa8\xcf\xcf4)\xdc\
\xb5I\x1e&\x80\xab\xba\x02r\x8b\x5c$\xee\x9f&\xbc\
\xcdG\xc5\xd6\xcboI\xc8\xe7j\xf4\xaa\xb9\xa3Ch\
s\xdefs\x9d\xda\x22\xba\xbf$\x12\x89D\x22\x91H\
$\x12\x89\x19\xa5\xfc\xcf\xff\xf5\x85EsP(\xabS\
h\x1c\xeb\x15.\x9c\xa7\x1f\x13\xaf\x5c\xe1=\x96y\x22\
_&\xd9s\x00@z\x85\x0a\xcd\x81\x92G\x92\xb8\xa8\
R\xba\x8c\x84\xe2\x90\xd9Z.\x93\xeb\xde5\x02i\x16\
\x07\x169\xb2|\x92K\xce\x8b[n\xd5\x06\xf6Z\xe9\
\x9d\x16\x91g\xd2\xcf\xb8\xc2\xf5\xb46t\xdb>SH\
\x91\x01'\xedl\xe5k\xd2\xc8\xcf\x83\xe7\xfc\x19\x95\xdb\
\xe3\xacmV\xb9vD\x98\x97\xff\x95\xbe\x8f\xe5\xf1\x18\
\x8fd\xe2j\xae{c\xe1\xc4\x06\xf1\x7f=\xf6\xd1\xb8\
\xf2\x86\xfcW\xec\xf3\xc7\xe0\xba\xcc'\xf4\xaf\xfd\xdf/\
w\xd7\xff\xeb\x91\xff\xbfW\xbfW\xfc\xbf.\xfd\xdf\xe4\
\xed\x9f\xa5\x97\xa3?\xe6\xff;\xece\xfe)\xff\xaf\x92\
Q=\xe4\xd6\xfe\x7f\x0f\xef\xfa\xff\xb6\x0e\xd8\x16<\xdf\
\xa0\xf7\xed\xbb\xef\xff7\xbf\x08\x08d\xdd\xf3\x7f_\xc6\
\xca\xd6\x9d\xff\xd3\xd2\xef\xce\xeb8\x8f\xd1K\xbby\x86\
\xc0|P\xcd/q\xee\xe5\xf5(\xbe\xda\xb0\xed\xe5\xcc\
\xd3\x95\xf99\xc5d0\x0e\xf1>\xd7\x04\xd1W9\xd2\
\xab\xb5\xf9%\x84\xed:\xd1Wn\x0f\x89D\x22\x91H\
$\x12\x89\xc4\xbf\x1c\x0f?\xd0l+\xb3\xbc\x95*m\
5\xc8uD\xbc2\xe8\x89k\xd2\x0e\x12*\xfe\x0br\
~~\xe4\xa7\x98:\xee)\xd7\xcb\x07E\xd9\x08\xdbF\
\xf9q\x1d\xcaX\x88\xaa\xea\x90\xcf6\xaf&|m \
(\xd7\x9a.\xdd\x1e\xef\x93\x0d3\x19R\x08\x89A\xaf\
\x1c\x97\xf1\x82\xc6\x07\x92w\xcf\xc0\xb3\xaf\xb0\x8b\x82j\
\xae7\x14\x19\xd7\xa3\xe0\x18\xaf\xa1,\xcc\xb3D\x95\xd5\
\x90\x22\xdf\xfe\xd1d\xaf/\xca'g0\xf0\x8e\xd2#\
y3\x9c\xb6\xe6:\x98?p\x8e\x10\xd8\x7fw\xc8\xa7\
\x95\xfd1\x89P\xa6\xcf\xe6C\xb3L,\xf3\xf4Q\x1e\
\xefw\xdajE\x8c\x8c\xe3\xe7\x98\xfc\xe7\xfcQ\x9c\xbd\
\x83\x1f\x8fpu\x1e\xd1\xd9\x8a\xde\x93\xb1b\xf3\xea\xb1\
\x18\xfb\xde\xf7\xfd\xdf/{\xea\xff\xd6\xd6\x9f#\xff\x9f\
u~\xd3\xff\xa36\xdf\x14\xd2\xabJI\xfc\x8d\xc7\x10\
\x1e\x17f\x90\xfa\xdf\xe3-\xff\xa7\xb0\x9d\x1c3\xbb\xfb\
\xc7\xf7\xb3\xdf\xf5\x7f\xd0\xcb\x7f\xc6\xc7\x1e\xbd\xad@\x0b\
\xf8?\xd6g\xb6m\xd2q\xe0\xffcE\xbcS\xff\xc8\
\xbf=\xff\xe7;\x87m\xe1\xdf\xf3\x7f\xdab\xc8\xe7\xbf\
\xb7\xfc\x9f\xe7(\x8f\x8f\xf9\xbf\x9a/\x90\xf5q\x22o\
NT\xcd#.\xf4\xff\xaaf3\x98\xdcm\xc2\xcf\xcd\
=@\x18|.M\xfc|\x12\x12\xb9\xc2<\x8e\xe0\xf9\
\x0f\xf5\x1f\xed\xa0\xebR\xd4\x96\x1e\xaaE\xfa<\xb5\xe8\
\xe2t\xe3\xde\x95H$\x12\x89D\x22\x91H$\x06F\
D\xa7\x83\x17\x09\x0cp\x8e\xdd\x8eyR\xde\x8e\x053\
I`'\xf3,\xc3N\xe4\x91tmAA5\xb68\
\x01N\x00\xd4+\x81[\xbdBU[\x5c\x07\xbc\x8d\xf4\
V\x01\x0b\xd8 \xf2\xe0\xf8(p\x9c\xd3\xe74\x0e\x9c\
dK\x92\xd5\xaa(E\x10\x19\x99\xa5\xe0v#\x9a\xb0\
@}V\x0f\xea\xc0\x00wG\x18Y\x02\xd8\xda9\xd3\
0\x9c\x1f\xfb\x87\x96d\xd8\x8axD\x92\xd9\xb6=\xda\
\xb3#\xbc|{\xfa\x96\x01?&0\x0ddx\xf5\xf7\
\x08\xbbS\xec\xfaf\xce\xc7\x819\x1f\xcf\x9f\x9e\xfar\
X\x1f\xd1\x00e\x98\xbc2d\x0b\x05\x9f\xaaO\x8c\xbe\
\xa8\xbdn\xf9\xbf\xd3f|l\xcb{\xe3\xea\x84\xa8\x8a\
\xe4a^\x9b\x7f\x97\x97\xf3\xb3\xdcS\xff\xb7X\x11\x96\
\xd66\x8f\xe0D;<\xfdw\xfd?B\xa4\xdb\x96\xdd\
\xf9?\x81\xff\xab1h\xfc\x9f\xc96o<\xb3\x1c{\
\xefd\xec\xb6\xca\xc0t\xdf\xff\x95\xb9\xc7\xb8\xef\xff\xa2\
7\x84\xf3\xdc\xb0\xfe\x88m\xa0\xef-s\x19ol\xad\
\xe0\xd9O`\xf7}\xff\xe7\xfb\xf4\xdc\xbf\xdf\xf3\x7fy\
~z\xe5=\xfd\xfc,\x8c\xf2r\xfe3\xff\xc7q\x14\
\x8f\x85S\xff\xb7c~\xed\xff\xe4\xea\xe3\xe7\xe7x\x86\
\x16 \x9b\xa98u7\xf3\xb3\xd2>\xc9\xb4\xcd\x95\xef\
\xe1\x8f\x17\xce\xc7\xf3\xd5V\xa6\xaa:\xb0\xbdXOr\
l\xd1m.\xf5h\xd7~\x88o/-\x8b\xdf\x9e\x89\
D\x22\x91H$\x12\x89Db\x8dk\x0b\x8e\x98\xcc\xc0\
@G\x93pzB\xfe\xb8&\xe9\xc4\x81@\xa3{\x89\
h\xf7\x13\xef2d\x8f\x80\xa4\xb6\xf3V\xa4\xb8\xba\xa5\
\xac\x17\x01\xd2\xb0c*/\x9c\xd9\xa8\xc3J&6\x0b\
\x06\xe9\xd1z\x99\x08\xd8\x066\x10\x96@\xec$\xaf\xd3\
\x96\x01A\xa5\xd3\xa4^,\xee\x19|\xaf\x02\xfd\xb7\x03\
*hd\x185D\x07\xe3\xc2#\x0b\x22`\x90}b\
\xb3\x97\xef\xb9\xaa\x0c\x83\xf4U\xb0\xfa\x84g\x9f%\xc1\
\xa3>=\xc1\x9d\xfa\x8b\xfc\xc7[2\x16\xc2\x95\xb3{\
\xb5X\xe9z\xa7_^\xc5NV\xb3\xb5\xd0N]\xed\
\xf7\x22\x9d\xd7\xde\x01\x88\xc2{\x11\xc8A\x22\xc4\xf7\xbb\
&\x03\xef\x07B\xaa\xccr0\x8d\xf3\xc6i\x9e\xff\xdb\
=\x8f\xe5\x17\x22\x9e\x1e+g\x07\xcf\x0f\xec\xf5\xbf\xc7\
\xff\xf5\x8b\xd5\x08\xee\xf5\xa3\x5c\x90\xdf\xca=\xf3\xffu\
\xdd^\xf3\xff\xf2\x96\x0cWn\x13n\x1f\xf6DT\x8f\
u\xfd\xae\xff\x03iYf/E]O\xec\xf4\xdd#\
\x18\xebR\x8e}\xa6W\xe7Z\x94\x97\x82\xbc\x9c\xd6\xf2\
zi\xc5\xb5\xe5\x89\xe8\xf9\xaf\xfa\xfc\xa0n\x11\xf8\xde\
Y\xcc\x1c\xacv\x02W\xab\xd0\xe3\x8a\x87\x1b\xa7\xf5;\
\xb0\xd8\x0b\xe30\xf6\x7f\xaf\xf7\xbb\x0cs_\x94v\xd6\
[qX\xa0\xbd\xde\x97\x07\x1fy\xde&\x12\x89D\x22\
\x91H$\x12\xff\xc5x\xac\x83\x95\xb8 _\x93\xd5#\
\xd4V\xbdT,\x88A\x81\xfc\xacS\xcb\x89\xc8 \x1d\
\xb8\xac q\x89^\xf5\x86\x04\xcb\x10\x05\xf9P\xff\x5c\
W\xbdz\xb6\x88\x94\xe9\xd3\xb7I\x04\xf2J+^\xad\
#\xed\xb0^\xcd\xc6\x81\x95w\xadgh?\xa9vd\
\xf8\xc1X\xfc\x82.\xbbr\xea\x04S\xc0\x05\x83b\xf4\
\xc5$O\xda\xd4\xc2\xb3\xed\xb6\x0d\x8b4$\xf7\x08z\
T\xf5U\x81\x909\x082wd\xcb\x9d>\x8d\xe4\xec\
\xa0\xc7\xd0c*\xbf\x92\xe1\x05\xec+2p7\xde-\
\x91\x11\x8d\xd9U_\xbdC>Y\x19\xb3\xffk\xf0\xcf\
\xd8\xc5\xef\xd1\xff\x0bi_\x81U}\xfe\x9a\xee\xa9\x1c\
\xca}\xfe\xf1\xb6'\xec\xfbs\xdf\x89\x0c{\xbf\x9c\xef\
\x158n\x1b\x91\xac\xd3\xf1\x1eh\xfd\x0e\xfd\x1f\xdd\xb5\
*\x19V\x9e_Om\x9bmKi\xe3\xb5\xaf{i\
\xdf\xf3\xff\xba$\xe5\xd8\x06\xae\x91J\xa7O\xfa\xbf\x92\
J\xfe3q\x8d\xd5s\xe1S\xfe\xcfu\x9e\xfd\x7f\x1e\
\x87\x22\x9b\xfe\xa0\xff7_*j22\xe3Q\xbc\xad\
%\xe6\xbc\xab\xf1;\xc3\xf3\xff\xaeO=\xff{\xdb\xf7\
\x9cv\x1b\x8c;\xcf\xff\xe7\xb5\xc7\xe3\xb1\xf0\x7f\x0a\xeb\
\x14=\xffm\x9f\xc7\xf5\xb4\xcd[\xf0\xf1\xdfep\xfb\
\xf5\xf4\xf1\xaf7\xdf\xab\xe6\xde$s7\xe3M]\x06\
\xcf\xdb*\xa4\x8b~\x9d\x7f\x969\xae\x16L\xb7\xdb\xc3\
\xe1\xaf\xfd\xa4\x8e\xde\xf3\xe6\xf4~\x95H$\x12\x89D\
\x22\x91H\xfc\x9b1\xfd\x06\x95'\xdb\xf6\x93\x83\x86\xf6\
W\x08\x83\x08\x1bL` A\x84D\xac>'\xd8\xe7\
\x99\x80p.\xea\xba\x17\xec\xb4kL\xa2\xb0=m\xef\
Jm\xc7\x08\x8a\x88L\x9c\x8fA\xeb\xfc\x13P>~\
l\x08\x0b\xab\xcf\xc3]\x82\xecD\xe6>P\xb4\x04Q\
l\xc7\x8e$8\xb1M\xd93\x05\xca-\xc7*\xd8\xb7\
\xe9\xa7\xc1?\x92)X?\x8f<\x9e\x89\xc4f\x17\x06\
\xdfh\x87\x17\xf0/\x89Z'\xffI>/\xbf\x8c\xdd\
\x99\xe0\xf3\x03\xf8Xgd\xc3\x92t!\x0a\x89\x91U\
\x9f\x94R\xc2\xf1}\xb2\x87s\x84\x13Rq\xde*\xe1\
\xa1H\x11]+\xcf\x17\x1c\x12\xee#\xfeO\x8e\xae]\
_\xed\xc6\x7f\x09m\xd6v\xce\xbem\xeb\xfc\x9a\xff\xc7\
Dk\x09\xfd_\x9f\x93!\xb6\x7f\xc7\xff\x9d\x9a\x04~\
\xeb}\xe1\xf7\xf8\x98\xff{\xe3\x8a\x08I\xc4j\x1eZ\
+2r\xa53\xb2a\xe5\xff\xabt\x9d\xa7\xc0g\xf9\
+\xfd\xbfq\x89B\xfaV\x95g=\xce\xde\xf3\xff\xf5\
sw\xfa\x82\x83\xe6Q\xb1\xbb\xd7\x06W\xba|\x9dz\
\xf7\xf9/\xf6\xd8\xfb\xa6O\x22\xeb\xf9`\x05\x99pP\
\xf1\x92\x1eG\xbe\xffs>\x9c+\x92\x92\xcd\xa4\xb1\xd4\
\xcf\xce=\xcb\x98\xb7\xa2m\x9cO\x8f\xedv\x1d\xefY\
b\x96\x94\xb3m\xb6\xbbO%\x12\x89D\x22\x91H$\
\x12\x89\x8b_\x9d\xf7y\xe4I\x7f\xfb9bU\x81F\
\xad\x1c\x0cx\x01\x86O\xec\xf1\xf9\xbc2E\x02\x03\xbd\
\x8a\x92\x88\x82\x95\xcf\xb8\x8aX\x02\x8a\x96\xbfq\xc83\
\xf1@d\xc9E\x8f\x04\x9f\x03\xb6b>Q\xe6. \
\xf6\x83\xf0\xfbA\x8a\x1b\x94:\xf9\x84\xdc\x15\x22\xc3\x06\
\x82G\xfa\x0c\xd1pJh\xb0\xee\xa6\xd9\x92L:_\
\x14\xf0Fm\xba\xd3\xed\xc9\xd5c\xba,e\xf1\x8a4\
\x1b\xa0\xefl[\xd9\x84\x9fV\x86\xfd\xb4\xe58\x18\xb7\
\xed\xef\x13?\xa6\x1eeMp\xd7>@\xc4m\xda\xf9\
\xf3\xe5\x80\x8a\xa8)\xfaE\x8e\xae\x9c\x0d\xee\x10r\xb3\
\xffs\x1du?\xf2\xf8n\xfe\x8f\xab\xff\xfc\xf6\xb1$\
\xab\xb7\x0ane\x1f\x05\xf5z\xcd\xff\xbf\x07\x1cS!\
\x81z\x80\xf7\xfc\xdf\xfa\x8b\xe7\xff\x1e\xe1\x8d\xf7\x0f\xdb\
\xdfuJ\xb3\xba\xd7\xfeOF\x17\x85\xe9\xa7\xfeo\xc9\
\xc2\xe9\xf3%\xff\xb7\xed\x82\xed\xef\xcb\xf3\xeaq\xe2\xff\
\xb6^\xcf?&o-\x89o\xf3\xf3=\x82\xec\xbd\x8b\
TO\xf7\xfa\xcc\xbf\xcc\xb0\xf0\xfd?\x1esh\x93\xad\
\xabWo=\xe6\xf4\x1c\xa48\xb2Op\xcf\xff\xe96\
\xbc\xb1\xb5\xc3\xec\xff\xf1\x97\x94K\xdd\x8e\xff;\xad\xea\
\x96\xc1\xba*\xb7\x85|\xd7W\xd4\xc5\x9b\xeb\xf9[_\
\xe0\xbcFt\xe3=\x9f\x80\xf8\xf6\x9e\x05v\xac\x93\xd1\
M\xd0^|\xddngE\x84[s\xb4\xe1_\x8f\xc7\
l\x22\x91H$\x12\x89D\x22\x91hx\xe8`\xb8\x02\
\xc1S;\xd9\x8cAq\x19yp\x95I)\x1c\xb4\xd6\
 `Z\x11V\x05\xe4\xc9\x0a\x13U\xba\xdb\xd6\xaei\
\xd2\x19IOM5\xfb\x96h\x92O\x93\x1e\xa8W\xed\
9H\xe4\x92\xa6\x11I\x88A\x93\x04E7\x09\xa9 \
\xc0/\x14\x11#^ ^\x82tO\xdd\x5cW\xac\xdf\
d\xb7\x89\xe4\xf4\xca\xber\xac\x0b\xd3NW\xc8\xad\x03\
?M<JF\x1a\xc4\xaa\xcd\x8d\xc4QDh\x9c\x92\
q\xbeMZ\x9eOP\xd9\xf6\xd2yv2gy\xbe\
\xde\x02\x11{\x814\xab\x07\x89\x94\x88\xd8q\xc7E\x00\
?\x9f\x90\x8cM^K\xb3}\xa7H\xa32\x13u(\
\xcb\x8ey\xcfn\xb4)\xf2q\xbe\x1e\x95\xe3\xcf\xb5\xff\
\xd7\xa5\xcc\x15v$\xdc*\xdfn\x1c\xecd\x9e\xf8\xbf\
\xb5\xe1\x84\x0c\xf4\xcab\x9a\xf8\xbf\xe7\x17\xfex\xd0\x04\
\xb5\xe4\x8b\xda}e\xd7+\xfe\xef\x92\xd0\xd5\x7f\x0e\xae\
\xfd?\xb6\xa9\x8b$o\x5c\xbf\xe2\xff\xb6\xcc\xab\xfe\xcf\
\x0f\xd0\xd5]L\x9e{\x14\xc2\xfa\xd1\xce\x0f=_\xdc\
\x03\xda\xe0:\xeb\xf7\x9b_\xf1\x7f\xf9\xd3\xe6\xae}\xa4\
,\xaey\xc7\xb3\xad%H_\xcb\xf4\xfc_\x1b\xee\xbd\
(\xd2\x8eE\x22\xf7\xbb\xef\xe7\x5cqJ/\xdd\xffg\
\xd2\xd8\xf3g\xad[\xf2(\x89\x85\xd3\xf5\xf8\x8b}\xa4\
\xcdo\x07\xe9.\x8f\xc9^>\xaa\x10\x85>\x92H$\
\x12\x89D\x22\x91H$4\xda\xa6\x18\x01\xf1\xdbP\x07\
\xd1\xdcPz\x9a\x049\xea\x98&n\xb2\xcb^M\xd0\
#r\xa0\x11\xcf\x12L\x088\xed\x0a\x14\xd4\x05\xd4]\
\x8d\x06_\xaf*\x5c[p\x8a\xf6\xf0\x0a\xb1\x89\xc8#\
\x9fdbY\x96H\xf3\x82\x7f\x8f\xdc)\xbd\x82\x05\xea\
\x81y\xec\x0b\x84zv\xd0\xb9\xc7\x5c~\x1d\xd4O\xc4\
-\x04\xf2\xcf\x7f\xed\xf6'+\x9d\x1ei\x12\xd9\x8d\xc1\
\xbc-\x13\x97+q>\x0e\xec!\xc0\xb7\xc1\xf4\x8e\xec\
\xf5\xc8\xb8s\x22\xc4\xda\xd9[Q\x11\x15\xb3\x5c\xaf\x9e\
|\xdd\xed\xcb*?9G\xa2Hk\xd0\xb2<=^\
\xfbc\xde\x15i\xa3\xf3\xe2\x97\x0b\x9e\x15\xe7[$`\
\xda)\xa9\xf2\x0a\xf1\xfb\x9e\xff\x07>s\xe0\xff\xb6\xec\
\x99\xff\xef\xdb\x03\xf1\x09\xffG\xd8\xed\x0fV:?\xe3\
\xff\xec7HZ\xc76r\x99\xd5x\xe6\xe3O\xf9\x7f\
\x09-\x8beGr5\xa9(df\xe4\xff\xa7u\xc2\
<\x9e\x1d\xaf\xfa?[\xc9_\x10x\xf77:$H\
?\xef\xff\xda\x06e\xd9\xaf\xf8?\x8f]:\xf2\x7f\xbe\
\x7f3\xee\xf9\xbf?\xfa\xee\xfa?\x15\xd3fE\xcbm\
\xcf\x7f\x9c#\x929f\x22[\xaf\xcc\xe6\xe3R\xfcq\
\xa1\xc8\xfc~\xa5\x00\xbb-\xc5\xc6\xd3\xdc\xc8\xd6\xe3\x9a\
m \xb5\x9d\x06\xea!\xd0\xad?O\xc7Z\x22\x91H\
$\x12\x89D\x22\x91\xf0qE\xefz\x95\x15\xa2\x05\x8f\
\x0d<i\xafp\xac\x83\x89J\xfc\xf3}+\x07\x03\x8a\
\x9e\x02\xc1\x01\xa7\xb7\xe0@\x85\x10*?p\x88*8\
\xa8(\x1b\xea\xc0\x81J\x0b\xfch\x82\x97\x1e\xc5\x186\
\xa8\xe74''\xd9\x9f\x1e\xd3\xb0o\x1d\xc4cHW\
\x16zt\xd0\xab\x03\xfbS\xd2\xed\x84\xa8\xb2\xa4\x04\xf7\
\x0f\xd0:J\xde.\x10\x8fH\x16\xfe\xf4\x8eO\x88\x86\
V\x06\xec\xe1A\x81\xc4k@\xfey\xb2\xb1\xbe\xf8\xe7\
]\xf7\xca\xfb(\xd3\x9fW\xdf\x9d\x5c\xcf\x0e=\x02\xa8\
m\xa7\x11\xd4iu\x1e\x91\xc76\xbf\x977\x92\xdbS\
\xc7\xa7\x1f\xcc\x97\xb0\xad=?\xb1c\xc5\xe6\xb5\xb6D\
c\xd3K_\x8d\xe13\xff\xa7-\x99\x8a\xc7+\xbf\x89\
\xe4\xadH\xafo\xfb\xff\xaa\xdf\xff\xac\xff\xdbg\x09>\
'J\xe0\xff\xe4\xca\xfe\xa4\xff\x17s\xac|\xb5\xca\xd6\
?\xaf\xfb\xff$\xf5\x22\x03\xff\xa4\xff\xcfT\xa0\x95\xe9\
\x13\xd7\x7f\xce\xff\xe5\x0f\xed\xb7y?\xef\xffm\xaep\
\xc7\xff\xc7\xb8\xf9\x03\xfe/;\xafY\xb9\xd6\xbf\xf0:\
\xbc\xe0\xf09/*=\xff\x98\xaf\xd0\xf8\xac}\x027\
\xfb\xbfl\x03W\xfdQ\xb5\xf1\x7f\x9e?\x166\xb7\xdb\
\x5cU\x9e\x96\x0f\x89\xe81\xb3\xec:D\x96\xd2\xbeh\
\xe7D\x22\x91H$\x12\x89D\x22!(\xf4\xff\xfe\xb7\
rp\xa5\x83,!\x98\x9fI\x98\xe7\x9f\x10\x97,9\
<\x8e/\xeeOV\xf7\x941\xd9\xd7\x13}\x02\x12\x9b\
\xf5\x95\xbe\x02\xb9\xb1\x9c>A(6\xea\xf2\x92\xa3\x92\
\xde\x8bZ]\xec6=\xa0\x8e:C\x14\x96\xadH\x1f\
mK\x9d\xa4D\x01;\xcb\xf4K\xcdyY\x97\xf4E\
;_\xdbF\xdb\xeb\x91.$8[\xba\x04\x84dV\
)\xdd!\xc9NaI\xe2\xb9\x0du\xdd\xad\xb6S\x1b\
V\x84\xca\x89\x0c\xcc\x13\xe7?\x0b\xf8\xef\xb4\x19\xe7\x5c\
\xd9\xff\xaa>['\x5cu\xe7\x11\x93(G\xdf/\x9a\
\xa5\xaf\xd8\xb8\xf6\xff\xd7\xf0\xea\xb8|g<\xef\xfc\xff\
T\xbf\x95\xb7\x1fs\xf7\xf5\xa0\xaeS\x9f\xfes\xfe\x7f\
>\x86!\x95\xe4>\x8dzH\xa5\x9d\xc8\xf7\xf2\xbcS\
o%g\xb22\xc6\xdc6^\xe9\x99\x1c\xfc\x9e\xff\xc3\
\x5c\x82\x09\xdd>\x01\x08\xee\xb2`\xa3\xb6\x0f\xf5\xf8u\
\xbd\x87}\xffH\xdb\xe1S\xee\xe7\xeb\xfe\xbf\xeeq\xcf\
\xff\xe9\xb6\xff\xdb\xf1\xe0\xeb\xdc\xf9\x7f\x9d\xe4\xff8y\
\xbbySu\xc0n\xf8\xd7\x03\xcf!\xc7\xfc\xf1\xa7\x1d\
\xb7\xe9]?\xaeBN[=2_q\xd2\x1f`#\
\xcd\xfe?\x08\xefJ0\x07\xc6\xb4\xf7\xc6a\x22\x91H\
$\x12\x89D\x22\xf1oD)\xff\xf3\x7fU\x02\x8e\x96\
h\xe7\xd5<\x017\xa9\xb0Z\x04\x22\x8di\xd2\x8fa\
\x9c\x94\x1d\xe1\x07\xaePQ\x044\xe6\xf3H\x0f\x8f \
\xed\x81\x96%\xbaK\x0d\xcaz\x0469\xbav\xe4s\
\x0c\x0cT\xac\x9c\xb8v\xe7D\xa6\x0a\xf6A'-d\
z\x01f\xa4\x0f\xad\xbdC\xae\x9c\x06h+\xf2j\xd7\
\x06\x1e\xf9\xfc)2\xe8\x1cz,ku>)\xe3\xd9\
w]{ncP\xf4\xd6+x>\xa4n\xda6\x22\
\x84N\xf3\xfb\x98\x09,_\x16}\x84\xec<)\xf7*\
\xe9\xf9\x0a!\xfb\x11\xf2\xc9\x0c\x90\x88\x02*D\x8a`\
:\xb1\xed[\xfe\xef\x95?\xc1w\xfd\x7f_6\xba\xbe\
\xb0ds\xbd\xd0~\xec\xd7\xa3\xb6\x8f\xfc\xff\xc7\xfcr\
\xa1F\xe3\xe5c\xfe_7\xd7\xefc\xdbgdZ\x12\
'\x00*\xd7}=\x9f\xf7\x7f\x98\xa3\x14ZP\xb61\
V\xcf\xff\xbd\x8dg\xf9\xe8-\xff?\xb7M\x13\xd9H\
D\xcf_ \xb4\xe7\x99\xd3J\x85\x1c\xfbc;\x15A\
\xcf\xb7Q\xe5?\xb6,\xcec\xe5\x0bPO\x9f\xb4\xc5\
\x9d\x1e\xf5qz\xbfK$\x12\x89D\x22\x91H$\xfe\
\xcdx\xe8I\xb3L\xf6%0\xa6\xe9\xb3\x8c\x15(\xfa\
\x1aJX\x83\xe5\xf7=\x9c\xc7\x8a\x18\x5c\xfd\xe4\x97c\
-\xc3\x1e\x15@\xe9\x82#x\xa9-\xa7\x94-\xc3\x86\
B\xdafO\xef\x8a|>\x09\xda<9\x05>1@\
e\xb4\x15g\x983\xd6\xc7\x81\x1a\xffE@\xb2\xc3\x0d\
\x8ck\x9d~\xd0\x8d6 q\xb2\xc3i0f\xed\xc5\
:\xe8kh\x95)\xeb\xb4\xf1*\xa0\xc6<\xd6\xceh\
\xa5\x9a#\x85x%=\xb7\x11\x8fih=\x97\xecc\
\xe0K\x17G\x1f\x92!ekuV\x9c\xad\xdb\xf6\x9c\
\xfc\x93\xfc6}5\xe6\xf9O\xc6\x86\x9c\xdf!(\xf9\
3\x1a\xd3'\xe51\xbf7\x96v\xbaO\xf4\x9e\xf8T\
\x84\x8a>U\xca4\x8a\x0b\xe4a\xff\xbb\xd2\x1f\x0fu\
\xbe\xd4g\xfc\xbfll\x1dm\xee\xf8\xbf'{\xd2\xfd\
G\xfc?.[?\xe2\xff\xfe\x98\x96\xb4\xbd\xfe\xd5x\
:\xf5\xff\xa9\x0c\x1f;2#|\xd7\xffc;NH\
L\xbe\xfa`_0\xfe_\xf8\xdf\x8d\xf9\xbf\xe3\xff<\
G)\xca_\xe5\xca\x99\xff[\xbdQ\x1e\xfd\xfc/\xce\
\xf3\xff\xcc\xff#\xf8\xcf\x7f\xb9o\xfb\xee\xef\xf9V?\
\xd7\xd2\xd5g\x13\xed\xd9\xea\xd9$wD\x9c\x0f\x22A\
\xae\xb6VSe\xf1vT\x0c\xf9<\xeb\xef=J\xcd\
\xb5\x9ey\xaa\x91\xea\x95`}\xbaJ'm\x9eH$\
\x12\x89D\x22\x91H$\x04\xd7\x16\x1ct\x13m\xd2\xfe\
\x0c\x9e+\x04/U\x82G\x22\x92\xd8\xb9R<\xb9\x17\
3\xf8\xdf\xfa\xd3\x89\xe4\xc2)\x85\xa2uG\xb8\x8f \
.\x94\xf1\xc0+\xc7t\xf9\x13\xdb \x7f\xc1\xadJ\xd6\
\xe4\xc2\xd0\x8b\xabyh\x1d\x14c\xb0\xf7<lA\xa8\
\xd8\x18\x05U\xaf\xaf\xfa\xd3\xfa\xe7\x08\xf4w\x03\xab\x98\
8)#\xc8F\xdcY\xb5u'\xef\xc6\xca\xdbm\x1c\
\xe6\xbfQ\xa7W\xfa\x15\xeb~Y^\xc4\x9ff\x92\x89\
\xc9\x88\xfbm\xea\xf5[\xdc\x97g6\x7f\xba\xcc.\xcf\
|w\xd1\xd7\xae\xcf\x02?}\xaf\xf1\x97\x0bU+v\
\xfa\xc0\xd1Q\xe6\x17\xc7\xd9\x97\x8d}\xd3\xff\xc9\xf5\xff\
\xfbxG\xc2j\xcc\xbc\xba\xe2\xf5\xf3\xfe\xbf\xcawn\
{\x94~\xd7\xff\x97\xed]\xf5\xeaX,?\xcb\xb3\xfe\
_\x17b\x7f\xc7\xff\xf5S\x7fo\xcf\xa9\xdcW!u\
\x96//\xbcy\x85\xa7\xf7}\xff\xaf\xcb\xb1A\xc2\xbc\
j\x96\xf4\x10\xda\xfd\xcf\xfbM\xf7\x0d\xce\xd5\x86q\x8e\
2O\x06\x8dv\xd5\xb2X\x8c|\x19W\xa7\xaaF\xe3\
\x15\xe7\xa7=\xefu\xe0\xcc$\x0b\xdf\xcf\xedvq\xb2\
W4);)\x91H$\x12\x89D\x22\x91H\xdc\xc4\
\xf4\xb6<\xbd\xc2\xc3\xbf\xf6\xdcrC\x02*\xb9&\x84\
s\xbc\xba\xcaH\xec\x9f\xf5\xfa\xbb^bX\xf0\x9a&\
`\x89\xec\xaa\xa0VN\x02\x97\x02\xc45\xa9\xbcz5\
M\x0d\xa8\xd5b\x02\x0d!u\xf8\x8f\x83\x99'\x9e\x01\
\xe2i\xa0\xbd\x22\x9fY\x87\xca_\xe6\x15P\xab\xe0\x95\
e\xe0\xaa\xba\xad\x8e\x968\xc8\xe7F\xaa\xab\xab.A\
\x12\xc9\xf6\xaeaz\x94\x87\xf1\xfc\x09:\xea\xe7\xfa\xdf\
\x09\xa7=\xc2\x8e\xffv\xb6\xee\xc6j\x0dW\x0c\xaeW\
:[\x02\xac\xd0<\x1e\xf4\xaa/re\xec\xe0\x8d!\
\x22~\xd1\xd5\x83H}ac\xe5\x95#\x99\x22W\x8f\
\xbb\xa8\xdc]\xd2g7\xde\x22{\xd4J=\xc9\xac\xc8\
cnw\x8f=\xa8p\xcd\x96\xb1\xfe\xcf\xe5#\xff/\
\xf0g\xed\x8cpB\xe0}\xda\xff9\xad\x00\xa1\xbe\xd3\
\xb9\xf3\x7f\xb9S\x8f\x0b\xd2\xa6G\xfe\xaf\xfd\xf7.\xbe\
\xe7\xff\xf1\x98^\xfb\x7f\x99\xfc\xdf\xd3\xf7\xaa\xff\x17m\
\x88^\xbb\x0d2\xd7\xe4\xf3$\x89\xe4\xf9K\xa1-\xdf\
\xf6\x7f\xf6\xbd2\xd9\xa3\xbd+z\x06\xab{\x82\xa9\x7f\
\x04\xaf\xcc\xfc\xfc\x17\xff\x7ft\xdf\xf1\xfc}U\xb7\x95\
^\xce\x8b\xe4\xf3\xaa<\xdf\xa7.;\x9e\xf7\xa4\xc0\x96\
\x95\xff\xd7j\xfd\x22z\xfe\x1b\xdd\xd7_gt\xab\xfe\
\xca@\xcf)\xba\x8e\xf9\xf7<\xe3\xef\xf9\xf2L\x94?\
\xf7uX3SF\x8e\x9f\xe6\xb7\xf1/\x22\xda<\xb3\
*Y\xcf9\xad|\x99\x22\xe5<=\xf8\xfc\xf4\xee/\
\x89D\x22\x91H$\x12\x89D\xc2\xc7\xb4\x02Z\xaf\xf2\
\xc1@\x88W\x87\xcc\xfb\xe6\x15\xcd\x07_\xd7\xeaH\xd7\
\x13}\xab^\xa3\xcav\xcd\x10\x08`\xdej\x08\xa2F\
\xba``Z!\x1e\xe1 \x81\xe3#\x09\xe4\xe2p\xbe\
\x1e\xdaz\x1f'\x120\xb8i\xe7\xf5x\xd5TDZ\
\xb9d\xcbF\xefN\xf7\xc9\xf5(\xaf&'\x02\x9d\x1c\
\x18\xf7\xf4G)\x13\x010\xcb:\xc7\xde\xf6\xf3\x95\xce\
\xdb|u\xbfBuU\x0f\xaf\x8cM\xd3\xe7k\xdbk\
`\xcf\xbc\xeanm\xc3\x0aw\xf3\xefd\x14H\x1b\xe0\
q\xd2\xb7\xab\x88\xee4<f^\x1d+\xbf\x89u\xbf\
j\xbc\xe3\xff;\xbdQ\xda\x9d\xeb^\xde\xf6\x1d\xe5\xf8\
&\xc7\xb9\x0f\xd5~\xef\xaf\x13A\xfb\xbb\xfe\x7f^\xbf\
;\xed\xe4\xbd\xb0\x8d\xf3<\xf1\x19\xff7\xed\xbd\xb4\xe7\
\x8e\xff\xd31>\xe9\xff\xe8\xd7\xb5V\xb3b\x16\x7f)\
\xe4\xe3\xf3\xfe_o\xa4\xde\x94\xbc\xf5\xff\xd8\xdf]_\
\x7f\xdb\xffmN\x99\xecM\xb6\xfa\x82\xa9=\x8fd\xdc\
c\xffIY\xceW\x15\x09<\xe6\x98\xa4\xc7\x03\xe6\xb7\
\xb2\x8c\x01\xa4\x9e\x0a\xfd\xb4^/\xd2~\x10\xafnn\
\xb6i\x02\xbc\xc9\xd5\xe9<\xe6l\x9e\x936N$\x12\
\x89D\x22\x91H$\xfe\xed\x08\xb6\xe0`\x02\x9a\x09\xc2\
\xeaL\xd0\xf1%\x84#\x85 r\x18\xb2\x84\xd8-\x93\
z\x090\x98<.m\x85\xca\xb5\x9a9\x88*\xb6\x84\
\xdf\xc8\xd6D(\x86\x5c\xb4\xcd(D\xf6g\x9f#8\
?'\x07.IL\x98\x10\x1d\x97\xf1\xe8\xb3g>~\
9\xd5+\x84\xcf\x81\x86[\xa4W\xa4\x8bm=\xb1A\
\xae=&\xca\xffT+\xea\xf4\xf4\x9c\x04\x85~\x9e}\
\x1d\x8e\x88\x0c\xf0\x83;t\xc7\x8al\x9a\xaf\xd9\xf1J\
\xb7\x08\xc3;d\xf8\xaa=?A6\x0d=$$d\
$\xf1S\xc4\xe0\x9d\xf2q[\xf9\xb7\xa9\xb9\xbd\xa4\xaf\
\xa22\x1e\xb4\xff\x9f\x97c\xff:\xa1\xc5\xe6qq\xae\
\x87\xcb\xb7\xe7\xc1Z\xee\xf1\xb5\xfei\xef\x0dF\xc0\xd8\
\xfe\xe0\xb3\xfe\xbf\xb7\xf3\xc4\xff\xe3\xfa\xbd\xa6\xef\xe4\xfe\
\xbfk\xd3\xcf\xf9\x7f5\xf9\xef\x8d\x97\x1d\xee\xd6C\xae\
\x9c\xcb\xb9k\xc7\xaa\xad\xa6qO\x9f\xbb_\xae\x9f\xff\
\xf5\xccvZ#\x1e\x17\xab/\xe3\xf5<\x89\xc6\xaf\xcf\
X#\xcf\x7f\xec\xdc\xabe\x9d\xc7L\x9b\xf5\x05\x16\xc2\
\x87|A\xd5\xda\xd9\x1f\x7f\x9cNv\xfe9l\x159\
l\xd4\xe9V\x1bM\x97\x8c\x8bD\x22\x91H$\x12\x89\
D\x22q\x86\xe0\xf7\xdaL<?\xc1dtUiH\
\xa6\xd8\xa2\xfe\xa4\x5c\x88\x5c}\x19e\xb6@\xe1\xfaY\
\xeb\x08\x80fY:8\x8a\x82<\xce\xa7\xa3\x88B\xab\
-\x1d\xaa\xa3\xa7\x97\x0a\x02\xc6gz\x99\x99\x97F\x92\
O6\xc5\xb6\xae\x88\xcf\x1d\xf9\xc0r]\xf9U~\xfe\
N\x10la\x1f{\xe4\xcd)\xd8.\x1b\xc0\xae\xe5\xc8\
\x0b\xfc0_1\xe5OtF\xedb\x7f\xce\xef\xc9\x9d\
\x09\xc2x\xdb\x03\xbb\xd2\xcc\xa6\x8f:\xf3_\x8f^\xcb\
\xa6\x1e\xf6\xd8#.p\x1c\xcc\x90\xbe\x8c\x882k\xb3\
\x95k\xcb`\xdbb\xfd\xbc\xb6\xf0\xe4,\xfb\xaf\xd6m\
\xff>\xfa\xcf\xc8#|\x8e|^_\xb7\x04\x9c\xf6\x1b\
is{M\x5cM\xfb\x99\xf6s/]\xcb\xe0mS\
\x9e\x9fr?\xf3\xf3\xe2\xa7\xfcUu\xcd\xd3\xa3}\x11\
\xc7\x91\xb6\xdd+\x87vb\x19\xd6\xb3j\xff\xb9m\x01\
\xe07\x9eV\xea};\xb6?\x08\xfc\x9fn\xf9\xbf\x9f\
v\xd7\xff1O\xfc\x1c\xd4\xed\x84\xe5\xef\xfb\xff\x9c\xcf\
\xab\xcbg\xfd\x1f\xebq\xcf\xff\xeb\xa1\xff/\xaf\x9b\xe7\
\x05\x11\xdaS&{_\xc5r\x8cB\xba\xf6\x17\xba\xa6\
\x11'ck\x95~\xf6\xfc\xc7\xfeX\xc8\xe9\x99\xf0\x19\
e\xeb\xe0\x9f\x17'\xb7o\xe75e\xeb\xb9\xd9\x8cU\
IQ\xd9\xe7\x974\xcf\x1f\xf8\xfa%i$\xf1>\xfc\
\xdc.(K\xd0\xb6\xf3\xd0\xcf\xf7qn\x17Np\xb7\
\x19Yr\x1fc;8}\xbe'$\x12\x89D\x22\x91\
H$\x12\x89=J\xf9\x9f\xff\xab:P\xb5ds#\
2\xf4q\x1dAW5\xe4\xee\x1c\x11`Y\x0a\x02\x06\
 \x85\x91$u\x03[\x09vde\x18\x81M\xcfC\
\xb6\x13l\x7f\x06I\xee*ll\x8chE\xec\xba\x1c\
y%\x96\x01\xf0\x99\xacW\x82h[\xa6\x8ct]?\
{\xec\x95?!\xbd\xa3\xb2\x1aE\x05\xaa\xcf\x17M\xb6\
\xfe\x88\xcb\xc5\x04\xce\xba\xbe\xe7\xd7\x87\xf6\x9eo\x15\xe8\
\xfb\xf2\xd03P\xe2J/\x12;\xbb\xbe\x95<\xd6\x9f\
\xe2>\xc1\x9f\xd0\xdfY\x85g\xcb\x9c\xb4\x81\xad\xcbQ\
\x9fY\xbdt\xeeYv\xcc\x89\xff\xdb\xb1\xe8\xb5W\xa4\
I\xee7\x9d\xcf\x0c\xf2\xbc\xe7\x87\xaf\xe0\x13\xfeo\xd3\
\xff\x8c\xffk\xa2\x8aWt\xae\xca\xbd\xe2\xff\xb6\x97\xda\
c!`\xa8\x029\xaf\xdfO\xce\xf2\xdd\xf7\x7f:\xc6\
]\xff'\xbc\x8f\xd5\xf5\x8a\xf2\xd9.\xcf\xff\xf7\xa4\xdc\
;~\xe1\xf9?\x05\xe3\xb8\x97\xa0;8\x1ds'\x18\
\xe3\x89^\x97\xf7\x9a\xff\xff\x1c\xf9?\xdd\xf2\x7f\x8f\xd8\
\x1eb\xfc\xb2#\x11\xaf5]?f\x5c{\xe5\xc4V\
\xf0j\xc3lW\xaa[\xf7VmXI\xe4\xf5\xc7\xaa\
\xd7\xdf\xfa9 \xf5\x9f\xe7\xc6\x89D\x22\x91H$\x12\
\x89D\xe2\x0e\x1e3\xf9l\x039\x09\x16\x8al\xd0|\
\xe5\xabH\x16\xf7\xbc\xa3T\xd5\x84\x90\x04;\xda\x80\x16\
cT\x08\xd4:\xf1\xdcW\x9dX\xfb\x8a\xe2\x94\x81h\
\x05\xa2\x8e\x03\x05M\x8e\xcb\xbf\x11Z\x19\xb1K\x07!\
\x14\x06vx\xad({<\x1d~y\x84\x17\x08\xdb\xfa\
D\xc2/\x22\x80\x8fE\xe2$\xdf;\x8e\xae\xa1^\xac\
\xaf\xb5\x13\xf3Gm\xf7$\x9f\x87\x8dP\xce\xd6\xef\x94\
\x08\xd0:};u_\x8aMr\x5c\xf6d\x8d\xd1\xc7\
\x02\x0b\xfc\xe1u\xdb\xae,\xe3Z\x99It@>\xe9\
1\x8d\xbe\x86u\xf5\xc6\x89=\x8f\xc6\x98=\xbfK\xc0\
\xb9\x84\x10T\xa0h\x96\xc1\xd5K\x9bq\x8d\x97\xc4\xc6\
\xeb\x8cp\xe5.\xbedQ\xfb?\xeeY\xef\x01\xdb\x98\
T\xbb\xda\xfb\xdb\x89\xff\xa3\xad~}\xd6\xfd\xc5e_\
\xf1\x7f\xafo<\xfc\x8e\xffWW\xee\xcf\x0f~\xa9\x22\
\xed*>\xea\xd9_\xcc'\xf96\x1a;\x0b_\x9fo\
\x00\x93D|\x99\x9cETG\x0f\x9f\xf3\x7fK\xd2\xe9\
k\x9f\xf0\x7f{\xdf\xe2\xb6\xfa\x84\xff\xcb\xfd\x8b\xdc\xbc\
;\xfbl9\xb4Q\x8d\xc1^\x87\x07<S\xe4y\x22\
\xb6\xac\xc6\x90g\xcbj\x0c\xdb2\xde5&n\xed\xf3\
\xe1\xfb\xfe\xff\x08\xe5\xa2|l7{\xcd\x1ek\xbf\x04\
\x19\x0b\xff\xbfv\xca\x10\xcb\xc6X\xfe\xa9\xd5\x99_J\
\x7f\xe9v\xaa*\x9f=.\xc4\xab\x93\xa3\xfbG\xd5\xcf\
\x82\xa5\xcb\x15\xa3c\x06\xca\x1f\xfeB{_N$\x12\
\x89D\x22\x91H$\x12\x0d\xd7\x1e\xd0B<Y\xc2\xe7\
y\xbe\x9f\x98c\xb9\xf6rq\x5cM\xe8\x93?\x12\xa0\
\xf6`\xa5\x07\x12\xb0\x04\x86hZ=\xdd\xb7\xe7P+\
\x1a\xeb\x90\xd7\x8a5\x19\x8aH\xeb\xd9l@/\xe7#\
\xecq\xec\xc32\x10l\x8a\xc2\xe5J\xde\xa1\xa1\xe8\x00\
n\x87Z\xef\xad~*\x84\x01\xa8\xac\x0c\x12\xc2\xee\xb3\
\xf0\xed\x93\xfe\xb8\xf4\xfeH#\x97\x8d\x9c\x93\xfaz\x84\
\x07\x97\xf5^\x9e\xe5\xf7\xf1l\xfbVw\xf5\xebq\xb7\
\x8f<\xb1<\x8e=;\xf7\xe5\xab;F\xbd\xf6\xb1i\
\x9e\xacK\xfb\xcd\xfa\x84\xb4n)[b\x09}bV\
[\x96e\xbck\xac\xd7\xcb{\xb7\xcf\xa3\xb6e\x1d^\
{\x9d\xf9\xff\x993\xbe2\xb6\xbc~\xde\xf5\xc3\xab\xd8\
\xd9\xf7\xbcfW:\xaf\xe4\xdc\xf3\x7f>\x97g\x8f\xf7\
\x22\xba\xd5X_\x8e\x8dM\xfe]\xfa)<\xf2\xee\xa0\
\x14\x94\x9f\xfd\xe6\x13\xfe\xff\x89\xd1\xd2\xf4\xfe\x84\xd7O\
lZ\x95\xf1\xae\x0d\xbd-A5\x0e\xcfo\xe4\xdc\xbb\
\xe7\xacu\xbd\xe7\xff4\xf6\xaf>\xc1g\xfc\x7f\x7f\x1f\
\xbe\xf2\xd2\x11\xfd\x0a\xc7ejO;\x87b\xff\xd7s\
\xb5~\xbd\xcc6c\x7fT\xf2\xadk\xc3\xe9\x9f\xfc\x0f\
\xb8\x97\x86\xfe_\xaf\xb9k[4Qt:[\xac\xe6\
\xbd\xf3\x9cR\xea\x15\x9f\xdf\xbd\xaf'\x12\x89D\x22\x91\
H$\x12\xfff\x5c\xcbe0p\x19\x9c\xedx;\xb8\
\x9d|k\xc8\xe4\xbd\xadH\xb9P\xdbJ7\x86L\xce\
\x8b)Wa\x15K+(y\xeb\xa4\x8f\x838AU\
\xd70\x09\x83\xa3B4\x05K\xac\x7f\xb6Q\x97\x9fV\
\x5c\xc1\xaa\x17ED\xd3\x8aDh\x01\x16\xb6\x89\xaa\xc5\
!q\xb2\x83\xd8*\xfbRFq\x11\xae\xf4z\x05\xab\
\xba\xf2\x17\x09\xb8\xfa0\xd2\x13\x05\xf9\xde5\x7f\xa5]\
\x85`\x17\xf4\x93\xb37'\xc8Y\x91\x1f\xc5\xfe\xf5z\
\xacV\x8b\xdd\x07\xef\x1f\xfc\x18\x9fX'\xfcD\x9c\x92\
Vv\xacFexu\xd83\x1d\xf7^\xad\xd0o\xaa\
\x15\xfb9\x91|\xe9\xe1A\xfa\x83\xdc1\xe8\x8dU\x19\
\xafk\x12\xf7\xe4\xda\xc9\xf9\xda\xff\xcb\x94\xcf\xf3\xff\xd3\
\xfex\xe6\xc36\xb1\xd7\xec\xf9{\xfe\xbf'F\xbe\xe7\
\xff\x22\x9f\xed\xa9\x1f\xf7\xff\xebl\x1c7\xff\xf7\x9e\x17\
\xf18\xba\xe3\xff\x8f\xe2\x13\xe4\xef\xf9\xbf\xd8\x81\xf6\xb0\
M\xf8\x89\x90\xba\xef\xf7\xd8~\xd5\xff\xd9\xcf\xdd\xfb\xb6\
3V=\x08\xf9X6\xfeOn\xdd\xa3:\x9d\x5c\xe3\
{\xf6t\x0fW\xcf\x86\xdd\xf3\xff\xd3\xfeO\xed\x0bY\
\xf7\xda\xb7\xfc\x7f\xff\xab\x1e\xbe\xbf\xdf\xbd\x0b\xec\xfd\x9f\
\x9f\x9b<\x94~\xc8\x9f\xd3\xcd\xe3q<_\x8a\xd5)\
y\xa4\x00\xfa\xbf\xcaM\xbe\x89\xa5\xcf9e\x5c\x0aQ\
\xdd\x05ze\xca\xbc\x1d\x09\xde\xdf\x12\x89D\x22\x91H\
$\x12\x89\xc4\x1eW\xc4\x89\x81K\x1d\xab\xca8@\x17\
b\x9a'\xe9\x124\xf4\x95+\xed\xb0\xe5\x1fL\x95\xe4\
)\x96\x1d&\x1b\xc0I^$\xc1\x98\xbf\xb4d\xb2\xac\
\xac\x12\xdb\xe43\x0a\xb8,)S\xdc\xc0\x1c\x03\xfc'\
\x9e\x81\xb4Z]\x0b\x01\x92.WU\x1b\xa2}Q\xa0\
mWT\xed\xf2y\x10K}\xa2\x0f\xf5{\xb6\xec\x88\
\xaa\x95,m\x01\x90)Dj\x95\x91\x17\xac[X\x22\
\xc6\x12v\xa5\xe0>\xd2\xfa\xb8]\x97-\x18Vz\x90\
\x10\xb3\x81\xfe ^\x88\x8e\x08\xcb\x15\xf9\x10\x91G\xeb\
>*S]-vzl\x7f\xaeH\x16\xdb\x86x\xfd\
\xd1\xd3\x1ff,b\x1f\xef\xf4\xf5\x1c\x13\xf9C@\xbe\
\xdb\xfc\xda\xff\xfdvX\x91E\x16\x8ah)\xb1?F\
~`\xfd\x7f\xd5\xdeQ\x9eo\xfa\xbf\xa7g\x95\xfey\
\xff\x17\xe0X\xb2i\xdf\xf7\x7fl\xb3+\x85K\x12\xde\
%\x9b\x0f\xfa\xfe\xcfz'y4o\xd1\xf1\x9a\xff\xd7\
\xa3>\xba\xe7\xffX\xc7\xcf\xf9\x7f\x01\xff\x1f\xd2M\xfe\
\x9d>\x9d\x07\x9fT\x14\x8e\x89o\xf9?M\xfe\xaf\xbf\
\xf4\xfb-\xff\xe7\xff\xfa\xab4\xc6\x17\x1c\xf45\xff\xd7\
_\x00D\xfeO[\x1d\x05d\xf9y\xdb\x1c\x91\xfb\xb9\
\x0e\xbeY\xfa\xda\xca\x93\xe3R\xc8\xf1\xff\x8a9\xc6\x1e\
\xe52.D\x0cv\xfd\xaa*W{\xb2m\xe6\xd7\x04\
s=pNY\x96\xfe\xe3\x8d\xbdD\x22\x91H$\x12\
\x89D\x22\xa1q\xbd\x84\x90O\xe6\x80\x9a\x7f\xc6H\xe3\
\xd8\x06\x1f\xa5\x93\xd5E\x84\x8ch@\x82\x15Y\x8dR\
\xab\x04\x96\xcf\x9fMR\x0f\x06\xc7$\xff\x87 \xb0P\
T&yS|\x96\xa7\xec\xeavr\x89J\xeb\xed\x22\
8\xb8\x90,-\xa0\xc0\x9f\x90\xdf\x0f/\xe2\x12\x96H\
\xb1AvD>x\xd2\xeb8^\xff\x8c\x9d\xaf\xe1\xe7\
\x90U\xd6e\xb1-T0\x0dAe\xe9:\xa8\xcc\xfd\
tR\x1f\xce\xc7\xb2i!C\x8e\xb1\xdf\xcaT\x9fS\
\x14S\xee\xc4\xde\xc8V\x9b\xce\xe3\xb3\x94\x83\x18\xff\x00\
\xa7m9\xe5\xe7~\x97\x0b\xcd\xce'\xe1S\xeb\xf4\xaa\
>\xdb\xd7\x1e\x91\x1bc&sl\xdf5\xff\x7f\x84A\
\xfd\xed\xfa}8\x8f\xf5\xffO\xe2\x13\xfe\xbf\x92\xbb\xba\
\xf6y\xff\xaf[\xfd\xdf\xf3\x7f_\xf6\xde\xffq\xb4\xcf\
\xe5v\xf6\xb6\xc7\x1a\xdf\xf8v\xfe_\xdd\xb6z\x15k\
\xdbP>?\xbf\xab\xdb\xbfl\x8b\xe7\x83l\x7f\xe4\xff\
t86\xf7\xfe?\x13\x9a\xbf\xe1\xff\xe6\x8eC\xf3\xf3\
\xff\xb7\xfc\x9f\xa6\xf1V\xe9\x9b\xfeO\xb7\xfc\xbf\xc2u\
\xdf\xff\xc9\xf8\xbf\x19\x1aUt\xab\xf9\x5c\xc1'\x8dd\
\xe6\xb1\xa0\x9eSpM\xcdy\x0a\x90\xc2\xa6\xca\xcbg\
\xad1\xb2\x8e=\xa8\xa5\x1c/\xb4\x10\x17\x9f\xc7\x87\xbd\
\x96H$\x12\x89D\x22\x91H$\xf6\x18{@3$\
\xc0\xe0s^\x09\xd2~R\xeb\xcd\xb5\x0bRWv\x82\
\x1f\x06EB\x12KpT\xfaJ\x17\x0c\xe2Y.M\
\x01b\x05\x82[\x05\xb6]Fi\xcbo\x88\xa6\x15;\
\x12\xca0Ah\xed\xf5B\xa4\x15\xfc\xb8\xfc3\xc1\xeb\
U\xa7\x1e\x94\x95A,\xd0D\xbc\xfe&$\xa6\xdc\x13\
\xf4\x11\x09b\xaf\xefu\xda|\xfb2Q\x80x\xb7\x7f\
\xef\xd8\xb5\xea\x1b7\xd0? \x0e/i\x01\xe1\xb7j\
\xd7\x87!\x0d\xdc<\xff\x90P;\xb2\xc5\x8e\xef\x98\x87\
:\xaf[T\x0f\xcf^\x8f \xbe\xd3\x16;\xdd\xd1\xf9\
\xabr>\x89\xbbc\xe67\xb0\x1aS^\xde\xef\xf8\xff\
\x1e\xe7\x04\x91\xf7\x8c8#\x96\xea\xc29\xac\x94\xdf\xf6\
\x7f\xedOh\x91\x10\xd4g\xfe\xef\x10\xd8\x1f\xea3y\
\xfe\x93\x225\xbf\xe9\xff\xea\x8b\xb8I\xcf\xa5\x81N\xfb\
\xdf\xb3\xef\x1e\xea\xe2\xec\x93\xfe/\xfd~Z?\xdf2\
{\x8f\x96tUb\x10\xd0\xcfK0g\x19f\xdb\xb9\
\x8c-\x8ar{\x9d\xaf9]%[\xa7\x1a\xae\xca6\
_r\xb0\xb2n*\xbe\xfcZ\x91\xda\x22\x81\x0a\xd8\x1e\
\xddJ\x92\x88N$\x12\x89D\x22\x91H$\xf6\x18{\
@\xf3\x1f\xa3\x9d\x8f\xb3\x9ef\x7f~\xdb'\xe5A\x10\
\x80\xe4.\xcbV210 Yi}\xc5(\xa5\x0c\
\x1b\x0a\xd9\x00\x05\xf7\xfc+\xc3\x16bB\x9b\x98\xa8m\
\x0a\xe7\xc0\xa0\x0e\xbd\xde\xea9R\x92g\xc4\x81F1\
\x7f\xb3\xdcW\x82\x94\xa2>{\xedJ\x09\x83!\xaf/\
\xbd<\xf7\xad\x90\xbf\xd2;\x7f\xae\xe9\xac\x07\x09\x14L\
\xb7\xd7\xed\xb5\xc9\x02%gM\x96L2\x02\x12z\x85\
\xd36\xf2\xeb'\xd7,q\xe2\x95?\xa9\xb3\xcd3\xe9\
]\x5c\x8f\xc8\x8ap\xf5\x9bk\x0fo\x9b!\xe78:\
\xe7&\xaf\x8e\xff\xc7\xe3\xd2\xda\x8b\xfdh\xed\xb3\xfb)\
{}\x10\xe9\xf1\xcaE\xe7\x1e^\xf2\xe17\xfc?\x92\
\x17\xc9\xfa\x8e\xff\xcf\xfa\xef\x92\xc6\x9f\xf5\xff\xb5N+\
c_\xdf\xf9\xde}\xdaD\xfc\x85%\x7fr\xe1\xc6c\
\xfe\x9e\xff\xef\xfc\xc9>I\xf09r\xa7\x0f\x86OZ\
\x89\xbd\xce\x05d\x9c\xfb\xbf\xd8(\xfe\xcf}P>\xee\
\xff\xa3\xa7K\xb4W4Q\xf4\x84\xf8\xbc\xff\x9bg+\
\xd1\xf6\xd9\xf4\x9a\xff\xe3\xbd\xfa\xf0\xd9F\x9e\x9d\x9e\xff\
\x17\xb70\xf2\xbd\xb2\x9d\x93<+d\xec\xe9{CQ\
2y\xbc5\xd6x&\xbd\xc9\x94'\xc7\xffI\xa3\x9a\
\xd2E\xca\xc9X\x92t\x94\xd1\xd2w=\x94H$\x12\
\x89D\x22\x91H$,\xc6\x16\x1cs\xf0*\xc1C\xbb\
\x8e\xc7\xcf\xbc\xfd\x85E\xcf\x95\xd1\xf51V\x1ckB\
\xe1y\xdeVN\xcb*\x12\x08\xc6\x9d\xa3\x9e\x1d\xf2\x09\
\xe1\xea\x92\x88*\xb0\xeb\x04\x80Y\x84\x83\xb1\xc2Lx\
\x04\xc4\x9c\xa3\xc7#M\x90h\xf4\xe5\xfb8\xcdGu\
^]\x8b\xfav\xb2\x8e\xf5\xb8@\xe2\x04\x03\xb1\xaa\xc9\
\x96;\x12\xcby\xf0k\xc7RO%\x22\xdd\xd6\xcb:\
\xd6\xf9\xe7\xfa\x950\xf0,K\x82\xce\x97[\x82|\x95\
t\x9b\xad\xebz\xbe:\xb08\xbaf\x8b\xba#\x8bn\
Nw\xf5\xe8\xe0\xde\xf7\x83\xba\x1do\xb6\x0f\xdc\x95\x92\
D\xfb~r\xf2+k\x83\xb6\x5c\x13;\xe4\xda\xf3\x8a\
?\xc4\xfe_';>\xe9\xff\xab\xf6<\x91\xf5\x9e\xff\
\x0b\xa2\xfa\xbf#g\x87\x9d\x9e\x13\xff\xf7\xc6\xea\x89=\
s;k\xdf\xe6\xb4\xda\xbfD\xbdK,\x0f\x1d\x1f\xf2\
\x7f%\x93\xce\xc7\x87)}[\xde\xce\xff\x7f\xde\xf2\xff\
q\x07\xfbU\xffwZa\x10\xe2D\xf5\xcb\xfe/u\
\xee\xea\xda\xb3\x17\xca\xa1\xbe\x9d\xce\xbd=g\xbeH\xca\
\xff\xed\xb0\x15\x9bW\xa2y.V\xa7\x15\xd3\xc5\x95\xd1\
\xfc\xc3\x91\xd7'ylG\xf5\x5cs\xc8\xd0\xf3\xd6\xd2\
\xebr\xad\xa2\xae\xa5\x93\xe48\xce@\xf7 \xdc\xd7m\
t\xe7\x9e\x96H$\x12\x89D\x22\x91H\xfc\x9b1\xde\
\xc2\xa3\x88a\x15\xdc\xe8\xd5*\xb2'\xf4\x95\xd2\xae\x97\
\xca\xd4\xaf\x89\x03:Q\xa9\xc8\xe7\x02\xb2h\x04u\x84\
d\xd7(\xdb\xcbL+Z\xd8&\x5c%%d\x9b\xd8\
\xae\x83\x02.C\xb8\x8a\xd7\xc3\x82\x90 \xd5>\xf3\x8b\
\xb3\xecy$\xc3\xcaR\xf2\xf1\x0ft\x11\xcd/\xf4\xf2\
\x82\xe1H\x17^\xbbK \xa1\xb8h\xac\xb0\xec\xb5\x9c\
\xba$|\x10\xba\xee4\x1d\xcbJ%\x19{\xa5\x1b;\
\xb7\x9f\xce\xc7\xb0+\xe90\xaf\xd5\x8f\xe3\x17m\xf6\xed\
\xa4m=m_Fvp9~!\x98\xba\x06\x0eP\
\xc8\xd8]\xf7\xfb\xd9r\x9d|rq\xff\x82%K,\
y\x04_\x09\x88i;\x16l{b\xd9\xc8\x97\xa2\xf1\
\x84y\xa2\xf3\x15i\xb3J\xb3c\xea\xd3\xfe\xef]\xb7\
\xfa~\xdf\xff\xe3\xfaG\xf9\x229\xf7\xfd\xdfG4\xe6\
Nm}\xe2\xcc\xff\xaf\x14G\x0f\xe7}\x8c<\x91\x1d\
\x91m\xec\xc3e*-y\xb8\x5cD\x9e\xbb2I\xda\
z\xef\xffB\xb8\xc9s\xba\xd5\xe7\x1d\xff\x7fJ|`\
\x1do\xfb\xffc\x10\xbfl\x9f\xcd\xfb\x0d\xff\xa7I\x1e\
\xfe\xba\xa3|\xd9\xff\xa1\xedI\xe6Z<>\x9e\xed\xf9\
\xf8\xa8\xffG#o*\x046\x93s,\xe3G.\xea\
\xcce\x165\xca\xca<\x90\x1c\xe1\xd6>\x9e\x0bq\xb6\
\x95\xffK\xf9+\x1f\xf3\xc9\x95\xcb\xfc\xa8\xbc\xb5\xe2\xd8\
\xd7\xf2\xe5S\xfa\x1d\xef\xc5\x89D\x22\x91H$\x12\x89\
Db\x8d\x07\x06\x82mb\xfdL\x16\xc2\xf8I\x1eK\
:\xa3\xe8\x89=ED\x8e\x0e\xca$\x90\x1cb\xc6A\
\xd3\x87z\x80\x5c.\xe4\x10\xdb:\x08m\xa9:\x18y\
\xeem\xa9\x83E]\x8f)p\xa8^\x1d0\xa8\xc3+\
\xc5%\x04\xb0\xcc\xea\xba\x97\x97CA\x1d\x8c\xfa\x01\xa2\
\x17<\xef\x08\x1b\xccW\xa7H\xb1}V\xf8\xb2\x81<\
+\xea\xfc3\xeb\xbb\x01\xd8\x99\xed\xf8%\xc3\x99|K\
\x5c\x12\xd8\xb8+\x13\x93\x18\xd6\x1e]\xf6T\x0f\x96\xc1\
\xfc\xaa\x0c\xb4\xad\xa5\x07\xf8ea8N\xc8!<\xe6\
~\x9d\xff\x840C\x12M\xdanG\xe8D\xe3\xda\xcb\
\xaf\xfd\x7f&\xcb0\xaf\xd7\x9e\x11\x81fIX\x0f\xb3\
\xff\xaf\xfbkG\x18\xee\x08\xacw\xfd_\x14\xf5\xfc\xf8\
e\x0b\x99q\xc1\xfd\x85\xd7K\x9c\x9fL\xd9\xa1\xd7\xe4\
\xd9\xb5\xa9\xd7f\xdf\xf1\xff\xbd-\x91\x8c\xcf\xfa\xff\xba\
\xff\x91\xc8\x13\x92\x14{\xc5\xd77\xe4\x19\xf9%\x90\x80\
\xfe\xaf\xf2/\xfd\xdf\x87\xd76\xda\xffQ3A\xde\xb9\
\xbcw\x8e\x05\xc6\x17g\x9d\x84\xa6\x97\xfd\xdf\xea|\xc0\
\xb3\xea\xf3\xfe\x8f\xf7\xd8\xf9\xba\xb4\x95\xb6\xe93\xfe\xbf\
\xbe\x87kY\xc5\x91\xbf\x83\x7f\x8fo\xf2Wm\xda\xda\
C\xa7\x99.U\xb2\xfal\x86<\xfd6\xbfk\xfaK\
\xfe\xcf\xc40\x8a\xc1g,\x99\xa6\x14;\x99\x04\xd7\xea\
dn,\xf7#\xedo\xa7\xed\x9eH$\x12\x89D\x22\
\x91H\xfc\xdb\xa1^B\xc8\x13p\x9b\x85W0\x8f\x94\
\x22\x93\xf0\xe7O\x19K\xf5\x02\xda\x96\x87'\xee6\x10\
\x1c\xbaTP[ \xcam\x87\xbc\xda\xa4\xfe\xd4Az\
s:\xdaH]\x5c11\x8f&\xa5\xeb\xc8\xeb\x07\x0e\
\xbc\x83\xf4\x0a\xe7\xc1\xc6*8Q\xab\xc6\x82\xbc-\xc8\
\xae[Y'\xd7\xd7pV\xf2@`|\x22\xdb\x06\xd2\
\x5c&\x0a\xc6=\x1b\xb0\x9c'\xd3Q:\x06\xc2i\xcd\
#\x12Gl\xd0$\xc3}\x19\x02$]w\xed\x18\x8d\
\x81\xfb\xfdZn\x959\xb1\xcd\xcb\xbf\xba~YQ\xe2\
\x9f\xe5\x17\x87<\x8e\x08H&\x8d\xf0%i\x91\x0dw\
\xda\xefW\x88\x03\xb9\xdd\xec\xaf\xa9/\xda\x90\x0cD\xff\
\xa7X\xd5tOD\xf8D\x90\xceRf\xa2\x06m\xd8\
5\x95q\x1b\xb6\xe7\xdc\xff\xb9\xdc\xb9\xff\xbf\xd2\x87\xa7\
\xbe\xfb\x09\x19\xbe\xff_W\x88\x82\xed.\xa2\xf1{F\
\xc1\xad\xedY\xe5=+S7\xe3\xec\x9e\xff\xb7)\xc0\
\x18h\xa1mk\xff\xafS~OF$\xfb\x0e\xea\x8d\
\xd4\x9d\x8e\x9314\xfb\x7f0n\xe8\xfd\xfbYQ\xfe\
_U\xb7(\x9fl\xa9\xa4\xed\x98\xb7j\x12\xd2\xf6:\
\x91\xf9]\x99\xde\x14\x02\xf2\xda\x96m\x9c\xb7m\xdf6\
\x8c\x80O\xd2:h\xaa\x0d\xcd\xa9\xcf\xb9\xa6\xfe\xb5\x1e\
Z2l5\xc7,\x0bM\xc0g\xac\xbag&\x12\x89\
D\x22\x91H$\x12\x89%\xc6R\xc86\x91\xd6\x13\xf2\
\x02d\x02\xa2M\xc4u~\x0cM\x98`\x1e\x04k\xb1\
\xe5\xa5,\x13\xcc\x92\xee\xa0>W3\x15'V\xedA\
\x0d\x97-\xb3\x0c\x1d\x94\x95 ]_\xf5\x89\x8fBD\
~ \x1b\xc1\x06(\x93md8\xa8\x8a\xa9\xba\xac\x17\
X{\xd8\xd9\xe3\xa4\xaarh\xd3s\x05YTnG\
 J\xdf\x97\x85^\xae\xa7/\xdb\x96\x9d\xda\xef\xb9\xc2\
\x8d\x84\xbc\xf5dLZ\x83 \x7f|!\xe2\xf43\x93\
H+\xf9\x1e\x01\xef\xb5\xcdj\xacG$\x96\xcd?\xcb\
\xd5\x9f+\xd2\xc3\x93\x7f\x87\xbcX\xf5\x07_\xb72W\
c\x17\xfbx5\xa6y\x05\xa8'\x8f\xf3\xa8v\xde\xb4\
\xc5\xb2\xbe\x86L)]\x9e\xf7\xdf\xf5\xa5\x17\x1f\xdb|\
\xc5\x5c\xaf\xc66\x943\xf4\xfa\xed\xab\xfb\xbaL\xf7\x0a\
\xbe\xa6\xd3I}\x0e\x12\xc8\xfb\xab\xb3=\xe5\x01>\xec\
\xd8\xaa\xeaT\xa4N\xa2k\xe5\xff\xe4\xd6\x13\xcfw\xfe\
\xcf\xf7\xa7\x95\x0c\x8b\xd8\xff\xd7D\xe2\xe7\xfd\xff:\xa3\
\xed3\x09\x1e\xc2#\xf7\xc2\x0fV\xe9\xef\xfb\xbf\xed\x0f\
r\xe5\x9d\xfa\x7f\x81\xfc\xc5\x11\x88\xcf\xe3\xd8\xff\xc5\x1f\
\x96\xedw\x98\xae\xec\xb3c\x85l\x8f\xf9m\x80:V\
\xcf\xffH\xafw\xee\xfb\xff^\x86\xb5\xe7Lw\xcb\xf7\
x\xcc\xfdW\x98\xdc\xad\xba\x5c\xfc\xfc\xa7\xe9\xcb\x02\xfd\
u\x8a&\xbe\xe5\xbc\x7fY\x03\xd5\x96|\xc6\xbe\xa9=\
<\x7f.\xfc\x7fWS\x87l\xbb\xc0\x02\xc9\xf4f\x7f\
%\x0a\xbe0\xe2|\x89D\x22\x91H$\x12\x89Db\
\x8f\xeb%\x84vE\x91\xac\xf4xN\xb2{\xc0A\x18\
\xacB:O\xe2\xab\x04\xcaT\x8a^\xb0R\xf0\x18\x02\
\x0eC,\xd3 4*\xac\x5c\x96\x15+4-\x1b,\
*m\x5c\x01y\x95\xaa\xbbj\x05\xc9\xa5\xaer\xe8\x0b\
\x9aj\x1c\xdd!\xec\x88\xe6@t\x96\xc8\xf9\x1en>\
\xbb*0Z9\xb5&\xdf\x09\xf2\xe0OT\x0b^<\
\xaa\xd7\xab\xf5\xaf\xaa\x8d\xcbm\xb9\xd8;\xaf\x84|^\
\xdb\xa14\xef\xda\x1db\x16W\xe9\x05\x06\x5c\xa49\x01\
y\x7f\xb5M\xb7`\xa7sn\x9f\xb8\x0dWc&\x92\
y\xd2\xafQ\x1bz$\x13\xda\x81\xc7\xf8\xe5\x05\x12K\
+=\xa7(|\xa3!\xf0\x89\xc2$EU\xb7\x0c\xb5\
\x12\xce\xa4\x19k\xe8\x1b\xfe\x7f\x9a\xef\xf3\xfeOG$\
~\x84]\xbe\xc9\xbb\x99\xb3\xaau\xe9\xb8\xaf\xf6\xf9)\
b\xffo\xf8\xb6\xff\xdb\xf1.\xf6\xf09\xcb\x8a\xcb\x8f\
\xbe&}?\xb4y\xfe\x8c\xff\xd7\xd0\x8e;\xfe\xdf\x9e\
\xc75n\x88\x05J\xa1\x89\xf4\xb5\xf5\xf3\xeayg\xec\
U\xd7\xb65\xf1\xfb\x1d\xff\x87\xd5\xf5\xf4\x0d\xff\xf7m\
\x1es;\x95\xaf8\xc7\xed\x9c\xef\xbdW\xb9G\xb7[\
\xe5\xd7r\xbb\xf5\xe3\xdaX\xa9\xec>\xfc\xab\x91\x12\xe3\
\xaa\xdfU\xbe\xf4\xa9fU\xe2j\x15\xbd\x8d\x94\x16\xf6\
\xbb\x91\xd0lcq\xdb\xfa\xa4\x8f\x13\x89D\x22\x91H\
$\x12\x89\x7f3\xc6\x16\x1c68T\x99\x80HFB\
Z\x84h\x12S\xa2\x08/D\x96+3\x99L\xb2\xd5\
\x06\x93F\x8a\x80\xb6j\x8a\xd8\x86\xaa+\x1c\x17\xd4\xa3\
\x83\xa3\xe2Z\xe5\x05\xaf\xaf\x11aS\x90\xe2\x9c\xb5\x9f\
\x99\xfa/2\x8a\x02\xe9\x95\xbe\x15\xa9'2u\x1bL\
\x84Q\x00\x1c#.q\xb0$:\xe8(\xe8\x9f\xbe\x1c\
\xe8\x1dY\x1c\x1b\xde#U\xa4\xe6\xd8v\x11\xb97J\
\xdd\xec\x17\xd6Dl\xf3\x8dr\x9e\xa4-\xf9\x17\x5c\x7f\
5@~\xcd\xce\xd7\xa1\xfb_\xfc\xdf\xfep{\x10\xc6\
\xa3]\xcfI\xb7Wl\xb9\x8b\xd3\xf6\xb6\x84\xd0\xef\xf8\
\xffkx\xcf\xff\x99(\x832\xde\x8d\xa7}\xf3HB\
\xca\xfa>\xf9\xbe\xff\x0b\xbe\xed\xff\xaf\x95\x8b\xc8?\xe7\
\x9eI\xf0\xe4\x82\xfb%\xa6\xff\x8e\xff\xbfO\xc0E\xf5\
\x8b\xf2YB[\xf7;}\xdc\x96)\x0fM\xb3\x06\xe2\
/x\x7f\xc7\xff\xa5\xfcOm\x13\x9f\xf2q\xff\xd7\xed\
\xfb\x14\xd1\x16\x0eh\xf2W\x7f\xa1\xc2\x131\xbe\xc6\xd3\
B\x99\x1f\xea\xa9H5\xf9\xb4L\x1e\xdb\x8d\xc4.S\
\xff\xd6\x80\xc8V\xf2\xaa\xfe\x86\xe7\xb9\x1d\x07\x01\xa1\xdc\
H\xe6G\x93v\xa57\x03M1z\xe3\x16\x9aH$\
\x12\x89D\x22\x91H\xfc\xab\xf1\xb0A\x09\xaf\xf4\x10\xc8\
\x04\xbc}\xb6\x89\xfaYp\xe7.Y!\xfbSs&\
\xd6.\x83\x1e\x9a$-\x01\x89\xcd\x01\x9e\x17PI\xd0\
\xf1\xcc4\x97\xb7\x81]\x84\xf6\xb2\xb6}E\xa3UK\
C\xce,Y\xe9\xc0\xc0\x12\x03\xd1;:1p}\xae\
\xc4\x9b\xf5\xf5~\xac:\x15?w\xb0\xe4\x8c\xa7_\xa7\
\xd1 \xf0\xa3UC\x91\x8e\x022\x8bs\x1d\x7f~o\
m\xe2k\xa2_i \x82\x15YXnE>!\xc9\
\xe1\xd9\xeb\xd9\xa1\x22\xd5N\x0ex\xe5\xb4\x8c\xa2\xfej\
\xf7\x15\x09\x82\xcf\xc94\xd7\xa6\x00\xa7\xf5c\xd9\xaf\x11\
\x19Z\x97Nl\x1fW\xdfU\xa2\xa2\xfc\xbf}z\xdb\
[`^\x94\xbf#\xe9\xbdc\x8bS\xe2m\xe7\xff+\
\xb0\xcf\xe2\xf9I\xf9{\xfe/y\xde\xe9\xb7\xfb\xfe\x0f\
_&\xc0\x17\x05\xd8\x87n\xbf\xb6\x12\xae\xccG\x7f\x81\
\xa6\xf8\xffl\x93\xf8\xff\x9a\xa4\xb6c\xfe\xd3\xfeo\xc7\
Y=\xf2\xff\x91J\xa7\xfe\x8f\xf7\xf1\xe6\x17\x9dL\x87\
\xf4\xdf\xf1\x7f\xbcw\xeduyi\xd1\x97',\x1d\xed\
\x8a\x9f\xff\xf8\xc5\xf1l\xcf'\xfd\x7f<\xa7Hf,\
M.\x1d\xe1}\xff\x97q\xf2\xe8s\x89\xfa\xd7\xf8?\
<\xcf\x0b\x13\xce\xd0\x1f\x86|\xe6|Z\xa6&\x97\xe5\
\xf9\x8f\xba\xf4\xd8\xe5[\x03\xce?\x90\xf8n%\xec\x18\
x\xb6a\x81\xc7t\xed\xe7\xb2\x0dG\xad\xe7\xfd\x9aH\
$\x12\x89D\x22\x91H$f<\xe6@\xa2O\xd6\x89\
\xfa\xc4{\xde\xae\x81'\xea\x9cTa?=\x0d/`\
)\xad\x8c\x22\x85e\xe5\x0c\xaf\xae\xc3kZ\x0eHg\
rS\x9dc\x9c\xc1v\x19\x92\x1d\xca4]^\xd0\x5c\
\x94\xcc\x88\xcc\xd8\x91]L\x0a\x14\xa7\x1c\x7f\x9e\x04\x85\
+r\x04\xe5\xd8\x80\x16\x96'\x0d9{\x8a`o\x8b\
\xb72\xd0\xe4\x1aA\xa7%xV\x81l+)2#\
\xb2 \x22L\x9e\xe7??2~-\x91\xc3y\xbc:\
D\x04\x91g\xb3\xa7\x97:\x11\xf1\xe8\xdbl\xd8~G\
b\x0ck+\xa7\x0e\xb9\xe4\xb4\x99\xd2\xe9`W\xb7U\
Z\xb4\xa2\xd0\xca>!g\x22]\xab/\x1ex[\x9e\
W\xe4\xbc\xd2V\xde\x17\x19\x9e\xccW\xfd\x1fe\xd8r\
\xfc\xf9M\xff_\x91\xac\xaf\xe2\xcc\xffg\x92\xf0\x8e\xff\
_~T\xe4\xcb\x88i\x0f\xed\x9e\xce\xe4\x11_\xb9\xf4\
\xfd\xd4\xa5\x9eo\xf9\xbf%Q'\xf2\xdc\xf5\x7f:\x22\
A\x91\x98\x97rq\x99\xa9?~\xdd\xff5\xf9{\xea\
\xff\xf3\xf3\xdf<\x9d_\xf6\x7f\x22\x1c'\x8cO\xfb\xbf\
\xb1H\xc9\xb0\xe5\xf8\xf3\xb3\xfe\xff\xd0\xcf\xf8\x8f\xf8\xbf\
7\x06\x1e\xea\xaa\xc8\xd5d\xf2\xf5X\x84s\xf9\x9c\xc7\
\x85\xa7\xa7v?\x9ff\x8c\xa3^?\xa4\xfd\x9f\xe8\xe7\
G\xcaS\xff\x96R\xcdW\xfb\xb6l\xa5\x16=W$\
;o`]4\x88\xe8\xb9\x1d\xde\xbf\x9f&\x12\x89D\
\x22\x91H$\x12\xff\x16<\xbc }pA}%\x88\
\xc0\x09\xfej\x9b\xc8\xb7_[bP\xd5.2\x01\xc9\
\xc1\x84\x06D\x05\xfd\xb3\x02a*\xc1I\x14t:\x81\
[\xe5\x80\x01\xe5\x0aY\xcd\xc7,\xba\xe9\xa8\x8e\xbc\xaa\
\x82q\xc9\xab\xe1\x05\x82^\xb0l\xc2h\xf2V=E\
\xe7;\x9d\x18\x08\xc9j\x9e\xa6\x13\x83\xf2O\x86J3\
\x89\xd2\xf4u\x8b\xccg\x5c\x96W\xecE%l;\xc5\
mUF`,\xfd\xab\x83\x5c\x0c\xc2W$\xc8\x0a\x11\
y\xf5$2F\x1f\xfc\x13\x01{/p\xe4j\xcbX\
\xc4\xba=B}\xd1\xb9\x1d\x9f|\xfdx\x9cB\xf9\xa8\
\xee'\xe4\x88\xcd\x8b6 1\x8ad\xa2]\xd9\xcc\xc7\
H(\x9e\xd4#\xb2\xc3\x96\xb5\xe3\xc8\x8e\x09\x0f\xaf\xfa\
\xff*\x7fd\xcfJ\xe6\xaa,\x9fk\xff\xa7%\xe9\xfb\
\x09\xdc!QWe\xbd1\x8c\xd8\xf9\xff\xa3\xc08*\
\xb2\x0aT\xad\x8c\xafD\xf6\x85\x89\xdf\xf4\xff\x9f\xd0\xff\
c_;\xf3?\xf4\x0f\xf9\x82\x8f\xafq\xfeh\x9c\xaa\
{\xec\xaf\xfa\x7f\xbb\xbf\xd9g\xf2J\x86=\xf6\xea\xb1\
\x92\x11\xfb\x7f\x81\xe7\xc3w\xfc\x1f\x9f\xff%x\xb2\xfd\
\xce\xf3\xff\xdb\xfe_0\x81\xad\x81\xbf\xfea\xa6\x908\
\xaf\xd4c\x18e\x1a\xbb+\x13\xddh\x05\x13\xe1u\x5c\
\xe3?\x9c\xd7I_\x93z\x06i\x88\xcd\xba\x9b\xd9\xdf\
u:~\xb9\x16\xddO\x12\x89D\x22\x91H$\x12\x89\
\x84\xc6\xe3\xff\xb3\xf76\x88\xae\xa3:\xd6\xa8\xc8\xedy\
t\xcf\x7f\x90\x9bwc\x10Z\x12\x12`'\xfbT\xbd\
\xefhU\xed\x13\x1b\x83$~\x84\xd12q4\x19\xc0\
\x8bw\xbb\xfbC\xae\xeb@\xaa\xc0\xa9\x0e\x94yc\x11\
\xcb\x94\xf2=\xf0P\x04\x9c\x04\x0b\xe3\x15\x1cx9$\
6\x85\xbab9cw\x8b\x8a\x07L\xb0Tl@\xe6\
\x05\x0f\xcf\xde\x978\x02\xbe!\x83\xc6\x8e\xdc\xcb\x92\x03\
\x91+\xf2\xcc#\xce\xf4\xb1.\xa3\x02\xe2@\xbe\xd5\xb1\
\xcb\xbb.\xbf'\xf7\x8a\xfd+\xa6\x17\x0dA\xe5\xe9\xf6\
\xed\xf5\x83z\xbbk\xcf\x12\x14\x1ea\xe1^\xafu\xda\
Y\xc6i\xf8\xb5\xe7\x99\xb8\xb06\xce\xb6\x87m\xb5 \
\x1b<]|\xfdt\xeczDHDZ\xece\xca\x18\
`\x02\xeeM\x08\xf2k\x13l\xb5=*\x09\xbf\x82\xff\
$\xa8?!\x04N\x09\x83O\xfc\x1fe\xe0+1N\
d~\xe6\xff\xba\xed\xee\xfb\xef>\xef\xae\xfc\xce\xffW\
em\xb9\x13\xff\xb7w\x03\xbc>^\xf5\xd1o\x0aL\
D[\xff<\xf1\x7f\xaf\x9d\xf9\xf3g\xe9\xff\xf7\xfb\x1c\
e\xd9\xf3\x88L\xc5\xeb\x91J\xdb\xcb/\x98{?\xf7\
\x7f\x90\x0b\x04\xfc,\xaf,\xcb\x9d\xf8?\xce\xa2\xc5\xd8\
x\xdf\xff\xcf\xc7\xfe\x0e\xde\xbdL\xee\xff\xfa\xc1h\x84\
\xef\xfa\xbf\xa3\xedk\xfeo\xee;J|\xa5u\xf3\xa1\
\xaf\xea4=\x9e\xc9\xd5\xbd\xeb?y\xc8\x8b\xf7\xff&\
\xb0\xa2m@~\xab\xf5i\x11=B4\xc7\xaf\x9e{\
2V\x12\x89D\x22\x91H$\x12\x89\xbf\x0dj\xdbe\
\xe7\xd8\x16\x8b\xec\xeb_\x09p\xdf\x0b\xf2\x11[\xe9B\
\xfa5\x846\x8a\x90\x9dQ\xb8\xa3\xab\xe9\x90`M\xbf\
+\xba\x84\xc1\x08\x06%\x96\xd4R;\x9d\xe6\xb8I\x99\
\xde\xea\x1e\x07\x87GAF\xad.!\x80\xe7Z\xf7\x19\
\x11\x16\xc9\xd1\x84s\x99\x88\x19\x1b\xbcFD\xcb\x09\x01\
2\x07\x7f\x85\xc8!T'\x22C\x04\xdc&\xc3#2\
J\xb7\xc9Y\x9f\xad\x88\x0d\xaf_\xf4\xb8r\x88\x8bZ\
C\xb2\xc6\xda\x89$W\xd4\xe6\xa7$\x14\x93];\xa2\
f5^=ri7\xbe\xbd\xba*\xd2\x0fR\xae\x1f\
\x13%\x9d\xaf\x98]\x9a\xab\xf1h\x8f\xad^\xbc\xae\xfa\
i\x91'jw\xf5\xb0\xe6C\xff\xb7u\xfa}\xff\xd7\
c`%\xff\xfb\xfeO\xcb2Q_\xec\xd2\xee\xfb\x7f\
\x0c%\xdf\xdc'\xf8!\xe8\xfb\xdf\x97z\xa5@\x99\xfc\
\x7f\x94sl\xc0<\x9e~$\xb1\xd0\xa6\xef\xfb\xbf\x9e\
\x8fW\xc3\x95\xe74.\xc5\x0f\xd8\x88\xe2\xd9tWW\
\xcfF\x0fr\xefG\x1b\xf5x\xb6\xc7\x9e\xde\xabm\xe1\
\xf3\xbe\xff\xe3=\xb3|\xe5\xfe?\xf9X\xe8\xff\xe7m\
\xf9\xdc\xff\xa5n\x8d[\xad\xd3\xa08\xf7\xff\xf9[U\
z\xa4\xc8\xbd\x9e/\xcf}\xc1\x17\xeb\xf5'|o\xa1\
\x88\x90\xc6\xae\x9a}\xcf\xde\x8b\x94\xe5$$x\x15\xfd\
\xb5\x92\xbf\x87^\xfb\x10n\xc2\xb0\xf6\xd8\xfa\x9d\x8c\x8b\
D\x22\x91H$\x12\x89D\x22\xd1_\xc1!\xc1KK\
\xd4\xf1SU\xd7Z0\xfd3\xe2\x88\xf6\xfe\xe7F\xee\
\xc2\x1e\x18\x15\x1c\xb4\x8f\x99\x18\x91<\x1c\xb4U\xc9\xa7\
\xc8 \x1bP\xeb\x1d\xadbwU\xf9Qw\xd3\xe5\x07\
\xd7H\xe2F\xc1\x04\x7f\xc5\xda\x0b\xd80\xec\xf7\x83\xb3\
\x18\x91>\x8f\x9c\xd0d\x06\x11\xc1\x0e\xb8Q\x07\xf8\xab\
\xa6\xbc\xec\x04\xd2_\x1f\xfd-x\x04\xee\x93\xf2\xde\xa7\
%0v\x81\xb4'w\x87a7\xf9\xc4\xde\x19\x11W\
\xc2\xfc\x1e\x99\xe5\xd5\xc3\xda\xeb}\xbd\xff\x8e}\x1e\x11\
\xb9\xca\xab\xf2\xbd\xd3~~Z~ \xd5\xc7NSG\
\xbf'\x1b\xc7\xa2\xa7\xc7+\x17\x11\xbb'2v\xed\xc1\
y\x9e\xf8\xbf\xa7\xef\x14\xcf\xfd_\xdb\xbc\x1b\xd3\xff\xb4\
\xff\xe3\xe7\xdd\xf2\xbe\xff\xd7#Rw%\xf7\xb2\x09\xd2\
\xf1!\x89\xb5\xf7\xb9\xff\xc7\xf9\xff\x8c\xff\xcf\x7f\xb5\xc6\
\xe4\xae\xbd{y\xed\xf9\xd3\xfd\xdf\x8e\xbb\xa8\xbe\xb1\xff\
\xcb\x1c\xe9\xdf\xbb\xef\xf9?\x8d\xb9h\xbe\x1f\x9f\xf9?\
}\xdd\xff\xe5\x0e\xe0\xe6&\x0a\x86\xeb\xf7\xfd\xdf\xcc\xb9\
\xfd\xe6y\xdf\xffWz\xbc\xfe2\xfdtt\xeb\xd5\xf3\
y\xedkK\x96'\xf7\x7f\xf4\xffB\x9d_\xde\xda^\
\xdb{\xe3D\x9b0\xe1D\xfdG\xb6\xa5\x0eb\x13\x92\
\xcf\x9f\xcem\x89D\x22\x91H$\x12\x89\xc4\xdf\x88+\
\x92\xd5\x81\x9d\x0d\x8c\xf9S\x16\xe86l'\xf8\xe1B\
\xbcT\x0dI\xc8yg\x92\xb6\x90]\xbf\x9b\x98R\x81\
\x03\x10eE)N0KS\xc0cI\xcc\x19\x850\
hb\xd96\xe0x\x15\xde9WT\xb9)\xe02z\
'm\x87\x01\xa4-c-\xbe\x82I\x9boUfC\
\x10`\xba\x90\xdd/\xdd\x97\x1da\xd0^\xca\x96\x86_\
\x91\x02\xbe}%$4<y\x1e\xd9\x16\x11A\xd5!\
0\xacM\xba\xae\xf8\x95j\x9f\xe8\xf1\x10\xd9\xef\x11\x82\
\xa7\xe3\xe2\x84DE]\xab\x80\xb9\x11\xc9\xed\xbf\xeb\x9d\
\xba\x9d()#\x08\xef?\x0e7H\xab\xb8\x0fm\x9b\
\xd5\x80\xf4\x88|\xc5\xabKD\xa0\xdb~\x8cl\x8ad\
Xyx\x1c\x11\x0e\xa7c\xf17\xfd\x7f%?*s\
\xcf\xff\xd7c\xeb\x94\x8c\xbb\x93\xe7\xc4_\xbd\xb4o\xf8\
\xff\x95\xe6\xfc\x07o\x8aRvF\xb8\xd3.\x7f\xde\xff\
_\xcb\xeb\xd7'\xc1\x1c\x0e~\x13\xd9\xea\xd9\xb4\xf6\xff\
2\xe9\x14U\xf1\x1c\xba\xf2\xffB\x9f\xf8\xbf\xcc\xfa\xbc\
\x96\xe0\xe3O\xfd\x1f\xef\xcf\x22YH\xd9\x1b\xee\xff\x81\
\xff\xeb:q{\xdd\xf3\xff)W\xbf.\xce\xa1\xea6\
\xfd\x86\x88^?\x9e\xfb\xbf%\x8c\xad\xad\x04u\xd1\xeb\
J^\x83Bj_\xb3\xb2.\x22y\xf8`_i\x83\
}#\x0f\xbe\xd1N\xfcL$\x12\x89D\x22\x91H$\
\x121^6\xb8\xe0\x9d%\x02\x1d6!!}\x050\
\x96\x90\xac\x18T\xd49\x08)\xfa@/\xe6Y@\xbb\
\xceA\xd2\x1clrf\x09\x22\xde\xbb\xb28\x1b\x06J\
S\x88\xd9\xed\xe1\x1dX\xb4 \xcf\xbcc?\xdf\x9a4\
X\x11Q6\xb0\xf5\x02\xdd\xb9?\xe6\xe0qE\x06D\
\xf6\xdb\xe0\xc9\xe6\xe3\xafQ\xcfd\xd5\x01!D\xcf`\
\xeb\xaf\xf5c`\xb9\xef\xb7\xb9<M\xb2\xa1\xe0hS\
\x94\xa3\x1f\xce\xbc:qc\x89\x8aX\xf7\x89}Q\x9d\
\xdf\xe0\xdd\x8e;\x19\x5c\x86w'\xba\xd7\x89H\xed\xf2\
\x1c\xcf\x8c\x0c\x91\x5c}\xd9\xf8\xc9\xc7+\x02\xc6\x1e{\
\xe7\x9e\x9f\xa1.\xdf\xff\x8b;V=\x12.\xf2\xc5\xc8\
\xf6\x95]\xbb|Q\xdaw\xfd\x9f\xa6\xebV\xc7\x89\x8d\
\x98~\xdf\xff}[\xbe\x81\xb5\xff\xefu>\xf5\x7fK\
\xa8\xfa\xfeow\x15\xf74$\xa8i=\xf7\xfd\x93\xfe\
?\xcbak\xf1\x1e\xcf\xe9\xb3lEH\xd3o\xf8\xbf\
\xce#\xfe/\xb6q\xfa\xa9\xff[\xe2\xf7u\xe4\xffE\
\xd6\x22\xf4]\xff'\xf5\x90\xc3\xf6\xbd\xff\xe3\x81\xdf\xf7\
\x7f\xd3\xcf\xdcF[\xff\xaf\x01\xf9k\xfa\xd4\xd15\x8e\
\xbb\x1c\xc9k\xe7\xc3Y\xe6E.\xc3\x9aR\xee\xff\xd6\
\x98b\x94W(O\xfc\x0f\xe17\xf5t[\x14\xc8/\
}_\xcc\x9aUl\xdd\xdf\xef\x13\x89D\x22\x91H$\
\x12\x89\x84\xe0e\x89\x8f\x08-\x1b\xeeJ\xe1\x0b\xed\xa3\
\x16\x1b}W\xf8\xf4\x03~\x94\xeb\xe7a\xdd^p\xe5\
\x07(\x95\xaa\x0a\x1a\xc6'\xfc\xabIv?\x00B\x1b\
#\xcd^`\x8c\x9f('\xba\xb6#\xc2\xda\x0f\x18\x15\
\xb5\x0bG\x85^\x01qbux\xd7w\xe4\x80\x04\xc5\
\x87;4\xab\xd8v\x5c\xc6\xd8\x85\x81%p\x08\xea\x87\
\x1c\xa3\xf2\x96D\xda\xe9\xba\xf4\x81\xa2\x99\x10\xc06Y\
\xb71\xe6\xbd[\xf7\x15!\xb6\xea/\xcc\x1b\x95i\x17\
\xf4\xf8oGe\x90g|\xceyw\xb6z\xe4\xdc\xdd\
`\xdc#\xdd\x9e\xe4\xe1\xeb\xb6\xedW\xc4\xcc\xaa\x7f\xee\
\xd4iEn\xdb|\xe7\xfe\xaf\x09N\xf1\xff\xd8\xde\xdf\
\xf5\xff\xf3\xf1l\xdb\xee\xb9\xff\xeb\xb4\xf7\xe7\xea\x9d\xc2\
\xa8\xef\xae\xff\xdb\xf3\xd8\xffU\x81\xf9a\x0e\x09\x19}\
\x89\xa8D{K\xa4\x9cg\xe3\xb7\xfc\x7f7_\xf5\xb3\
\x9eW\x9f\x93\xf3\xb0\xd1\xf3\x7f\xfa#\xfe?\xdb\xcb\xd7\
w\xfe_\xb4\xe0\xd0\xde\x99\x10/\xce\xdf\x9cW\xe9z\
\xe8\xff\x22\x1d\xfd\xff\xc7\xd5\xe5\xc9\x8e\xf2\xf9\xd7g\x12\
w\xef\xff:\xffl\x0bK&\x92\xf7aT?\x93X\
!>s\xe9\xa4\xc9\xd6\xe6\xff\xb6^UI\x19k\xba\
\xa2\xa5\xcf\xf9\xabj\x03|\x15G\xd3_\xa1\xdf\xe5s\
\x90\xd8l\xf5\xe2!K\x22\x91H$\x12\x89D\x22\x91\
\xf0\xf1\x8a\x83S\x9aI\xdc\x82AA\x0fL8\xff\xfb\
+\x8d\xb0\xa3F\x07\xb4\x18\xa8v\xba\xb9H:\xe7q\
\x83E\x95G\x92\xd8\xa6\x16\x1c\xa1\xdd\x10X\x01\xf9\x8c\
vp\xdd8\xd0\xd0A\xbe\x963\x82`\xf8\x9b\xf8=\
/ 'm\xd3.0\xf4\xd3d\x178\xee\x04\xab\xe4\
\x93&6\x18\xdd\xcb_\xa3:\x0f\x00\xdcz\xf0_\xd1\
_U~\xef\xde;%\xa1t\x80\xde\xc6\x0f\x06\xc8w\
HH]\x87\xea\x1e\xb3\xdd\xb6\xac\xd7~'\x0f%\xec\
\xb5SR)\x22\xea\x8e\x89\xa4j\xc6j%\x19+U\
\xae\x93\xda\xf5\x15c\xd7\xce\xf8\xfeW\xb4iG\x8e\xd9\
soL\x9d\x90Q|\x1c\x91\xa3'\xe3\xc0\xfa\xb6\xd7\
o6\x8f\x965r\xab\xf3\xb5\xff\xfb\xe9\xeb4\xeb\xff\
\x1e9\xa6\xe7\xe4\xb5\xff\x97\x07\xfe_\xb6\xfe\x8f\xfa\xbe\
\xe3\xff\xb4<\x8e\xca\xdf\xf5\x7f\xaf\xac\xef\xff{\x19\xf6\
\x1a\xfb\x5c1\x84\xe5\xb7\xfd\x9fer~\xd4\x81\xe7\xa7\
\xb0\xe3O>\x99\x10\xed\xf2\x98\xeb\xab\xf0\x03\x80P\x22\
\xb2\xf9s\xff\x9f\xdf\xc5\xfb\xd4\xff\xc1q\xd55\xcc\xf3\
=\xff\xf7\xfbXK\xba\xe3\xff\xbfs\xffW\x94\xad\xdb\
WqI\xed\xff\xff\xfd{\xbd\xe0v3\x8f%\xd0\xa4\
\xd6]\xb2N\x8b\xeaR\xe1\xb3\x8c\xf2m\x0c\xea\xfb\x1c\
\xf6\x95\xb2\x9d\xd7\x9f0\x8f\xf2\x90\xe0\xf9\x1a\xef\xff\xfc\
\xc7\xb2\xed=\xe8\x8e\x8f%\x12\x89D\x22\x91H$\x12\
\x7f+\xae\xef\xf7zA\x9b,\xb8\xf1\x07_lqx\
\x05G\xa9\x18E\xc9\xf5\xd2>\x09\xbe\x9f<\xd1\x22E\
\x07%bK\x85\xb2qp\xa7\xca\xe2E\x08\x0c%`\
\xe5\x5co\x82D\x82M\x1b \xe2\xd7Om\xe4\x12\xdb\
+\xfa\xf0\x13w\xef\xad\xc8\x87%\xb9C\xf2\xf5\xe7\xeb\
\x18\xbe\x9a\x1d\x07\xcak\xb2\xc4\x0f\xd6\x0b\xd9 \xd1\x06\
\xe5\x98s\xb2\xb3\xe86]\x91W\x1e\xa1V\x1db-\
\xb2?\xc2\x14\x18\xf6\xbc\xaf~|\x91c.I1$\
\x5c\x7f\xbc\xfb\x14\xeb\xb4\x82Wg\xb4\xd7\xca\xc1\x00\xff\
4\x80\xf5\xfa\x9a\xbf\xfe\x7f\xbd\xaf\xb9\xcb\xb9\xeaW\xb4\
~\xcem\xed\xd2\xd7iy\xdd\xd6\xe1\xa4MV\xe7\xa7\
y>\x91\xdf\xc8\x84\xf6\xea\x14\xed\xff-M\xdem\xae\
\x89\xb6\xf9\x1a\xd1\xda\xff\x8b\xd2\xc1\x9f\xb2{O\xeb\x97\
9\x16\xcb\x855%|\xfd\x8b\xf8?\xda(\xb2\xac.\
\xb4\x9fH\xde\xe5\xad_)S\xe8\x8e\xff\xbbV>\xf6\
\xff\x1a\xa6y\xb8\xe3\xff8v\xe3y\x8f\xd6\xf7\x00z\
\xee\xff\xca?\xc9\xbeW\xfds\xff\xc7\xbaF}u\xea\
\xdf\xbb\xebB\x14\x8a=\x93\x8d\xf8\xf7\xaf\xf0\x7fM\x16\
\x8e\xbc\xef\x1f\x16$\xef\x1e\xaf\xfb~\x9ao\xd5\xfaD\
\xda\x02\xf5\xe1\xe7\xdd\xfb\xff\xbc\xa2\x99\xc7\xdfw\xef\xff\
z~\x98R\xd4\x98\xa2\x05\xcc=\xae\xeaWvXs\
\xd4\x9c\x05k5\xb41\xaa\xbf\xccm\x95\xb0\xb5\xea \
\xb3\xd9\x17EO\xe9j\x1aQM\xa3\xe3\xf8_M\xe4\
\xb3~\x18/E\xd6\xb3\xab\x07\x02\x89D\x22\x91H$\
\x12\x89D\xc2\x87\xf3#\x84:h\xd0\xe4\x0a\xf5\x9d&\
H\x0c\xb7E?\xe1\x0e\xe8\x09\x12$\x8c\xd0\xad\x92\x13\
\x14r\xc0\x86d\x99&\x01\xa9\xae\x83XU\x17\xc2 \
\xb8L6\xcd;\xd6h.\x0b\xe5m\x8c\x11\x11\xcf\x1e\
I\x17\x91\x18\xfa\x9a\x90J#h\xa2\xd9r\xd4\xc5\xc7\
,\xe7N \xc4\x0f\x15\xb8~\xf6\x87\xa9l\x9b\xda\xb6\
\xed\x89J\x9e\x96\x1d\x05\xee\xedz\xdb!I\xa4\xfa\x97\
h\x22\x8c<\x9c\x90\x14\x18h\xaa`\xba\xc6\xbb\x0e-\
y\x85\xf0H\x1e\xaf\x8ew\xc8$\x96Q\xeb\xf9k!\
\x0a\xfe\xe7\x8e\xfb\x96\x86\x84\xb4\x97\x0f\xeb\x80v\xd8\xeb\
\x98\xcf\x93\xf1$\xf8\x8eH\xa17\xbc\xd7-\xac\xfa\xc5\
^7W\xc2\xfe\xc0\xac:\xcf\xec\xa36\xbf\xa4\xcb\xfc\
\xf8\xb9\xff\xcf>\x10\xe1{\xfe\xbf~=@\xcb\xc7\xf5\
k\x9f\xfd\xea\x90\x81\xf2\xaclO\x1e_\xc7\x1d\xd2\xbf\
\xe5\xff6o4\xce\xf9\xda?\xe1\xff\xedG\xe8*\x91\
y\x08\x82z\xbdc\x96\xe1\xa5+\xf9\xf4-\xffg\x1b\
\xd8N\x0au\x8f\xf2A\xfa\xe7\xfe\xaf}o\xd7\x0e\x81\
\x11\xfb<\xb4j;~xC\xea\xfa\xb7\xfc\x7f\xb1\x22\
\xf9%\xff?\xbf\xff\xa3\x0c9&u<\xcf\x97\xdd\xfc\
\xbe\xa9\xe1\xbd\x01\x00\xc9a+\xa7\x14\x94/\xeb\xcdy\
N\x9f\xef}b\xbf\xbc\xbfz\xc84k\xbf\x0a?\x8e\
h\x1f.\xf8\xfd\xeb\xcf\x05\x89D\x22\x91H$\x12\x89\
Db\x8d\x11q\xe0B_\x07\x12\xfa\xeb\x91-\xb0(\
\x8d\x84Vkn/\xf0\x9b\x83\xd5&\x13\x83\x8b\xe2\x04\
e:\xaf\xde\x85\xc2\xe7\x18|\x82\xfd\xc5\xee\xd2)\x01\
\xd1\xe4\xed8,\xbe\x11\xcd\x92e\x90\x8b\xb2W\x01\x9b\
\x07n\x87fA\xe9;\x87\x8aj5\x94i\xe5\xda\xdd\
P\x98?\x02\x92g\xd5\xd9}\xa4\xf2\xc2'\xffy\xc4\
\xd1\x14@\x87AY#\xbb\xc7\xd7\xb9]\xdbv2\x1c\
@\x1b\x158\x9fz\xb2\xda\xe0\xb2X\x11a_b\xfa\
\x8a|\xb3\xfa\xbc\x1f\x13\x1b\xb6\x06$\x11\x9fOeK\
LDY\xd9'\xf9v2\x18l\xc7\x1d\x82-\x22-\
\xf0ZD|\xb6\xbc\xea\x0a\xe1C\x1a\x22K\x04\xfad\
@\xf4\xa0iI\x9cm\xc6\xe5\xaa\xcc\x1d\xff/\xe4<\
\xd8\x09\xc8O\xfe\xfc\x9e\xff\xcf\xb2\xcfP\xdc\xb9\xdb\xce\
)1\xa9\xbf\xf3\x7f\xd9\xad~\xc7\xffm=N\x1e\xe8\
D\xd7\xfe\x9c\xffw\x12\xb2\xb7\xa5\x9a\xb7\x02\xff\x8f\x88\
o\xaf.\xdf\xf7\xff\xa2\xee\xa1\xfa\x93\xb6vv\xa17\
\xfc\x7fg\xbf~=\x95\x97\xe7\xd4\xffe\xf4\x9e\xf8\xff\
LT~v\xff\xd7\xe7\xe3\x9e`\xf2\xfc\x19\xff\x87\xb9\
\x95(x\x00>\xcb\xd1\xfe\xdf\xfb\x98<\x01m\x8d\xd6\
\xfc\xff\xca\xad2\xe1\x83/M\x08\xe31\xff\xcd6\xe9\
\xf5L\x85\xb2\xedo\x8c\x15Y2\x8eOY\x9b6\x1b\
\xf9\xc7\x08K\xc1\xf5\xb1\xee\x8bp\x9c'\x12\x89D\x22\
\x91H$\x12\x09\x85\x11\xb9\xe0\xa2\xbf\x9d\xebt\xbd\x1b\
\xe5JA\x0a\xf8\xfa\x97\x130\x00\x90\x00\x03(\xd6\x82\
\xc4\x92\x0e\x12\xbc\xddC4\x11\x84e\xc8\x94\x80L\x88\
gK\x5c\xf0\xab6l\x8cpBn\x88>\x94\xf7\x0a\
\xf3{\x84\xec.\x88\x9eI\xf62\x19\xeb\xc9\x95\xf2u\
iG`\xe9\xf2\xaa\x17\x9c[\xf9+\xc2\xc2\x0fL\xdb\
\x1f\xf6\xad\x17|\xebrtdga\x9bhM\x22\xcc\
\xe9zlX\xfbw\xe4\xb0\xfd\xe4<\xb6\x1e\x1e)\x81\
D\x03\x82\xc7W}\xbfo\xf9:h>\xe6\xed|\xde\
aG\xe6\xef\xec\x89\x08\x9b\x93\xf1\x18\xe9<\x09\xd8q\
\xdeA\xff\xd3\xe4O\xeb7\xf6Q\x1eg\xcd\xffew\
\xe2h\xcf-\x99\xe5\xc0\xb1S\x11>4\xdbm\xc7_\
\xa4\xb7\x80\x0e;n\xbd2\x9c\x07_\x1fS\xe8\xa9\xff\
\xafq\xd2?\xd6\xafi\x22\xa6\xd9\xdf\xf5C\x03\xed\xff\
d\xca\x0f\x0b\xe8\xac{\xe2\xf9\xe2\xcc\xff\xb5\x9c\x7f\x8b\
\xff\xbf{\xbb\xf6\xd7\xc0x\xdf,\xfa\xf7\xf8?\xf65\
\xe7\xd3\xf2\xa6Q\xe2\xdc\xdf\x22\xbbw\xf7:lk\xf1\
\xffj\xee\xff\xf7\xfc\xbfh\x05\xd3u}\xffW\x9e\xab\
\xdab\xe7\xffX\x07{\xdd>\x94\x9a\xe7\x15\xebs\xb4\
\xd4q\x17v\x9e5\xa3\xa2\x93\xb3e\xba\xea\xde\xff\xb1\
t'xizp\xd0\xbe\xd9\x83c\xdd\xbbOkK\
\xec\xe6\x82\xae\xc0-/\xd7F>\xdeD\xa1\x88k\xf9\
V\x98\xd8\xd6\x08i\xce\xb3\xeb\xbfD\x22\x91H$\x12\
\x89D\x22\xe1\xa3\xd0\x7f\xfe\xd7]=K\x10$+\xf4\
\xb6\xf0\xee\x0b\xf4N8\xf3\xeb7\xae\x1d\x22\xf5\x05\xa4\
\xb3\x95\xc5\x0a{\xb0Q\xbc\x9d\xd6e\x10*\x12d\xe9\
@\x888\xb52\x09bbD\x08\x9cz\x9c\xe3\xe6\xf5\
c`\xa9\xeb\x9b\xe4\x89v\xe8y\xd8\x91m\x1e\xa9\x14\
\x07x\xf7\xe0\xed\xce\x9bm\x99\xdf\x7f\x1a\x06N\xf5\xe6\
\xce\xe3\xa5m~ \xee\x05qwu\xb6\xfe-\x8d\xa8\
\xfd\x02\xe1\xbe\x92\xb1\xba\x1e\x117+r\xc7-C^\
\xc0\xbc\xea\xd3\x19\xfe8#5\x06\x9f\xca\x99\x88\x91\xcb\
G\xf4{rO\xdaB\xa7\xcd\xe5d\x0e\xd9\xf7GT\
\xdf]\xde-\x09v<\xae\xb4\x8ei\xb6*c\x02\xda\
\x92nOq\xe6\xff\x90\x0e\xf3\xac\xbaNd\xe6\xdfC\
\xfd\xb4\xb6m\xc8\xaa\xf0\xa3\xb5_\xf0\xff&\x07wR\
>\xc7\xbf\xc1\xffC\xdd\xad\x00\xe9J\xfa\xad\xfe\xef\xf6\
\xff\x80\x94'\xcf\xff\xcf\xe6\xebs\xff\xa7\xc9\xffW\xe5\
\xb8n\xc3&\xa2#{\xc8\xe4^\xdf\xff\x9f\xa1:\xba\
\x89\xf6\xedwz\xff\x9f\xcb\xdby\xa2\xb8\xe9\x92f\xc7\
yK\xae\xd7RQ\xcfU\x5cfL\x91Kyu\xd2\
\xaa\xfd_\xf2U\xf5\xfb!\x0e\x8a~\xb8\xc3\xef\x8en\
D\xb3\xd2\xd0\xcf\xd1\x0eY\xc3r\x1d\x13\x89D\x22\x91\
H$\x12\x89\xc4\x1ej\x074\x93\xb4m!\xce\xc1\x8a\
\x04\x8em\xb7\x11\x07\x0au\x10*\xb2\xf1D\x07\x99d\
v\xb5!\xe9!\x8bvK\x9e\xd02\xf8\x1c!\xc0\xe0\
4fR\xb7@>\xaa~^\x8f|.\xc3b:\x0e\
\x1a-\xf93\xa4\x99\xe0X>E\x1f\xa9\x9d\xe1d\xf2\
\x9d\x0556\xa8\xb4\xb6\xf0.\x1eK\x86xz\xf8\x01\
\xc0J\xd7\x19\xa4%m\xbb\x5c\xbb\xfb\x8aO\xd4\x9fB\
\xd9\xb9\xed\x1f\xb6\xe7N\xc0\xad\xafE\xa4\x8awl\xcb\
\xe1\xf8\xe0|^\xff\xd8\x96Gr\xd6\x96_\xc1{\x7f\
*\xea<%Bp|xc\xc5\xd6-\xc6\xfc\xc3{\
2\x1e\xfd6\x94\x87O\x0b\xa9\x8b\xe0\xdf\x96~\x01\x01\
:\xae\xed\xda\xe0\xa1\xff\x17\xb0O\x91\xdc\x87~\xfd}\
\xffw\xe4\x05}\xfa: \xfdv(\xe6\xefe\xe6\x94\
o\xf9\xbf\xd8d\xb5\xe3\xa7\xbe\xfe\xef\xf4\xff\xd8\xa6!\
\x1f\xca\x17\x95:\xe3\xdf\xe7\xffX\x0e\xdf#\xadm\xc0\
\x1f\xd8=%\xc8=9\xeb\xbc\x9eM>\xec\xfd\xdf\xce\
)\xc5\xc8\xd16\x17\xb8\xff\xeb|\xdf\xf0\x7f\xf4\xaf6\
O\xe1\x9c\x89\xdf8\xa0m\xdf\xd9\xfb\x7f\xac\x91\xc2\xb6\
\xf0\xf2vM\xa4\x89\xe1\xde\xcf\x13\xb9-\xdf^\x8be\
\xcb\xfa\xa9\x14<\xaf&OU\xab\xaa#\xff/U\xe5\
\xe55p\xfb3\xf3\xfbH\x8f\xdf%\x9fH$\x12\x89\
D\x22\x91H$|8\xef\x80\xc6E;/\xbe_$\
1C\x0f\xaaz\xa4Pj!\x1d\x96\x14U\x96\x80\x94\
\xbe\x8a\x95\x02rt\x10\x01<\x11 \x0eu\x98\x10\xc7\
s]\x07$\xbdV(D\x0e\x91M\xe4\x13\x0d6h\
\xf3\x82\x905q\xc1\xfa\xba<r,*\x1e!9\x07\
Q1q\xd2\xea\x80\xc4\x83\x97\xd7{\x9dH\xa4\xdb\x12\
(\xda\x969\xe0\xf3\xe4\xda@\xd8\xea\x09\x03\xba\x0a\xfb\
\xae\x80d\xd1\xf5r\x88\xddE\xffE\x04\xcaD\xca\x07\
\x04\x93wl\xe5N\xbb\x1e\xfb\xae\xabFN\x92!\x95\
 _Y\xff8a\xa4\x7fGnED\xc4\x0a\xab1\
2\x8f\x7fK\xd3D\xe3\xb5\xb8\xfd\xa0\x88-\xf2(E\
U\x99\x90T\xae\x90^a\xecD\x88\xda\xe1w\xfc\x9f\
\xb6\xed\xfe\xb9\xff\xcf>\xfb[\xfe\x8f3\x7f\xd8\x8e\x5c\
NO\xd8\xe3\xda87}e\x89\xbe7~\x5c\xff\xd7\
#E\xfb?\xda\x8d\x0fA0\xcf\x5c_-\x9f\xc2<\
w\xfc\x9f?y\xdcD\xb2=\xffW5\xc4\xfb\x07\xcf\
+\xf4o\xf0\xff5\x5c\xfb\x8c\xff\xa3O\xaf\xfc\xd6\xda\
\xbf>^\xce$\xc7\xfe\x8f\xf3\x8c;\xa6\x87<&K\
uMd\x0c~\xd3\xff\xbd\x07\x98Z\xcew\xfd\x9f/\
LE{^\xff~0\xcbUZ{\x9b\xf9\xeb\xb0Q\
\x9f\xf7\xf1\x8f\xf4\xe7\xce?\xf1\xd2\x98\xb7\xae\x7fz\x1f\
\xf45\xec\xca.}\xad\xdd\xd3\xac\xefF\xf3p\x22\x91\
H$\x12\x89D\x22\x91\x10\x8cWp\x9c\x04\x92\x96 \
.\x98\xf8\xc6\x0f\x99\xf5z[\xac\x03\x8dp\x05J\x12\
\x98\xb5\xe2M\x9e\x90ss\x8cX\xe0_\x9d\xc6\x05\x9a\
L\xea\xc1+\x04\x9b\xc3f\x1dD\xcd\x1a\xd8VO\xc7\
\x1a6\x18\xb1\xba8\x00\xb6\xbb$\xbd\xb2Q\xda*}\
e\xafGNFrNH:M\xf6\xca\xfb\x12\xbd\xf1\
\xe3\x11\xce+\xc2\x0c\x83e\xfc\xfa3-\xfaN\xc8\x9a\
\x99\xdc\xf0\xea\x1b\x1d[\x99\xb6\x0en{\x95\xf9+\xe8\
~\xe5\xa8\x7f\xc5\xb7\x08\xf9|\x88\x1dYe\xf3\x9db\
j\xe3\x9br\x87\xbf\xf9\xd2\xe9Tf4\xef\xdc\x0d\xe7\
OH=\xd6\xf7m\x9c\xf9?\x1d\xfb\xf4s\xff\xf7m\
c\xec\xc6\xfd\x89\xac\xc8\xd6\xdf\xf4\xff*lZ\x5c\xce\
\x0c\xc8{\xfeo\x09\xe4q\xf4\x15\xff\xb7\x0fX~\xd3\
\xff\xd9\xf4>;\x87\xf9?\xf7\xffgcH\x97\xad\xa1\
\xff\x8f\xbc\xfd\xd3\xbb;{2\xef\xf9\xffz\xbds\x8a\
\xea\x8c=\xd4\x15\xfb\x7f\xfd\xaa\xffW\xe7\x8c\xd7V\xd6\
\x9eg\xfe\xff\x03\x84\xba\xd8t-\xb3\x8a\xf6\x9b\xb6\xde\
\x81\xb4\x0a\xdf\x9es}\xae\x12.-*\xac%\x15\x99\
\xdc\xd7\x87\xd5\xec\x88\xb6\xf7\xa3\x9f*\xbb\xafQv;\
\xfe/\xe9^~\x9a(~\xb7s\x81\x07\xdc\x97\xac\xda\
\xc9f\x1e\xa7X\xbf\xb9o\x13\x89D\x22\x91H$\x12\
\x89\xc4\x1e\xd7\xf6\x17?\xb8\x1eG\x13\xf1\xdcS\x89\x98\
0\xae\xfd\x22\x88\xd1\xeb\xf2*\x0b\x7f\x93\xf6\xf3S\x9d\
\xfc(C\x82\x15\xbd\xd8\xd7\xe588\xf1_\x22\xc1$\
\x099\xf5,n\x99:6g\xf9\x01\x86\xda\x99f\x04\
3!C\xdd\xfek\x079_#-7\x226<}\
'\xf9\xbc\xfc\xae}D\xd3\xdfN>\x12D=e\x0a\
\xc4,\xe1\xb4\x92\x17]\xf3v\x17yA\xba\x94+\xa1\
\xad\xde1\xf7]\x94\xc7\xa6E\xba\x91|\x9b\x060\x8c\
\xc5\xf7u\xfea\xb1H\x96\x07K\xca\x9d\x94\xf3\xfa\xc1\
+\xb3+\xcf\xf0\xfb\xcc\xfb\x01:R\xc7\x93\xfc\x80h\
\x91\x1fZ\xac\xa1\x8fPp\x8ei;\x92\xce\x1bC\x9c\
\xeea\xd5\x8e\xc3\xf6\x8d\xff\xd7\x0d\xf1\x1c]\xfb\x13\xfe\
\x7f\x82\xbd\xff\xd3\x1f\xf5\x7f5\xda\xfax\x19\xe9\x1f\xf9\
\xbf\x1d\xcf\x9c\xf75\x95g\xfb\xd0N\xeck\x9b\x87\xcb\
\xf3N\xd3\xdf\xf6\x7fn\x97\xab\xac\x9d\xe1\xeb\xbe\xfci\
\x9f\x9d\x10\xd7\xf6|\xae\x03\xc1\xfd\xdf\xf7m\xa1\x00i\
\x9ec\xe9S\xff\xb7\xbb\xe7g\xb9\xa7\xfe_\x1c]\xe7\
\xfe\xbf\xf7\xcf\x13\xffGI\xb2v\x9au<\xf3\x7f\x1c\
\x8bF)\xd9\xf5\x92\x7f\x0f\x88\xd5Vu\x8dIm\xbc\
6l\xb9\x86q\xd5\xeb>G6\x93\xcfV\xb6\xf8\x7f\
'\x9f{\xd3\x14s\xf7\xb1\xf2\xe7\xdbY\xbe~#\x91\
H$\x12\x89D\x22\x91\xb8\x8b\x97\x0d\x9e\xdbb\xdf\x06\
\x8f6rh\xac\xf3L\x07c \x88\xf9\xa3\x1dr\xb4\
@\xd9^\x97 q$\x05\x01\x91\xb9\x88D\xd9O\xab\
\xcb$\xdd\x10\x22ZV\x9cg\xd6E\x83|+AY\
[\xde\xbbf\x03h\xdd\x9e#\xec\x9c\x82^\xf5\x09\x01\
\xfd\x09NI\x8a\x95\xed'\x98\xeaF4\x91\x91d\xae\
6rh\xfe!\xcb'\xfa8\x98\x5c\x11>\xb6<\x8e\
\x09U\xffN\xf4\x8c<c\x07X,k\xa5\x07\xb1\xaa\
\x9f\xdb\xdf\x0by\xdex\xe2O\x7f,\xcb\x9fO6\x92\
*\xef\x12\x82<6\xfb\x9f\xf7\xce\xe1\x95\x8fXX;\
N|\xd6b\xf7\xce\xdc\x95\xac\xd8\xffg;\xdd\xf60\
yV\xd7\xd6\xfe?\xcb\xf1\xc6\xc3]\xc2\xe4\x9f\xf2\xff\
\xd32]9\x1a\xd2\xae\xd1j\xfe\x88\xfc\x7fE\xf8\xce\
}\x17\xf9?\xa7!\xd1\xcdi\xcbz\x1c\x5c{\xe2\xff\
\xaa-J{\xd8\xca\x0f\xc2\xce\xfc\x7f\xc6\xeaa\xc3\xca\
\xffc\xff\xf1\xefJ\xf6\x9e@&\xd7w\xfc\xdf[\x1f\
<\xf3\x7f\xbf\x16+\xff\x87u\xc8\x17\xfd\x9f\xe7\xd6\x02\
zZ~\xba\x85\xe8>\xa0\xefwz\x8d\xb5\xf2\x1b?\
u\xde\x1cP`=\xe3\x97/\x83`F\xa2]\xd7o\
\xe5W\xb6\xef\x9a*\x19G\x95\xc8\xd8`\xddt7\x9f\
'\x12\x89D\x22\x91H$\x12\x89\x19/\x1b\x1c\xc9\x82\
\x1e\x83\x02Y\x84W&\xd7\xae\x1c6\x10\xf1\x83-\x96\
!\x810\x96\xea\xd7.\x99=\x12\xe8;W\x9a-Q\
`&;c\xe45\x86r\xfd\xf5\xb2\x81\xb0G\x97\xd3\
D\x94K\x1b\x90\xd2kw\xbbE\x01\x08\x96-\xa5\xd0\
iX\x12\x91YQ{\xfe\x8c\xf7 \xea >\x0c\x84\
\xea\xfek\xb7;\xc2\x04\xc7F\x84H\x87G\xd4\xa8k\
\xfcUv\x945\xe9^\xeb[\xd5o\xa5\x1f\xc9\x97\xe5\
\xd7\xd2\x81d`\xf2\xf4U^}\x5c\xbc\xc8\xbe\x875\
\x22\xd6NH\x9e\x95\x9d\xb5\xee\xbf\x8e\x8f\x9f\xf6\xb8W\
\xc5|j?\x13\x82$\xb6\xc3#D\x14\x89\xc7\xd7\xb0\
,Q\xd8&Q=\xa2<l\xa7\xf7\x1e\xd3w\xda\xae\
\x9d<\x99\x91\xdes\xff\xafK\xd9'v\x9c\xf9\xff\x9e\
8G\x9c\xb4\xc5\xde\xff\xf7c\xf6\xa9\xffG\xf5\xc1<\
;}v\xbe-Z\xc04\x89\x14#\xc3\xf7\x7f\x19\xc5\
\xfa\xde\xc8;\x9a\xc5\xff\xed\x1c\xfco\xf2\xffi\x02\xad\
\x97\xa5\x1b\xff_\xdb\xb1\xf3\xff]\xf9]\x9aw\x1f\xbe\
>\xfb\xf9\xebW\xfc\xbf|x\xff\xffw\xf9\x7f\x99\xe4\
\x9c\xdd#c\xff\xf7\xd7Q4v\x1b\xa3\x0e\xc9\x7f\x1d\
\xf5%Ku\xe4\xfa\xd5A\xdf\x836\xc1\x1c\x85S\xec\
\x86\x85\xf9~7D\xe0\xba\xb2v-\xa5\x82_\x96\xb1\
\xb6|o\xbe\xe0u/Q<\x07=\xf1\xe7D\x22\x91\
H$\x12\x89D\xe2o\x83\xfa\x11B$QyW\x18\
.\xba%\x00'\xe2\xaf\xf7\x8e}\xd0\x85\xc6\xa2]P\
)Z\x97\xb3l\xde\xc92d\x16!\x9f\xe7];\xb8\
[i\xd6Q \x8bO\xac\x93._u\x9d\xc6UK\
j\x98\xe00\x0aB\x99|\xc0\xa0\x8fex\xbb\xe4\xee\
\xech\x8b\xae\xafH\xc6\x15\xac~\x0c\xb0E\xbe\x04\x80\
DE\x91\x0c\x91\xad+\xa2H\xd9\x0c\x11!\x93\x92%\
\xb4U\xec\xb9\x13\xd4[[\x9f\x92\x9c\xe152\xbb\x9c\
\x03\x99\x9eN\xdbV+\xbd+x\xf6\xd9\xcf\xd8\x1e\xdd\
\xbfH\xb2y\xc4\x94\x0b\x87\xb8R4\xc7\x82t\xe42\
\xd1\xf5\xd3\xc0>\xdc\x09\x18\x90:\x98\xe6\xa5?\xf7\x7f\
\x9fH\xfa]\xffG\x99\xb4@1\xfa\xed\xdcA@\xa4\
Z\xff\x17\x9d\xdf\xf2\xff\x13\xdf\x14\xdb\xce\xbe\x99\xe0\x95\
\xe3\x1d\xa1\xc3\x06\xa2\xe5\xf8\xbc\xe3\xffL\x8cM\xdc\xee\
\xd6e\xfe-\xfe/w^1N\x7f\x9e\xcce\xa8\xdf\
\xda]o\xf9\xbf\x9e\x87\xe6\xfb\xbf\xce9>\xeb\xbc\xfb\
\xf8s\xff\x976\xc4\xf3\x13\xff/`\x17\xa7\xed\xfd_\
\xd7\xe0\xdb\xf7\x7f{\xe7\x9a\xfd\xdf\xbb\xff[\x9d\x86\xc8\
\xc56\x22\xacg\x9d\xeaTz\xf9\xae\x0c\xe4\xf0}\x9d\
B4\xdbXb\x99\xc7l'\xbfu\x0dg\xdf,8\
h\xe0\xdd\xcf\xdd\xa4>\xe6\xb0\x8e\xfa\xdd\xcf\xbb\xf1\x94\
H$\x12\x89D\x22\x91H$\xd6\xb8\xd8\x06\x1bL\xc9\
\xae\x12/\x10A\xb6\x97:i\xcc\xc9\xf1k6\x8a\xd9\
]\x8cb\x99\x90\xf4v\xb6\x0c\xe2\x11\x95\x8e]\xd2:\
0\x94\xd0\x07\xeaB\x1e\xfa\xd7T_e\xb6c\xc8\xd7\
\xe9\x1eA0\x05\x90Uv\xfb\x90)\xc3\xbb\xb4V\xc4\
\xdb\x8a\xa0\x19:\x9c@\xd5\x939\x02` `\xac\xae\
\x88\xbc\x98\x03\xe3\xb8\x1cb\xb7\x8b\x91\xdb\x87w\xaeq\
\xe0\xeaC\x13\x11\x22\xa2\xba\x9f\xf6\xfa\xa5\xe7\xf5Z\x92\
\x05C\x93\x09\xe6\xdd\x9d`\x10,\xd3Dw\xccD\xcc\
\x1dx}\xbd\x22\x16\xec8\xd1rf\xf9B\xa0H\x9b\
Z]\x11i5\xde]K3\xd9\xc3\xa4C1\xd7=\
[Q\x97M\xdf\x91\x9a'\x88\xc6\xc3\xaa<\x8f\x0f2\
s\x93'{\xef\xff3\x19\xec\xfb\xbf\x94\xf7|K\xc8\
!M\xd0D\x7fB\xd2\x15\xb7\x9fE\x06M\xe5\xe6]\
\xbbZ\x1e\x05\xaf&z\xea\xff\xd8\xf7+9\xb6\xcco\
\xfb?\xbf\xae`\xcc\x95\xd2p\xa1\x1e\xcfN\x86\xed\x87\
\x1d\xbe\xeb\xff~\x9fE\xb2{B\xfb&\x07\x8f\x0b\x92\
\x9d\xa0vw\xf1\xce\xbfN\xaf\xdf\xf3\xff}[\xf2\xfd\
\x7f7\xff \xc4\xffE\x86\x86\x7f\x0fb\xb9\xbb>\xf3\
\xfc\x9f\x9c\xfa\xa3\xcc\xd9\xff\xd7\x88\xee\xffl\x83z\x00\
c\xca\x15C\xb4[y\x8e\xb6k\xbdd\x1f\x1a\xf0L\
!\xaf3\xf1\xc1\xdct\xd3\x8dk@g\xcc\xf6\xf4\xe8\
\xfe\xcf\xc2\x9c\xa1<\xc0\xeb\xbb&\xc3J\xaf\xf2Q\xa4\
\x16\xf2\xba9K^\xd7I\x0e\xb7\xe1n~I$\x12\
\x89D\x22\x91H$\x12\x0d*\xba\xc4\xb5\xbd^h\xe3\
\xa7\xd9=3\xf2\xcd\x0bp?p\x9b\xb2i\x92Y\x05\
\x14\xce{\x9eIv\xa7\xf4\xb3!\xc3\x0bQ\x7f\xaaS\
\x1fZ\xed\xe4\x8b\x03]M\x0c\xeb\xafd#\xe1\x5cL\
\x19\xfc\x5c\x05*6\x8f\xe4\xf5mr\x83\xd8\xfew\xb2\
\xa3\xc9\xd3\xdf\xda\x8a\x89\xa9=N\x88W\x19+e\xd8\
\x16C\xd7u\xb5\x03\xcc#\xb1<bcWw\xaf\xdd\
Wr\xf9\xdc#n\xad\xcc\x15\xac\x8c\x88\x5c[\xb5\x81\
\xd5\xc5>\x8a\xe4\x89\x10\x8c4\xc9SA\xb4*I\xea\
\x01F]\xe8\x8c\x10\x11\xb7Q=\x22\x19\xf8i\x8f\xad\
\x0c+\xebM\x8azv\xa89\xac\x95t\xc8.\xfdW\
\x0d1\x8c\xfe\xaf\xe7:\xf9\x94\xbc\xb6/\xado\xcb\x83\
\x81S\x9f\xdd\xb5\xdb3\xff\xaf\xce\xbc3\x8d\x0cUf\
g\x8f\xad\xfb\xc9\xd8\xd9\xc9\xfc\x13\xfe\x8f\xb5\x1d$5\
\xe89\xf7\x7f\xbf\xfd~\xc7\xff\xcb\xb2n\xde1\xdb1\
\xe1\x1a\xecD\xc5\x99\x8f\xff9\xff\xf7wE\x8f\xfe2\
\xfd\x14\xfb\x7fLz\xc7\xb6\xa0\xff\xaf\x09g,\x84\xf7\
\xbcg\xf7\x7f\x1f\x9f\xfb\xbf\x9e\x8b\xce\xfc\xe5\x13\xffo\
\xff )\x1e\xc9]\xc9\xe4i\xd7\xf7\x7f\xd4\xeb\xafA\
\x07\xeb\x0c\xfdX\xc7\xbb\xa8\xed\x5c\x85\xf7T9\xb7>\
sgNK$\x12\x89D\x22\x91H$\xfeV\xbct\
@\xc9\xefU~\xa7\xc8\x82\x9b\xa1\x89_j\xaf\xdfh\
\xc5\xc6W\x19\x11\xd7\x1a\xbf\xcb\xf5Q\x86$\x9a~\xf8\
Pd\xe0\xa7F\xd5\xd7\x1c\xbb\xbdb:8[\x07M\
^\x99\xb6\x9b\xa9j\x92\x82\x8d8\x08\x22W\xc1\xa8O\
\x5c\x88~\x0c\xc8Q\x0e\x13\x86'\x81n\x847\xf1\xbc\
\x0b\xa4\xbc\xa0=,S\xe5\x07\x91\xa8\xae\xbeF\xaf\x09\
8O\x8f\x97vJ\xf2\xfa\xa6\xb5\xb2\xb8\xc3O\x13\x90\
\x8dx\xf1\x1fk\xd0\x92|Z\xe9\xf5l\x88\xd2\xbc\xb6\
\xd5\x0fd\x9am\xad\x0eHz\x1e\x04\xc3<N\xfaq\
q\xecWD\xd5\xc6\xb6\x88\x14>\x0d\xccw\xc4\xd9\xaa\
=\xbd<\xba<N\x10B\x16\xaf\x1e\xb4\xec\xfd\xdf'\
\xf5b\x12\x19}\x99\xa6\xf2\x91^\xab?\xf2\xff(\xed\
\x0eN\xfak\xf6\xff\x17\xc5\xee_\x95\xdc]_\xee\xc6\
\xd3\x9f\xf1\x7fGFP^\xff\xd0\xdb\x99^\x82o\xef\
\x88\x0fk\xb9(#\xf6\x7fI\xdf\xedRv\xad8\xf0\
]\xed\xffB\xd8\xf1Ni\xfaG\xfd\x7f\xf6\xbdb\xd8\
\xc7\xa8o,9\xeb\xe1\xb9\xff\xfbv\xab\xbb\xc8\xc66\
\x0d$>\xbf\xe3\xffe\x96>\xca\xec\xfd\xdf\xc8*}\
>\xa5\xd9O\x9a,\xb3K\xb8\xea6!\xd8H0\xdf\
\xff\x0b\x11\xbeGz\x8c?\x22\xd9\xa5/\x0f&\x94n\
\xb564FW\xf0\xff~\x0f\xc0\xfb<\x0fmY\x0b\
\xeb\xf5\xe8lg\x22\x91H$\x12\x89D\x22\x918\xc1\
\xcb\x0f\xf4\xc7\xd1D\x00OA)\xa7\xd72v\x91\x10\
\xe4hbV\xc1x\xcf\x17\xac\xe3gy\xc5\x90:4\
\x02 \x94q\x05=\xfdk\x96\x12$I\x00$\xc1\xda\
~\x97\x96\x90'-]~\x00\x10T\x1e\x93\xca>Q\
6_+(}I\xe2\x14G\xae'?\xeak$B\
\xbc\xba[R\xc4\xc2\x06\xfe\xfc9\x05\xe8\x01I\x11\x1d\
{\xfd\xe2\x05\xdd\x91\xbd^\xdd\xa7\xf2\xfc\xb5an\x07\
&\x1a\x90\xf8\xa7\xe7X\xd9\x12\x8d\xbb\xa8M\xa2<\x22\
:.\xef\xd5a5n\xac\xcd\x1e\xac\x9eZ\xeb!\xa9\
r\xae\x0b\xfdn\xae\x9f\x1e\x03\xd5\xfa\xbfC\x1a \x91\
\xbb\xeb\x07\xb4\x0d\xd3\xbcWM\xd4\xaf\xfb?M\xe9;\
\x12\xf7\x99\xff\xaf\xfd\xdb\xbf\x8e\x7f\xfeX\xac\xd5\x1b\x1f\
\xe3l|b_\xfe\x13\xfe\xcf}\xc9\xe5l_O\xfd\
C\xe4\x92m\xf6z\xa4\x97\xa8,\xc6]'\xc3\x826\
\xc12\xa7c(\x1aOQ~rlWyI\xe6\x93\
?\xe7\xffQZk\xed\xd8\xff\x85\xe8\x1d\xf3\xf8\xd7\xfc\
\x7f\xce\xe3\x95\xc5kV>\xdb\xe3]\xd3(_\xf3\x7f\
\xddr\xfdz\x95\x94\xbd\xff\x93\xa3\xf7\xcaIr\x13E\
\xff\xb7\xe4v\x1di\x95\xf4\xfc>\xfb?\x11\x99\x07\x0d\
z\x0a)j\xad\xcazy\xad\x17\xfa\x7f\xa1\xb1v\xfd\
\xa9}./\xec\xff\xa2\xb3V\x824\x82z\xd1r\xce\
L$\x12\x89D\x22\x91H$\x12>\x0a\xfd\xe7\x7f\xdb\
\x92{,\xa2\xed{\xf5$\x88\xe0|#\xd8\xe2\x85z\
\xa1\x89\x00n'\xaf\xfe\xc9\xaf^\xb0\x01L\x19\xd7/\
\x22\xf8\x9d\xbf\x07\x08\x12x\xd8\xf2E\x053\xb8\x03g\
\x18cP\xcd\xbb\xa4u0\xe4\x07r\x11Y\xeb\x11\xbf\
Hj\xad\x02\xf13\xec\xcb\x8f\xddX\xa4m~\x07\xc6\
\xabr\xba^_\x08\x9aj\x1dA\xa4g\x93\x93\xfdz\
/\xe3\xce\x86\xa8\xfdO\xe1\x96\x9f\x07_\xb7@\x88\xac\
\x936\xc7|\xf6\x18\xf5{e\xbd\xf3{c\xa5l\xcb\
\xf28\xe0c)\xf99V\x04\xd3I\x1d\x9e\xfb\x85\xae\
\xaf%\x22wc\xc5\xea\xdd\x95\x89\xfd\x7f]\xff\xef\xf8\
\xff\xf9X\xb46\xdf\xf3\xff\xcfa\xfb`W\xe7w\x9e\
\xf7\xee\xd1\xd8\x86]\x9f\xea{Q\x04\xaf\xfc\x936\xf5\
\xae\xdf\xf5\xff\xda.\xaa\xb9G\xe9\x0a\xe6%\xa3\xdd-\
{\xc7\xff\xbf\x01O\xdf\xf8\x16\xd4\x81\xaao\xf9\xc5\xda\
\xff\x0f\xfc\xf6W\xfc\x1f\xc9\xc9\x83.uP7z8\
\xd7o\xf9\x7fu\x8eV\x90>\xd0u\xae~fz\xbf\
_\xf9\xbdy\x9c\xe9\xe7:r\xe3:P\x08\xde\xd9\x9e\
\x02\xeb\xc3kUGz\xf0\x89=?\x93\xffC\x9f\x5c\
E\xb8\xb3\xd0\x16\x12=jg\xb5^k6\x1d\xf7\xee\
A\x89D\x22\x91H$\x12\x89D\xe2\xbdv\xfe\x9f\xff\
\xab\x12\xd0TX`\xb7O\x15X\x985\xf6L7\xe2\
\xc2]G\xa5\xedk\xbb\x22C\xe4\xf6\xa0\x83\x09\xeb\x1e\
`\xe8\x1d4\x85\x96\xd4\xa6\x0a\xf88\xa8\x00\x93XC\
m_\x9bV\x05u\xa6\x00eq\xb6\xc6\x8e\xb0\xd0\x01\
\xe3L\x5c\xcey\xbc\x9cq\xfe9X\xfd\x1eQVl\
\xd4\xbd\xceMt\xcaT|\x88\x88\xf0\xc5\xd1\x84\xe9v\
g\xd9I0\xe9\x921\x87ig(g\x84/\xd7\x81\
hC\xfe\x0b\xf9\xb7\x1aWK]\x1f\x02\xdbV\xe4\xba\
#\x19\xfc\x7f\x8f\xdf'\xc0\x9f\xe3\x9e\xff\xcfewy\
v\xf9Wc\xf2\x1b\xfe\x8f\xb2\xbe\x8b\xd5\xdc\xbc{\xe0\
\xa0\x09\xc0\xd3\x07\x07\x97\xb6?\xe8\xff;-~\xd9j\
\xee\xc9\xe7c\xff7\xfd\xbf\xd1\x81E\x9d[\xf8\xfe\xff\
\x99^?o=\xca\xf7\xbb\x94\xe1\x5c\xcf\x13\xffWT\
\xfaQ?\xd5e\xfe'\xfe_\x15)\x1cCd\xd8\xdb\
?\xf6>\xc8Q7\xa9\x0a\xff\xce\x84/\xd3\xcbV\x9a\
\xc8\xa8\xa1u\x95\x09f8\xd7\xd5|\x9f\xfc\xc8\xc3\xf3\
\xb7\xaek\x17E\x13n\x1f&}\x7fnK$\x12\x89\
D\x22\x91H$\xfeN\xbc0 |\xefP\x91\x00\x89\
\x83\x8a\x02\xc7\xa4\x03\xf5\x83\x10\xee*WE&\x11\x06\
\xfa\x04\x8b\xfb\xc2\x0a\xf0\xa3\x97_\xc8&\x1b\x5c\x00\x8a\
\x94/\xa4\x83vk\xcf(\x10\x8b\xd2_[Uv\xc4\
\xed\xc0\x01\x0c\xe69!\x9f\xf9:\x13\xa7\xdc\x09\x05r\
b0\xcb\x04\x83\xb73\x8a\x8bc\xdb\xdfAT\xbf\x0a\
O\x13\xd62\xd1\x863\xd9\xf6\xfa\x09Qg\xf3\xe2\xe7\
h3|(b\xf2\xd9~Z\xc1}(`\xc8\x85\x95\
\x9d\xf1\x0e\xcf\xb2m'\x8f\xd0(4\xb7\x83'c\xd7\
\x9e\xde\xf8\xf1\xe4\x9d\x13uz\x1e\x911\xf82\xfe\xaf\
\xa4\x1f\xf5\xc9\xe9\xd8\xb0\xf9v\xed\xb4\xc3\xef\xf8\xbf_\
v\xd5\x0e\xf7\xfc\x7f\x1e?\xa78\x19\xcf\xa7d\xe6I\
Z\x03\xfbB4W\x8aG\xdb\xf1\xc5\x0f6\xad\x7fO\
\x1a\xfea\xff\xc7{\x0a\xc1\xe7\xba\x9d\xf4=\xba\xbd\xb6\
c\x96\x1f\xe9\xff-\xff\xf7\x1f\x10\xeb\xb5\x83G\xecE\
\xb6~\xe6\xff\xd2\xb2\xde\xda\x05\xef[X\xe2\x14g\xfe\
\xdf\xf4\xdf\xf5\x7f\x1c\x13g\xfe/\xeb\xa8o\xf9\x7f1\
#r\xae\x9f\xf6M&\xa1}\x08\xf9|\xe5\xb7\xa2&\
\xd9U\xd9\xd0t\x94\xc0\xff\xf5\xfdR\xf2V*\xca\xff\
\xc9\x81lj(\xfd+|\xad\xbc\xd4e&\xd69=\
^C$\x12\x89D\x22\x91H$\x12\x89\x18\xfa\xd7\x8b\
H\xde\x8b\xfc\x86^SCp\xdb\xd8.Ra[\xa9\
\xf2\xa5J\xb8\xd6c$\x08\xbaD\xde\xfbu\x0c\xa0\x99\
z\x94\xc2\x02{~\x1b\x04!y\x0c\xa6@\x19\xc4\xbb\
xy\x95\xe9\xeam\x12fq\xcd\x0b\xd2\xbd@P\x11\
\xa2\x05\x83\xbc\xe0\x95\x11Ay\xc9R\xd55\x9f\xa4\xf4\
\x03\xa6\xd5\xb1\x85\x0a\xa2Y\xa7\xb1C\x07\xd8\xa3\xa4\xca\
cwf\xbda\x7f@\xcb\xd3\x8d\xf9WyT}x\
\x071\xe1\x0f\x0c\xf9\xed7\x08\xa1 x\x8f\xdaiG\
\x9e\xf0\xb1G\x8ck9\xfe5ENY\xdbX6\x5c\
G\x19v,\xb8\xf2\x9d\xf1\x14\x11\x1d'\xa4\x8bG\x80\
\xd9\xb1\xc9\xa4\xc9\x1b\xbb\xbe\x97\xfck\xd2g76<\
=\xdf$\x0c>\xf3\xff\x8e\xaa\x1f.\xd5\xaf\xf9\x7f\xfd\
\xaa\xffG\xfd\xbe\xeb\x8f\xdf\xf1\x7f=\x8e\xf5\x9c*\x0f\
><\xdfG\x99\xff\xbc\xff\xcb7s\xdc\xb1A\xe4\x92\
\xacV\xcf\xbf\xc9\xff\x0b\xa1\xbe\x99\x04~\xe3\xcf\xf9\xbf\
\x9aI\x09\xdb\x8e\xaf\xac\xee\xef'6\xae\xfd\xbfl\xfd\
\x7f\xd7\xbe{\xff\x7f\x99u\xd7g\xfe_\x8c\xed26\
h\x02,\x0b\xc6y!\xfd\xad5y\x0d\x9aY\xbf-\
\xc7@\x19\x0b\xc6*\x03\xc8j7\xe3Y\xda@\xfb\xbf\
cwi\x84x\xe5\xd7\x9a\x18B\xbb\xd5]\xc60\xab\
\xe76\xe5v\xf1\xfa?\x91H$\x12\x89D\x22\x91H\
\xcc\x18\xaf\xe0\xf0/\xf2\x22^v\x96\xd4\xda\xde\xeb\xcc\
\xaf\xd4P\xe4\xa9\xac\xfd\xad\xa4F\xb0\x04\xa4[\xcb\x81\
\xc1\x83&\xa1\xc9!Q\xdf?\x048\x02\x8eJ\xc3\x16\
\x1aAGe\xb5\xf0\xda\x8d\xd0@\x1f\x95hE\xcc<\
\x83\x1f\x18*\xb5LF\x958\xef\xaa<\xea\x89\xb0/\
/\xf9\x08lY\x97([]\xbbz\xbfI\x89\xe8]\
\x96K\x9b\xdf}\xf5\xea\xc1\xe3\x0d}\x97\xd5e&\xf0\
N\xda\xfcY\xbf 6\xeduK\x16Hu\xea\xc2\xe9\
w\x81e#2C\xe6\x08e\xc5$g\xd7v+\x1b\
f\xff\xff9\xee\xe3\xc7>\xdc&)wf\xfa\x04\x85\
\xce\xc6%\x1d\xfa\xff#\xbbju\xc8\x9c\xd8\x96O\xe6\
\xc1?\xe1\xff\x5c\xd6\x92\xc9q\x19\xfd\xba\xa9\x7f\xc6\xff\
}T\xee\x9b\xc3>\xb2`\x92L\xe4]\xff\xfe\xa2\xff\
\xafG_%l\x17! O\xcd\xf9\x1d\xff\xafK{\
wr\xefa\x9e\x1bk\xfd9\xba/\xbd\xf1\xf3h\x9c\
m\xfa\xe4\xe6\xfd_O\xe7\xab\x19G\xd6n\xb8!a\
\xech\xb6D4\xc8\xbb\xd6j/\x82\xb5\x1d\xa9o\xd9\
\xf1\xbaH\x96\x85z\x8c\xf3\xefK\xb4\xb1\xd5^\xe2\xd1\
\xea\xc9\x9a\x8a\x98X\xaa~xKRW\xf9\xb7\x11\xd2\
m\xddkd$\x12\x89D\x22\x91H$\x12\x89\xdb\xb8\
\x08\xe8\xf7\x01/\xd41\xf6\xedY\xc6\x02~\x90\xc6\xd5\
\x10\xc4\x22\x8et`/\x81F\xa1\x1dYz\xedYe\
>\xb9\x07\xbco\xf2\x18\xf5\xc8\xaf\x94\xcf\x84(\xd8T\
\x85\x80\xc6\xcb\xa5\xe8\x12Z\xbf\x96\xd3\xea\xa9sE\xbb\
\xe4\xecn\xb3\xd5n\xbdS\x22n\x19Z\x9a\x1d8\x98\
V\x0di\xee\x11H\xb7\x03\xebC\xb2{'\xf7\x94\x88\
Z]\xdf\xb5o\xd9\xc8;!+V}t\x9f`\xae\
\xaaO\x8e\xcb;6\xac\xde\xe1j\xd3\xbc<\xb1\xaa\xf3\
:\xf1\x18\x83\xd2\xe4\x91\xcd\x9c\xf7\x09V}\xf5T\xb6\
\xeb\xbb\xab\x02z\x12\x8ce\xd8\xf1\xe8\x94[\xc9xB\
r1A9\xda\x88\xd6c\x97\xed\xbc\xce[\xa2\xceC\
s[`Zd\xa3%\xe5\xffY\xff_\xe3\x99\xff\xcf\
d\xe9\xd3\xfe\xba\xeb\xff\xaaL7\xa2\xf0\x0f8V\xf9\
\xf1W\xccO\x14\xf9\xffw\xc8H\x96\xb7%\x9c\x0f|\
\x14\xa9\xbe\xc8\x9e\xdf\xf5\x7f\xd4\xed\xb4Q9\xfb!\xcb\
\xf3\xfb\xbf\x95QC\x99n9G\x86\x7f\xff\x9f\xe5\xb3\
]\xb3\x0dgh\xf3\x0d\xa6\xc8z\x8c\x1c\xbb\xf4\xcc\xd0\
\x89\xe8J\x83\x18&\xd3\xb7\xf3X\xe0\xd7\xc1\x11\x8do\
\xc6\x0d\xcdE\x13\xcf\xee\x83Oc\x17U\xbd>\xe2l\
&{\xa5\xf7C\x81\x97Z\x0b\xb7\x0c?\xa3\x00\xaf!\
\xed\x83\x99D\x22\x91H$\x12\x89D\x22\xb1\xc7\xf5\xfd\
GM^\xea\x9da|\x9d\xc1\xc1\x88Zr\xf3\x0e\x93\
\xb1(\x97\xb2\xedr\x99\xe4@A\xfe\xe2c+^$\
\xb8\xd1\xe4s\x97T\x84\x10\xef\xa1\x85\x169v\xaaX\
-3$Xwv#\x81\x88U\xd0\x8b\x84 \xe6\xa5\
\x85N\x94\x87$\x12\xdbZ\x8c\xfc\xc8\x0eMF\xbe\xd4\
5\x94\xef\x11\x99^=&[\xf9/\x08V[z1\
\xe7>\xee\x920+\x92h\x5c\xaf4\xbe6\xeb\xd9j\
\x89\x01\xfe\xc4\xa0}\x92\xe9\xe8\xc66\xdc\xd5q\xeeA\
\xe3\x0b\xc1\x18\xea\x072\x0e\x02\xa2#\x22\x1fl\x19\xb4\
\xd9k\x07\xd4\x1d\xe5\xd5\xe8^jtz\xdee\xc7\x1c\
\xeaZ\xc1^\x8f\x08\xc8\xbb\xe4S\x89\xfeV\xe3q\xe1\
w\xd6fe\xf7C\xff\x8f\x10\xf9\x7fa]\x8b\xb1\xeb\
\xf9?9\xfe_\xc8i{c\xb3\x07\xfcA\xd7\xd2\xcf\
m\x1b\xa3\xed\xdf\xf6\x7fw\xce\xfa\xaa\xff\xcb\xf9\xb9\xff\
\xaf\xeb\xb2\xf2\x8b\xc8O\xc7X\xed\xfd}\xdf\xff\x87\x94\
i\xce>\xf7\xff\xd8V\x8b\x13\xff\xe7Y\xbb\x90\xdf_\
,\xe7T\xf6}H[\xac\xfc\xbf\xe0\xf1/\xde\xff#\
\xd4\x85\x1d\xfa\xfe?\x8f\xddO\xef\xffh\xf3I:\x12\
\xdfl\x83\x90\xd0\xfd>X\x9c\x9d\xf4\xfd\x1buX\x8e\
\xd7x\xfe\x18)\x0b\xff'\xc8+\x045\xf7u_6\
\x10\xae\x1d\xafWq\x14Rv\x8a\xe8:\xf9\x92\x9d\xcb\
D~\x22\x91H$\x12\x89D\x22\x91X\xe15\xef\xf2\
\xc1\xc5>\xa9c\xe0\x86\xdb\x22},\xdc\xdf(DS\
\x0c\xa7w\xb50\xc9\xad\xd2\x08\xdf\xafWz\x80\xdd\xe5\
\x91\x0dh4\xe9U\x14\x13\xde\x03\x02\xc5\x1c\xcb\xa1\x04\
h\x1e\xf1\xf0\x9a\x82\x99\xba\xd8\x9de\x11\x07\x1fB\xc5\
x\xbb\xa4,\x99\xe2I\xd9\x91\x17\x86*\x9a\x82a\xcf\
^/}E\xc0a9\x02\xaa|\x13k\xbb\xf2O\xc8\
'\xce\xb7:oc\x90\xc7\x81\x9f/z\xc7h1A\
\xb0G\xca\xda\xe3U\xbf3\xc1\xc3\x0f\x01\xb8\x9dZ;\
\xb7k+=\x96t.\xb4&\xb3\x90\x88\xb6u\xdd\xf5\
\xbf\xff\x10H\xfa\x12\x7f\xd4\x0c\xafc\xbd\xd0\x8e\x15\xbc\
1\xb6jG\xf5\x1e\x5c\xa3]\x8fr8\x876d\x92\
\xc6\xe6G\x1d\x11q\xb7\xabKT'\x94}Z.\xf2\
\x7f\x0f{\xff\x8f\xf5|\xe2\xff5\xf4\xff\xf9|e\x15\
\x8em\xee\x9f\x97\xf1[\xb7\xbc\x91\xed\xe9\xde\x91\x9c\xdf\
\xf1\xff9M\xfb3\xfa\x8e&\xa5l;\xef\xda\xd8\x12\
\x85+\xdbm;\x9e\xfb\xbf+V\x8d\xc5\x08\xde\x18^\
\xe1\x8e\xff\xbf\xff{9\x0fQw\xd8\xcfo\xa2\xc3\xda\
\x80\xfd\x86\xf3\xf4(ce\xf4B\xd1\xdcrj'\xeb\
\x93\xfb\xc6\xb9\xff\xef4\xd9\xb1\xeb\x89}\xe2\xff\x5cw\
\x9d\x87<\x8b1\x07\xc9ZM\xe4\xce\xedU\xa6\xf5\x96\
]k\x9c|\x1bM\xca\xf5R\xc1\xeb\xa5\x99\x84\xe6\xf5\
c\xa9z=\x19\xb5\x19\x97\x159\xfe\xfc\x91H$\x12\
\x89D\x22\x91H$|\x8c%\xba\xb7\xc0\xb6\xe0\x80\x89\
\xbfR\xf9\xa2;_?\x14\x02\x18\xd3*a\xa0T\xed\
\x171\x89Ih\x1d \xd6\x11\x90Xy\x05\xe8'\x0e\
lu\x1d|\x22|H(\xb8\xa7\x16\xd2z\x90hI\
\x0d$\x1b\xa2@\xe4d\xc7L$w\x07&A\xf4\xf9\
\xac\x17\xaf{\xf6`\x83`\xb0($*M\xbb\xab\xce\
\xfb\xde\xaf7\xb6\xdd*\x1f\xeb\xc3\xffNt\xad\xc8\x89\
]_\xad\x08\x99\xa8/\xed\xe7\xbbOU}\x7f~f\
\xc2\x94\xce\x88\x05\xab\xdf\x12\x13\xefw\xa2\xf21\xd6\xc3\
\xe6\xed%\xc6\x9f\xaeK\x99\xae[\xbd\x92\x97\xc6+A\
\xee $\x0dj\x95W\x0d\x80\x15\x98\x07-\x1a\xe7\xa6\
\xed\xf4\xce:\x9a\xda\xd5\xf6\xef\x89}\xff\x8c\xffs\x0d\
\xd6\xf0\xfc\xdb\xd3\x8b\xd7={VD\xb5g\xf3\x1d\xff\
G\xf2\xca>d\xc1O$\xf8\xa6\x87\x10\xe6|\x85\xdf\
\xf1\x7f\xeb3H<k\x99\x91\xff\xbf}4\x22`\xef\
\x00}\x9a\xdb\xa6v\xff\x7f\x1d\xf9?\xd1\xec\xff\x9c\xb6\
\xd6\xcb\xb2/]_\xf2\xffF\xfa\xd5q\xecZ\xe1\x10\
\x90\x9e\xbc][>\xf5\xff\x97\xe3\xff<vQ\xeeJ\
'Q|\x7f\xbbs\xff\xb7\xf7\x0ek\xeb\xac\x17\xef\xdb\
\xaf\xab\xaf\xef\xfb\x7fy\xe0\xff\xf3}\xa7\xc9\xc0\x07\x00\
U\xdd{8Mt\xa1\x93\x95\x8d|R2\xa6\xcd\x09\
j\x8dS\xb4\x88w\xf6R\x89\xc6\x8e\xe9j\xe4\xc91\
\xd7=z\xd0\x94H$\x12\x89D\x22\x91H$|\xbc\
lP!\xb0\x0bj$\xcez\x00N\xb0k\x84$H\
\xb1\x819\x1f\x0b\xd7YA&\xbe#\x17\x82\x9c\xaa\x03\
\x08\x94\xc5\xf1\x8a\xbfkF\x82\x08\x95_,\x99l\x1b\
i\xdd$k'\x92O\xd1\xce!\x1d\x94\xc8nX\xcc\
c\x83TK\xa8yrc\xf0.\xaa8\x80\x8c\x82S\
\xcf\x9e\xd2;\xc8\x92y3\x01#\x01\x97\x95\xe7!\x22\
\x0a<{\xb4m\x96\x14\xd9\x13\x0b;\x92\xdb\xda\xe0\x11\
R\xfb:\x15\x08\x98\x0b\x9c\xd3 \x81\x894\x99\xc6\x15\
\x1a\x84\x90\x92\x16\xdb\x13\x05\xb5\xab`\x17\x89\xa7\xc8~\
\xcc\x1b\x91tQ:\xdb\x86\xba\xf0\xbaO\xde\xc9\xf8R\
y\x09\xda\xa9\xb7\x0b\xca\xf3tZ\xbd\x91\x8d\xbb\xf4\x15\
Yd\xdb\xe0\xbe\xff\xc7cz\xa5w&9\x87\x04\x22\
g\xd4\xe0\xc3!\xaf\xeaw\xfd\xdf\xab[\xd4\xce\xbf\xef\
\xff\xa6\xff\x9dO\xfc\xab2a\xfc\xb2\xff{\xbe\xd1,\
z\xffx\x9a\x9e\x17\x88\x90X[\xfb\xe5\xe7\xfe\xcf\xed\
\xc0\x84\xe9z\xc6\xc4\xf1\xe3\xb5\xd7\x9c\x17m#\xba\xef\
\xff\xab\xb9E\xb7{\x19\xb7\xf1\xf1\xc0\xb1\xf8\xf9#\x1b\
w\xe9\xb1\x1f\x92\xf1\xa9\xe2\xfa\x7f1r\xce\xfc?\x22\
\xa9\xe7~X\x8d\x13k,\xcf\xa1\x16v\x0e\xe1SY\
b\xdd\xf5\x7f\xf9\x16\x83\xdbg\x93\x97\xf6|bp\xeb\
Wz\x81\x1d|O\xac*M\xd66fwt\xb1:\
0?\xd6S\x8fK=\xf7\xf6k\xa5\xdbS\xfa\xfd\xa7\
\xa2\xefJ^\xdb\x15\xab\xfbo\x22\x91H$\x12\x89D\
\x22\x91\x88Q\xe8?\xff[wY\x08^}QpG\
J\x8d\xf2b\x99\x11\xb6(H@\x80\xef\xffk$\xd5\
%\xa1x;]\x99\xf2F=F\x7feB\x9b\xcd,\
\x8a\xfc\xa6\xc9Vk\xa5\x10\xe26\xc0\xf6\x88\x0d\xd61\
d\x14\xfd+\xee^Y\xd6\x8erV\x81 \xb9%I\
\xc9\xf7\xc8\xb1\x88ty\x05\xc4\xc0\x5c\xceo\xe7(p\
\xb5uY\x91OS\xad\x8a\xf7j\x89\xf3\x9d\xc1qp\
\xaf\xafG$\xf5\xceF\x1d\xc0\xfa\x19<\xc2oE\x80\
\xad\xec\xe3\xf2\xf6\xbaW\x86\x0em]\x11\x0e\xa7\xedr\
\xd2V\x88(\xe7J\xce]\x1dQy\xfe\xdc\xfb\xd4\xba\
<\xa6a\x1e\x86~\xd8t\xe6\xffV\xce\xb9\xff\xfb2\
^\xaf\xf9[\x1dz\x1ct2\xc7\xd8\xa2\xf5yy\xf4\
\x1c\xa9\xebS\x7f\xd9\xff\xcf1\xfalw\xfd\xb1\xff\x9f\
\xf9/\xc2\xf7\xffzd\x1f\x97_\xc9_\x11\xb1\xdb\xf4\
G\xfe\xff\xbc\x7f\x96\xb6\x1c^\xab\xf0\xef\x89\xec\xef\xf8\
\xbfN\xc3<\x0c\x1cw\xef\xe3\xf7\x83\xc8\xe7\xfe/\xc4\
\xebI]Y\x86\xbd\xffW:\x193us\xffw\xb5\
\xc9\xfaH\x95\xe7\xcf\xf5C\x89QI\xc29\x87x\xe9\
\xa6\xd6n\xb8\xf6\xf0_\x89VM]]k\xbb-`\
G\xe9R\x8b\xe4\xb9\xc8gh{\xe9\x07m\x8b\x8c\x07\
J$\x12\x89D\x22\x91H$\x127\xa1\xbe\xf7)D\
\x0a\x06W&8i\xa9#K\xe5\xeb\xa5:;\x92)\
V\xfc\xeaA\x88\xd9\xf9\xd3t\x16\xa2\x05\xf5Xi\x0e\
\xe6YW\xbb\x86\xfbq\xf4W<1/h\x84D\xf3\
Nj\x9a\x8f\xd1F\xfeJ\xab\x903>\x01\xa3J\xd7\
\xaa\x02\xd6(\xb0\x9d\xea]\xe7\xeb\xab\x00\x1b\xedP\xc1\
\xa0\x92\x19\xbd\x0fRH`\xcc\xfb\x06\x7f]\xd8#L\
\xb0.\xf6+\xe8+\x88}}\x0cVI\xb7r\xc5F\
]v\x05\x94\x11\x11E\xb3\xad\xd2\x0eHDx9<\
{\x222)\xb2\x8f?\xbdv\xf3\xfaX\xfa\x09\xff\xd6\
\x0f\x15\xec\xd8D\xd8\xf7\xc8z6{\x84\x06\x9cH>\
s\xbe\xd3\xb5\xd2\xe1!\xb2\xc3\x92\xecr\xcd\xf3\x7f\x7f\
N@\xdf\xe6|\xd6'\xda5\xf6\x7f=\x0fy\xfe\xef\
\xd9\xca\xd7\xce\xfd\xbf.\xfc\xdf\xe6.\xc6\xff%\x7f,\
\xd3\xf3\x0f\x19[\xb1\xff\x97\xa1\xefs\xff\xd7m\xf7\xc4\
\xff=\x8d\xaf\x22\xdf>\x18\xe3\x03d\xadI7Z\xfa\
\x0d^\xb7\xb6\xcf\xd7\xcb\xb2\xfc}\xff\xf7e\xed\xfc\x9f\
n\xfb?\x13p\xf1X\xf6tFx\xee\xff}O\xf4\
m\xff\x9f\xf3Fi\xba\xbc\x8cmrv(\x8f\xb1\xd3\
\xaf\xa2\xfeg\xfeO\xe4\xdd{\xb9\xdc7\xee\xff'2\
=\x88\xff\xfb\xf7\x99k\xdd\xa5\xfc\xbf\xd7\xad\xee\xef\xcf\
\xeaM\x1b\x84\xdf\xec\xe8\x84\xb1\x19\xb7\x97X\x12\xf29\
\x14\xa8l\xeb\xc7Vg\xedd:a\x1f\xdb\xf1.\xeb\
;\xab\xce\x9b\x9f\x12\x89D\x22\x91H$\x12\x89\xc4\x8c\
R\xfe\xe7\xff\xae\xe5\xb4,\xaayY\xcfD\xeck\xa4\
\xd5\xbeK\x840Xwc\x8b2d\x5c;bF\xda\
\x9cg\xda\xe3z\x15\x13\xd9\xed\xb0\x98\xeb|\xcd\x97I\
?\xbd\x5c\x18\x14t\xdd\x9d\xb8\xd9\x85\x0eH\xbc\xcc\xbb\
\x93\xf6\x81\x87\x0dLWz\xfc\x9d\xcct+\xc0\xd9\x12\
\x88N\xc0\xa9u\xde\xd7\x15\xe9\x8b\xe0\x07\xcd\xfeH\xb1\
e\xec\x0e\xb7\xc8&/\xd8\x8e\x83k\x18v\x9b\xf6V\
r\x16m\xbdCd'\xd6-\x1e\x0b<\x0e\xcfu!\
!\x81:\xad\x9e-\x89\x03\x8d\xf5\x9ba\xb7\xb6\xb3\xd5\
\x99Uc\x7f\xcd\xe5\xec\xb5s\xa2.\xb2\xe3\x8d'\xef\
\xbcE\x19\xcf\xfd\xff\xde\xae\xd3\x9d\xff\xd7\xad\xff\x9f\xc3\
\x12P\xfd\x88\xe6\x1b\x03\x12;\xcft\xfe\x86\xff\xcbm\
O\x06\xcd\xae\xbdOH\xc6\x13\xc8\x8eQ\xbe\xc7\xd2\x90\
\x15\xfb\x7f}\xac\xcb\xf3\xffJ\xf7\xfd\xbf]\xa7_\x87\
\xdb_\xa6\xef\xbd\x9d\xb1\xa7m\xf4\xb9\xff\xaf\xcbV#\
\xe3\x99\xff\xdf\xdfu\x8ecr\xf2\xc2\xa9\xce\xf5\xb1\xff\
\xf3\xc2\xb1\x9a\xdd\xc1\x0b\xc3\x88\xdfl!:\xab\x96\x17\
\xea\xaac\xdeW\xbeQ\xe6\xd2\xad*\xf3\xf8\xd0\xf7N\
#\xbf\xb4\xb5(\x8fm\xb9\xcf\xd8\xfc\xefz\xce\x0f\xf4\
\x9e\xce\x9f\x89D\x22\x91H$\x12\x89\xc4\xdf\x04x\x05\
\x87&\x08\xae\x14E\xc8A\x1eEV\x17\x87o\x80\x04\
\xb3P\x9f\x0dh\xbbN\xc6\x0e-\x02\x8eY\xed\x8a\x91\
 \xdd\xe4\x22\xdc1T\xeb\x0f\x8d\x97w\x98\x80[\x02\
9\xa9\xeb\xf9K\x1e8\xc8\xd0\xef\x18\x5cd\xbe\xf4\x17\
W\x06Md\x80\x1fl\x7f\x83\xd4%iH\x22W\x07\
\x07k=\x07}\x1bQ\x00=\xfd@$\x91\xdb^v\
w\xe1\x8e\x948\xb1A\x05\xe90Fc[I}\xad\
\xb9\x1c\xd8\xe6\xc9\xb2$\xda\x09x\x1c\xe82^kE\
\xe5\xe36S\xb6\xfd\xf7\xef'\xa8\xc3\xd3QqJ\xd0\
\xf1\x1c\x83c\xb8n\xe6\x8eH\xdf\x93\xf1q*\xfb\xd4\
\x9eSrt\xed\xff\xf7\xec\x8d\xfc\xbf.\xfd\xff9\x81\
z\x8a\xf3z\xec\xc9\xc4\xdf\xf1\x7f\xb8\xd1T\xfdp\xa5\
.\xe4|\xd7\xff\xbd\x07\x9a\xe2\x07\xcd\xb4\xcf\xc9\xe7U\
\x1a\xa7\xd3\xa6\x0e\xd6\xbe\x9d\xee7N\xc8\xd7k\x9e)\
\xf1+]\xb6\xba\x02\xb2\xf6\xf7\xfc\xbf\xae\xf3~\xc5\xff\
\xe9\x18\x9e\xff\xf3=\x0b\xf3\xc4\xf6<#Q\xabZ\x8b\
9\xd7k\x95\xab\xa1\x1e\xf7Q\x02\xbac\xef_\x5c\x8b\
V\x95f\xaf\xa1LE>W\xea\xdf\xdc\xeb\xaf\xda\xe0\
ue-P\x97\xa6\x11\xd7\xc0\x02\xef\x15\x1d\x89D\x22\
\x91H$\x12\x89Db\x07x\x05\x87\x0evd\xb7I\
\xbfZ\x85\xac\x1c\xaf\xdd\x98\x08\xe9\x19L*A\xca\xf8\
,\xea+\xadmA_\x8d\xc0\x16T\xf5`c,\xf8\
5\xe9<jp\x05:\x85\xd6\xef\x9c6\x96\x14)\xab\
\xedvH\xc8\xc2_3\x8f\xbf><\xec\x08H;\x96\
a\xf5\xccmt\xffk\x9d6p\x1f\x92\x8a\xfdz<\
\xf4A\xaf\x8f\xbcJ\x84&\x19;R\x8b\x09\x95\x08\xaa\
\xbe\xf0\xdf\x14r:2v\x84\xce\xee\x9a\x17\xf0\xf3\xb9\
\xfd\xb3\xfa0?\x07\xd1/v\x8c\x03\xdb<{\xf8\x87\
\x0aW\xb6\xb6\xe3!% !\xca\xd4\xeeQ?Ec\
\xd9\x03\xffx\x19\xfey2Oa\xc7{\x90\xcb\xcc7\
\xa2\xd9#\xa4\x22\xac\xae\xef\xda\xe1\x9e\xff\xfbev\xba\
P\x06\x19=w\xfa(B\xd4N\xb3\xff\xfb\xd7\xa2\xb1\
\xf4M\xff_\x01\xc7\xbc\xf4\xbf\xbc\x06E\xe6p\xdfw\
|\x9f\xd26\xac\xfc\x7f\xcc\x95\x5c\x16\x04x\x84\xf5w\
\xfd\xbf\x04\xf3/>\xf0\x9c\xe7\xa6o\xfb\x7f\xb9\xe5\xff\
\xbb\x9c\xa7\xfe\xaf\x89y/]\xeb\x0dP)|\xa0\xfc\
;\xfe\x7f\xa5\x86\xba\x9e\xdf\xff\xf1\xda\xbe\x8dQ/~\
\xb2u\xafc\xff\xa7\xa1\xe3\x8e\xff_\x84n\xc55\xd9\
\xac\x83`\x5c\xf9u)\xee:R\x99\x5c\xb1|\xfb\xe4\
\xd5\x9e\xe6\xfb\xeb$S\x11\xc9E\xca]\x7f\x95\x7f\x80\
\xd0\x93!\xeb^\xbc\xb6\x22\xf5\x13\x89D\x22\x91H$\
\x12\x89\x84\x8f+\xba\xb7;z,\x11\x8d\x9f\xd7B\x9f\
_\xc5\x01\xef}\xae\xde\x0e\xae:\xcb\xd6\x9f\xf8k\xe7\
\x04\x9bc\x90\x80\xad\xca\x86\x82\xc2i\x1d4bp\x87\
\x97Tp\xf5S\xdd\xb2~\xb0[\xc2k\xb5\xb3g\x1c\
\xf0\xb9\xd7\xad4\x87t\xbe\xc1\xedM\xb2\x99$-*\
\xd8\x8bP&R\x05\x89\xa8\x88h\xf1m\xd7\x81\xfc\x92\
\x08\x84\xe0m\xb5\xafv\xda\xc9\x15\x90\x10h\xf7N\x06\
\xda\x89\xed\xbd\x22\x12_@L\xa1\x8cU\x80n\x89\xa9\
(X\xf5\xcb\xc9\xd8GB\x0e\x09\x14K\xa2y\xb2W\
i\xd4\xb5\x0c\x22=\xb0\xa7\x9a\xeb\x9c\xe6\xd5\xe1\x8c\xfc\
\xc2Qi\xdb\xbf,\xfd\x17?#\xac\xc8\x9d\xa8\xdd#\
BpGf{i+\x7f\xd9\xfb\x7f\x9co\x87\xea\x90\
\xa4w\xca\xfdI\xffG\xbd>p\x8c\xcbX\x91:Z\
Y\xdc\xbf/\xd2#U\xfb\x8f\xb5\x13mq\xfb\xa6\x0b\
\xb7\xc4\xf4\x98\x0b~\xcd\xff\xe5\xd8\xf7\x7f\xfd\x8d\x0d\xfd\
\x03\x98\xe7\xfe\xef\xe9\xdf\xf9?\xb7\xc9+\xf4\xffB\xe8\
\xe3\xdc7+\xac\xfc\xe6\xa9\xff\x8f\xff\xfe\x98\xff\xf3<\
\xd6\x8eU\x9fH!\xf2\xec\xdd\xcb^A\xdf\x0f\x96\xfe\
J4\xddmc\xff\xa7\x8d\xff\x17\xb3\xae\xe35Z\xed\
\xfdI3*\xaf\xf7\xb8\xbf\xedz\xd0\xb3\x0d\xfd\xbf\x7f\
J\x8e\xae\x8f\x1a\xa1\x5c\x02\x95\xbd\xfc8*\x5cV\xf2\
Tf\xb6\xb5[\xf7\xbc\xf2\x00H\xfb\x1d%\x12\x89D\
\x22\x91H$\x12\x89\x9bxI\xa0\xc1;\x8d\x1b\xecB\
\xbc\x05%=\x1f\x93\x88\x15\x83\xbcQR\x05\x0f??\
u\x04\x0f3\x1c\xf2p\x90\xd03\xe1\xd0\x82\x85YF\
\xbb\xa6\x83)L\xb3P\xea\x0a\x92\x89~@g\xc3\xb7\
0\xd0_\x04\xcaZ\x0f\x19\xf9rnI\xc6H\x9ew\
}|\xba\xf9\x8a\xf9\x14\x9bl@n\xe5\xed\xec\x0e\x89\
\x03\xd4E31`\x81\xfa<2q\x1a+Dn\x1a\
\xca \x87\xf4\xb4c\xd1k\xb7B\xb4\xb4\x13\xdb\x0em\
x\x9f3\xa9A\xb4\xee;M\x8a\x88\x05\xdeu\x94\xcf\
?\xe0\x15\xc9um&\xdd\x0aU+v\xeb\xeb\x117\
vLx\xe4\x10\x92Q\xbe\xff\x97P\x07\xca^\x1d[\
x\xf9b\xff\x9f}\xc0\x93uR\x1e\xd3\xca\xbf\xc4\xff\
W:<\x9b~\xcb\xffWzW\xe9g\xfe\xdf\xc6\x97\
%ai<\xd88\x7f\xdd\xc2\xce\x1e\x96\xca\xe0\x1d\xa5\
\xcc:\xbe\xcf\x07)\xfbn\xcfG\xfe_\x97\xd7g\xff\
g\x8f\x96{\xed\xa2\xabC\xac\xc6\x99\x1a\xd3\xa4\xc7'\
\x1d\xf9?\xde\xff}\xfc\xa6\xffG\xdf\xcc\xfa3\xfe\xaf\
\xc7\x0e\x8f\x175\x07?\xf2\x7f\x1e\xdf\xb3=;\xff\x97\
YY\xdb\xf4\x99\xff\x0b\xe9/>ID\x14\xfb\xdel\
\xa6\x90\xd88\xceP\x0e7i1\xf7\x91\xf5\xfd\x9f\xf6\
`\x99\xcd\x04\xb0O|\xca\x1b\x06z\xad\xfc\xc0\xf1\x12\
\x89D\x22\x91H$\x12\x89\xbf\x10\x8a\xc9\xf2\x17\xecz\
'\xd6\x15$\x8c\x8c\xc0\x08W\xbdC\x84?[~\x91\
\x86\xb2\xae5\xff\xd8\x0dSP\xa5\xec\xa76\xa4\x84\x96\
\xe3\x90>\xb5\xfd\xfa\xba\xb7Ki\xd4\x81pW\xebL\
t\xaf\x020K\xd8\xa0A\xac\x81\x09\xc8\x1dQ#\xc1\
M\xd9\xd4u\xd6\xa7HH \x11g@_\x91\x1f8\
\xa3\x1e/\x98C];\xc2\xe0\xca[A\xd3\xbb?6\
\xaf,\x89l:\xcd\xaf\xfbG\xcbx\x8f\x85\x9e\xb2\x94\
\xa1r-\xdb\x93\x14\xc1<\xc9y\x93Q\x86 \x8eH\
[\xd1XB\xb2\xc9\x93\xef\xe9GR\x9c&\xe9\xfa|\
\xa4\x97\xf8a\x80\x87]^\xdf\xff\xcbr,Gu\xb4\
\xc7\x91Ox\xe4\xcb\xe9\x8f\x05Fv=\xf1\x7fK\xe2\
\xd84\xab\xcf\x93\xf5\xd4\xff?!@~\xc3\xffm{\
\xdd\xf5\xe7\xcf\xfc_\x8f\x8b\xe8a\xcd\xa9<\x0f\x91\xff\
\xb3O\xbdu\xa2\xdfE\xa4\xad*\xfb\xd8\xffy\xac\xbe\
\xba\xff\xd31>\xf5\x7f;\xb7x>):N\xc8\xcc\
Y\xcf\xa7\xfe\x8f\x0f>Wz~\xc7\xff}}ro\
\xfc\x86\xff\x9f\xf7y\xf1\xceC\xff\xd7\xed\x896z\xeb\
\x18\xc9\xcb\xf6\xc8\xbaJ\xeaE\x81Uf\x5c\xa9\xfcQ\
\xe5d]\xb3\xbb\xff\x97uq)K\xfa\x9b\x1f\x22\xcb\
\x16\xaec\x1d|\xc7\x7f\x12\x89D\x22\x91H$\x12\x89\
\xbf\x1d#\xb2\xe8\x9ba\xd4'\x1f#\x98/.\x9c\x01\
\x99F\x93\xdf\x0f.%?\x84\x99ZA\xd7\xa1\xcbi\
\xf2\x99\xc9\xe3\xa1\xe2\x22\x80\xf1\x17\xd9_\x81^R?\
LCc\x17\x0d\xcdJi\x0en\xed\xae\xb8\xf1\x17\xe5\
)n\xd87\xea\xe0\x051\x11\x99\xd8\xca\xf5\xaf\xb92\
\x091\x02m\xb9\x8e\xbad7O\xbcS\xc8\xda\xca\xba\
9 \xf5\x08\x1eko\xd7\x06<\xb7\x96\xb5\xc3\x8a\xd4\
\x8a\xb0z\xc8@\xceN1\x0c\xf8G\xd8[\xeb\xb4\x1b\
m\x17\xfc{\xa4\x07\x12\x13\xf89?\xd8\x10\x1b\xdb\x03\
\x08\xbfmW\xc1mD\x8c\xbca\xdf\xe1\xec\xc9\xf6\xce\
\xd7\x81tD\xde\xd8?\xf1)O\x87\x94[\xc3#y\
\x22\xa2\xd4ksO\xcfj\xec\xef\x88\x84\xb5?\xaf\xf3\
\xf8\xf9\xf5\xce\xf9'\xfe\x1f\x91\xdc\xabv\xfbm\xff\xe7\
\xebV\xe7\x9f\xf3\xffU\x1e\xfd\x9a\x04;?\xc4\xfe?\
R\xa7\xeb'\xfe\xcf\xf3\x0b\x93}8C\x81A\xae\x0d\
O\xfc\x7f\xf6\xcbY\xb6w~\x97H\x0b\xf3o\xc7\xca\
\xfe\x81\xc0o\xf9\xbf%\xa2\xff\x19\xff\x97u\xcb\xf5\xb0\
\xe2k\xfe\xcf\xe3\xf9\x9e\xff\xe3\xf8\x9c\xfd\x9f\x1e\xf8\xff\
5\xcci\xbe\xff\xcb\xb9\xd7\x82v]\xa5\xf5HyL\
\xc3{9\xf943\xcd\x0f\x0f@d\x93\xd2>K\xfb\
\xfd\x10\xb6\xb5\x14\x1e\x1b\xde\x0e\xfe\xe2\x8e\xd1D\x22\x91\
H$\x12\x89D\x22\xb1F\xa1\xff\xfco\x0b\xc9\x8b\xde\
\xb9\xd2\xd2\xe6\x80\x82C\x81k\xb7\x08/\xfak_\xc0\
W\x15^\x8f@\x82w$\xd7\xca\x84\xa8\xa8\xd7$\x19\
\xeb-Brcn\xb6\xa7[@fw\xef @\xb9\
>\xea\xbd\xd4Ui\x94z\x91\xb2\x99\x02\x12Z\xdbQ\
.\x02\x98\x83+\x1b\xb8YhR\xe6,\xd0\xb7D\x8e\
\x93\xc1\x0d\x5c1\xd8;\x92s3\x9fg\xc3[\xe3\xab\
\xbc\x5c\xc2\xea\x94\x80\xf2\xec\xe1\xf2\x1e\xecN%$$\
\xc22\xf4'\xa0F4\x8ci}\xcd\x92(Q_\xde\
\x1a\x07\xec a\xd6\xf8\x87\x1aw\x044\x8bnyu\
\x9b\xefd\xf3\x8e\xc4\x9d\x1e\xec\xf3\xba\x1c\xdf{\xec\xf2\
>\x1a\xef \xfb\xe7\xb1\xff\x9f\xe1\xa4\xadN\xda\xe77\
\xfd\xdf\xab\xfb?\xe3\xff\xf5\xc8\xff\x17\xda\xact\x9a\xef\
/\xcf\x10\xd5\xc3\xda\x8c\xe4t\xa5s\xff?\x19\x7f4\
~o\x81\xf3\xde\x1f#\xdeC\x09\xeb\xff\x5c\x87jd\
\xaf\xfd\xdf'\xd1\xff\x84\xff\x93\xd3\x16\xa7\xb2?\xf3\xff\
\xaa\x8e\xbc\xd1\xf6\xcc\xff\xed\xf4\x7fp\xff\x00y\x14\xe6\
\xf3\xfdC\xd7\xbd\xeb\xbe\xda\xe0g\xe4\x19mRAV\
\xa1\xf0Ujb\x0f\xf5\x1d\xc9Zo\x1d\xaf\xeb\xc0W\
\xc7\xfd\xf0\x13\x9eq\x7f\xd2r\x8biqU\x0d\xb8\xc2\
\xe4s?\x1b\xf78Yg\xb8\x05\x13\x89D\x22\x91H\
$\x12\x89\xc4\x11\xf0=\x0e\xd7\xbf\xb8x\x97\x1d0|\
.\x81\xc4E6W\xd2\xe7FV\x8fG\x0c\x097\x03\
\x89\xe7A\xd3\x16\x9a\x83\xb9J\xd3\xaei\x0eBt\x86\
\xe8\x15\x1c~\x10\x18C\x93\x1cb\xaf\x04kS\x10\xee\
I)f'\xee\x89\xe6E\xd0X\x88\x96\xe4\xf3.H\
_\xedb\x8a\x02h\xf7\x9c\xdb\x00t\xda\xaf\xa73\xf1\
\xb0\xb2\xc9\xd3\xcd\xbb\xc0\xd6uh}\x1a\xee>\xa3\xb9\
\xd7cY\xf1\xf9I\x19\xd18\x9f\xcb\xaeD\xb8R\xfc\
\x1fy\xb2\xe3\xcd#5Jl\x14\xad\xa0\xdb\xb3\xd9\x14\
\x13\x14\xf2\xc3Or.\xef\xd5\xf6\xc6_\xa4\xd3\xab\xa7\
6[\xae\xaf\xc8\x9c\x93\xb1\xb9K\xbf\x8b\xc8\xff\x8b\xe3\
\xff\xd7\xc3\x00rF\x01L\x82\xd2\x9a\xf3\xd8\xc4\xb4\x13\
B\xd0\x9e{\xb6z\xf8\x96\xff{\xe3\xf6\xcf\xfa\xbf.\
o\x8fO!\xe3\x5c|b\xee\x19\xaf\xcc\x19<\x9b\xac\
_\x8c;\xd8\x81\xffG\x88\xf39cu\xeb\xff~\xbf\
\xbb\xe3\x9e\xcc\xbd\x9b`\x9co\xfd\xdf\xfe\xb8\xdb\x9f\xf5\
\xff\xb2\xb9C\xdc\xf1\xff\xf5\xfd?\xb8f>\xb1\xcc\x0a\
\xbe\xff{vxc\xb7z\x02\xf9\xa2\x93\xdf+o_\
\xad\xd4?#\xff\xd7/X^\xa8.\xc3\xecy\xbc\xd6\
\xa1\x08}T~\x804&\xfag\xa5r\x99\x7f\x84\xb0\
\xb4\x7f`\xbc\xfav\xea4\xdf\x1f\x12\x89D\x22\x91H\
$\x12\x89\xc4\x8c\x8b\x80\x96E\xb4\xde\xb1\xc9;A\x84\
\x0c\x96\xaf&60\xd1\x5c\xaf\x1d\xd0^\xa0\xabw\x8d\
x\x98wEk\x00\xcb\x0d\xd7\xa78\x89\x83\x97\x8aA\
\xa3\xcd\xd3\x02\xa18\xe8\xc6 \xb3k3\x01\x06\xbe\xe2\
\xe0\x04:X;\x0b\xf4W@\xa2\x02\x83c\x1d\x90\x09\
\xa1\x13\x91\x1f\xa1\xfc\x0dY\x82y$\xf0\xf3\xf3\xe2\xae\
\xb7\x13\x82\xcb\x06\xf3kB%\x96\xe7\xd6a\xa1\xef\x94\
L]\xe7\xb9\xd7\xa6Q\xbaK8C\x84>\x11\x98\x07\
\xfd[\x16A?\xf7\x8dGZ\xd8\xfeX\x11U\x11!\
x2\xb6\xef\xe6\xf7\xf2Y\x82h\x95gU\x17\xc8\xac\
l;!\x1al\x0b\x96.\x87\xfb\x09\xfb\xce\xea:\x9d\
O\xb0\x0cM\xfe\xdfd\xe3\x0f\xe2=\xf5\xffb\xd3\x5c\
\xff_\x8f\xdf\xdf\xf3\xff\xb9\xac\xb5\xe1\xa4\xcc=\xff/\
\xeao\x9e\xcf\xbf\xe7\xff\x14\xf8\xff\xf1\x5c\xb7\xad\x8f&\
z\xbd9\xc7\x96{\xe2\xff<\xfew\xc0\xb6<\xbd\x15\
~\xc3\xff\xf5\x5cZ\xdc\xbcw\xfc\x7fe\xe7L\xa6\xce\
y\xee\xca\xad\x8e\xff\xa3\xaew\xd2\x8a4Ui\xa4\xef\
'\xd6\xff\xd1\xc4e[ \xb1\xdb\xa7(\xf8\xd5\x0d\xb5\
N\x91>G\x9f\xe2\x0ab\xbb\x80P\xe5\x87\x86\xdc\xee\
\x05\xadY\xeeR\x91\xed/<Nu%j\x95W\xf6\
\xe0\x9fE4\xd6\x12\x89D\x22\x91H$\x12\x89\xc4\x8c\
\x17\x07\x9fm\x81]\xa6\x8d0\xfck\xdfcQ\xdf\xf9\
\xe0J:\xe0i\xbct\x0d\x17\xeaM\x96y\x15Ee\
\x81\xa4\x84\x8f\x1cE\xdb\x80\xe08}\xc8\xe3(\xa2x\
AT\xedd\x8c\x0e41\xc0\xd1\x81\x91\xfe!C\x0c\
y\xde;\xfcV\xc1\xaf=?\x09\x5c\xed\xb5\x0a\x8d(\
\xa1\xf9\x5cF\xcb\x9eeD\xc4\x82\xcd\xb7\x22\x85\xda\x89\
\xd2\xdc\x9b\xb9\x84\x1d\x8d\xf5Y\x91!\xden?\xcc\xe7\
\x13\xa33)\xe2\xee\xd4\xa3\x18\xacg\xf7c\x82\x91m\
s>\x08\x86\x1d\xf2\xe8Ip:\x88\xc4\x1a\xbf\xa33\
\xaa\xbbm\xd7\x9f\x9f:\xb5\xa3\xf87\xfb\xd1\x0b4\xc7\
\xf6z\x01\xb7%\x18\xa3\xfaZ\x12kGz\xed\x887\
\x94\xe7\x95\x8b\x08\xb4\x02id\x8eG[_?\xa6Y\
\x0d\xedHm\x87\x9fI\xc7\xf3~\xba\xb4\xc5\xab\x0b\xa2\
\xf9\xbf\xd6;\xf2\xf2yos\x1e\x17\xd3\x0c\xc0\xf5u\
\xe60m;\xf9\xf5\xac \xaf\x1a\xdd\xec_u\xb1\xe3\
\xdb9\xb6\xe7\xf7\xfd_c\xe5\x03+\xfc\x9e\xff\xcfS\
\xa2?\x87\xeda\xfd_t=\xf1\xff\xf8\x9e5\xfb\xff\
\x1aO\xfc_\x8d\x9b\xa5\xffkb\x1f\x89T\x8bO\xfc\
\xdf\xd3\xdf\xee\x19x\xff\xf7\x7f\xc8\xf4{\xf7\xff\xb9\x9e\
  \xf4-\x94\xbb\x9a[d|\xd0\x12Q\x7fys\
\xa3=w\xfb\x85d^j\xb6\x91\x9al\x8a+\xa7\xad\
\xbd\xd4\xda\xb0\xd0\xc2\xfe\xb6N\x1c\xeb\xbfj\xeb$\xd6\
\xc8\xbfhc\x13\xf1\xf3~uG59*\xd8}}\
j\xff\xb7M\x8d\xfd\x90H$\x12\x89D\x22\x91H$\
\xd6x\xe9 \x8e\xd4'\x92T\xfd\x88dQ_\x80q\
i)\xb5\x97m\x81\x01\x93f\xa2,&\x14Z\x84R\
M0\xc0\xe7\x22#\x223\x8a\x095\xea\x9c}\x13\xa0\
\xce\xc1)\xa9@\xaa\xa5\xd5\xf1\x8b\xf0k\xa2L\xec\xe2\
$/p\xe5\xb2\x1ei9\x1174\xd5\xde\xfc\xe9\x80\
\xee\x84\xf8B}\xab\xb4\xf7\xf1\xfb\x1d\xcfc\x1f\xd3B\
&\x07\xb4QP\xbc\xd2\x8f\xc1\xb0\xd8\xcf\xbb\xacc\x1b\
\x8b%j\x1d\x9d+b4\xaa\x87\xb5M\xda\xf9\xba\xa2\
\x02\xe4\x11\x0c\xd3\xbe}B{z\x1d^\xa0\xd3k\x1b\
N\xe7\xf7\x90Zx\xe4\x8c&\x98#R\xa1\xa8<x\
\xcd\xf6\xeb\x9a\xf4\x88\x89\xa1\x1d\xa1\xe8\x9d\xaf\xc9?\x1f\
\xb6&/E\x8a\x94\xd1\xce<^^\xc6\xd7) \xac\
b\xff\xf7\xc8\x12\x99\xd3\xdaC\x00\x02\xab\xda\x9f\x8c!\
L{i2\x86d\x0f!\x9e\xdbc\x96#c\xb1\xcb\
R^1\xf7q)\xb3\xe74\xf5E\x08%\xf0C\xc9\
okKB\x9e\x15\xe7\x95\x0c\x8f\xfc\x7f\xd1\xc7\x86\x90\
\xf5\xf0]\xff\x9f\xaf\xc5\xfe\xef\xb7\xf9\xca\x1eOg\xc1\
\x9b1(\xbb\xef\xff\xc5\xd5\xa5\xcf\xfd~\xfd\xa6\xff\xd3\
-\xff\xbfJ\x8d\xb1hqro\xf3\xf2\x86\xb65m\
\xc3\x96{\xfe\xef\xdf\xdfV\x0f\x01\xb8l5\xeb\x1e\xdb\
_\xa7\xb5\x8c\xef\xffe)%\x1aC\xa3\xa4\xb5g\x1c\
\xfa\xf5\xad\xbc\x00\x94\x12\x92{\xaa\x97~\xe7\xf2\xce\xff\
e,\xc8\xba\x10\xfdp\xb6G>\xeb\xd1s !\xd7\
\xdbp\xd5\x0f\xc2Z\xba&\xcc\xef\xcc+\x89D\x22\x91\
H$\x12\x89\xc4\xdf\x8c\xebG\x08e\x81\xcd?6\xa6\
\x89\xd4\xf6j\x0e \x829XUL_\xcbo\x03\xb7\
\xe2\xfe\xcc\x8e\xe4\x17\xc2\xba\x8ct/\xe0\x1c\x81\xedD\
\xee\xf6\xaf\x5c\xda\xdd0C\xe5P\x00\xb6\x80\x19U\xa7\
\xa1\xee\x02y\xee\x04\xbb\xe7!\xa3\xb6\xc3\x12\xaa\xd1u\
2A\xf2\xa9}\x9a8\xb9Q\xa7\x1a\x97Y\x91\xcd;\
\x22\x16\xaf\xc7\xf9\x17\xb6V\xff\xc7\xc7\x22\xd9\x5c\x7f\xde\
\xdd\x86i\xb1\x9d\xdd\x8a\xf2\xbcO\xc3vk\x82\xdbP\
]\xb4\xc7I\xbbW\xd7o\xe6\xf1\xee\x01\xdb\xe1\xa4M\
V\xf8d,\x0e\x7fC\xdb\xc6A\x19m6f\x14\xe9\
\x1c=\x16\x88\xa6\x87\x10\x91M\xb6\xaa\xd2\x86\xf8\xc0\xe1\
\x87\x84\xc0\xc7\xf9\x8c\xe8\x89\xaf\xfbv\xd4%\xa1\xba\x1a\
\x03\xbf\xed\xff\xb1\x9e\xf9\x87\xbal\x19W^\xcb\xa0\xfa\
k\xddG\xfb9\xe6\xf7\xfc_\x13bw\xb0n\xb7\x05\
\xd9Lg\xfeOG\xf3\xe7\x1e\xb3\xff\xf3\x8f\xc85[\
\xf5x_\xe3\xe9X\x1c\xf3 E6\x92\xeb\x13(\xe3\
\xee\xf8A\x19\xa2g\x9eC~\xea\xcf\xe3\xb6=E\xb3\
Ql\x88\xfc\xbfzi\xb7\xdb\x1c\xef\x17\xa7\xb6\xfd\xf7\
\x81\x07\xd8\xc8c\xc2\x1b\xdb|\xcf&\x9b\xde\xd7k\x04\
k\xbe\xaath)B\x06\xd71\xc7\xb4\xe5\x9a\xe8\x10\
\x1f\xf9\x19\x1d\xa6m\xe22\xe0\xff\xef\xe3\xf2\xdf>%\
\xb3\xcb\xbd\xddT\xa8\x9a\x918\x96\xa6U\xd7\xbd]\xfb\
\xec~\x99H$\x12\x89D\x22\x91H\xfcM(\xe5\x7f\
\xfe\xafj\xc2Y\x07)\x96l\x19\x14\xa8Zx\x97\x16\
\x14\xf4o4\xcan\x22\xa2\x88\x04\xc3w\x02\x22\xe9\xa3\
\xf7!\x22\x11\xc4D\x9d\x0d\x9c\x98|\xe2c\xb9\xd2\xe3\
\x0ec\xb9\xdb\x0c\xa4K\xedK\xac\x08S\xccs\xa5l\
\x22=E\x00,t\x08\xd9sFJ\xfa2\xd6\xc1j\
\xa3\xe9[?D\xc1\xf9o\x01\xeb\xb7\xc9\xd4\xec\xa1O\
t\xd5\x89x\x91\xf4\x97\xca\xa3w@\x1d\x12R\xef\xb2\
\xc1\xd7\xb8\x19L\xa2\x22!\x16\xedj\x1ce\x8a<,\
\xd2A\xb0\xae\x17\x1f\xf3\xf5S\x9c\x92zQ\xe0}\x97\
\x08\xb3\xe4\xf3>\xffL\x9c\xb8s\xc2 G#I\x9f\
\x8d\xe5\x93z>\xf1\xff\x95\x8eU\x7f\x9c\xa6\xdd%\x9e\
\xad\x9d\x07\xa5\xe8\x09\x98\x94\xf6:L\xd1A\xf5\x06s\
\xb6\xd2\xb7\xf4\x7f}\xfc\xc4\xff\xd1\xaf\x9d\xab\x90O^\
\xf7\xd4\xfc\xbf.\xab\xe7\x8e\x15L\x83\xf6\xf9\xbe\xffo\
\xec\xa0\xe7\xfe\xaf\xd2\xb6\xf9\xf72V\xe9OQ\xa7\xc5\
\xc5&\xffG\xfe_\xb7\xfeO_\xf1\xff\xb8\xb5\xe7q\
6\x1d\x04\xe5;Alw\x03\x0c\x02\xba\xcf\xcf\x86\xe8\
\xb5U\xaa\xfc\xbe7\xc87n}\xde\xee\xeb\xe9un\
\xb2\x02\xd5\xe9$k\x1c\xbe\x87\xf6\x0d\x152/\xb4\x5c\
\x13\x91\x1d \x89\xe8D\x22\x91H$\x12\x89Db\x8f\
\x97\x1f\xa4\xe1b\x1b\x83\x089\xd4;G\xe4k\x97:\
\x80\xe8\x97\x8b/\xe7\x9d\xce\xc41\x93\xdd(V/\xe8\
+\xc8\xa2\x91\x1f\x8d*\x05\x92\x8a|U\xdc\xa7\xb7V\
A\xd4\x1c\xc45\x91\x9a\x80\x93\xbc\xf8G*\xcf\xe9\xce\
\xa4\xd6D1\xe1c\xc9Y\xfe*\xb0\xcd\xef\x11\x85\xb1\
\xcc\xf9}\xa1u\x04\x8a\xf0 \xe1\xb0\x1e(wu\x1e\
\xa5K\xdfV\x9bQZ\xb8\xc8W\x83O\x02\xbe(\x8f\
_7|U\x85&\xa50mJ\xd7\x83V\xca\xbeI\
\xa8R\xa6\x11\xa2\x87i\x19\xef\xa2E=\xb6_X\xb4\
\x1e\xf7M\x92G>\xb3lo\x9cx:p\x8c{m\
\xe6\x11\x1b\xde\xb97N\x94M\xf0\xf9*\xf2\xbeP\xaf\
\x9bj\xb5\xa5h\xf8\xb4\xb4\x83\xed;<\x8fZ\xfe|\
,\x13\xed\xfc?\xc6\x1d\xff\xc7O,\x8fy\xfe\x84\xff\
\xe3\xf13\xff\x9f_)b\xcf\xed\xb8\xe5\xab\xd4\xc7B\
\xdf$\xa9\xfc\xdc\xf3\x7f\xfa\xba\xff\xfb}\xbc\xf3\xff\xa8\
\xedb\x02Tj\xc7\xa4\xb3n\x0f\xed\xd3(\xbb\x06\x8e\
\xc2\xed\xf1\xbb\xfe\xef\xf7\x1d\xd1\xb9\xff\xdbt\xb7\x8d)\
\xee\xdf\xd8\xff\xd7c\xfd\x13`\xdd\xc6\xcbp\x0eD\x7f\
\xe6\xffe\xe9\xff\xe5k\xfeO\x93\xee\xbd\xff\xaf\xfdn\
\xfcn\x08\x91s\x9f\x86;\x80\x99\xdf\xa3\xfb\xbf\x9c\xeb\
{\xb5\xbe\x17\xfa\xc7cm\xa5\x80\xdf\xa3\xd3\xfd)\xf7\
\xa2y\xed\xe9\xeb\xb16&\x12\x89D\x22\x91H$\x12\
\x89\x08\xe3\x15\x1c\x8dtn\x9f\xd7\x85\x22\xa4\xe7\x08H\
\xfa\x8e\x91\x96\x1dW\xec\xef\x05|U\x01\x85\x0aW\xc6\
\x82\x1e~8\xc71\xe5\x8d\x17\xd9\x9d3\x22\xef]\xf4\
\xcd\xd5\xa9`\xa8\xaev\x05\xf2q\xa52\x91\xca\x12\xf0\
\x8c|=\xad\x12\x10\x1f[\xd9>b\xf2a\xceS\x82\
\xfc\xdc\xfe\x9f\xe8\x89vE\xbd\x11\xb6U)\xbb\x18\xf3\
C]V'\x97\xd5i~\xce\xe7\xb6\xdc\x95\xea\x05\xf3\
KB\xcb\x04\xf1\xd1n4\xfc|-vIc\xff\xef\
v\xc3}\x8bl\xb1`;\x9f\xea\xb0\x04D,\xa3(\
}\x91-v\x87\xf8\xd3vX\xf5\xcf\xa7\xb2O\xf3\xef\
\xe4\xdf\x95qz}\xed\x93\xeb>\xb8k\xcbN\x97.\
{\xe5\xb4W\x08\xe7\xa6\xa5\x8c\x8d-wq\xd7\xff\xeb\
\xd7\xfd\xbf\x12\x92rO\xc7\xe6'\xd4\xd8\x99\xff\xef\x08\
\xc9\x13\xff\xd7\xfa\xac\xf464N\xfc\x9f\x8e\xf0M\xff\
\xaf\xden\xdc\xaf\xf9?me\xd0G\xfe\xef\x93\xfc\xde\
\x98\xac\xdef\x84~\xa5\x11\xc2\xd6^\xd8\xc8PH\xbb\
\xb2\x91\xebU\xa3\xba$p\x81\x9d\xd1D87T\xc8\
\x87\xf3\xc94\x9a\xde\x09/\xf2ye%\x96_=W\
\xcdZ\x18\xd7\xc9\xda\x9f\x13\x89D\x22\x91H$\x12\x89\
D\x8ck\x1bM\x0b0\x83\xe0\x0a\xd6\xd4\x9dB\x16\xf2\
\x99\x13\xfb\xe78\xac\xf3\xd7\x15\xdb.\x1a+\x17w\xb3\
\xe0k\x1f\xe6\x1d`\xb5b +\x01H[\xf8\xcb\xce\
(\xb7\x02\x15u:\x97\xf9\x02\x93\xee`39\xc7h\
\xd7\x0e\xab|\xf6\x87\xd1\x86\x11@\xc6\xed`\x03 \xab\
\xcf\x06\xd4\x9c\xf6&>\x90\x94\x17\xed\x05\xda\xabNe\
w\xb6\xd8\xbc\xf3\xee)\xce\xe3\x95=\xfb1\xb1\x08\xf1\
\xce\xa9\xc9R\x22\xda\xf7\xa7G*y\x9f}\x10\xa9\xb4\
\x15!5\xefB\xab`\x93\xdf\xff\xab\xb1p:6\x9f\
\x92\x8a\x9e\x0e\xa5_2\xcb\xceE>\xee9\xec8\xd0\
\xa6\x94\xb0m\xf1s\xd5G!9T\xebr\xec\xe0u\
\xdbg\xbf\xed\xff\xbb\xfe\xfdm\xff\xdf\xd9\xfc;\xfe\xef\
\xcb\x8b\xfd\xbf\x18\x9b$m\x9a\xef\xab\xf1\xa0Z\x8dG\
I\xa9\xb2\xb1\x87m:\xf1\x7fo\x8c\xdd\xf7\x7fr\xf5\
\xeb\xb9\xa0,\xf2\xc5u\xc1\xf6P\xe7\x078\xf1\x7f=\
\xa7\x17s\xaf\x16\x1b\xbd\xb1h\xcf\xbd\xcfB\xd2N\xd6\
\x8a\x7f\xda\xff\xeb\x0d\xf2\x9d\x1c\xdb\xbd\xe39-\x18\xef\
\x9c\x87\xeb\xff\xc8\xffg\xd9\x91\xff\x8f\xdd\xc2\x9b\xfa\xa0\
\x09W\x9aZ\xf8\xd1$\xbb\xdd\x1fH\x95\xb5\xe4s\x9d\
\xca\xf1(\xae \x14\xd3E\xd6d\xf3\xd5VDz3\
6\xaf\x13;\xbd=\xdaJ\xeb.\x85\x15\xd9y\xe9\xec\
~\x90H$\x12\x89D\x22\x91H\xfc\xcdp~\x84\x10\
\x03}\x1b\x94\xb5=\xd0c\xd73Q\xdf\x11\xfd\xd2Q\
\x07\x07\xcd=@h\x04\xb1\xbd\xe6\x9bSFP\x81\xb9\
\xc6o\xd3\x93\x0e<\xdag\xb1;i\xdf\xe7\x05\xec\xed\
2\xb4\x1ddtxg3\x84\xec&\xads\x13\x08\xdb\
\xbc\xa8K\xc8#9\xc7\xbc60\xde\xc9\xdd\xa1Pl\
\xebJWd\x8fW\x7f_\xfe\xa1>\xe8\xa8\xebz\x7f\
E\xc5i\xfdv\xf2m;\xaf\xe0\x91i\x1e\xc1\x83\xf9\
WdHD\xc6\xb5\x9d\x90t\x0b+y\x11\xf1\xe0\xe5\
;\x19_\x16%\xd0\xe5\xdb\xf9\xac\xef\x9e\xe0I\xfb\x7f\
*\xff\xa9\xff3,y\xfc\xdb\xfe\xbf\xca\xff\xbb\xfeO\
G\xfa,Y\xfbs\xec\xff{\x12\x99\xe5\xf7\x8b\xed\xc3\
-i\xf2\x12\x1d\xf5\xc5g\xfe\x7f\xc7\x07\xbd\xfbju\
\xf5\xac\xfc\x9f\x1e\xfa?\xca\xf0\xeb\x8b\xe3\xc3\xbb\xef>\
G=\xb2\xa7.\xae}\xa0;\xf0\xff\xce\x92\xb7\xb6\xbc\
Y\xfe\x9e\xff\xd7\xad\xdc\x93\x9e\x5c\xfb\xff\xcf\xbaL\xd1\
\xcb=\xfe\x91V!hu\x9fW\xf8\xb7k\x91\xf3!\
\xcb\x99O\xfa\xb7\xed\xda+j:o<\xb8_\xa7\x7f\
\x95\x1e^\xcf\xf6\x07\x22\xf43\xf4r\xbeF\xda[\x09\
\x05\xaes=xm&\xf2pW4\xdb\x9cH$\x12\
\x89D\x22\x91H$\xd6P\xdb\xe0J'm9 (\
*\xd0(#\x93\xecR!\x870\x86\xa0\xbej\xf2\xd7\
\xa8\xd3rY`\x8dv\x84U\x9a\x08\xcc*\xe43\x12\
\x16\xfc\xc9\xf4\xb4\xe8g\x9b8\xad\x1aY\x98g>\x9e\
,\xaa\xf1n\xa3\xa8\xec\xb5\xfb\xa8\x14\xd5>B\xfe\xeb\
`\xd3;\xd7e\xcet+\x12\xc5\xb4\x97\x05\x93=n\
\xd9 \xd8\xb2mome\xcd\x5c6\xb6\xad\xff\x15x\
\xcfs\xff\xcauD\xdcD\x88\xda\x09\xdb\xf9N\xd9Q\
\xf7w\xfb\xc8`rw\xe4\xddE\x01\x9f\xf2\xec\xb0\xc7\
X.\x92g\xcfWi^=\xc9!\xd9\xdf\x7f/\x98\
\x14\xd6\x0f\x19\xf4;:O\x02\xf4\xb8\xcf\xd6\xf9\xd1n\
o,F\xb2\xef\x1e\xaf\xf4\xaft\xda<\xb6\xddW\xfe\
\xfem\xff\x8f\xf23~\xcf\xffE\xde\x1d\xdb~n\xf9\
\xff\x98A\xc6\xd8\xc31\x88\xf2q\x8eq\x04\x0f\xf9\x05\
\xca\xb0=\xabq\xfa\xdc\xff\xfd\xb6\xf2\x8e{\xa9\xaek\
\xae\xc5]\xff\xe7y\xacP\xec\xff\x9e\xadkB\xd7\xfa\
?mq\xea\xff\xa3\xc6\x8e\xdd\xfa\xb3\x10-v\xaa~\
\xd3\xff\xafG\xe7\xe5\x15^\x1f\xf9>\xf6\x7f\x94\xad\xfd\
Ml!\xd5\xe0\xf7\xfd\x7fn7U\xc6\x90\xb6\xbe\xff\
;zk3\xcbo_X;*\xffg\x12\x1e\x05\xa1\
\x8f[\xe8\xf1\xd6\xe4\x9b\xb6\xea\xf6y\xaf\xe0\xa8\x83\xdc\
\xd6\xefd\xd7}f_\xc9\x91H$\x12\x89D\x22\x91\
H$N\xa0\x22&\x0e\x0e\xda.h\xbbc\xb8\xa7W\
\x12\x12s\x94\xec\xbbb\xd4\xbb\xf9$\x08\xb96\xcd\x04\
+~&\xbdQ\xa0,\xf6u^I\xab*_K\xe7\
\x88C\xce1\xec(\x85\x8c~\x1d\x94P\x09\x82\xb9\xa2\
I\x0d\x0c #\xb2\xcb\x95C\x12\x18b@)W\xfd\
r6X\xdb\xe9\x8c\xeb@c\xe7\xf3)>%\x0d\xb1\
\xed\xd4\x83\x01\x0c\xe6\x80D8\xd1c\x03\xf2U>-\
\x95\xfb\xb0\xba\xf9\xf1\xdc\xda\xca:\xf1\xdc\x96?%*\
\xd0\x16\xfd7\xc3\xed\xc3E\xbf\xef\xc6\x04\xda\xea\x91H\
\x83\xb8\x00\xc7/P\x96\xffb\x92wX2\xaec\xbb\
\xedl\xb6rw\xa4\x5c\xe4'\xde\xf9\x13\x7f\xf1t<\
\xf5\x7f\x94\xb1\x1a\xbf\x9eN\xab\x7fU\xf6\xa4\x0e\xa7\xf8\
\x8e\xff\xebc\xeb\xffw\x1f6\xdc\xf3\x7fe\x0d\x91\x22\
E\xf1\x1c<\x90\xfb\x98\xe0G2\xbf\xee\xffg\xb8\xef\
\xff\xfc#\x9cei\x87j\xf7jHd\xe3\xffXv\
\xef\xff\xb3\xcf\xfd)\xff\xa7\xc9\xff\x95\x16\xb2\xe4\xf0\x89\
\x1d\xf6\xf8\xcc\xff\x0b\xad\x1e\xf2~\xc7\xff\x9f\xd7\xe7|\
,\xce\xafQS\xf2\x87\xbcX.\xdeW\x86\xddd^\
\xb7Q\xc7\xca\x8e\x88\xa2\xfb$\x0d\xbf-mQ\xd9\xe5\
\xd3l5\xe63\x92\xf0zc\x9a\xfbn\xe7\x02$\xb8\
!\xf6y\x8e\x90\xbe'\xb0\xe9\xf3\x1d\xf5\x89D\x22\x91\
H$\x12\x89\xc4\xdf\x84 \x8a)\xce\xe2\xfe\xbd\x10\xef\
\x0b\xef\xd2\xa3\x06\xfeT\x81\xc4\x5c\x8e\x16\xe9:\x18\xde\
\xd9`\x83\x0e\x1b\xb4\x14%\x06\xc9\xb3VV\xff\x8az\
\xe3\xc4}\x02\xd4\x06~\x5c\xde\xda\xbc#\x1e\x98d\x15\
\xfb\xef\xef\x9a\xb9C\x04i@\x10J{\x02\x83\x03\xaa\
h\x07\x96\xcdk\xcb\x91C\xf8\xda\xfc\xa8\xff\xe5\x10\x13\
\x11q\x88m\xef\x13\x9f\x9c\xcf{\xb7\xe5\x8a\xb4)\xe1\
\xf9\xb0\xb9\xdbj\xc9\xda\x88\x8c\x9a\xc8-\xa8\x03V\xef\
d\x0cYx\xbb\xe6N1\x11'\x04$\x91\xc9'\xad\
\xc6?\x00\xfa\x1a}lI<2\x0f\x19\xee`\xe5K\
\x9e\xbc\x13\x1d\x11\x19m\xfbk\xe5\x8b\xdf\xf4\xff\xfa\x8f\
\xf9\xff\x8c\xdf\xf5\xff\xbd}\xb6\xfd\xbf\xe3\xffu\xca\x7f\
\x0a$\x94x\x9c\x8b\xdc\x9e\x87\xcaM\xff\xd7\xe7\xda\xff\
\xe7q\xf5;\xfe\x1f\xfb\xce\xce\x07\xd0\xff\x0b\xa6A\x1f\
\xb8\x1a\xffa\xff\xb7\xf7{2\xe7\x7f\xd2\xff\xc7o)\
T\xfae\xff\xd7\xf7\x1a{eJ;\xf6\xff\xb2\xf0\xff\
\xf9>\xb6\x1b\x87\xb5\xb3\xcd\x98\xed}\xec\xdf\xcbI^\
\xb6V$ooL\xb2\xaa\xd0\x16\xdf\x8c\xd5\xfd\x1f\xae\
\xd7\xdeo\xacK\x95\x97vI$\x12\x89D\x22\x91H\
$\x12\xcf0~\x84\x10\x89YR?\xfa\xc2\x81\x02\xef\
\x8c\xfe\xefg\xe5\xe0\xaa\x7f^{\x9f\xcd\xe2\x5c\x05\x0e\
\x1aEBE{a*P\xc6\xae\x14\x9b\x11?I\xe4\
\x15\xff\xeb\xc6Jb\x91w.k\x02Ad\xda@u\
\xaa\x83!$&\xf4k\xaf\xc0\x1eM\xe2\xc5\xb8C,\
)r\x9d\x89C*\xd0\xde{\x19b\xdf\x9a\xd4\x99\xdb\
\x07\xfbd&:\xc7'\x90\xba\xab]S;\xd2\xcb?\
\x1fR\x8e\xc9\x92%\xa1\xe1D\xba\x9e\x0dzg\x9c%\
\xca\xec\x1f\x99\xeb\xb1\x0d\xab6\xf0\xea\xe7\xd65$H\
\xa8\xf9\x0a\xcd}\xa1\x89t\xf9\xb4\x84\xbag\xd7\x90\x7f\
\xd0\xbe\x93M7\xda\xe1\x8e\x1c\xdf\xff\xea\xe4\xbf\xd1\x98\
\x7f\xe2\xff8&\x22\xfd'x\xe6\xff\xcf\xf0\x99\xff\xd3\
2\x0fc7^?\xf3\xffz$\x07\xaf\xeb\x07Vz\
\x0e\xd3\xf3\x1a\x11\xbf\x22j\x9a\xcfju\xc9\xe8\x13\xb2\
\x0fm\xf1\xf2Dig\xfe\x1f\xbd\xa6\xa0]\x8b\xc6\xfe\
\xe4\xcbrA\xe9\xf6\xec\x1ae\xdc\xba\xe9\xf6\xb5\xe9\xdf\
\xf0\xffB+\xff\x97~\xed\xddF\xfa\x81\xc3\xef\xfb\x7f\
\xa1\xdf\xf6\x7f\xdd\xb6wf\x04\xdf\xffKP\x7f\xbe\xba\
\xf3\x7fK\xbes)\x1eN\xd5\x95K\x9d\xb0F4\xfe\
\xb7\xc0\x8f]\x93\xb9n\xfb\xaf\xb8:\xe4:\xcdk\xa3\
2Fc\xcf\x87v\xc4\xf7\xffD\x22\x91H$\x12\x89\
D\x22\xb1\xc7\x88\xbe\x84\x5cz\x1fG\xef\xdc,-C\
\xbfT\x0b\x14*Z\x8e\x0e4x'`\x0fB\x0ca\
\xdd\x02\x932\x02z&\xbd9\x1a\x90\xc0eXb\xec\
\xe2\xa3\x1e8U/\xf0\x1aT[\x188\xda\x80\xc9\x0b\
\xe0C\x92\x03*\xceA\x99\x17\x96q\xbb\x9c\x92E\x18\
\xc0\xee\x82\x9d\xb1Cg\xb3;+\xd2\xe3\x9d\xef\x88\xa0\
\xf6\xe3C\x14\xda\x83\xa1\x7f\x05R\x9euDu\xda\x91\
^r^&2\x00e\xee\xea\xe5\x05\x94#\x84\xaf\xf3\
\xce\xe0\xb5M\x22\xfb\x0e)\x17\xe1\xbc\x0d\x0c\xaa\xde\x12\
\xf6\xce\xf1\x82\xf1Xz\x96\x0a\xef\xfbE\xf2\xa1\xedv\
\x9e\xdfgju\xad\xc6\x86%\xb4<\xc2\x17u\xdb\xfc\
\xda\x9e\xfd\x0f\xbfy\xc7\xab\xfc'm\xeb\xc9\x8b\xfc\xdf\
\xd6{G\xa6\xfd\x9e\xff\xc7c{\xa7\xc7;\xdf\xfb\xff\
\xd9.R>\xc7\xfa|\xc7\xff\xe9\xeb\xfe\xef\x1d\x13Y\
\x82\xaf\x10\xce\xe3\x98J\xff\xb0\xff{D\x9c\xbc\x9e\xa3\
Y\xfb\xce\xf3\x13\xfa\xbfs\x7f\xaa\xf2j\x12\xacg\xa4\
;\xf6\x7f\x9cW4!\x8c\xf9?\xf1\xff\xb9\x97\xa6\xaa\
\xfcQ\xff/\xf0_]<\xc4\xf3p\xcf\xff\xb5\x8d\xc3\
\x16\x22\xdai\xdb\xfb\x7f\x01= \xf7Z0R`\x0f\
\xb4\x15q\xbf\xf2\xda\x8e\xd7\x9a\xde\x1c\xe3\xff\xb6@\xe1\
\x02$\xe5q\xfc\x88\xcdz=\xdb$\xe2yo\xc7\xe2\
\xf7o\x93U{>\xe8\xc7R\x94\xfd\x92v\xee\xd3\x89\
D\x22\x91H$\x12\x89\xc4\xdf\x8c\x11\x0d\xca\x82\x9b\x7f\
|\x10\x83:(\xd1\x09\xdev,i\xd7\xaeh\x9a\xbf\
\x1e\xc9\x8b\xf3\xd7\xab-\xde\xc7/\x9a+\x91]'\xe9\
\xc0\xe7J\x83_@7\x92i&\xa2\xfd\xc0E\xec\xaf\
J\xf3k\x198H\x00\xcc\xb2\xbdsN\xe3\xe0|\x92\
\x02A\x11\x1d\x12\xcfQ\xd0\xbb\x0av\xa6\xa0\x90tP\
\xb9#\x92V?>6\xa7\xeb\xd0\xde%+h\x0ez\
-\xe1\x14\xd5gE\xa0q;j\xf2B\xf7\xfb\xae\x8d\
\xf0\xdc\x12\x15/GN\xd4\x16>\xb9\xb3ow\xces\
J\xaaDi\x1e!\xc1\xfd\xaf{\x08\xf2\xc28\x94\x87\
\x07-g\xad3\x89\xc1\xc7\xbbq\xeb\x8d9<\x7f\xbd\
\xda+<\xec8\xb3\xf2\xb5\xffK\xfeS\xbf9!\x91\
\xacm+\xdc\xf1\xff~vT~\x85O\xfc\x9f\xf3\xe1\
\xa7'\xb3\xa5\xc9q\xec\xff\xc5I\xd7u=y0\xc1\
\xf9>\xf7\xff\xea\xca|\xea\xff\x9e\x8d\xf6\xf8\x89\xff\x0f\
\xdf\x0b\x08QK\xa6\xedl\x8d\xec\xdf\xd5\xc1\xe6E\x02\
\xd4><D2\xf0\xd4\xff\x8b\xd1\xf9o\xf5\xff\xd5\xbd\
\x99\x16\xf4\xec}\xff?)\xbf\xae\xcbo\xf9\x7f\x99\x0b\
\x8d\xc3\xf5\xfd_\xd6Z\x92\x1c\xdd\xff\xf5.g\xfdi\
\xfd\xbf\xfdEf\xcdC\xbb\xc2\x0f_7\x99\xbcV\xd5\
\xa40){F\x0dpN+,\x8d\x0c\xa9\x8d\xeb\xb8\
\xa2d\xe9u\xe4<\x9f%\x12\x89D\x22\x91H$\x12\
\x895`;\x92&\xf4\x04UgQ\x81\xb6\xba0\x02\
\x03|\xe9\x83\x10\xdaR\xa6\x05\x03\x22[v\x91\xe9\xaf\
W\xf2.\x15\x1f\x95<\xb2\x07\x83\x07\xd6\xe1\x05\xc5c\
gLH.`\xde\x99\xe8\x8cH\x17/\xbd\xd6\xb3\x00\
\x1a\xed[\x9d[4\xf9/*\xe4\xe9\xae[=^\xe0\
\x8e\xc4\x01\xebh\xe9/\x8a\xcc\x19\xc4\xcb!Y\xb9\x0b\
\xdct\x00}\xa5\xa8\xbeX\xc98!f<\xf2\xca\x93\
#\x81&\xa9\xe0z\x17w\xae\x08\x03O\x87-\xeb\xc9\
\x8b\xce=Z\x83w\x86\xb1\xad\xf2\x1e\xe7@F\xf1w\
\x1b\xee\xc8\x95U>l?\xcc\xe3\x11&\x98\xcec\xf7\
\xae\xdfx\xb2|\xff_\x8fA\xf4s$\xeb\x84t\xb4\
\xc4\x0a\x96+*}\xf6\x7f{\x8c\xbd\xb7z\xa0\xe1\x97\
\xe3\xbe%\x9am\xc2\x07\x0c\xba\x9c\xd8\x8a\xf5\x92\xfb@\
\x93\xf7~p\xa8\xeb\xb7\xf6\x7f\xfc\x8c\xf0\xcc\xff5\x09\
\xf7\xcf\xf8\x7f\x9d\x88Y\xa3a\x92\x1f\xfdX\x5c\xd1J\
>\xf6\x7fW\x87i'o>\xd2\xfeO\x8f\xfc\x7f\x8c\
\x9a\x8f\xfd_\xc8K\xbe\xff\x7f\xd3\xff\x8b\x93\xcf\xef\xc3\
\xe2\xf8\xff'\xf7\x7f\xf3\x80\x84\xf6\xf5X\x9d[\xf8\xed\
\xa4\x1f(J\xaan\x87\xa8||\xff?\x18\x0fzp\
\x87\xf9\xf0^\xea=\xbeokE\xddO\xa5\xffS\x9d\
\x07\xa5(a\x22\xf1q\x1dx5L\xcb_\xb9>e\
d\xecY\xec\xf8h\xaf\xa0km\xba\xf7\xcdD\x22\x91\
H$\x12\x89D\x221\xa3\x94\xff\xf9\xbf\xba&\x02\xae\
e\xfa\xf8\x0c\xf6\xf9\x12\xee\x90\x91\x85>\x07#\x12`\
\xb6\x0c\x18p\xd4\x11\x88\x5c\xbbOkU;\xa1]}\
\xdd\x1c\x1dV\xb2\xfc\x1ed\xbdJ\xb0\x8b\xc7\x0b\x04M\
\xf4\x01\xe9\x18@\xaf\x82\x8c\xc2\xb6W\xfb^Y\x0a\x03\
\xf0(X\xf6t\x85d\x1a\x07h]Yd\xe3\xdd`\
~.\xb3!;\xe8\x89\xcc8MK\x95~\xc3\xbc^\
\x1b\xaed\xcf#\xe0\x9e\x9dQ\xc9'm;$\x16\xff\
}\xc4Gx\x97y\xbdZY_\xfa\xd1\xb8\xb5$\xd5\
\xac\xe6\xcc\x07\xac\x8c\xd3\xbe\xde\xf9\xc6JG\x04\xac\xd7\
9d\x1e\xe3s|\x80v\xd4\x8e\xdcVb,\x0d\x01\
\x9c\x0f\xd2\xc7\x08G\x86\xc7\xca\xa0\xd8\xff\xc9\xe4\xf9=\
\xff_\xe6\xa4x\x0e\xdd\xcb\xbcc\xdb'\xfe\x7f\x07O\
mZ\xe4rS=\xff?\x1d\xb5\xef2\xaf\xee\xffO\
m\x8b\xfd\xdf\xce\xb9g\xf5\xacu\xdc\xf4\xbf\xe8\xffu\
+cU\xaf\xc9F:\xc7i\xdd\xa3y\x1c\xe7N\xce\
\xc7\xe9\xb2\x0e\xaa\xca\xff\xef\xdc\xffg[\xbd\xeb\xf8Z\
3L]c\x1e\x0f\x8cE\xdf\x8c\x7f\xe7r\x8d\xf7e\
\x99\xe6A\xce\xa2;!\xa7\xb4\xe7U\xeeG\xd5\xa9:\
7\xf7\xd1\x7fJ\x9a^\xd3\xcai\xbd\x18i\xaeC\xeb\
w\xde\xac \xdf\x1e\x18k\xe1G\xf7\x98D\x22\x91H\
$\x12\x89D\xe2\xef\x85\xd9\x9e\x05\x94l\xc1\x1dJ\xed\
\xbc\xed\xe6\xea\xefoFN\x99t^&\xc408\xe0\
t.\xc7\x8b\xfav\x5c\xa6\xbcL\x5cW/L*\x9a\
|\x96\x18@\x82\x0d\xd9\xb1f\x0aNG\x04A\xc4\x1c\
\x05\xf1\x0e\xa0p\xd7\x0f\x97\x8a\x08\xe2\xb1+\xa8\xd0n\
\xc7\xd1jg\x11^/\xe3O\xd7\x07\x83`OF\xa4\
;\x02\xfe@\x97\x95kw\x1eE\xf5Fx\xc1\xb9\xcd\
\xeb\x07t\xc5\x95\x8bu\x8av\xa7]\xed\xd6%\xf0\xb8\
\xb46\xb9u*2\xb6\xf8\x01I\x84\x88,X\xe5Y\
\xe5\x0d\xf5\xd8?&6k\x94\x8b\xce\x08#\xc7F\x9b\
\xced\x97\xbd\x16\xe5\xb5\xf2,\x81=\xf5\xd1\xe2\x5c\xea\
5\xdb\xe9\xeb\x8f\xfc\x1f\xe5H;\xe9\xfe\xd5\xed\xd7\xea\
\x5c\x96\xfe\xcf6\xa0\x1f`\x1f\x15[\xa7*\xef\xd3\xb5\
u\xf6\xb4X\xff'c\xa9\xae\xfb\xe6\xb5\x0c\xd8\x07F\
\x96\xc5\xcb\xb2;(\xb7jB\xca>\xa8\xf2\xfd\x9f\x1e\
\xfa?hz\xe0\xff+\xd9{\xff\xaf\xb7l\x8a\xf4\xd8\
]\xedQ\xde;t\xd6\xaa\xbf1\xcf\x0a\xb1\xff\xa3\x8c\
vnw\xc3\x862\x8c/\xa0\xad\xcf\xfc_\x8f\xf4\xbd\
\xffW\xf5ga\xfdf\xd5~\xbb\xfb\xbf\x95q\xe7\xfe\
\xaf_%1\x16=\xb3\xbd\x81\xff{\xf9\xfc:\xa3n\
g\x8e\x22\x0a\xe7\x1d\xa9\x9f^gY\x1d\xd6\xb4\xd5Z\
\x86\xd4\xeb<\xf4\x5c8\xfbC\xed\xf9\xdb_\x19i\xf3\
=\x9aU\xda\xb5$\xc1\x83\x14P\xdc\x0e\xc5\x1c\xb1\x87\
\xe4>\xc2u\xb5\xfe\xc0\xf2N\xfa%\x91H$\x12\x89\
D\x22\x91H4\x5c;\xa0\xdf\x07\x18\x5c\xc8\xc5\xb6\x03\
d\x10\xc5\x9d\x10\x1e\xe1B\xe9iU\x97#r\xbfP\
\xd9e\xb6\x00\xd5\x92\x11#\xd7\xd8\xc5RlIR;\
k\xaa\x0e.\xb8\x0e\x85\xb5\x17]z\x14\xaa\xadb\x05\
\xcb(9X\xff\xd7DP\x8c\x90q\x19t\xec\x03\x92\
\x1a\xec\x94\xe2 \x92\xd3\xac\xae\xd6~F[\xd9\xbfO\
\xd8\xd3\x15\xe5}\x07\xdd\xefwu#i`\xed\xb2$\
\x16\xee\xf4\xfa, \xc3~\xf8,\xb0\xdb\x95\x9e\xdb\xc5\
\xe3\x00\xb8\xee?DT\xc2\x87\x07;R\xd6\xd3\x19\x1d\
\x97\xad\xadV\xffL\x0aQ c\xb7c\xf2D\x86G\
,\x9d\x02I\x92\xf3qb\xf3U\xd7o\xa39\x85s\
U/\x8f\xe9\xf4\xe2\xd8*Y\x1d\x82\x92\x9e\x8d\xd2\xa7\
\xfe\xefv\xf6f\x00<\xf3\xff\x9f#\xff\xc7rt\xe4\
\xff\xf8\xb0\xef\xf98\xfc\x06N\xdbeW\xf7\xcf\xfc\x7f\
\xa5[\x1e\xc0\xae\xda\xf5\xd4\x07\xbf\xe7\xff\x0ft\x9b\xfc\
\xcf\xef\x13\xeb1xB\x14\x87\xfda\xf2\xce\xfe?\xff\
h\xe3S\xf8v\xd0\xf0!6H\xbd:\x82\xfc\xf6~\
v\xffw\xf2\xd1\xce\xff\x7fzy\xac?\x90\xc9\x05e\
;\xfe\xdd\xeb\xa3'\xccJ\xa4he[\xc4\xaf\x97\x10\
\xd3\x93\x8a0\xa5:\xe7\x8d\x0fo6\xd4\xb1\xab\xf9\x9d\
\xce\xf5\x92\xf7L3\xbc\xbe\xff\xc4\xa7\x12\x89D\x22\x91\
H$\x12\x89\xbf\x05\xd7\xf6\x9e\xb6x\x9ew\xb4hn\
\x06v#\x17 \x92\x91\xb0E2h\x04\x16\xfc\x87\xbb\
\x92P\xae\x04[\x9a\xdc-=\x8d\xcb\xcbN\x17\x8f|\
\xe6rm'Q\x17Yq\xf7L\xb7\xb0LoJ&\
Kb\xb7Xb\xfe\xc1$\xdc\xcd\xa4$\xf4\xfc\x04\xb6\
zX\x051\x18\x98Ouj\x96\xb7\xb6\xa84}5\
\xdf#?\x22]\x96L\xb2\x90\x00L\xd7\x15\x83\xd8W\
)\xee\xeeK\xab\xcb\xb3\xcd\xe6\x91\xbcD\xdc?=\x17\
=\xc5\xd3`\x90\xc7\x9d\xecVl6\xb4q\xe0\xf7}\
\xa4\x0f\xdbcE^Q\x97\x5c\xa0M\xab\x9f\x03\x8e5\
\xf8\x87=={V\xc4\xd8\x09\x22\xb2\x06\xc7\x85\x97\xd7\
\x83\xf8\xbfm\x87\xa2|\x88\xfbA\xd2ly\x98#@\
\xc6D\xe0\xd7js\xa8\xb1k[\xb4\x90\x1e\xb3'\xfe\
\xcfeN\xf0\xd4\xff\x8d\x90Y\xe6\xd7\xfd\xbf.\xfd\xdf\
\xed\xe7\xde\xaejn\xe8\xb6\x99\x9a\x12~\xb3\x02\xe7\xf6\
\xd9\xf7\xca\x94\xef\x04\x9f\xf9\xff\x5c?\x1c\x07\xdf\xf7\x7f\
=\xe6=?_{\xff\xfa\x07\xe4~\xc7\xff\xcbm\xff\
\xe7\xf1\x10\x91\xcf\xee\xc3\x1dw\x5c\xf3\xbad\xdeQ\xbe\
\x92\x19\xe5\xb16\xde\xf5\xffH\x8f\x87\xbd\xff\xd3X\xf3\
\x14:\xd3\xf5\xfc\xfeO\x13\xd8\x7f\x9f\xf8?/\xbb^\
j\xbc\x90\xaf\xc7\xcc\xfdD\xf8\xe3\x98D\xbee t\
J\xf7\xd6c\xd5\xbdFxi\x1c\xf3}\x03}6*\
\xa0\xeb\x15\x8d\xe7D\x22\x91H$\x12\x89D\x221c\
\xec\x80~\x83\x17\xee\xed\xc7Vx\xe7G\x0b\x10\xa8\xef\
*.\xbc\xd5\x85\xe4\xa3\xfd\x92K5\x8by\x01\x12\x9a\
L\x1e\xb7E\xbb\xbc\x01\xa4\x08kL\xd4\xf5^dF\
\x11\x22\x5c\x82\x02\xfd\x95M\x91]\xfa\x8e\x164\x00\x13\
`\xf7\xb6n\x06\xda\xa1\x80.M\xe0\xcc\x01\x9a\xc5\x9d\
\x00\xc5\xe6-\x1bB\xfbN\xe0\xc3\xf9\xe7]xs\x00\
g\xf3Q\xa0\xebn\xdd\xf4k\x1c\xe6\x1d\x93\xdc\xaeO\
u\x8dqAs\xaf\xc6\x04\x10\xdd\xd6\xb5\x22\xf1l\x9e\
U{\xafj\xa3\xfc\xe6\xa6}\xb4\x94\xbb\x1e\xabD\xf4\
\xd5\x80Z\xd7\xdf\x19[\x8b2\x98W\x91*&_\x15\
\xe1\xea\xfa7\xe1\xfb\xbf\xbe\xb6*wG\xc7\xb7\xf3b\
\xfe\xbd\xff\x9f\xe5\xbbk\xc3\x95\xb7\xfb?\x01)K\xb7\
\xfc\xff\xbaJ\xf4`\xf7\xf47\xdb\xf6[\xfe\x7ff\x03\
\xdek\xea4\xd6\xef\xe2;\xfe/\xf7\xd4;\xfa\xdc\xb1\
\xb5(\x13\xf9\xff,\xbb~\xd2$\x93\x1dz\xd5`m\
\xa2?\xea\xff\x15\xfe}*\x17\xf3\xa3\x1f\xb5\xf7(\xcf\
\xfeO\xa1\xff\xdbu\x8fS>\x18\x1b\xa3\x7f\xa0\xfdt\
\x1d\xfa\x03\x0a\x22\x95v\xd9\xd9\xaf5\xb3\xfb|O?\
`K\xd8J\xa4H\xee\xe2\xf5\xb2\x1c\xf27\xfc\xaa\xf1\
\xb9\xae\xb6O[\x05\xd6\xb0\xf7\xbe\x01\x94H$\x12\x89\
D\x22\x91H\xfc\xcdxq\x80\xfc\x06~\xed\xb0}\x9a\
\xddx\x17\x03\x0d\xe4s\x85\x1d\xd0Bc\xd32(-\
s@\xaa\xca\xf6\x08E\x82\xf7\x96\x8e\xa6\x08\xf9\xa4\x89\
m\x0e`4\xf9\xdc>q\xd7\xca\x8at\x94\x9d8\x05\
/L\xf9X\xe6\x90\xb8!+\xa24l\x7f\x95\xb7\xae\
\xc9g+\x17\x03\xba\x1d,\x19Hd\xffz>\xced\
\x80:\xee|\xa5\x1b\x09\x19R\xbb\x8d\xea\x94/*\xaf\
>g\xc3\x86}%\xd4?\xcehg\xab\x88\xf5w\x99\
\xed\x80d\xce8&\xaf\xa5\x95\xe6\xf1\xc7\x04\x8c\x95\xe9\
\xa5\x7f\x0a$z\x94o\x9a<\x16g}\xaf\xeb\xa4H\
\x87\xee\x98\xc5\xe4|\x15\xbd#\x98\xfb\x14\xdbm\x92\xd3\
?\xbd\x96\xf1\xfap\x95\xc7\xf3-{\xee\xfa\xad\x83'\
\xfe\x7f\xc7\x8f#\x9bv\xe5N\x08\xac\xfae\xff7\x13\
\xb1\xa4\xf19\xed\xfc\xbf\x04sV\xc1!\x80\xa5T\xf9\
[\xb6\x12\xcb\xfb\x9e\xff\xdf\x81\xf8\xa2\x8c\xfa\xb7\x98W\
\xe0\xff\x9f\xcc\x08\xf7\xfd_\xec\xd9\xcdh\x91\x9e\xa1\xc3\
\xf8?\xe6[\x8dk\xfb`K\xdb3\xe7\xdd\xf6\x01\xd8\
r\xb5\x03\xa6\x9bl2\xde\xf4=\xc9\xc3\xe7\xfe_\xb7\
r\xef\xfb?\xf6\x83?\x96\xe2\xfb\xbf\x1ck\xff/\x8e\
\x14\xf9\x1c\xf2L}\xed=\xd9\x92\xcf|m,=\x9b\
\xa0i}\xa4\xdb\xc0\xb1\xa9\x98\xea\xa8\x9bI;\xbet\
\x17S\xaeg\x18\x04:\xcd\x04\xfa\xb7\xef\xc7\x89D\x22\
\x91H$\x12\x89\xc4\xff\x8b\x18[\x90\x99\x14\xd4\x8b\xfc\
\x17\xc9\xba\xda\x12\xcd\xd4\xf2W/x1\x81\x87Y\x9c\
c\xd03v/r\xfe\x11<0\x91\x5c'\xe9\x22\x07\
\x02\x8a\xd2\xce\xf95\x15\xa2\x87w\xa0\xc9\xd7C\x91h\
\xb6\xf1\x15\xeflQ\x84aY\xd5\x83\x1e\x11H\xac\xc3\
\xe6\xf7\x080\xaf\x9cEd\xa3\xcd\x83\xc1\x9e\x10:s\
\xbeb\x8e1\xc8\xb2\xc1\xf3J\xa7\xae\x17\x92E:\x80\
\x8b\xca\xd9\xe3\xe9\x1c\x89\xc9\x22\xa4m\x0d\x02g\x1dp\
\xaf\xf52V\x01\xe6\x8a\x5c8\x91\x81\xe3\xb0\xd6\xb9\xfc\
\xe9\xb88A4&\xa3~<\xd1\x15\xe7\x91\xbe\xb6y\
\xd4k0\xe0\x9a\x95\xe4\xbd.\xc3\xea\xc6v\xb1ml\
\x89V\x8f\xf4\xf1H\xb6\x88\x14\xfa\x7f\xc3\xff\xcf\xebe\
\xf3|\xee\xff~z)\xfa\x95>LT\x15\xe7\x18\xcf\
\xad\x5c\xed\xff,\x09\xe7\x91\xfd\x98\xfe\xf3\xfe/\xed\xb0\
z\xf81_+\x13\x05\xbf\xc3\x9f\xf1\xff\xd9\xaa\x93\xf1\
\xc5%\xebR\xf6\xac\xfb\xdf\xe1\xff\xe4\xea\x5c\xe1\x8e\xff\
\xe3+9*\xde(\x1c[\xee\xfb?\xdf\xff\x83>\x99\
\xfc\xdf\xb6\xa3\xc8A{{-\xd5\xfd\x8d\xafrYN\
\xd76\x17\xe25\x9b>\xd6\xeb\x81~\xa5\xcb\x9d\xc7\x80\
\xe8\x83\xb2\x83@\x0e\xdah\xeaw\xc9\xef\xf55\xeb\xdc\
\xf5u\x22\x91H$\x12\x89D\x22\x91h(\xf4\x9f\xff\
\xc5\xf0\x89d\xa1\xcf_/\xe4\xb42rX\x11\x9c\x7f\
\x94\xef\xc1?\x13\xc0* \x18A\x80\x10\xa2\xb529\
\xfc>)Cd!\xad\xfb\x0aV@.\xe7b\x82\xb9\
\x10\xcbz9_\x03\xedB\xab\xbc\xfa\xc3\x06\x80S\xf0\
V\xf5{\x0f%(\xc2,M>\xbeZ\xc2\xca\x8a\x82\
\xfb(p\xc1`\xf3\x940Y\x11\xafP\x9d3R\x81\
\x9eao\xaf_/\x1bt\x87r6d\xf5\x9a\x08\xa3\
\x83<>\x01t\xd2\x07W\x9e\xda\x7f\xc0\xa9:\xbbp\
\xfb\xf5~\xb2\x95uB\xecY\x02\xc6\x1b\xcfH\xa8\x9c\
\xf4\xbd\x95\x7f\x0f\x9a\x5c\x98}\x87\x5c\x9f:\xd5\x15\xf5\
\xb3\xad\xf7jWn\xe4\xf3\x9e\x0d\xd5\xf5\x7f\xdf\xa6o\
\xfa\xff\xaa\x9c\x97\x87\xe5\xed\xfd\xffI\x9f\x9e\xe3N?\
>\xf1\x7f\xb7\x8f\xda\x05\xea\x02h\xa5\x13u\x10\xd5\x83\
<\xf7\xfc\x7f5\xf6N\x89\xaa\xef\xf8?\x8c\xc1?\xea\
\xffR\x96mj\x9f\x9a`\xdd\xf9\xbf\xbdsGr=\
[\xfd>\xa8a\xde;\xfe\xff\xb3\xf4\x7f$e\x7f\xdb\
\xff\xeb\xf8\xf7w\xfc\xbf\x1e\xa4\xd8\xab\xf8j\x0f\xd5\xe2\
FH\xe5\xe5!\x09\xc1\xdc._\xf6\xc3\x86\x01\xad\x01\
_\xc1\xd1\xfe\xe1\x1f\x22d\x12\xba\x95\xf7l\xa3\x91G\
=\xe5\x1ak\xdb:\xfc\x84\xd3\xdbk\xe8&a},\
\xe3\xbav\xef\xd3\x89D\x22\x91H$\x12\x89D\xa2\xe1\
\xe5%\x16\x08\x0e\xf8\xb5\x1c\xe3\xddyS\xfc\x02\x8bz\
\xb5\x13E\xce\xe75\xfaLTU \x9a#\xb4\x80\xda\
\xca\xd1_#\xe5 \xa4\xaa\x1d7B\x9es\x80\xee\xca\
\x9e\x13U\x90,\x1c\x9a\x0eL9\x0f\xffh\x91\x17l\
Z`\xe0\xc2\xc4\xba\xda\xac\x03\x04\xa2\xcdoec\x9e\
U@d\x03&{\x8cvb\xbd1OD\x02\xf8i\
\xc5\xfc\xcd\xf9\x8e\x83\xe2E>l\x03\xd1\xab?\x1b\x17\
S\x02\xd1\xeb:\xad\xda\xcc#T\x8a#\xbb\x0d\x9eu\
_\xa2\x0d\x1e\x19\x12\xe5\xf3\xcaD\xe3fUW{]\
\xc6\xfd.\xc8n\xfd;z\xba\xdb$\xd3Bu={\
g\xcb\xa4\xa5\x94\xed\xb8\xf3\xc6m\x94w\x97^&\xff\
\xf7I\xb4\xcf\xfd_\xe4Z\x1d\xff\xff\xf6\xff\xd8\x8eH\
o\x84(\x9f\x1do8\xd3\x14\x93\x87\xbf\x01#\xa3\x95\
e\xb7T\xb9\x8f\xe0\xfd\xe4\xa5\xee_'\xfeo\xed\xf6\
\xcaE\xf8\x8e\xff\xc3\x0f=r\x7f\x199\xdf\xf5\xff\xb9\
\x0e\xba\x8f\xd1\x02_\x97*\xef|\x16\xfa\xc4\xff\x8b\x9b\
7\x92\x81iJ\x1e\xcfc\xd0\xe7\xaf\x22;n\xdb\x8f\
\xc1\x96?\xe0\xff2\x8e\xdf\x0f\xdb\xff\x84\xffs\xbd\x91\
,\xee%\xc5\x1e\xb7i\xc1#\xf9\xa3\xc8I\xadX\xce\
\xde'\x98h\x87\x9d\xd6\xc3G\xeb\x90\xdf\x92\xedR\xb6\
:y\xcal\x1a\x0d^\xbc\xd7\x11}\x88\xff\xc4F\xa9\
?\xdd\xf6\x8bD\x22\x91H$\x12\x89D\xe2o\xc7\xf5\
#\x84\xb5b\x10Q\xcd\x22[\x16\xfb\x18\xb4\xeb\x18\xa0\
\xc8\xca\xbc\xea@\x98\x14\xb1\x8c\xef\xed\x83k\x15\x82\x12\
\xc8\xaew\x02\xbf$(Sr\xa1\x00\x07\x11E\x8cD\
\xd3 \xbc\xda\x06\xe2]\xb1\x0aB9\xc8y\x13M\xa7\
d\x8bG\x9c(\xd2\x22\x08\xcc\x9f\x904g\xf6,\xea\
\xdc\xa3\xc1\x13M~\xfbI?\xcf\x81\xea\x5c~W\xc7\
\xb2\xd0\xed\xcb-[B\xe8W`\xc6\x09\xdbB\xe4\x93\
 s\xf1y'\x1e~\xaev\xf4\xa2\xceo\x8e\x93\x13\
\xb4\x1fk\xa2\x89p\xbfk\xc3\xae\x8cm\x93;r\xa2\
1p\xe2\xffu\xf2\xff\x96\xf7\x9b\xfe\x7fR\xe6\xbb\xfe\
_\x8f}r'\xe7\x8d\x95\xac\xdd\xf5\xa7u<\xad\xc3\
\x89\xff\xdf\x9b\x1d\xac?\xcfd\xe1\x93\xf9\xe6w\xfd\xbf\
:G\xb6\x06\xdf\xc3\xba\x1f\xeb\x832\xbaM\xe8#\xff\
\x9f\xc9\xd7o\xf8\xff\xaa\x0d[9_\xeeN\xefq\xfe\
\x1b\xbdx\xcf\xff\x9dys\xe4mg\x05\xd6Z\xba}\
{\xeek\xcd\xc4dp_\x8c1y[\xd0\x87z_\
\x91\xed\xabV\x0e\x7fk\xa4\x0e\xbd\xb2\x0b\x9ap7u\
a\xdb\xf0[kBf\x0b\xde\xccr%(\xa44\x93\
\xb3\xcby\xe8\xad:\xe7S\xdfO$\x12\x89D\x22\x91\
H$\xfe&\xbc\xe6\x1d[x6\x07s\x92q\xfc\xc3\
\x17[\xfe%\x87\x10\x047\xc5\xeejAb\xb6\x8e\xaf\
\xb7\xeb]7\xfc\xa9w^r\xf2\xe0\xc3\xeb\xac\x99\x03\
'\x1d\x87\x15\xc2\x9dE\xef\xbf\xa6W\xde'\xfa\x0e<\
\xa3\x00.\x22\xb9v\x047\x9d\xee\xc6\x0eE\xacw=\
\xb1\xed\xfcgw9\x11\xecpj\xe4\xfe^\x1f\x97E\
\xd2D_\x9f\xdf\xc7i\xe1\x11\x05`\xf0Dj\xe2\xb1\
\xd5[\x0a\xf4]`\x97%j\xbc6;\xedW\x93a\
\xdb\x0e*\xb8\x0dt\xdb4K\xa2Ev\xf0\x98\xc42\
+\xb91\x80\x00#|8\x82c\xe7\xd5SK'\x9f\
\xe7\x9d\xcdw\xc6\xeei\x99\xd9\xff\xf7r\xb0\xaf\xa3\xbc\
\xa7zY\xc6\xb7\xfd\x7fe\xdb)\xf6\xfe\xef\x8f+>\
\xb6>r\xa2\x8f\xf3\xc6\xe3~\xdf\xbe\x91\xff\xef|#\
\xf6\x7fZ\xda\x15\xf9\xbf\x1a\xe1\x9e\xbd\xd5\x10V\xa4\xef\
Uu\xe9\xff\xe4>|\xf8\xb3\xfe/vko\xd6(\
\x81\x1d\x9eM+\xac\xf3\xf8\xda\xe7\xdd\xab\x1a\xdf\xf3\x7f\
\xff>\xb1\xd3\xbb\xf3\xff\xc6wF\xfeO!\xbe\xe5\xff\
+\xfe\xf93\xff\x8f\xc7S[?\xb5\xf6\x142\x16\x1f\
\xec\x93\x22\x98G\xe1\xe2\xe9*\xbd\x9d*\xac+\xe7\xbe\
lW\xe4\x1bo?j\xdc\x8b^\xf1G\xd0PpL\
P\xdb\xe8<\x8a\x15eS3\x1d\xfd\x1be\xf0\xb1]\
7\x9f\xdeg\x13\x89D\x22\x91H$\x12\x89\xbf\x17\xea\
\x1d\xd0\xbc\x90\xf7\xd6\xd2\x8d\xac$\x22\xbdEy\xc4\x0c\
/\x08fJ\x10\xde\xcea\x1b\xef0\xe9{\x9aMp\
\xa7w:\xcbq1r\xd5Q\xc5\x04/')Y\x93\
\x9d=\xe0\xd0\xb6\x9c\x07\x84\xc3\x8c%\xf94\xc2\xfdF\
\xe4\xd5\xef\xec\xfe\x9b\xe5\xdf\xcfq\xc7\x96\xbd\xb4\x1b2\
?j\x835\xd1\xe5\x11X\xbb\x9d\x85{\x9d\xa2U\xef\
\xb4\xfa\xf3x\xd6goxe*\x15\x13\xfc\xefd\xdf\
mKeA\xf9\xe7vp{\xc0\xf1\xf1\x89-\xdf\xf7\
i\xcc\xcb\xbb\x0a#\x94\xcd\xf5\x95|\xa2ow\xc1\xe9\
\x18\xfa\x8d\xf6\xfa\xd4\xff\xab)\xe7\xeb\xf8g\x09\xa8\xcf\
\xc6j]\x9c\xfd\xb6\xffs_\xa0.z\x84\xcf[_\
\xcfAO\xda\x14m\xf0\xcb\xfbV~k\xecW\xf8\xa6\
Z}\xec\xff{\xbb\xeb4\xbf\xf0\xbd\xcf!\xe1\xaf\xf5\
\xcd\x8f\xe6\xa2y\x9d\x09\xb2\xdb\xbc\x03\x0fv\x94^s\
\xc6}dv?\x93\xca-\xaa\x84 \xef~\xfaN\xfb\
/\x81\xfc\x223fK7\x84\xe5\x15\x9c\x0f+Ux\
=\x07jZ=<K$\x12\x89D\x22\x91H$\x12\
\x82\x97\xde5D4\xaf\xa1\xfbu\x0e\x1216\xe1\xdd\
 \x84?2f\xcb\x16\x9b\xbd\xeb\x92\xfcE) _\
\xff\xd0D*`u\xf3\x06\xb1\x5c\xadN^\x95\xa2\xbf\
\xbem\xedG\xdbW;\x8b\xbcs\xd1QFC\x17\xb3\
\xf3&\x0a`\xa2]J\x96X\xa1\xcdN\xdb\xb6\xbb\x95\
\xc2\xdd\xc5V\xfe\x1e\x22\xcd\xd3\xe5A\xd9\x15\xec\x1a\x8b\
\xd2d\xf7\x15\xf6MD\x0a\xc9{y\xd5\x8e\xc7^\xbf\
\xeb\xc7\x02\xfb;{O\x80\xef\x8f\xc5O\xd9\x01\x16\x13\
\xa9\xab\xc0\xf4\x1bA\xeby\x9f\xb5\xf6\xb2\xf6\xca\x15\xa2\
B\xebq\xec\xd9kI\xe4\x13\xdc\xcd\xff\x8d\xb2'\xf9\
\xb5\xffOW\x89\xdbODy\xf3\x85\xdd\xf9\xae\x8f\xa5\
\xbc.ke\xda\xfejr_P\x1f\xc9\x8b\xc7|\xee\
\xa5Y\xbf\xb1yJ\x99\xf3D>\xf6\xa9\xff\xd7\xdb\xfe\
\xaf}x\x85o\xf9?\xd70\xf2\x7f}?j)\xff\
^\xff\xd7:E\xb7\xff`\xcd\x93\xfd]\xff/\xf4\xa4\
\xfa\xff\x9c\xff\x8b\x1c\xef\xbe\xa9<\xe6F\xf9o\xdd\xff\
\xd5\xdc]\xcf|r\x7f\xff\xf7l\xf2\xe4\x5c\xa5'\xb9\
e\x22\xaf\xf1\xfe\xcfe\x84\xd0\x9dM\x84\xb4\xce7\x8f\
\x1d\xc9\xe3_\x1c\xc7\xbd\x1f\x86\xff\x9b\xf7\x98\xf7\xb2o\
\xf2\xf9G\x09&\xc3\x5c\xd3f\xbd\xf8\xb9\xdf&\x12\x89\
D\x22\x91H$\x12\x7f\x1b.6\xc3~\x1dU\x0e\xe1\
\x07X\xfaW\x0eK\xc0\xf9\xe2\xb9,\xdc+\xfc\x09x\
\xb7\x8b\x04\xae\x0e\xb1`\xf4\xb4\x00K\xdbW\xfa\xf6\x16\
Kq\x97\x90\x94lW\xedN+\x08[.\x19bG\
\x0d\xe4\xccA\xf9*\xb8\xe3\x1f\x18D\xc2\xd9\x0bP\xe3\
\x1dve\xd2\x13\x932\x81\x8ez\x7f\x97U\xfc\x95\x5c\
\x0c\x1ai\x22\x5c\xb4=30\xc8\x1fT\x97\x13\xf8K\
\xdd\xfa\xab\x1f\x9c\xaf\xd6F\xedn\xdb\x05I\x927\xf0\
=\x9eQ\xa0\xee\xd3pE\xe2\xd5\xea\xd7\x8b\xe53\xf8\
\xab\xdc\x1eN\xfa\xe4\x94\xa8\x93kZv\x81\x11\xfe\xbe\
\xc8d\x9a%\xd5N\xb0\xb3\xd7\xb6\xb3o\x9f\xff\xce\xdc\
\x15i\xe7\xe5\x8bt\xed\xfd\xc8\xe6\xd1\xe3\xf9\xa4\x8eR\
\x0e\xc9^\x95k\x90lb\xbf\xe7\x9bE\xa5\xdb\xd1F\
\x14\xf9?)\xb9k\xff/N\x9d\xb5\x0e\x1c\xed\xda\xff\
\xcbt}\xf6\x7fz\xec\xff\xab4\xcf\x871\xdd\x1ec\
\xda7\xfc\x7f\xb2[2\xa8O\xf6\xa2\x17\xb4w\xfbA\
\xba\x86?\xef\xff\xce\xfd\x14\xae\xcd\x0fY\x89\xf0.(\
g\xf3\xdc\xf0\xfb\xfe?\xcf\xf1\x5cF\xe7\xd3\xba\x8a\xb1\
!\xb2\x0d\xf5\x9b\xab\xdb\xf2\xd1\xf5\xdd\xfd_\x8e{\x1b\
\x97\xf9\xd5Lth\xf7\xee\xfe\x1f\xad1\xea\xe3\xfb\xbf\
c'\xe9\x15V\xf3\x7f\xb9\x8a\xf6\xa8\xb2\x85\xeb\x8f\x97\
\xaa\x5c\x22\x94c\xebV\x86)\xaa\xa9\x15\xf1\xdd\xd6\x92\
m>\xd6?\x08\xab\xc6\xda\x7f?~\x80\xb0W\x1b\x9b\
\xdf\xf9\x0a\x12\xe1\xf2\xc0\x90\xd7\x8fD\xf7\xfc1\x91H\
$\x12\x89D\x22\x91H4\xbcl \xd3\x8e\xa9\x13\xcf\
Bvx\xeb\xebZ\xa2E\xb7&I\x18\xbc\xceo\xf1\
8\xfc\xb29\x10\x1f\x93\xa4\x89`12U\x90\xa5?\
\xad^\xb6\xad\x05#\xed\xf8}\xd0\xad\x1de[\xa07\
\x97\x8c\xf4.m3d\xe0\xc9.\xa7\x95>E\xde.\
\x82\xc4Q\x8e\xff\x8aO\xcbG\xb6\xe3\xbbEg\x89\xda\
\xe6e`\xcb\x81/\x12\x05\xb5\xd2I(\x1c\xc9EB\
\xc7#\x03p\x97#\x9fc\xba\x0d\xc6-Q\xff*\xf2\
\x16\xe4\x9e\xc49\xa1\xeczlDdt\x84\x99\x18\x9a\
\xd3\xad\x0e\xb6\xcd'\xc2\x8b\x1a\xc3\xc5\xea\xe0\xbc\xb4\xb6\
\xc9;^\xa5\x9d\x5c\xc7w\xab\xda\xbaF2\x22\xc2\xc8\
\xf7\xff\xc8.!\x80\xb8mtV!\x1b\xa4\xed\x02\x12\
\xe6\xd0\xff\xad\xfd\xbf\xe3\xff{\x9c\xcc\x9f\x88\xd8\xff\x05\
\x13A\xe4\xb4\x13\xcf\xf1\xd6\x87N\xf0O\xf8\xbf\xe7o\
\xd6\x0f\x5c\x7f\x84O;/\xd7\x1f!\x1f\xfdR\x9f\xf8\
\x7f\xfcm\x1c\x8fX\xdf\x8f\x17\xbc\x1fK\x0a\xb9\x0b\x80\
\xdf\xf2\x7fi\xcdj\xee\x9f\x93\xb5f\xee^\xe9\xc52\
\xd5\xcdk\xfd\x7f-\xc3;nRd\x1c\xf8\xfe\x8fc\
a=/X\x1dw\xfc\xbf\x1c\x90\xea\xcf\xfc\xbf\xd7a\
\xd37W\xce\x0a\xeb\xad`}F\x87\x0f\xfa\x19\xafW\
\x11\x1b\x06)\x0c\xb2\x8b\xe4\xe3\xcd\x06\xca\xff\xaf\xb5-\
\xe8\xa9e\x94i\x1b\x1dx\x175\xd1<\xbc*\xcds\
\xdc\xd9|\x96H$\x12\x89D\x22\x91H\xfc\xedhT\
p\xf5\x16\xd5B\xc6\x12\x91\xd9\x1bE\x92\x06\xf1\xd4\x08\
\x1f\x0b\xfeH\x0d\x94)4\x05x\x10\xda\x9b\xa0N\xa7\
5.\xd7\x04o#\x88\x842\xa5\x8c\x1f\xaa)\x05\xe9\
7\x09\xaa1\xd0E\x22\x8fep\xd9;\xc0@\xb3b\
\x05\x8d\x1c\xbe\xee\x91\x06\xd1\xee&>\xd6\x01\x99&\x18\
=\x14\xc76k\xaf[\xce\x09l1\xfb\x9d\x80\x8b\x89\
\xef\xf1\xf9Z\xff\xe0\x94\xde\xe1\xc9}v\xf6\x95v\x9b\
\x8e\xbb\x1c\xd7\x81\xba&\x0d\xb4L$\xd8($\xb1<\
\x1bV;\xd6\xec\xb1\xed\xff\x99\xb8@k\xa5}\xb4\x8f\
\x81o\x90\xb49\x9eG\xb6z\xd8\xd55\x92\x17\x91#\
8\xf6=\xdd\x1e\xa93\xf7\x9f!\x1b\xc0\x0f\x90xo\
\xfa_d\xdb\xc5\xea\xb6d\xdd\x09\xb1\xe3\xc1\xfa\xbf\xe7\
s\xdeu\x9b\x8e\xb2v\xc4\xe7\xa9\x1f~\xc7\xff\xebQ\
\xd9.a\xfcq\x9f\xf0g#\x8f\xe6\xb1je\xcf\x0f\
D\x7f\xcf\xff\x95\xe5\x0bB\x1b\xaf\xaf\xfc\x7f\xd4L\xdd\
\xe8\xf4\xbd\x8a\xf3\xa2\xdc\xb5\xff\xcfd2^?\xa9\xcb\
s\xff\xa7\xcb\x97l\xcf\xd9\xf9\xe5\xf7\xfc\xdf\xfa\xb2\xd6\
\xa7\xf4v\x83#\x1f\xbe\xe7\xff\xe7s\x80\xe7\xff\xde\xfd\
\xc4\xf7\xff\xf2\x8b\xfe\xef\x93\xf8\x9f\xdd\xff\xe9H/\xcb\
j\x9f-\xf5\x85}\xec\x1c\x89\xbb\xc8Z\xef:\x96\xc5\
\x0c\xd8\xae?\xedZ\xf5\xfd-\x04=\xff\xc85\xb5\x94\
|o\xa4\xe8\x04y\x19\xd7\xecZQ\xea \xe7\xf7\xee\
\x11\x89D\x22\x91H$\x12\x89\xc4\xdf\x0e\xf3#\x84^\
p\xf1^d\xeb\x85\xbd'\xa6-\xe2[^\xefG\x08\
\xdf\x0b\xf9W)\x8el\xf9\x97w\x9f\xb4\xff\xe7\xdd\xa6\
\x85|\xdb\x8a\x22\xe5\xa4.e\x229\xaa\xc8\x92j)\
Y\xfa\xdcGD>XI\x85\xcaQ\xfeghZ,\
9\x83W\xad\xee\x15\x91\x18\x07\xa4\xf7\xec\x1e\xf2!\x88\
\xb6?P\xb5\x22O\xb0>w\xda\xedI\x1bK?y\
2|Y\x96(x\xf2\xe3[K\xf2\xaa\x94\xe0:\x8e\
\xcfE\x7f\xd3\xdd\x1e\xdb\xdb\xf5\x0d\x9c\xc8\x9e\x1f4x\
c$\xae\xa1G,EX\x8f\xf95\xee\xb6\xd3?\xd9\
\xae\x9f\xfb\xff=XB\xef\xbe\xffG\xf6r\xbf\xc7\xe4\
\xf3\xa7m|\x22\xe3[\xfeO\xa5@m\xaa\xd2\xff\x9b\
\xe3eg\xd7^o=Hy&{\xf6\xff\xa8L<\
\x06\x18\xee\xd8\x82\xe3\xfbc~M\x06/Kr\xbf\xd2\
j\x04\x13\x9d\xb5\xa4/{u}\x8c\xb5\xf7k)\x1e\
\xfb\xbf\xb5^\xfcR\xb7+\xeb\xed\xd7\xde\xea_%\xf0\
\x7f\x91,\xd7~F[\xb5\xba\x91\xd63\xa6\xff\xaa\xca\
b^\xf3\xa8\xc6\x9cu\x01\xc5\xd4\xa7\xd2\xd8\xb8 U\
\xe4\x1f\x1eD{\xf1\xdb\x1c\xf5\xabsg\x22\x91H$\
\x12\x89D\x22\xf1\xff:\xe0\x1d\xd0D\xb5zdO\x03\
\x13\xc3\xfc\xcb\xe3\x83$\xe0\xad#\xee\x1a\x1c\xf6\xb8\xf4\
\xa0b\xceav\xe8\x8c\xf5\xfe\xfa\xd7\xd8\xa7M0\xa0\
\xe7u\xed\xd6B\xe2b\xde5Sy\xd3KEBk\
&\xb2=\xecw\x22\xe9\xb7$\xee\x82\x94\xd3\x1d}\x8e\
%\xb6\xc0H\xdd\xed0\xb3z\xe6\x1dv\x8e\xfc\x03\xd4\
\xb6mH\xe9\xf4~\x08\x0cw\xd7\x91\xda1\xe9\xdb\xeb\
\xd5\xe7\x0e\xe1\xe8\xdaJdv\x08\xbf\xb6\xf5\x8ev-\
>!\xca\xed\xb8\xe0\xf4Fjq~,\xcd\xedD\xea\
\xd1J\x81\xb2H\xa6\xaf\x10\x11\x91\xd6V\xcf~\xcc{\
\x1a|\xc7\xed\xe3\xef`\x96\xf39?\xea\xb5\xfa/\xff\
wv\xd9\xcf\xe3\xdb/\x1f\xa5Y\x1d\xa6\x80\xbeNz\
\x04\xbd\xe0\xc9\x9e\xdb\x0a\xb5\xea\xbe\x0c\xe4\xba\xb6\x189\
\xf6\xb8\xe0\xdf-\xff?\xeb\xd7\x9d\xac\xbd\xff\xcf\xfd\xe7\
\x1dK6\xa9\x91~\xe0x\xdf\xff-N\xc8\xa4o\xf9\
\xff\xe8\x0f\xb8\xff\xf0\xf8\x8f\xfd\x7fm\xbb\xd5s'\xff\
\xa9\x0cu\xaf\xa6o\xf8\x7f<\xa7\xec\xe7\x8c{\xfe_\
\xcc\xb9W>J\xb3k\x99}~m\x93\xd5\x1f\x97\x97\
\x19\xe0\xd1\x83\x0d\xe7\xb8\x80\x1d:E\xf2\xee\xfd\xdf\x9b\
\xa1\xfc\xf1aw\x0d\xd7\xf7+\xa8j\x1dC\x9d\xd7\x9b\
Z\x8f\xees;_\xcdMa\xfd\x1f\xafX\xfb\x9cu\
d\xd5\xa7\xac[^\xc8\xb6\xae\xdb\xfb\xf5tO\xfc?\
\x91H$\x12\x89D\x22\x91\xf8\x9ba^\xc1\xa1\x83\x01\
\x09\x8c\xfb\x82\xbcg\xab\x05\x16\xe2L\x06\x90\xec.\xd1\
\xc1\xa1\x0dv\xb4\x01\xdeB\x9f\x0aM\xe5\x0a\xfc\xdb7\
\xf5(2O+\xa8\xa4\xc3/|\xef\xab\xd6nI\xce\
&\xdb\xff\x9a<\xe7\x99\xcc\x85\xad7a\xc8<\xe9\xf1\
\x89\x0c\x8f\x90\xd4d\x84\xbcb\xa0\x9di\x1dL>#\
\xc9i\xe5z\xf5\x91\xf6\x91\xf6Z\x953BB\xb9h\
\x83\xb7\xab\xd7\xb6\x0b\x06\xdf+\xb2\xf6\x14\x13Aa\xfe\
\xec\xd9\xaa\xfc\x93\x87\x08\x16';\xfc\xb8\x7f\xaf\xaf\xbd\
\x17m\xe9$\x0fdym~\xc7\xde\x88\x94\xf1\xce=\
\xd2\xc8\x96\xf7\x9a\x04\xc7\xd8\x5c\xa3h\x9c\xccv\xde\xdd\
)\x1a\x8d\x9fi\xfc\x81\xec\xdd\xb8F\x19\xa5]\xd4\xfe\
H\x9a\xfcQ\xc4r\xad\x8a\x18f\x82J\xe6UG.\
|\xbe\x8a\xf3\x83q\xc5\xbc\x82\x80t\xff\xb8\xa3\xbcV\
C\x86\x8a\xbd\xc3\xd6\x1d\x1e\xfb\xbf\xd3\xfep|\xe6\xff\
\xe7\xfe\xfb\x04\x7f\xc2\xff\xfb\x8cK\xfa\xfe\x86\xfe?J\
\xd3J\xff\x9f\xf3\x7f\xf1\xe3f\x7f!\xfd\x0a\x03u\xc3\
\xda\xea\xb58\xf7\x7f:n\x9f\x88\x04\xf6\xee\xcb\xf1\xfd\
\x7f=\x87\xac\xea\xa6\xec4\xb2_cl\xa3\xfc\xf9\x1e\
\x8c\x9f+_\x8a\xef\xff\xf8`\x5c\xcb.\xc1\xc3\xd0\xb9\
N\xe1\xa4n\x92P\xd6\xab\x7f:\xc5\x8b_\xa6\xf2x\
j\x03\xaa\xcfO\x0b\x1b\x94\x85?Cx\x13iIe\
\x98\xdb\xe0:\x8fa+M\xea\xc1m\xf5.Z\x8e\xe7\
\x86D\x22\x91H$\x12\x89D\x22\xd1\xa0^\xc11\x12\
\xc7\xd7\x13\x1bz\xec2\x02\xcd:\xbdf\x83#\x8b\xf6\
\x89A\x8e\x04C\x1c\x00\x91)gR\x87.\xb9.\x81\
\x08\x11M\x12\x0a\xd8]\xae\xf7\xfe\xbdS_e\xae*\
A\x00\xe2\xdaQ$P\xbb\x8bb\x82S\xef\xab\xd9\x83\
p\x80\x00\xd7\x06\x8d\xbccp\x0e\xacg\xbb,i\xf4\
\x090\x98\xdf\x11{*\xc0\xc5t\xb6\xb4\xcaW\xd3W\
\xb2*\x90\xfd\xdf \x1dm\x1e\xbf\xd5\xc4j+\xebD\
\xc7\x89\x8d+\x9bv\xf9q\xe4K\xbc}\xfe\xea\x04\xfb\
0\xc3\xab\xdf\xee\xfcN\xff\xaf\xf1\x9d\xd7\x09\x9c\xca\x18\
\xbe\xd3N\xd6y\xc9\xe1B>\xf4\xa7\xdf\xf3\xff\xa0\x0e\
\xe5\x83\xd7\x88\x90\xf1]\xc7\x96\xb0,\x8f\x13\x90Q\xcd\
\xf5Q\xffZ\xc3\xbe\xb8\xe3o\xf7\xfd\x9f\xc8\xef\xe59\
\xff\x1d\x1d'6\x9e\xda\xbdm\xe7e\xbe\xfa/\xf3\x7f\
\xb9\xffc\xca\x9f\xf5\x7f\xfe\xc1\xd7B\xa7*\xab*\xff\
\xd4\x9f\xa4\xbd\x19\xa7\xfeOE\x1e\x1a\x93\xeb\xffkR\
\xfb\xb9\xff\xb7uZ\x85o\x84\xc93\xa7U{\xe3k\
\xbft_\x8f\xe3\xe9\xfe\xef\xd5\x82wD\xd7p\x8a\x90\
2?c\x0d\xaa\xf3V\xff\xf5\x1d*\x93\x1e\x97\x15\xce\
e\xfe\xea\xe4?\xb4I\x19\xbap\x973\xdf\x1eD\x1e\
\xfa\xcb\xd3\xbeH$\x12\x89D\x22\x91H$\xfe\x16\x8c\
Wp\xf0g[H\xe3\xaf\xc1\xf7k\xb5\xc8\xeb7`\
\xd9~\x05\x05\xc5\xa7\xf9\x84\x08\xe0\x8c6 Sg\xe6\
PH\xecf_Qi\xfcY{ \x83\x5c\x87&\x9f\
\xa5\x1c\xe7\xd1\xfaKx\xceu\x98\xeb5,\x93\xdd_\
$\xed\xe7\x05#\x96\xe0\xe1 \xcd^c9\xaca\xae\
3\x9c\xd59\xf0\xb52\xf6AQq\xc9g\xbf\xde3\
\xa1\x5cA_1\xe5}\xd2\xa5\xe9$\xf2\xeaK\xaeN\
\xaf^nM\x1c\xf2d\xa2I\xea\x9c\xdf+_\x17m\
\xbb\xd2\x1f\xa5y\xfd;\xffH\x9e\x90\xcfhpT\xe7\
F\xb6\xcciQ\xfe\xa8\xbeM\x8d\x8c\xc7\x15\xc1\x87\xd7\
u\x1b\x95\xe9\xcf#\xb8<y\x91\x1e\xb4s\x05\x1ek\
H\xf0\xcc\xd6\xd0\x98\x00\x84\xbf\xa8\xf3uG\xf6.\x0d\
\xdb\xe5\xbb\xfe\xbfF\xfd\xc0\xffw\xe4\xf3\x89\xff\x17G\
\xdf\xbb\x0d\xc7\x8eN \xd8l\x9bc\xf9\xdf\xf1\x7f;\
\x87\xce\xed\xf1\xcf\xfb\xff\xba\x9fyL\xbe\xdc|\xfc\xb0\
U\xe3\x9f\xf5\x7f\xb6\xba\xffU\x1a;\xf5=\xff\xfa\x1d\
\xff\x7f\x99\xfe\x9f\xf3\xe19\xe6<\xf1u/\xed\x13\xff\
\xc7{f\xec\x0f\xeb\xfex\xe6\xffE>\xfb\xba\x09\xed\
\x8c\xfd\xdf\xaeOf}\xfa\xfe\xafsz\xdfx\xd3\xd5\
\xadD\xeaUk?\xae\x1e\x9a\x1f\xa1u\xbd\xbb\xf9\x84\
\x94,\xa4\xa1\x07\xf9LE=\xfca\x1bmY\xbc\x9e\
H$\x12\x89D\x22\x91H$\xf68\xfa\x11\xc2\xc2\xbb\
T\xde\x0buX\xff\xe3\xd2]vE\x03A=\x02\x1b\
)T\xc8\x09^\xa8\x88nS\x86ex\xfbY\x8b\xd9\
Z\xc3\xc1G\x81\x8a\xb4\x1dE\x12Dh\xbd\xfa\xdc\x02\
w\xf2\x98\x16\x09v\xd6\xc6r\x94\xcd\xdb\xfc\x14\x06\xb2\
M\xff\x99>\x1b\x14\xce\x12*Y\x89Xv.\xa7\x0c\
<\xb4\xa3\xe8\x87\x10\x01<\xd2gE\xe8\xac\x88\x96a\
w\x951}\xd6\xee\xb3^\x8f\x9c\xb3\xc7^\xde\xb5\x1e\
\xd6a\x1e\xe6\x90&C\x22\xf9\x1ea\xb9#<\xbcr\
\xbb\xf3H\xde\x5c\x8f\xcf\xda#\xaaC$c\xcc\x04\xbd\
s+\x18d\xfd\xa6\xf9\xff\xcf8\xbe\x83\xc8\xff\xef\xe2\
\xbe\xff\xd7\xa5\xff\x9f\x94G]w\xfa\xe1\xc4\xff\xcf\xc7\
y\xec\xc7\xd7u\xd2}\xf9m\xff\x8f\xc6\xfdl\xc5%\
\xd9\xe8e[fr\xce\x1e[\xbd;\x9c\xe4\x8b\xe4\xc3\
\x846\xecg\xe2\x8d\xcf\xc5\xeeV\x8f\xdf\xf3\xff{\xed\
Q\x1f\xec\xe6]\xd9d\xcbT\xd7\xff\xe9\xd8\xff\xab\xa3\
\xfb\x9e\xff\xef\x09\xf5[\xe3\xc3m\x93\xbd-O\xfc\xbf\
\x8f\x9a>\x8eV~\x13\xed\x80\xb6k\x0a!\x8f\xf1\xfe\
/\xaf\xc7P\x12a\x0c\xf3C\x02^kV\x9d\xaf\xa7\
7\xff\xb7\xad!c\xff\xe2\xd5k\x9d\xdc\x05\x09\xe7\xce\
\xfe+\xf9DeA\x96\xf3z&~\x90\x93H$\x12\
\x89D\x22\x91H$b\xc0\xaf\xf5\x14\x1a\x94,,\xfc\
e\x07\x0b\x04\x22UJ\xb4\x0d4u\xe2\x16q\xd1\x8f\
\x01\xc8$d\xe4\xaf\xa4\xd7\xf0\xdeW3\x0d\x89Zu\
\xb9\xd7K\x02.\x94\xcbA)\x05\xbb\xe2\x220y\xa5\
\x82\x0d\x1al\x84[&\xda\x8d$6\xd0&Xq\x88\
'\x0e(\x1d\xb9\x9e^\xd4\x85\xf9f;D\xaa\xdd\xc5\
\x85\xe5t\xfd{\x1e\x9a\x03]\xdf\x8eQjYo\xdc\
\xcd\xeb\x12/p\xbc\x0b\xf6\x84|nz\xef\x90=\x13\
\xd9Y\x8a[\xcf\x95\x8d\xed\x1c\xed\xc5\xb6\xc6\xf6\x15\xf7\
+X\x08\xf4b}\xa3~Y\x11v\xab\xb6\xf2\xea\x1a\
\x95\xf3\xc9@?/\xa7Em\xea\xa1J#a\xa2K\
>\x8fOn\x9b\xda\xe8\x0f\xdcQl\xed8\xb1\xc1\xc2\
\xf3\x7f\x94\xeb\xe1s\xff'\x97X\x8b\xf2yy\xce\xfd\
\x7f\xd6\xb1\xf3\x7f/\xfd\xd4\x8eI\x0e|V\xe3\xff\xea\
N\xf1\xc0\xff\xcf\xc7\x9f\xde5)y\xd9WeX*\
\x7f\xdd\xfa\x7fU\xf6\xdav\xd9\xc9\x88\xfc\x1f\xe7_a\
\xdaP\xae\xbe\xaf\xad\x9a\xeas\xff\x8f\xc7\xb3n\xff+\
ey\xb7\xf5\xfa\xb5\xd65qj\xdb\xe7S\xff\xf7\xee\
\xaf\xf5\xb6\xff\xcf\x92\xbe\xeb\xff\xfe=\xe8S\xff\xe7\x81\
\xf2\xda\xfa\xbf]?\x10\x90\xd1\xdc\x178\x97\x90\xb1\xd1\
\xb6r\xed\xfe\xaf\xcb\xa9\x1c\x15\xf2Y_r\x88o$\
\x9f=y4Y\xc0\x84\xff5\x1b\x0c\x19x \xeb\x18\
\xbf\x8f\x13\x89D\x22\x91H$\x12\x89\xc4\x1e\xa5\xfc\xcf\
\xffU\x1d\xe8U\x08,\xde\x8bm\x0e.\xb8\x04]\xaf\
\xe3@\x8c7\xe7u\xc28\xdc\x01]\xebD~\xbeF\
\xf0\xc2yH\x91\x96\xa4vT{\xafW(\xa0\x07S\
A\xafW\xf1.\x1b\xc9\x87\x15\x8a!\x86qW\xd9u\
\xbd\x94)\xfdHn\xd1?<T\x17\xa4\x1bb\xb7\xfb\
lU\x93SY\xaa~\x0b\x89\xd5\xf4+\xf7\xdf\x8a\x18\
\xdd\xc99\xbeVe\xf7T\x91!4\x08h/\x98?\
\xe9\x9f{m\xaa!:K$\xfc\xd6\x18\xd9\xc1\xf6\x1f\
\xdb\xe0]_\x95\xdd\xeb\xa1I6\xca\xb0\xb2&\xd9\xaa\
\x93\xce\xc6\x06\xb7b\xede\x22\x92\xfdi;\xde)\xfb\
\xfb\xfe\x7fn\x8fn\xca\xcf\xc6\xd1\x89\xff?)\xffm\
\xff\xa7\xc0\xff\x07K\xec\x8c\xbd\xdf\xf3\x7f52\x15v\
\xedvw\x8c\xec0\xe4\x91m\xf3f#\x92qQ\xd9\
S=\x22\xdb\xd1_OvX\xcf\xb2\xf6#\xcc\x97\xb7\
Kw$\x1c\x95\xb53\xf7\xb8;\xdf\xf6\x7f\xdab\xe7\
\xff\x01\xcd\xfd\xab\xfeO\xc5\xb7-.\xff\xde\x8d\xfcj\
\x1b\x11\xc00;\x16\xcd\xe3\x05\xf8\x94\xb1+\xf7p\xdd\
\x0bMG\xbfm\x14)\xcf\xe7\xba,\x0d;F\x19\xaa\
`\xd3\x7f\xf5\xbd\xfa\xba\x92\xebk8~\x5c\x93\xf17\
\x00U\x06\xaa\xc7\xed\x93H$\x12\x89D\x22\x91H$\
\x1a\xc6\x96\xaeZ\xe5\x0f\xd3\xde\xb8H\xe5R\x1a\x09\xab\
\xd6\xdbHN\xf2\xab/\xe4jQ\x0b\xf9\xff\x9e\xbf\xe6\
\x1dd\x95\xec\xe2^\xca\xf6#\xe7\xab\xb1p\xadV\xd0\
\xc3\x845\xe6\x99\x83\xe6B~\xe0\xb8\x83\xb7\xcb\x88\xff\
0\x1d?#\x19\xf8\xc9d\xbc-_hO>[]\
\xb6\x1e\xba\xadbY\x13\xb9\xd0\x07\xc3IX+m \
\x9fH\x00\x9d\xc0\xcbk\xdb\xbbv{F\xbb\x18\xb2\x8c\
\xaf\x14\x8aw\x9b\x9d\xf6\x0f\x96\xdf\x8d\x0d\x9b\x07\xfbs\
\xe8e{\x8d\x0dw\x03XKV(\x1d\xcex\xe4t\
\x9b\x9f\xd3\xda\xaeAi;\xb1]F\x1f\xa7E\xfd\x19\
\xd5g:\xef\xef<\xc56\xf0\xea\xa1d\xf29\x5c\x8b\
\x08E\xbc\x16\xf5\xbb\x95\xf1\xef\xf0\xffz\x5c\x9e\xd4\x8e\
\xdd9o\xec\xff~\x1dWD\xda\xe9\xd8\xc46\xb0D\
\xdc7\xfd\x9f\x02\xff\xb7\xe3\x89\x88\xfe\x80\xff\xcb\xc8l\
Se\xec\x97\x91\xec\xdf\xf0\xff\x97jG\xd6#vb\
\xde7^pO\xf6dZ\xbb?\xf1\x7f\x9ck\x94\x9c\
\x85\xff{x\xe6\xff\xd7\xbf\xa4\xe7\xb9`ntt\x16\
z\xe2\xffe\x92v\xd7\xffg\x09t\xd3\xff\xd7\xe3\xd2\
\xf3\x7f~/\xf4=\xff\xa7V\xae\x14\xb0q\x9c\xa2F\
[\xba\xcb\xb0yK\x1f\x17\xed\xaf\x14\xbd\x96\x19}X\
\xc4\x06%Q\xf5+\xb6/\x89\xad\x8eI\xb5\xf0\x9a\x96\
\xed\xd2\xe5\xb1\xce\xd3\x9a)\x91H$\x12\x89D\x22\x91\
H,\xf1\xe2\x00\x84\xd1\x0e\xf1\xeb\x8b\xb2\xf0\xc7\x1f\x1b\
\x94\x1d*6\xf0\xc7\xa4\xd2~hgp\x9a\xb2\xeb\x85\
\x89c\xf5\xc6\xbd\x89\xfc\xf6\x02M?\xf8\x92\x80MQ\
Ub\xef\xd0G*?X\xaet\xe9+s\x10\xe9\x11\
\x13;\xd2F\x07\x9a~0\x8e\xe4\x8aW~\x15`\xea\
t\x09\x0ciA\x1e\x8a=%<\xdf\x87W\x12\xd0\xdf\
\x0d\xca8?\xbe\x82\xc3#\x81\xdeG\xaf\xc9\xc6\xd7\xd0\
\xef\xc9\x0c\xad=h\x07\xfc<\xa9\x8b?\xfe\xc8\xedG\
\xaf\x9cET\x07\x0e|\xebD\xbe\xc7\xe4\x0b\x94\x1e\x9f\
\xd2_\xbe|\x91\xb3~e\x83g\x1f\x92'\xcd\xff\xcb\
D\xe0\xd8yg'\x1f\x89\x92\x15\xe1\xbbjO\xaf\x5c\
\x947\x06\x13\x8eB\xcc\xdbt$\xba\xf4\xbc\x22\xf9g\
\xff\x179:\xaf&\xcd|\x82\x19\xcbJ^\xf1\x7f;\
\x8eg\xfb\xec\x0fb\xfa\xbee\xeb4\xcf\x99\xbf\xe5\xff\
\x9e\xcc\xe9\x9c\xf4\xdc9\xf7\x00\xb9d\xb5'\xf3\xa9\xff\
[<\x9d\x8b\x9e\xf8?:\xb5\xee\xa1\xf9^g\xe7k\
+\x1f\xaf=\xf5\xff7\xd8\xff\xe7\xf2\xa4H\xda\xbe\xec\
\x08\xef\x7f\x9f\xfb?\x05\xfe_\x9c\xbc\xf6\xfe\xaf)\xc8\
\xef\xdc\xff\xd7s\x91g\x03\xb9:\xc7\xd5\xa9\xbc\x9a\x8b\
\x1f\xdd\xff\xcb|?\x0b0\xd6kc\xcc\xb0]v\x1d\
\xa1[s\x8c\xb5\x1fc;\xd8\xc0u\x14\x13\x99\x94.\
\xee\xf8\xb6\xa4\xb3;\x87\xd9,].\x93\xef\xcc\xa5\xb7\
\x1f\xe4\xe66\xa4\xf1)\xf3\xebY\xfb$\x12\x89D\x22\
\x91H$\x12\x09\xf5\x0eh\x0e:\xdf\xff:\xbbe\xdf\
\x0b\xee\xdaw#\xff\x97\x88~1AQ8j\x84\xf2\
\x8aHFb\xb9B0\x81\xbb\x90Z\x9a\xbc\xc3\xd9\x0f\
\x8cg\x22{\x5cUu`\x99\x96\xd0\xae5&0P\
\xf7\x09\xf9\xea\xed:\xe2\x80$\xde\x85U\xc8\x0b\x96\x0a\
\x18\x1b\x85\xaf\x18P*b\xb6\x14'\xb0\xc5\xf6-\xae\
-:\xff\xa4\x8c\xce\x11\x93D\x11a\x81\xed\xe3\x11\x07\
\x1e\xb1$\xc5K\xf0Iay\xc4\x8e$\xc0|\xab\xf2\
\x13\x99X\x07\x8d\x12\xd2t\x1e\x11\x13aE*{\xe3\
\x00?1\x1d\xfdy\x1e\x7fe\xa9\x1b\xeb\xcc\xe9|l\
wN\x0ei\xb6}+\x90\x12\x81,\xd6\x87\xefp\xf5\
\xfd\xff^\xfb\xd91\xe7\xfb#\x19\xdd\xd1\xf81d\x8a\
\x1a\xe7\xda\xc6\xb9\xcf\xc4'\xe5\x5c\xec\xba\xbe\xbe^+\
\xad\xc6\xf4\xde\xffg\x22\x0eIl<V\xb5\x0a\xe6$\
mGql\xd2\xb6b\x1b\xccr>\xf3\x7f[~\x07\
!\xa6\xb4\xb5c\xfc\xd5\xfd7;\xf6\xfe\xaf\xfd\x11\xe7\
\x03\xd1\xa8\xd3\xfe\xb4\xff\xb3/\xb2_\xfa\xfe\xbf\x9f?\
O\xfd\x9f\xf3\xae\xfcN\xcbB}\xc5\xf5\xff1\x97\xfe\
\x8a\xffK\x1dP\xb77\xfe\xec|~\xef\xfe_T=\
\x11\xde=\xdc\x03\xe7S;\xdc]\xff\x7f\x85\xf5\xf7\xb0\
\xf2\xb5\xfd\x9d\xc2)\x13\xfa\xbf\xc8\xf1\xeeIBX[\
\x9b\xbc\xb1m\xdb1\x9e\xd7\xed\xf5k\x1c\xe0{\x9ea\
\xedz\x9d\xb8\xfe\xa6\xeb\xc0\x04\xb77\x17$\x12\x89D\
\x22\x91H$\x12\x89\x18\x85\xfe\xf3\xbf\xce\xea\x19\x83D\
y\x07^\xfb\x8a%\xe7h\xbbEj\x8b\x22.r\xba\
\x8c\xb2s\xf8\xef\x87t\xf6j\x81\x1d4:\x80\xf7%\
\x16e/\xa7w\x93h\x0e\xa1\xaa\xd2J\xd3;\xa0\x0b\
M\xc1\xcc\x22\xf4\xc2`5\x0a\x5c\xad\xd5\x0ba[\xe2\
t\xa5\xab:\x04\x83\xcd\xc7\xc7\xed\x17\xe4\xcb-\x0b\xfd\
\xfa\xed\xeakr\x97\xa2\xc9\x85r\xd6\x1e\x18d\xef\x82\
u\x0c\xe8\xf1\x13\xaf\xd9\xfc\xd6>$\x12d,\xd1d\
\x8b\xaa\x1b\x9d\x8e\x81}>k3\xebU\xfa\x0c\x81\xeb\
\xb7\x89O.q\x1fD\xeds\xd2?\xef<\xaf\xc3\xbc\
wq\xda\x8e>\xa2\xf7\xaf\x96\xaf\xeb\xba\xe7\xff\xde\xbc\
\xe8\xcbz\xa2\xeb$\xed\xc4\xffO\xf4/r-\xaf\xa2\
O\xb5s:\xd2w6\xd6u\xb9'\xfe\x7f\x19\xc4\xf7\
3\xd6c&\x80\x95~\xbf\x8d\xaa\x93\x8f\xfbb/\xe7\
3\xffw\xb0\xf5\x7f\x82\xb96\x16sg\xae\xb8\x8b\xf6\
\xbe_\x87\x18\xa53\xdc\xf1i\x9d\xf7\x9cH\xac\xf4\x89\
\xff\xd7\x8d\x1dk;G\xdb/\xcb\xd7/\xfa\x7f\xbfg\
\x87\xeb\xa4\xaa\xd2\x82Q}\x15\xffQ\xfe\xaf\xe5`i\
e{ic\x82O\xaa\xa3\xbb\xaar4\xec\xc5{A\
K\xaa\xfc\x92\xb6V\xae\xfc\x0c1\xed\x97Lz/\x15\
\xae\xb7L\x0bl\xb3\xb8\xda\xd9\xc3\x83D\x22\x91H$\
\x12\x89D\x22\xd1\xf0\xc2 \x1f\xf7\xf8\xb4]y\x9c\x8d\
\x03\x1e\xb3\x9b\x89\xdaNh\xf9A\xbf\xb3\x85\xb8\xec\x86\
\x99^n\xd1m\x91\xc0\xdb~\xa2\x9dz\x87Q\x196\
I\x1a~VC>\x13\xc8#\xb2\xa6\x17\xa2-\xbd\x1a\
\xed\x9a\xd2v\x91s<\xe34\xf8\xe4\xbc>\x19<\x93\
\x14\x88w\xe09\xc9\x0aK{\xf6\xcd;)\xa3>\xb7\
\x04\x0a\x1e\xfb\xf6\xeb\x9dW\xb8\xd3\xe9\xe7\xa7N\xfa\xbc\
\xf2H\x1c\xebqM\xe11\x97\xb1\xf9-1-\xe47\
\x91<\x85\x11{#\x9b\xbc\xf6\xf1l\xf3\xae\xaf\xf2\xe0\
\x03\x07\xe6\xc9\xa4_8\xdd':\xd0\xa7\xa26\xe1\xb1\
=\x88\xf5V\xa0=\x18\x80\xf4\xe8+\xf6+\xec\xf2a\
P\xef\xfb?\xcb!Sg%\xc5\xfc\x9d\x8f\xd3S\xec\
\xfd\xdf\xda\x13\xe3s\xff\xdf\xcb\xf4\xfc\xff\x14Q;\xe9\
sio=_\x10\xe1\xdc!\xf6\x97P\x16\xda\xb8z\
=\x87\xb5\xf1\x13\xff\xe7y\xa78\xb6\xf05U\xdf\xba\
\xdbyI\xaa\xfe\xbam\xbe\xe5\xff\xda\xa7m\x1e\xd7\xa0\
jwE\xa3\xaev\xefo\xdf\x08\xd2\xf3\x88\xd5\xf3{\
\xfe\xff\x1ac\x85\xb3\xf2\x1c\xa4\xda\xe3\x81\xcf\xce\xba\xd0\
v;g,\xcaQ\x7f\xbdH\xb7\xe3\x9e\xff\xcfz\x9e\
\xf8\xff\xce\xc2o\xfb\x7f\xf3\x0b\x9alC\x9d]\xb3\xb3\
\xae\xd2\xdfx+\x8a\xcc\xe6\xfb\xa9\xd6\xd7Vs\xb5\xdf\
\xff_J_+\xaeu\xb3\x5cy\xc0\xc3\xf9\xcc1<\
\x00\xe2\x8d\x13\xd7y\x91^\xc2\x07e~\x1f\xe9\xfbR\
\x22\x91H$\x12\x89D\x22\x91\xd8c\xec\x80\x96\x85\xba\
\xde\xa1\xd6^[\xc1\xaf\x89\xf8\xef\xff=\x0a\xe1s\xc8\
He\x10=6\xd8\xc2\x85\xbd\x09\xb0\xfb\xbf\xac\xab\x18\
\xf3\x848fb\xe1\xa5\xe4q\xbe\xb6{\xa5:\xe5#\
KLC\x94\x02\xbb]*\x04)\x02\x0e\xb8\xa3\x1dD\
\x13A\xa1\xcaJ\x9e!\xab\x14\xf2\xa8j\xab\x13\x09\x8b\
\xea\x90\x1e\x9a\x139\xdfI\xb5\xd2km\x7f\x12\xb4\xae\
l\xb8t\x97Uo\xcd)\xd1\x0e\xc6'\xb6\xed\x88,\
\xff!BdY\xac\xe3N_\xcc\xbaWy\xf7\x16p\
\x19+\xd3\xdb\xfd\xc8\x12\xab\xf9$>\xee>\xbej\xb7\
\x13Dm\xe2\xd7{\xd5\xd7;\xcf\xb9\x07l\x0f\xdc!\
j\xf5?\xf7\x7f\xddn\xa7\xe3\xf6\xcc\xff\xab\x9b\x7f'\
\xef\x14O}l%\xef\x8d\x99\xd0\xb1\xe7\xa4\xd2p7\
\xe3\xa7\xb6\x9d\xfb\xbf\xb6F\xe5[\x5c;\xb1M\xae\xd7\
\xa5\xee\x13Y+\xf9;\xff\xc7\x96F\xff\x07I\xca/\
\xd8\xce'\xb8\xe7\xff^Y\xb6\x08\xca\x12\xdd\xd8\xbb\xec\
c\xef\xffu\xeb\xff\xf4\xd8\xffc\xebw\xfeOK\xff\
\xff\xc68\xd2\xdf\x02\x92G\xaeU\xe5\xb1\xbe\xebh\x06\
\x1bZ\x0e\x19\xfb\xf2Y\x9d\x973\xd7a\x07/\xa2D\
\xe7\x95V<;\xc6\x9eh\xf2\xf0Sj[\xe3Y\xdb\
\xcb{\x0d\xf9\xdf>\xfe\xef\x7f\xaaFcm\xd8\x0c\xe0\
o\x05&\x12\x89D\x22\x91H$\x12\x89s\x8c\x97 \
\xcaN\xa3\xf6)\x8bmN\xef\xa1Gmt/\xa9\x9d\
-\xb8\x88\xb7A\x92%LZZe9\x84\xbbM8\
\xc8\xf0\x88(\x08\xc4\x9c]JW\xb81\xd9\xab\xc9Y\
/\x10\x9fPy\xa7\xd5|\xe9\x1d|F\xc4\xd4\x1b\xbc\
SO\xea#v2\x110dq\xc0Kk\x0a\x0dm\
f\xf9z\xb7\x95\x9f?\x0a\x84\xc7\xce\xa9ZM\x80U\
\xdd:Y\x1b\xf0\x9a\xa7\xe3$\xb8u\x09\x88\xf1\xaf\xd3\
\xb7N\xf0n\xe5\xdc\xb5E\xf7\x87\xdeE\xdcv\x5c\xb5\
c\xb4\x8a\xfaC\x83\xb2\xb1\xebD\x7ft\x9d\xfbN\xcb\
n\xbb\x12\xd1\xc7V\xb2,\x81\x12\xd9\xf5*\xa6~\xbd\
\x8eVC\xc1\xf4R\xc2\xf1\x1f\x9d{\xba\xd1?\xb0\xed\
\x8dV\xb7,\xcdVOz\xbd1z\xe2\xff+\x82\xed\
\x9e\xff\xcfm\xae\xc8\xfe\x03\xc2\xcd\xe6\xf3\xfd\xbf\xba\xf9\
W\xfe\xef\x95\xfb\xa7\xfd\x7f\xeeo\xe9_\xeb\x0bB\x02\
\xcdy\xf6z\xe4\x9a\xe73o\xe0\x8eke\x1d\xf8\x7f\
!g\xac<\xf6\x7fk\x07\xde\x87\xcbMY\xe7\xfe_\
\x0e\xfd\xdf\xb6\xf9w\xfc\xbfN\xf6\xee \xfd\xed\xad\x00\
\xfey\xff\xaf\x8f\xfd\x7f\x9e\xcb\xbc|\x9e\xff\xdb\xfb\xb8\
\xf6\xffY\xee}\xff\xc7o\xfe\xe05\xfd\xed\x06\x91o\
S\xbc<v\x1eG\xf2YY\xa1\xbeug\xef\x1d\xa2\
K\xbf\x16\x83\xe0\x9bt\xce(!i\x992\x0c~\xff\
\xc06\xff\xc8\xf6\xcf\xfb\x150U\xfb&\xaf[\xb5\x0d\
^}\x12\x89D\x22\x91H$\x12\x89D\x04\xf8%!\
\x1b\x9c\x8d#\xbe\xdc\x16\xe9p\xce\xd7y\xf71\xef^\
\xb1\x8bt\xbd>/*\x8dw\x96\x18\xa1\x90\xdb\x06\xe9\
\xd5\x04\x97e\x0a\xd6\xe5\xb8\xed\x98\xe2`\xe3M,b\
 8\x11\xb9U\xde\x09\xddH\x80\xb3\xc0\xda\xeeP\xf2\
\xc8\x0d\xacA1\xe5\x22\x1dV\xd6\x8e\x80C{l\x90\
\xca\x9f\x1c\xee\xd9\x1f\x91\xb2\xb6`\xb0\xef\xc9\xf7\xca\xbc\
\xe1\x917+rh\x10\xe2\x0e\xe1\xcc\xc7+\xa2ve\
\xcb\x09\x11\x82\xe7\xba\x1f{:\xe4a\x02\x22\xb2\xe5\x09\
f2C\xdb2\x8b-.yc\x89\x16\xe5\x0b \x1c\
I'\xfeD\x7fZ\x91KQ=-\xe9\xb9zP\x80\
e|\x9d\xf1\xb8\xb66\xd9\xcf\xd9\xffu\x1a\xef\x5c\xf4\
\xfd\xbf\xaa1\xe5\xd5\xf5S\xff\x8f\xcaE:\xd6\xfe\x1f\
#\xd2\x8f\xb2\xcf\xfc?\x96\x1f\xe5y\xe2\xff\xab\xfck\
\xff\x97y\xea\xfb\xfe?\x97\x8d\xfc\x1f\x19\xe3\xb3\x1e\xf2\
\xech\xf5\xd0\xfe_\x8c\xffk\xbf\xe2\xe3\x9d\xffc\xde\
U;\xd9\xeb\x85\xeb\xa6t\xa9\xabC\x1f\xde/?\xf3\
\xff=\xc4^\x0a\xf5\xfcS\xfeO\x1f\xfb\xffue\x94\
;\xf5\xffb\xe4Nk\x1b#\xfb\xa9\xff_\xa3\xb2\xc4\
y\xf0\xe1-\xdfi\xd6\xfe?]\xd2c^\xad\x0fa\
\xacT\xbdv\xf4\xe5T\x11b\xeb@E]*\xfd?\
\xb6\xad\x16y\x10\xf4\xfef^\x13\xf5R\xb2\xee\x8e\xdb\
D\x22\x91H$\x12\x89D\xe2o\x87z\x05\x07\xbfn\
\x83\xcf9\x0b\x99\x1d\xcb\xd4R49|}\xa5Q\xfd\
\x8c\xcb(\x8b%9X\xedB\x8c\x1e\xf9!\xc3\xf6\xe3\
\x87\xf2\xde\xc1\x96\xcf\x04\xc7p\xf6\x0e6^e\xd6;\
\xcaz2F\xa0IP\xb6\xba\xfa\xce!\xbam\xea%\
\xbd\xfa\xaf?@\xec\x83\xf2\xb2\xcd?\x82W[\xb2\xac\
v^\x22\x81\xc6r\xce\xec\xbeM$\xa8\xfc\xd8_U\
\xd9\x89\xf6>\x0d\xf8|\xdb\xe2\xba\xdc\xd1rR\xef\x1d\
\xf13\xb7\xeb\x99\x05qy\x01\xa6\xd8Q\x89ev\xe3\
\x91\xf5xe\xcf \x84\x83\x1dS*W\x99\xbf\x02\xff\
i\x1bG\xed\xe3\xe9:\xd5\xf7\x14\xdf\xf1\xff}\xfep\
<\x94\xf5\xcekKzYr\xf2[\xfe\x7f\xc7'\x9e\
\xf9\xff\x19\x89\xfdi?\x87\xb2O\xf2\x1c\xf8\xaf\xa3\xf1\
\xc3\xf2\xbe]'\xfe\xafX\xbeZ\x1d\xd6/\x1eW\x0c\
\xec\xcf\xef\xf8\xbf\xc8\xa2?\xe2\xffB\xb0\xae\xea[\x83\
\x1c\xe7\xfeO\xc7\x88\xfc\x9fB\xff\xff\xd9\xca\xf2\xfd\xbf\
\xcf\xdd\x85\xc6\xa6\x03)\xc7\xea\xa4}\xea\xf4\x9a\x8e\x96\
\xfe\xc6\xcf\xf8\xa1I\xcc\xd3v\x1f7;\xc5\x96\x9f1\
\xce\xeb\xd0oe\xfa\xaf\xee\xa8\xc6\xb6\x9eZ\xaf\x0a\x5c\
$\xf3\xb5\xe9\x19\xef\x8c\xdd\xa4\xda_\xd1\xe1\xf7\x22\xae\
\x93u;%\x12\x89D\x22\x91H$\x12\x89\x18/Y\
@\xeb\x0b\xbc\xfb\x83\x8f\xaf|\x10\xcfL\xd4f\xd5\x01\
\x5c?\x9a\xd2\xac\x9ei\xa7W\xd5\xef\xd6\xbb~\xe8\xf0\
\xc5\xd7\xab\x15K\x84\xbbV\xe0\xdc\xc3\x5c\xc7\x96\xd0\xe4\
\xb7\x00\xa6\xc2\xae\xbas\xd8\xfc>\xf9\xccv\xe2\xa7+\
m\x22\x89\x8a\xfa\xb3\xc1\xce\x09\xa9\xb4\xcf\xa7\xed\xc2\xfe\
\xc7\xb2\x18p\xa1\xac\x9d\x0d\x96Z\x9d\xc9V\xd1\xef\xb5\
\xd1\x09\x01\x89\x9fJ\xf7\x14\x9c\x9bt\x18\xe8\xc5\xc8\xdb\
\xe9\x8c\x02Pl\x1f\xae\x93m/]W|\xc5\x86\x96\
c\xe5[\xb9|\x8c\xc0\x11\x89\xf5\xbc\xd3g\x9e\x1e\xb2\
2\xddrh\x81\x1e\xb3\xbe\xff\xebzZ\x9b\xec\xce\xd3\
\xa8\x8fw}\xe6\xf5\x91\x95\xff\x0dRr\x85g\xfe\xaf\
\xf1;\xfe/\xb2\xb8\x8c7V\x9e\xfa\x7f\xa4\xc7K\xff\
\x9e\xff\xb7\xb1g__\x83\xed\x11\x95\xfd\xd4\xffy\x02\
-X'>'\xcf\xff\xcba\xbd\xf47~N\xc7\x13\
\xcb\xf8\xc4\xff\xbd9\xc5\x9bu<\x99\xd1\xfc\xfc\xb9\xff\
s\x1f\x17j\xef\xf4\xd5W<\x1b\xec\xf9=\xff\xe7V\
\xd8\xf8\x91\xf9\x1c\xe9\xc7\xfe\x8f\xba\xc8\xb5[\xe7w\xe6\
D\x93_\xf2\xf9r9\x0f\x97\x99\xc7J#r\xcb\xb8\
\x8e\xe5N|f\xe7\xcf\xfd\x157E\xfa\xb4*\xa2\xb7\
\xe8\xdd\xcb\xbah\xb7\x9bO\xc5_&U\xa5\xcb\xeck\
\xd6*\xdb\x1eh\x0c\xa2\xf3\xa9\xec\xd6\xbc\x97H$\x12\
\x89D\x22\x91H\xfc\xcd\xb8\xbe\x87)A\x11\xff!\x99\
\xcc\x07\xed\xefZ\xa4\x17\x8c<f\xa1\xc5\xd9\x19U\x82\
\xdd8\xfc\x95M\xd6\xad\x8fk\xdbi3\x82\xc2Bz\
\x1b\xa7\x90\xa5\xed\x0c\x83'\xd1\xc1\xbf\xca\x1e\xc5|-\
&\x93\x00\x8b\xa8\xba\x810\xcb\xf6\x8e\xd1\x9e(\xe5\x1e\
A\xf3R\x01\xde\x1d\xe2\xe8\x8d\x97!o\xee\x12D\x88\
\x88\xf0\xdb\x92\x926PV\x9fs\x10\x1c\xd9\xe7\xee\xee\
\x0a\xf2\xec\x89QS\x8eH\xc8\x15h\xa7\x1d\xe1\xf5\x06\
~\x8d\xd9k\x0b\xbb\xab\x0e\xb5\xca\xa9m\x07\xdd\x8f\xde\
n4\xb6\x97<\xd2\x8b\xe61g\x89\x04k\xa7M_\
\xb5\xa5?\xe67\xe3`\x91\x86\xef5E\xbd\xb6\xed\xb0\
\x0d\xa2\xf1\xe0\x91'\x91L[~G\xb0Z]\xf6\xf8\
\xd2AsO\xaa4\xd3?\x85h\x22\xaa8\xed\xd5\x09\
\xcbq\x0d\x8e\xbdZ\xd8\x87)\xea\xfd\xde\x8e\xffO\x9c\
L \x17eZ};\xff\xbf;\xdf|\xd7\xff\xbd\xb1\
KpM\xf2\xd91\xf2m\xff\xdf\xf9\xaaK\xc5m\xfc\
_\xcf!J\xe4$\xe7\xdb\xfe\xef\x8dY-\xf35\x95\
\xfb}\xff/z\x8d\xd0\xab\xfc2s\xbb\x87\xe7\xfeO\
\xb4\xf0\x1a\xa9\xa7.p\x04\xed\xafe[\xd4\x1f#\xb1\
\xff\xdfAD\xf8\xfbc\x09\xd2Bu\xde\x85\xfe\x1a\x17\
\xefJ\x01F\xd8\xb4K\x93\xc6O\x1e\xd0\xe7\xd8\x96\xd5\
z\xade)\xa0\x87wv\xb75#\xb9vj\xbb\x12\
\x89D\x22\x91H$\x12\x89\xc4)^^\xa0\xd5\x021\
\x93\xd6Id|O\x1e^\x1b\xbbJ&\xf2Z\x82\x92\
)`\xee\xbb\x9b\x09\xbfFKc\xf3X\x83\xc3\x94\x14\
%\xab\x1a\x89&@\xadu\xfa*hD\x1c\x95\x22g\
Q\xc0\x8a\x04\xc7\x091R\xdd\xb23l\xe0(\xc71\
A0\x9d\x9b\xe0\xbc\x80ll[\x8d2\x11\x06\xd1\x0e\
+\x1b\xe4zyQw)\xb8k\xae\x98?\xa7\x8c#\
\x7f\x95\xef\x0c\xa2\x93\xfb\xf7\xb5 \x22N\xc9'\xce\xbf\
\xd4\x5c\x9c\xc1\x1b\x9c\xefv\x22\xbe,\xa1E\x8d\x00S\
\xad\x0a\xa4\xa5g\x03\x12f\xd1\x8eDN\xdb=t\xb0\
\x04\x91\xb4\xf1\xac#:_\xd9\xe4\xf9\x03\x9eG\xede\
\xfboG\x22y\xb2\xf9x\xe5\xff\xc5\x1e\x83\x5co\x84\
\xa3?\x90\xb9\xcee\x8bg\xc3\xe2\x98\xff\xc6\x0fc\xd6\
\xea\xeb\xe8\x13\xea\xc8\x836\x91yX\x05y\xec\xb8\xc2\
y\x86@v\xe4-w\x09\x9a\xdf\xf1\xff\xb9\x1c\xce\xe1\
\xf8\xd9\x9a\xe97\xfd\xdf\x5cg9\xac\xdc\xa4\xa3\x1eo\
<6\xdf\xd1\xf3\x9b5\xe9O\xf9\xbf\x1a+\xbd\x163\
A\xfeO\xf8\xbf\x9f\xc7\xc3\x1d\xff?\xbd\xff\x8fr\xa4\
}8\xb2\xc9\xbf\xcf\xebWr\xac\xda\xc4\x1ds\xb5\x06\
\xfd]\x5cy\xf1\xfd\xbf\xd9R\xd5\x831\x0a\xa1\xe5\x8e\
Y\xd2)\xd2\xd2ez\xb1\xbe\xe0\xdd\xd3\xbc\x19V\xf2\
\xeaWr\x14Un\xf4B\xb1Z\xfa\x0f\x14V\xdcy\
M\xa4\x9bG\xd2\xd1\xd6\xa7sR\x22\x91H$\x12\x89\
D\x22\xf17A1\x8f\x9d\xa7\x18D\x9d,\xbe\xeb\xd8\
\x19\xd2b\x85\x02\xef\xd7\xe3\xddCE\x910\x97\x84]\
\x84B\xb0{\x89w.\x11,\xfa\xdf\xf6\xfc\xc8n\xe6\
\x8a\xe4\x09p!\xef\x18\xb6\x98z\x88m6T\xc1\x1d\
e=\x9f\x1b\xa8H \xec\xed\xfa\x94`\x1f\x02|C\
|{\x01\xe7.\xf8\xe5\xdd\xdb^`c\x89_\x0e\x0c\
U^\x87\x10\xf2\x89P\x09\xe2lp\xba\x0e\xbc% \
\xb5\xc7(\x9d6)+\xd8:\xef\x82\xbcyW\xda,\
O\xc6\x99XTH\x93\xceQ \xbe\x22RW\xbb\x0b\
\x7f\xd4\xd8%\xd0\xec\xdb\xb8\x83\x0d\xbbw\xa4\xb5=\xf7\
l\x951D\xa1=\xba\x0e\xcd\x0a>\xc6qh\xf5\x9e\
\xd4\xc9kK\xdc\xb1\xf7\xde!\xb9\x92}\x91\xf3\xe6\x07\
\xb5\x14\xd9\x1a\x8c\xe5\x02\xf9\xec\x1f\x12\xbaH\xde*\xaf\
q|m\x22\xe5\x1c\xdd\x9f\xf9?M\xf2\xad\x7fD\xc4\
\xe1\x0a\xa7\xfe\xafH\xc6*\x84y\xad\xf5\xc8\xc3Og\
\x81\xcf\xfc\xdf\xaf\xff\x8a\xb0lm\xf9\x02b\xcb\x8eq\
\x22\xa2\xb2\xd57\xfb\xffO8\x87(\xfbH\xb7/\xd1\
Y[y\xf7%\xb9f\xf3\xd2\xc6\xff=\x92O\xeb\xf1\
\xeam\xfd\x9f\xd4=Z\xdfg\xbcZ\xfd\x86\xffK~\
Y'x~z\xe6\x8b\xf5`Lq[j2\xfd\xb9\
\xff\xdb1\x8f\xe3Q\xcb?\xf5\x7f{\xef\x80\xab\x84\xeb\
%\xb4e\xb6\xaf\x13\xb8\xa8\xa7\xac\xc6a%\xbd\x02\x92\
\xb5^d\xcb\x98_F={1\x92\xbe\xd4\xf2\xf8C\
\xfa\x1c$\x8dr\xba\xed\xde\x89\xb5\xad/\xaf\x8f~\xff\
\xaf\xb2\x06\xc5\xbcu\xd2?\xdf/\x13\x89D\x22\x91H\
$\x12\x89\xc4\x1e\xe3G\x08\xf5b\x1d\x03+\xb9\xcc;\
C\xd4\x0e\x12\x13\x9c[\xb2W\x82\x0e\x9d\xa3\xd6\xf6\xee\
e\xaa\xf0\xde\xe5\xdas\x0e\xf1\xe6\xf5\x1b(\xb5\xea@\
E\xd2\xb0.\xe5\x22\xb0\x1b\xa1\xfd~\xa5\xc5\x8f\xd2\xdf\
\xc8\xe9 \x14r\x83\xb9\xa2\x82\xbeI?\x9f\xbc\xaf\xbd\
\x83\xe2\xba\xdfQ\xab\xaf\x97\xcdu\xb1\x8d\xaf\x0d}\xe5\
\x84\xb2\xd0:V\xb6\xbd\xd3\xdf\xc1\xffnw\x95\x22o\
k\xdfADs\xffx:W\xc4\xd0\xce\xbe\xa9\xfd\x0d\
\x91:\x8f\x8d\xfd\xd7\xb8m\xbb\x9e\x10w\x1eQ\x13\xf5\
'\x92\x06\xbbv\x9dK\xd3v,a>\xb4\xc3\xd3\xbb\
\xd7\xe6\xeb<\xb5\xe1\xc4F~\xf7\xea\xca\xbe\xdd\xb83\
\x89\x97S\x8f\xd4\xcb\xff\x7fZ\x1a\xb0\x10\xb5\xe7]\xd5\
cE\xe6\xd4\x8d_\xeb\xba\xe99\xe9\xa8\x1eb\xa5\xf1\
\xa3>\x97\x966\xdb q\xf4\xa4K\xbe\xed\xffU\xf9\
\xff:\x7f\xa5\xdf\xf2\x7f\xdfw\xbf\xe7\xff5\xb4a7\
o\xdc\xf5\x7f\xab\xf53\xff\x7f\xe6\xbb\xdf\xf0\xff\xea\x9c\
\xfd\x86\xff{c\xa2\x8da=\xd6\xd0\xff\xa3\xd1\xf7\xcc\
\xff\xc5g\xf9w%N\xee\xfft\xbc>`\x1b\xa0,\
\xdd\xef\x93\xba\x90M\xf0\xce\xe5\xd8\xff\x87\x97\x0f\xfb\xa5\
\xbd\xec\xbc5}\xff\xac\xaf\xb9\xaaK^\xab\xbc0\xaf\
U$\x9b\x0b]?L\xa8\xbe\xa57\xf9\xffJ\xd6\xac\
\x91k\x84\xf66\x9f)\xd0&|\x0b)\x93\x94D\x22\
\x91H$\x12\x89D\x22\xb1G)\xff\xf3\x7fU\x02T\
\x5cX\xf3\x92\xbc\x10\xff\xfaxQ+xf\x89\xdf[\
D\x8a\x10\xd4\xf5\xc7\x09\x0c\xdb\xaeBK\xc6\x14 \xa8\
\xc7\xb9\x9c\x9a5\xbe\x10/z?O\xd7?*\xf4\xfe\
\xf75\x0ak\x1a\xd2i\x00*7\x82\x5c?\x10\xbf\xac\
\xf9\x80Li\xd7}\xa2jE\x00\xd8p\x10\xaf\xa3=\
H\xcez:V\xe0@\x14\xcfm]q\xd4h\xcb~\
\x07k\x02g\xee\xcfW9#\x03N\x80\xedq\x87\xcc\
\x8dt#q\xdf3j\x12\xf5@\xc6\xa9\xcd31^\
C\x9b\x9f\x90dQ\xde\x15\xc1\xb4\x93\x85\xf0\xc6}\xcf\
8\xe5\xb9\x83;$\x17\xaa\xe4\xf9\xa8\xcdMl\xaf\x9e\
\xd3Nd\xf9\xd7\x9b\x8c\xbb\x04\xa0\xf8\xbf4\x0b\xdb\xa6\
\xfd\xdf\xf6\xbd?w\xb5\xb1\x83\xed\xbb\x9f\xebN\x81\xad\
u\xab\xdc\x0d2\xf9\x8d\xf2\xeb\xfe\xbf\xaf\xc1\xca\xff\xb1\
-OH\xf7\xbb\xed\xa5\xfd?\xbc\xc1\xba\xba\xec\xf1\x0e\
Q\x7f\x8c\x01y\xd3\x06[\x8f]\xbe\xd8N\xe7\xa1\xba\
\xb5\xcf\x91\xbb\xeb\x0b\xd4\xeb\xfb\xc4\x9e$fB\xfc\xc4\
\x86\x99\x08\xf6\xf3\xfb\xf7\x7f\xe8S\x8a0\xb7\xf9|\xff\
\xc7)\xb7\xcfS\x86f\xc6vv\xact\xd2\xe3\xb4v\
\xd4e\xd6\xfe\xa2\x8c\x82\x04\xb8.3\x86\x1b\xf9\xf5\xaf\
\x8e\x8d\xe3\xb8@}\x90D\xafR\xffv\xfed\xe6J\
$\x12\x89D\x22\x91H$\xfen\x8c\xef\x8c\xda\x9d\x1e\
L\xaa\xb4k\x9d\x1c&\xce\xd2\x16\xea\xbcH\xe7L\xfc\
UF.\xc3\x18\xc4Q\x10\x1b\x0a)bh\x91\xc2\xaf\
\x01y9\xc13\xe4{\x0112K\xa1@\xab\xd2c\
I\x80\xf9\xb8\x18\x9b!(\x84|\x111\x83\xc1<\x82\
w\xd4\xb4\xebe\x92=\xef~r\xea\xbf\xd1\xe3\xe9\xb0\
y\x22`@\xbb*w]\xad\xe3\xe8H\xee\x9dtk\
O;&\xf7\xeb\xd7\xaa\xfd@\xa6\xd7\xae\x1c\x98\x22\x22\
2r\x9f\x87\xb66+\x19\xefk\x1c\xdc\xd7:\x1ed\
\x84#\xd6\xe9\x83\x13b\xc8'7\x9b\x05\xedk\xe3\xf3\
\x98Y\x8dA\x94\x1b\xd9\xe8\xc9\x8a\xe4\xa8tS\x0e\xff\
\xa6r\xfd\xefz\x17v\x99\x1f\x8c\x90[\xc2\xd7\x8f\xc5\
\xe4\xb8\x04}Z&2\x9f}LH\xe8YG\xcb\xe7\
\x90_\xe4\xb5\xb7\xdff\xbb\xfe\xf6\xe6_\xdf\xff\xed\xab\
%\x8a\xfb\xc7D;\xd6\xb7\x06~~0\x9d@\xdeJ\
\xba\x05\xb5\xaf.\xcbA[\xee\xfc\x9f\xe8O\xf9\x7f\xb9\
\xed\xffo0\xb9w\xe2\xcf\xea\x01\xccc\xff_\xdc\xc7\
~\xd1\xff\xdb-\xde\xb3\xc1\xde[\xb4\xac\x95\xff3\xce\
\xfc_\x8f}{\xff\xa7\xed\xfd\xdfH\x0b\xc6\xd8\x9c_\
\xfb\xb1\xe7\xff\x85\xe2\xf6~\xee\xffs\x1d\xec}\x91\xc0\
\x07\xad\xbd\xca\xbe\x12\xf7\xd1\xb5\xf6\x19\x0f\xcb&a!\
E\x1bvS\xc5Re\xba(SO\xed\xfe\xaf_\xe8\
\xa1y|\xdd\x16\xae\xff\xbf\xd7\xb1]\xde\xe0\xa0\xa9\xbf\
\x8e\xa3\xcbk2\xebd\xcb\xee\xbe\x96H$\x12\x89D\
\x22\x91H$4^^p:mX\xe2KW\x9c\x01\
\xc1\x86Zw\xeb@\xa0\xbf\x81BA\xc8\x99\xae\xa7\x07\
\x1a\xbc\xc3\x8e\x83\xb1\x99\x18A-C\x1a\x1b4\xe2\x95\
\x89$\x18F[[\x0a\xd6\xb6\x1d\x97b\x8e\x09\x8eM\
 \xe3\xfc\xe9\xfc^\xbd\xfd\xeb\xbb\xfcs\x9dh\x04\x8e\
^\xd0\xab\xf3\xb3\xec}\x10\x1d\x11cQ~]\xf7v\
tJ\x86\xb0,7\x18\xdf\xc8\xc0\x1f\xdej\xc4\x81\xb6\
\x86\xc9\x04n'\xd4iuy\xc15\xda\xe5\xf5[\xf4\
\x00\x81\xc8'\xf8W\xe4s\x17\xac\xe4\xdb\xb2|\xed\x0e\
\x09\xe4\xf9\x0e\xda\xa9\xc9\xc9xl*\x89\x01\xe1\x12\x81\
\xbf^o\x0a\xb9y+\x92p\xd0\x7f\xd1\xdfT\xbe\xa2\
\x8fG\xed\xc4G\xbeD\xe9;\xefa\x10\xb6\xdbz|\
\xfe\xb6\xffc\xda\xde\xff\xe9\xd8\xd6\xbb\xfe\xdfSh\xf2\
\xbd\x0dX\xac\xf5\x7f\x9e\xcf\x06Y\x19\x00\x09go\x0e\
\xf1\xfc\xf7w\xfd_n\x84\xb3\xff\xef\xe7\xb4\xf2\x81\xff\
\xe3\xbd`\x87\xe8\xa1\xeal\xff\xdaNO\x9e\x87\xc8\xff\
=\x1f\xae?\xb2\xa6X\x93\xc8>V\xfdl\xf3hh\
?\x1f\xb3\xa6CT\xee\xe4{\xf9\xa5\x1c\xebZ\xfb\x7f\
q\xf4\xac\xfd\xbf\x95B\xf9O\xfc\xbf\xd0\xbcn\xf0\xc4\
\xf8c\xb0\x8cu\x94]G\xf2U\xaca\x85o\x8ch\
\xb2\x99\xc6\x9ar5\x03\xbc\xe0:\x8e\x15\xe9;\x98\xeb\
\x83q\xc1\xdfz{\x93\xcfo\xa2\xb9\x91\xcd \x93\xc9\
\xe8.\xafUK\xd6R|\x9b\x12\xbb\xef\x8d\xd7D\x22\
\x91H$\x12\x89D\xe2o\xc5\x15\xcd\xb7 y&\xd6\
p1\xcf\x81\xb4\x04\x096\x90\xac&p\xc2E\xba\x0d\
x9h\xd0\xc1][\xfcs9\x9f\x00\x99I\xa0\x8a\
\x19\x9c\xe0\x85\xc9\x11m+\x192\xbc\xe15l\xb9\xce\
\xcc\xee\xba5\x09\x11#&\x0fg\xa2\xc1\xca\xf3\x83,\
\xfd\xd5|{n\x09|$}\xee\xdb8\x13<\x12\xb0\
21w?\xe8\xb5\xc7\xde\xb9Sz\xb4\xd9\xb0o\x5c\
\x81\xbf.\x87\xfb\xef\x0ey\xb2\x22\x0b\xdb\xf5w\xfak\
\xb4qd3\xee\xdc\xab\xe2Dz\xe4\xd6\xea\x04\xffZ\
\xc6\x1b\xf8C\x5cx\xcd\xfa[\xbf\x02e\xab\xb2sE\
\x88\xef\xc0_\xe1?!\xc5\x89f\xe2\xad\x80\xa1HS\
`\xfa\x8b\xc9\xe7E\x9b\x9e\x10If4\x90\xd7O\x96\
p\xf1\xae\xfd\xbe\xff\xd7[\xfeo\xd3b\xff\xf7\xed\xfb\
\x96\xff\xdb\xf4\xb9-\xed\x9f\xa7\xa7\xb8\xfe_\x16R\x98\
p\xb5~\x14\xd5\xe5w\xfc\xbfN~\xe0X\x00\xfe\xff\
r\x89B\xd4\xf5\x0d\xff'\xe7\x1e\x81\xb2c\xff\x8fZ\
\x5c\xe3S\xff\xc7t2\x1a1\x7f}\xe4\xff:\xcfI\
\xfa,G\xc8Xn\xcb\xff|\xd5\xff\xe3\x87 \xaaM\
\xbb~{\xaf\xb7\xf2\xbe\xed\xff\xaf`\x1c\xdb\xaa\xe95\
\x06\xca\xf7\xd6]\xfd:\x1c\xa9\x91W\xac\xecV\xaaN\
/\xe2\xd0\xf79\xab\xaf\x9ao\xbc\xb1\xdc\xf2\x92\xf6Q\
\xf2\xb8|\x15\x09\xfc\xa1\xd7\xbbc\xbaQ\xf5\xe5u\xe8\
\xa9/$\x12\x89D\x22\x91H$\x12\x89\x06x\x05\xc7\
|qZt\x93\xecP\xe6E8^\x9f\xa1\x03\x80\xb6\
\x9bd\xce\xd7\x16\xf0B\xc8\xa1n!\xefh\xc8\xc0\x1d\
\x5ce\xda\xc1\xd4\x83lKv\x1b\xe2\xd3\x06\x85\x1e1\
2\xef\x9c\xe95r\x88\x13\x22r\xcb\xf8(\xca\x0e\xd4\
g\x09\x0e]\xb7hG\x94\x90\xa2\xdc\x96\xaalP\x9f\
YNL\xbe(\x02\xe8\xbfGH\xce\xf1qD\xa8`\
\x90\xed\xe9\x8al\xd1dE\xe1\x0bb[\x0dv\xd4m\
\xc8\x0c\x0c\xdc\xf93&L\xc4\x02\x1c\x1b;2o\xd7\
\x96\x9e\x1d\xd6~,?\xeb\xf3\x08#i\x17Kvy\
r\xee\x04\xcd\xbc\xa3\x11\xdbjG\xd6y\xf5\x1c\xc7\x8e\
]\x1e\x89\xa2w\xfb\xe1\xbc\xa3\xeb\xee\x8d\xf3\xc8>\xaf\
=\xbdv\xd9\x11\x83\xde\xf9\x99\xffk;N\xfc\x7f%\
\xdf\xf6KT\xd7O\xfc\xdf\xe6\xb9\xe7\xffd\xc6#\xee\
\xbc5c\x97\x8a)3\xebG\xff'(\x85s\xd4\xca\
\xa7_\xb7\xfc\x7f&\xff\xf0\xd3\xc3\xfe\xde\xc82b\x82\
|\xef\xff\x8e^\x11\xa0\xee\xa5\x91\x9c\xb5L\xec\x8f\xf2\
\xc8\xff\xed\xb5\x9d\xff\xb7~kW\xe5\xfe\xaf\xcf\xad\xde\
I\x06=\xf1\xff2\xf4\x8e\xeb$\xeb\x11\xaf\x1d\xa3\xf3\
\xd8\xc7\xe6\xb1\xbe\xf3\xffr(_\xca\xd0c\xff\xaf-\
\x83*\xe7\xe6\x1b\xfe/\xd7g\xffg\x89\xfd\x8f\x0fG\
\xdd\xe1\x9d\xca\xfd\x1c\xd1~\x0b\x04\x88yh;\xdc\x9d\
,2\xe4_No\xcb\xbb\xd5\xfd\xbf\x92\xdaI]x\
\xecI\x1e\xae\xc7;\x1d\xa7\x9c\x99\x8c>\x9f\xf3\x13\x89\
D\x22\x91H$\x12\x89\xbf\x19\x85\xfe\xf3\xbf\xb8\x9c\xa6\
\xf6\x83\x83L\x0e\x10\x11\x04\x08\xa5\x07j\x1cO\x14~\
o\xf4X\x9d\x13\x10\xd4\xa0e\x9c\xbf\xc65\x08\x91\x94\
\x9eR\xd5\xc5\x11|\xf4\x98\xc1\x04\xe7\xc5\x90\x0d\xfc\xe3\
\x83\xc5\xe8my\x07A#t\xee\x08\xdaVMd\x03\
\xc2\x88\xac\xb0\xd0\x81\xba\x04;|\x0d\xcf}\xcd\xb1L\
-\x9fn\xd9s\x9a\xee\xdb\xb0\xd7\xc32\xaf\xdc\xe5,\
\xff\x90>\x05tzO\xbb\xb5u\xb7cN\xff\xf8\xde\
]\xac\x89\xa1)\xbd\x0fn\x1bR?\xd5\x1e\xe9\x14\xff\
\xbag\x9f\xfd\xbc\xa3\x93\xc1\xe5\x972\x16}4\x97\x9b\
\x09\x08_\xef\xcb\xd5\xbb\xaa\xd3\xc9X9\xf1e;&\
\x9f\xf9\xbf\xc8\xe2kx~\x0a\xdf\xff\xef\xd9s\x9a\xfe\
\x09\xbe\xe3\xff\xf2\xa0\x91\xe0UJzN\xffy\xec\xff\
wi\xa3S\xff\xba)5Hg\xa2\xee|\xcc\xbay\
\xdb\x85\xab\xd1>\xf7\xffz\xe4\xff\xf5\x96\xff[\x0d>\
\xda\xf4\xea\xbf\xfe\xe0\xbb\xfeog\xeev\xfd\xe7\xd7\xfc\
\x7f+f\xach*=\xf1\xff\xbd\xddJ&y3\xb2\
\xd7+\x98\xab\x95\xaa\xce7\xddD_\x85\xdf\xe7\x00\x7f\
6>\xfe\xce\xde\xda\xba(\xdd\xa34\xd7y\xbcwZ\
~\x5cS[\xf9\xd3\xc6\xfc\xcf`\xa3Mm\x14\x8b\xcc\
\x8eB\xb6\xce\x95\xef\xeb`\xbb7\x87c\x1f'\x12\x89\
D\x22\x91H$\x12\x09\x1f\xd7\xd6\x15\xbdK\x86\xcf\xcd\
\x82z\xec\x00\xa9\x04\x9bP 2\x82\xac\x85\x17\xe7\xa5\
\x93\xc0\x850\xc0\x98\x8429L\x1e\xf9L\xc3.\xb6\
\xd5\xb3k\x04\xecp&z\x0d\xf9\xab\xc8\x8cb\x05M\
x\xbf\xa3VQf&\x00\xf1\xd21\xa8k\xed\xa9m\
\xe76\x8f\x82\x97\xc8\x1a+\xe3\x0e\x22\xbb\xbd4i5\
\x9dj\x89\xb8\x9d\xae\x13{P\x16\x93\x0c\xb5\xef|\xb3\
\xc1\xb0\x95\x1b\xb5\xdf;\x8d\x7f\xe0\x0b\xe5{\x98\xaf\x05\
\xb5\xdf\xf4;a\xb0Zk \x85\xd62\x02\x9dR\x8e\
\xeb<\xcb\xf3\xc8\x15O\x06\x8eK\xcf\xaeU@\x8d2\
\xd1\xbb\xd4_\xd1\xef\xd1\x8d\xc7,\xfa?E\xd2\x08\xc7\
]T\x17k\xdfi\xde\x93q\x8a\xe3\x08\xe5\xdc\xf3\xff\
r\xcb\xff#\xfc)\xff\x8f\xf0g\xfc\x1f\x1f\x82\xf2\x0c\
\xd0\x8e\xbd9\xfd\xa9\xff\x0f)\xce\xdc\xb7\xb27\xeaw\
;\xeeW\x90\xeb\x5c/y\xb7=Z\x10\x8dY+?\
$WI\xfb\xaa\xb5\xd7\xb3+\x1e\x93\xd6\x0f\xe39\xeb\
\xcc\xff\xb5^\x22\xaf\x05\xf8z\xbb:\xdd\xfe\xbf\xee\xff\
\xd6\x82r\xfdF\xc5\xe7\xf7\xff\xc8\xff_\xb4s=O\
\xb7=>\xc1\x89\xff\x07=\x0a\xf9\xf8\xdc~\xabI\x1f\
\x87\xb6\x01\x19\x8ck/\x19/\xed\xb2\x9ag\x82o\xaa\
\xf1z\xf2jo\xb2\xf5\xa1\xfenq\x9al-l\x07\
\xb6\x87L\x06`\xe7\x98e\xb0\xa4\xeb{\x89D\x22\x91\
H$\x12\x89Db\x8f\xf1\x0e\xe8yQ\x8d\x81\x0e]\
\xbf=X\x0b\x13\x01\xd7\x09!7P\xe1+\x8d\xadL\
\xbfXP&\x19\x1dU\xe9\xa8\xfcu\xcd\x96\xa2\xf2i\
\xfb\xf8\x1a~\x8dR\xd2\x0by\x815\x9e\x10\x94\x09\xf2\
X\x92\x83f\xbbm@\x87\x81'\x93\x84H\xacy\x81\
\x8b\x17\x04\xcf\xc1w\x0d\x88\x9f9\xb0u\x89\x96M\xa0\
je\xd0\xa4\xbf\xe9\xb2\xb2V\xc1\xbfw}\x96+\xf9\
\xf5\x8f\x8b\xb5s.\xfdzP?/\xe0\x8f\xc0d\x8a\
\x90@\x07\xf9M@;\xfe\x16\xe4\x8eg\x8fGX\xe1\
\x98\xb1\x7fL\xee\xec\xc8\x15o\x5c\xec\xfa\x8b\x02\xfb\xab\
!\xd5\xd9\xba\x95,_\x8e\xae\xd7\x8a,\xb2\xb2wA\
\xfe\x9d\xb1f\xfd\xd7\xcb\xb3\x92}\xee\xff\x91\xdf\xd2\x94\
\x7fg{$\xe7\xcf\xf8\xbf\xdfO\xbf\xe7\xff\xc5\x9c\xbf\
B\x1d\xd6oQ\xc6\x1d\xff\x7f_}\x95\xa2H\xda\xb2\
\xc8O\x9b\xb1\xf2\x99\xff\xcb\xfcN\x86\x10\xfd\xd4\xffQ\
\xda]\xff\x97\x87\x02l[<\xb6\x97\xf3\x88s\xee\xb6\
\x17\x91< \x18s\x8fn\x8fU\xf9H\xd7S\xff\xb7\
\xed\xf6\xa7\xfd_\xb5\x07\xd8\xf6\x1b\xfe\x8f-l\xd7i\
dv\x02\x8f\xdcJuP/XK\xb4:\xb5c|\
\xa5\x07\x95y>\xe0\x0b\xf3:p~(\xc1\xbac\xff\
\xd7\xba\xb8J\x05\xae\x15\xc8f7cD>\x98H$\
\x12\x89D\x22\x91H$\xd6\x18;\xa0\x19:\xb6n\xdb\
Q\xc6\xee\xa3Z$\xd3\x08D\xda\xc7E\x17\x9a@,\
\x0a\x12\xab\x09T\x98H\xc6\xfd\xae\x85t\xd0\xa3\x17\xfb\
\x12\xa0WEj5\x12\xa1\x12\xee\xa2\xe5\xe0\x9bK\xd8\
\xc0\x89?m\x901\xe7\x10Y:\xf0\xf4\xeaH\x14\xef\
z\x9a\xf3FauTN\x08\x17\xac\xa3\x95I\xa4\xaf\
yz\x9d\xcc\xa6\x83$\xc0\xf3\x82\xe9S\x12q\x87\x9f\
\x1f\x1e/\x9d\x9ctv/\xee\xda\xde\xc3\xde&i\xf5\
\x95\xfc\xca$\x08\x938\x9b\xa0\xff$\xed\xb4\x0e\xb6\xcc\
\x8e\xdc\xb2\xc4\xc7)\x0c\x9d \xc4\x8f\xa9s4FE\
?\x92\xcd\x22\xf1n\xdf\xa1\xec\xa8\x1f\xad,|\x1f\xa9\
7nX\xde\x89\xceH\xdf\x99\xff\xd3-\xff\xdf\xd9\x12\
\x95\xb3~\xf8\xa9\xff{c\xc7\xab\xef\xf7\xfd\xff'<\
?\xf7\xffi\x04\x93GN\xfb#\xd8\x8c\x93Z\x09g\
$\xfaW\xf8?\xbfn\xe95_y\xe0\xff\xd1\xfd\xc6\
\xca\x99\xc9d\xdb\xce\x85\xecC\x82\x95o|\xcf\xff\xe7\
o\x82\xfc\x9e\xff\xcf\xf7\x08\xfa\xaa\xff\xc7\xbd\x81\xe5*\
\x9f\x13\x0d{\xf0\xd3\xb3\xdb\x9a\xf9g\xfd\x7f\xdd\xd6\xb5\
\xaf\xff~~@\x0e\x95\xee\xff\xb2\xbe\xec\xca\x9a\x8eB\
S\xdb\x17\xf7\xac\x06\xea+\x08\x95\xfc\xcd\xb7t\x0e\xb9\
\x97\xf5uj)\xd3\x9a\xeb\x92\xf0\xc1\xdc\x97H$\x12\
\x89D\x22\x91H\xfc-x\xc9n\x0e ]\xc7Z\xba\
\x07E6\xee|\xe3Z\x99K\xda\xb5;\x1a\xae[\xc2\
X\x16\xf1,_\x16\xfd\xed\xb3\x07>\x8b \xa6:A\
\x83\xcd.\x81\x18\xd6G\x883|\x97\xa0\x8ea\x9c\x9d\
D\x9b\x00\xd3O+\xee5\x1b\xb0\xed>g\xe8\xf6\x5c\
\xd9\x10\x91\x1f+b\xa2\xed\xeakz|\xa2\x81\xdc\xe0\
\x99\xc7\x8f\x87\x1d\xd1 \x97\x9d\x1dX7\x02:\xaf^\
^\xb0l\x8f\x89\xe6]\xb8\x96\x08cC\x07\x09\x80\xf9\
\xf9\xef\x80\x10\xf6\xaekB\x02\xc9\x9c\xb2%qf\x13\
\xd7\xc1pH|\x88\x03\x0e+\xac\x8d\xb4%\x8c\xe6\xf1\
o\xc7Pd\x9f\xdd=x\x17\xb6\xaeH\xc4\xcc\xc4\x99\
\xce\xb7\x22f\xef\xb4\xffj\xac~\xcf\xff\xd7\xf8\x86\xff\
\xc7$\xd6\xac\xe3;\xfe\x1f\x8f\xd9\xe7\xfe\x8f\xedm\x8f\
\x8b\x9as\xda5\xad\x13\xfd\x1fI\xbe\x95\xff\xe3\xcei\
\x94\x85\xf6\x91s]\xfb\xbf\xbe\xf6\xa7\xfc\xff\xaa[;\
\xd0\xf9\xc1\xc6o\xfa\xa5\xa7\x9f?OIs\xf5\x19\xde\
\xff\x7f\xc3\xff{\x9f\x91\xb6\xe3\xbb\xfeOK\xd8\x99\xb6\
\x18=(\x0b\xc1\xcb\x99H~\xe4\xff\xbe\x8e\x12\xfa\xbf\
~m\x9a%zg\x9b\xf0\x9eg\xed\xc1\xdaN-l\
na\xb6^\x22[_k\xeb\xba\xf7\x01^cr\xf9\
\xfd\xe6\xe8\xca\x0bE*\xce\xfa\x90\xd7\xcas]\x9e\xcd\
\xdb\x89D\x22\x91H$\x12\x89\xc4\xdf\x84\x17\x07\xd7\xef\
Wn\xd8 e\x10\xb8\xbcH\x1f;Q \xac\xe0\xbc\
5 \xb8Z\xca\xf8\x94\x85\xba&\xbd\xbdr\xd3\xce\x1d\
\x1b~\xaa C\x13\x03\xad\x1eU\xe9\xe4}\xd6V\x97\
&(u\x10\xe5\xe5\x99\xed\xf5\xeb\x8bAlD\xb0\xe0\
\xe7>\xe0\xb7$J\x90kA Y\xf2q\x90'\x15\
\xaf\xeb\xe0\xcf\xe2\x94p\xf2\x03\xff\xeb\x0a\xa9\x10\xde!\
?X\x9em\xc3\xe8\xd8k77\xa06}\x86\x04\x01\
\xfb\x82\xd7\xc0\x85\xe2\xbaF\xc7\xb3N\x81\xdd\xf1\xed\x95\
\xb9C\xc2E\xba\xbd\xebL:\x0d\x92\x89\xe8\x88D\xf1\
u)*&\xcc?\x97\x9b\xeb\xb8\x22\xadv\xb2\xbc\xbe\
\xb7\xe4\x0e\x22\xf6\xff\xb3\xb1meDe\xbe\xeb\xff\x22\
w\x85S\xff\x1f\xe3\x9d\x0c\xc9\xba\xc1g\xfe_\x8f\xd2\
8\xfd\xf7\xfc\xff:\x83\xfaK\x1b\xec\xe6W\x94\xad\xf4\
\xb0 \x03\xdf\xff\x9d\x07]\xa6\xcc\xba/\x0a\xd9\xf9c\
g\xb7\xe7\x0fj\xfc\x11\xcd\xe4*\x9d\xf7\xa3\xf8\xbf\xb7\
\xeb\x9c\x5c\xddO\xfc\xbfH\x06\x8a\xee\x89\xbf\xe7\xff\xb3\
\xbd\xd1,\xfe\xdc\xff\x89\xe8\xc1\xfd\xd7\xca\xf6\xd2\x9f\xfa\
\xffL,\xb7Tk\x97\xff\xbef\xcc\x8dee\xed!\
i\xba/d=Z\xfaR\xc1\xfa\x1a\xdb\xad\x8a\x8e\xf2\
\xcd\x0e\xd26\x15)_`)\xc9k\xbf\xab\x5c\x81o\
@p\x9e\x8arD\xde\xdd\xfbt\x22\x91H$\x12\x89\
D\x22\xf1\xb7\xe2%\x8b\xe7y\xb1~\xad\xc3\xfb\xcef\
\x08\x0b\x94\x00\xbd\xf3\x19\x09L\x9d\x17\x17\xec\x1a=\x10\
Q\x91HqdE\xf0\x880\xea\xe4v\x8bJl\x1d\
9\xb0\x99m\xa9\xc3\x0eKB\xaf\x09:\xb1\x99\xe5\xaf\
\xca`\x00\xadZ\xabF\xef\x15<\xb7eE\xc4MR\
_\xafA\xd2\x93cw\xb4;m\x17L\xaf`\x09\x87\
\xd6tE\x02J\x87\xa0\x88H\x0a\xcf\x0e\xfbg\xb4\x13\
\xab\x89\xecj\xc1\xa7&cl{De\xedq\x04\x14\
\xb3#\xdfV\xf9v;\xf8\xd45\x22\x97$\xb1\xc4\x9d\
O\xe2\xc5?\x12xB:b\xfa\xee\xfa\x89\xac\x13`\
\xff{\xc4V\xe4kw\xec\x8b\xae\xed\xfc\xdf\xfa\x1b\x96\
\xbb\xebC\x16w\xfc\xff5\xfc_\x97\xfd\x93\xfeo\xf5\
\xd5_\xf5\x7f]O[\x96\xc7yT?\x9c+\xbd\xeb\
\xc3\x06\xda`\xe3\xd7\x9c~\xcf\xff\xf5\xfd\xb2\xae9J\
)u\xe0\xff\x83\xac#\xdfN+\xcfhP\xe9\xdf\xf6\
\x7f=\xaf\xc9\xd9\xef\xfa\x7f\x99t\xe1\x95\xbd\xff\x8b\x1d\
\xf6|\xd6\xb3\xb3e\x12:\xc9\x9c\xc7N+\x7f\xd7\xff\
\xe7\x87\xf7:\x7f\x1b\xfb~\xff{\xe7CL\xa1A\xfc\
^\x1b!`-*\xeb8\x12]\xec\x87\xc5\xc8/8\
\x07\xc4c\xb1\xd1\xd6\xed>/\xbf\x07\xf2.P\xe5\xb7\
L\xba\x0a&\xa6[\x1en\x8f\xb3{x\x22\x91H$\
\x12\x89D\x22\x91\xd0x\xd9]\x22\x83t&Yl_\
\x199(\xe9\xf9F\xd0Q\x0bo\x1d\xb9\xcaD\x84\x07\
'\xe9\x85\xfb\x1cD\xeb4\xb1\x83B\xd2\x90\x83\x1f\x0c\
8\xca,\xbb\xeaP\x08\x09\xef\x16\xd3\xb4\x88\xa3L\xf2\
\xd1\xde:\x05e\xa8\xe74\xf0l\x16\xfa\xf9t\x10z\
\xb6\x1b\x0f\x81?\xde\xc3\xb6\xbc\xff\xb8\xffX/\x07Y\
zW\x8f\x0e<\xef\x10K\x1e\xbc\xbe\x9532\x8f\x0c\
\xb4\x0d\x11V$+\xa7Y\xbdF\x82[f\xd8T\xe2\
\xaf\xd3\xdb@\xf8\x8c\xec\xd3\x14\x89%\xb8l\x9bG:\
1\xdf\xaa_\x90\x5c\xc16F\x9b\xcbF\xef\xb4\xf3\x8c\
\xf4\xbbU=\xbb\xac~\xcf.\xab\xcf\xcb\xbb+om\
\xc5c;6V\xc4\xda\xae/m\x1e+S\xfc\xbf.\
\xfc\xbf\x04\x7f\xed\x9a\xde)\xda\xae\xd9\xf1\xa1\x89\x7fr\
\xe5 \x22\xff\x8f\xc6\x9cG,\xff\x8e\xff\x9f\x115\xdf\
\xf7\xff=\xbc9\x90&\x82\x91\xfb\xab\x8e\xb4\xd5\xd8\x8d\
z\x9d\xc07Q\xdfw\xfd\x9f\xefoz\x06@\x9b\xf7\
\xfe\xaf\xdb\xf1\x22+\xe9\xc4\xffQ\xa6\x1d\xc7\x7f\xd2\xff\
\xf5\xfc\xf5\xbb\xfe\xdf\xf4\xf0\xb5\xd7\xa1\xbf\xec\xef\xff\x9e\
\xff;r\xf0\xef\xd8\xff\xe75\xd2\x89\xff\x97I\xb3o\
\x8f\xb4\x07\xf6\xb7\x5c\xd3\xf9\x99t\xb6\xaf8\xe1|u\
\xe4k\xa6\x17H\x1et\xf2\xb0\xfd\xd8\xff\xbbA \x86\
\xc6\xefl\xbfuu?\xc29\x81Iq\x02}\x89D\
\x22\x91H$\x12\x89D\xe2\x0c\xa5\xfc\xcf\xff)\x86\x97\
\x83W\xcd\xe1\xfd7(\xaa/\x15\x0f\xc0:\x9d\xc6\x05\
\x15`H l\xa9\xb0w\xfa\xcb\x0b\xa8\xc9\x06:\x10\
ht9B\xd0\x14\xd8\xcf\x02\x01\x82hQ\xe9-\xf0\
'\x9dfvO\x8b\xbc\x99(\xd4\x98\xcbz\xc0@\xae\
\xd0\x1c\x5c\x12\xf9\x01'\xdb\x89d\x00\xcb\x89\xca\xedp\
\x128\xa2\xcc':\xfd\xfa\xcd\xed\xc8\xad\xb7\xb3\x9e\xe5\
\x9d\xd4\x15I\x04\xd4\xf9N{\x93'\xfc\x95\xf7HN\
12<;\xa2s\x0a%\xb6ZF\xe5w\xed}\xa2\
\xab\x0d\x956\xbeW\xb4\xbb\x85\xd8\xc0\xf5\xfe!\x0e\xb0\
Q\xc2\x1d\xbbN\xdb\xc9\xd6{\xd7\x96w\xf3\xefd|\
\x9e\xdf\xfa\x7f\x85\xd9H\xc8\x12\x97\xec\xe3\xb9@\x14Y\
Fc\xe4\xe9\xd3\x96L\xc6E\xe67\xd5&\xa8\xd39\
\x16\xab\x8b\xec\xf0c9\xfd\xbc\xf6I]\x8fGm\xdb\
3\xff\x7f\xd6_X\xf6\xbe\xff\xd7\xdb\xfeoexv\
\xcc\xe7g\xe4\x93W\x9e\xbe\xe4\xff+\xbb\x1dK&\xb9\
\xf8\xc9\xb2\xac\xfe\xa1\x83\xf5A\x1dV\xb6\xfa\xb6W5\
\xe4\xbf\xed\xffu)\x83\x8e\xf1|\xdc\x1a\x82\x9dhi\
\xfb\xaa\xcd\xfc\xfb\x7f\x0de\xf9V\x9c\xd8\xdb\xe4\x9e\xdd\
\xff\xafT\xb6\x82\xe6\xba\x10\xe1JJ\xd2\xbc\x12h\xc5\
\xa0\x90G\xda\x8f\x1a\xa3\xd5\xbc\xa9\xc3\xccn\x85\xcc\xfd\
\x1f\xda\xe9U\xc6\x8f\x1c\xaa6T\xfaJ\xd31\x16\xc0\
\xd4\xbe\xddW\xfb\xfc^d\x1a\x1e*M[%\x12\x89\
D\x22\x91H$\x12\x895\xd4v\x99\xf7\xd7\x1fe\xa1\
\xcd\x81I\xb9v93A\xd1\xc3\x8aF \xe3\xa2\xbc\
\xea\xaf\xe8V\x13\x1d\xe8\xddT#\x97K>O\xe5\x8b\
\xf9jg\x9d\x14\xd0\xd8\xcdST\xb1!y\x22A\x83\
\xd8m\x17K\xd8\xb6\x89\xa0v\x1e\x05B\x99\x1c\xe9%\
H\x08\xc09\x08\x9c\xed\xbf\x15M\x13\x12\xf7+\x9b\xbd\
\x1dQ\xd1y\xb4\xab\xacB\xa4\xe8\x91\xcf\xf8y\x22o\
\xb5\x13\xcd\x96\xf5\x82D\x0e\xac\xa76\x9b\xc6\xec\x1c\xfc\
\xdbc<\xaf\xce\x18\xe4\xda\xb5k\xda\xfe\xb1C\xae\xf7\
\xf9\xdd\xf6UyI\xda\xb02\xb9F\xf3\xa8\x14\x19\xb2\
\x03]\xc6B\xb3\xa5\xb5\xcd\x0b\xc6\xc7\xfe\xfd\xbavG\
4\xe7\x9d\xf5\xce\xe7\xb8K7\x1a\xc7\xabq\x18\xf5\xbf\
%e\xbc\xe3\xf9k\xe4V1\xa9|\x88\x02\xdb\xe5\xf4\
>\xbd\xa2\xf2\x14\xd2\xaf\x81Pu\xc1\xcf\xee\xff\xd8o\
\xfc\xb0\x8am\x19i%\xfev\x06\xeb\x0c\x8fk\x97e\
\xe7Q\xb0\xbdPq\xc79\x8e\xa7\xd9\x7fL\x9d\x1cB\
\xe6\xce<\xf5\x1d\xff\x9feD\xfe\xef\xc9\xb8\xe7\xff\xd7\
\x19\x89\xcf\xf8\xb2=\xff\x7f\xa7\xbcT\x1f\xde\xf3\x7f\xc4\
\xea}\xd2(c\xed\xff\xc5\xf5_\x1c\xc38\x16\xb8\x0e\
8\x87\x9e\xf9\x7f\xf9oY\xf0\x9d/\xfb?\xfe \xa4\
?\x17\x9c\xeb}r]\xc97\xf7\xff\xe2\xc8\xf2\xbe\xb1\
\x80\xd79\xed\xee\xfd\xdf\xde\x03b\xc2Z\xda\xe5\xce\xfd\
\xbfs\xc0\xceu\xf0\x9b+\xcd\xd7\xe5\xd9!\xfe\x84\xf2\
\xe6\x07\x07m\xad\xc7c\xa8On\xee\xfd\x9f\xd7\xa8\xd6\
\xff{\xba\xa2\xb0a\x8d\xd49h\xbd\xcbB-H\xfb\
:\xf9\xfe\xb7-\x12\x89D\x22\x91H$\x12\x89\xbf\x19\
/\x09\xdc9Hn\x17p\xd7\x8a\x9csR\x0f\x16\xf8\
}\x1cU\x88\x0c\x5c\x8f\xe3b^\x07V,H\xca\xdb\
e|\x0bR\x890 \xe1\x00\xa5\x05\x13ZF\x8f\xf7\
\x9c\x80[\x07\x0e\xfc\xb9\x8e\x1b\xca\x14\x18\xaa:\x19\x82\
\xd8^\x7f\xa73)\xb0\x0aP\xf4;\x189\xd8\xd4z\
\xeb\x82\xbc\xde\x05?\x8a\xd4*\xb4\xac\xb3'\xcb#u\
V\xc4\x0akmm\x80)B\xb8a\xb9\xc9\xdeMP\
\x8d\xf9\xe6\xbcH\xa2n\xcaw[\x84\x94\x14`\x9d#\
23\xb2\xc1\xe6\xb7\xed\x13\x11\xd7Xv\x22\x00-I\
\xd5m\xdf\x95\xd5\xd7\x98lj\xc7\x18\x88\xaf\x88bO\
\xc7.\x9fG\xd4E\xe4\xd6J\x96\xe7\x7f;B\xc6\x12\
(a]:)[\x9c\xff\xf8z#\xd8\xf4\x7f\x95\xaa\
&qk\x9d\xa8\x94\xe7\xfe/\xe5\xbd:[\xdc!?\
\xbc\xb6\xf1\xe4\xcdiW\xe9F\xcc \x99M4\x08\xeb\
\xf1\xad\x14\xa3o5\x9f\xfc\x8e\xff\xc7\xe9\x1e\x22B\xee\
O\xfb?\xce\xd1\x987\xd2a\xf3\x10\x9d\xf8\x7fC\xf3\
\xa9\xdf\xf1\xff\x22\x17\xc6y\xec\xff\xba\x94\xa7\xf2S\xff\
/\xae\xe0\xb8\xde'\xfaY\x8f\xb5\xc7^\x7f'\xbfw\
\xdc\x8a\x0d%\xd4q\xdf\xff\xa5\xcdv\xee\xaf\xef\xffO\
\xfc\xdf\xbb\xffw\xfdd\xc7\x9d,\x10\xed:\xcc\xca\x9b\
\x87t\x1d\xe5\xe2\x9a\xe83yM\x9c\xf4\xa9\x8c\x8b\xba\
(\x0f\xfe\xdd\x89h\xe2{d\x19\xcb\xdb1\xa7qm\
\xab\xfa\x91\xed}\xdb'\x12\x89D\x22\x91H$\x12\x89\
\x19N\x94\xc5AE\x19\x01A\xff\x16b\xfbJ\xe2\xc8\
\xc6\x01\x80.[`\xc7I\x8bK\xcaD\x0472\x07\
\xf4\xf58\x80\xd3t\xb0d\x03r\x82\x9d+&\x18\x04\
sZ\x80\xd6\x83\x8d\xe9\xeb\x9db{Uef\xf2J\
\x93&\xfe+10/\xefj\x1a;\xcc\x16\xa4\x88\x94\
\x13\xe2\xd9\xda\xb0#k\xbc\x00V\x02\xa7\x91JQ\x10\
l\xe5\xe1'\x1e\xdb]T\x9a(\xc1]\xdc\x0dc'\
Z\x9d\xbfb|J\x9cY`{\x89\xbe\x99\x10\xf0\x88\
\x1f,\xb8jW\xce\xbf\xdf\x09'\xfa\x99\x0c\xa8\x86l\
\xb8\xb3\x9b\xce%\xe7\x90\xcc\x81|+\x02\x0e\xe5!I\
\xc1\xe7\x90{\x1c\xe1\x0eJ;\x0e\x22{# \xe9\x84\
\x9f\xbb2(?*\xe3\x12O\x04dS\x9f\x03p\xd7\
o\xcbS\xd4gT\xa7\x9d\xff\x97\x07\xfe_\x8e\xfc\xdf\
\xf7\xab\xa7\xfe\xff\x04w\xfc\xbf\x90\xbfS\x12\xc9\xfaW\
y\x8d~x\xf5\xf9\x81\xcf?\xf7\xff\xba\xbc\x1e\xf9\x7f\
\xfd\xaa\xff\xeb~\x92q1h\xbf\xe9|'c\x90\x85\
\x92\xd8\xec1e\xce\xfd\x7f~g1\xe4\x1e\x9f\xed\xf5\
\x04\xcdF~/\xf9\x13\xffg\xfb\xfb\x0d\xed\xd0\xff\x0b\
\xdc[\xe5\xfc\xd4\xff\xd1\xb6\xa8\xbe\x81\x07\x81N\x91a\
\x8f\xbd1t\xee\xff\xfcP\x14[\x9b\x5c\x1d\xcf\xfd\xdf\
O\x1f2\xe8\x0ch/\x9f\xfb\xfe\xdf\xa5VY\x83\x09\
\xe9+\xe3\xfc*\x83\xbb\x8a{^\xcff\xa2\xdd\x9c\xd5\
eW9\xb3e*q\xbfT\xb5V\xc3\xb1<\xee\x85\
\xb6U\xaa\x12L\xfc\xb0\x91U`\x93\xee\xfa#\x91H\
$\x12\x89D\x22\x91H\xc4x\x09Q$\xe4\xec z\
yA\xde\x89\xe4R\x91\x1c\x13\xe2\xd8\x869v'X\
U;UZ\x00\x80g\xd4\xe9g\x1d8,\x00\xa4Z\
\xfb$\xd8\x91\xd7\x02\x86V\x87\x17\xf9\xa2t\xa04\x08\
,\x8a\xc8\x07\x09T}\x02V\x936uA\x1c\xa8j\
\x80\xcc(\xe0&\x9a\x83aE\x8a\x01aQ\xc8'\x1a\
\xef\x90)\xd1\xf5\xa9n\x8b\xa0\xb2\x98:X{w\xf0\
\xed\x11\x22\xa7\x89@B`.\xaf\xda[\x91\x883Q\
C\x8e\xbd\xb3\x9d2f\x88\xe61n\xd3\xacL\x06\xbe\
\xba\xc2\xf6;\x12O\x13\x19e\xb0\x1a\xa3\xac\xc7\x92\x08\
\x11&;\x9c1\x1e\xc9\xd8\xa5\xdd\x09\xcc#\xbd\x90\xa3\
}T!3-qe\xff,\x09\xbd\xd3\x19\xf9bD\
:a\x9a\xf5\x11[~\xf6\xff\xb5\xceS\xff\xb72\xad\
\xac\xdf\xf5\x7f\xce\xe3\x97\x1d\xfe\x84\xfd\xa3g\x08W\xdf\
\x0a\x1e\xd1j\xcb{\xa4\x9e\xe7\x0b\xe7\xfe\x1f\xdb\x10\xfb\
\x98M/c\x172\x13s\x13\x81H>\x19]\xcc\xdf\
j\x8c\xbe\xf1\x1d\xff\x9f\xf3ye\xbd\xb4a\xebc\xff\
\x8f\xcbm\xef\x87\xca\xffM\xff\x92\x9e\xc95\xf9\xfd\x9b\
\xfe\x0f\xf9\x1c\x99\xf7\xfc\x9f@\x1fJ\x9c\xfdA\xadm\
\xc8\xc7=\xff\xef\x92\x5c\xff\xf7\xea \xfdy\xad\xcbh\
\xd5\xb3(K\xddm[\xbasV+\xaf\xffty\xdf\
\xff\xa5|\x81\xf5\x03\x16.P_\xf3v\x8fQ\x17l\
\x7f\xd1\xb9n\xc3D\x22\x91H$\x12\x89D\x22\xf1^\
o\xff\xe7\x7f\xcdr_/\xd6\xaf\x9d\xd0L\x12\xb7\xd5\
y_\x89Kn\x09\x921\x5c\xe6O~_\xaa\x0e*\
9\x14\xe3\xc0\xac\xa8\x1d4\xb5\x91L\xd7n\x9c\xaa\xa4\
\xd7\xbe\x1d\xfbU^Ne$\x10T\x81\x02\xcd\xc1\xad\
\xde\xb5\xb3\x0b\x8a\xceH\x89\xb9\xd4Y\x0e\x1b,\xad\x88\
L\x1b\xf8Z\xb2\xbb\x95\x7f\x85eV\xf2\x22h\x9d,\
[\xb7]\x9dj5\x97?!w\xe6\xeb(\xdd'\x94\
\x0e*\xe0\xe6\xdd\xd9\x82\xed\x83\x04\xc2'\x98\x88q\x94\
Y\xf7?\xe2%i+2p\x1eO\xab\xba\xd6\x87\xed\
s*\x7f]~\xe22\xfa\x05r\x1c\xa8\xa8\x87\x09\x11\
\xc4\xffg\x92\xe8\xf6\xd8\x19v>\xab\xdf]\xd9O\xfd\
\xdf\x93\x15\xe59\xb9feb\x99\xbb8\xf1\xff*\x99\
M\xbf\xdb\xd9E\x13B\xa7\xfa?\xf7\xff\xef\xf4\xff\xdc\
\xd7x\xcdN\x07u\xeb\xdb\xdd\xd0\x8d\x8eO\xfd?\x1e\
#\xa7\xfe\xcf\xee\x5cC\x1d^:\xb9\xe9o|\xcb\xff\
\xcd\xc8\x0ae~\xa7\xff\xabs\xf4-\xff\xf7\xc7\xa9-\
S\x17\xf2\x22{\xddv\xdc\x94iGr\xef\xa4\xbe\xc1\
\x807\x1fh\x8b\xca\xc8\xdd|\xa0By\xbef\xea\xa0\
\xe6\x89\x96\xaf:\xa3Lva\xe3\x0d\xa5^\xdf\xe6\x1b\
\x22\xcadz\xaf\xac\xd8\x83$:\xafA\xb1MN\xe6\
\xd1D\x22\x91H$\x12\x89D\xe2o\xc7 \xa0yw\
K)\xf3\x8e\xd2\xb1H\xaf\xc5\x8f\x22\x15\xd1\xdc\xce1\
\x98\xf6v\x1f2\x99\xdcv\xc5t\xa1or\x93\x17\xfa\
**(\x13Ml\xcf#=\x1cE\xcc\xa4f\x93-\
\x04\xb8\xd4\xc3#A\xef\x90\x18'aj}@hF\
6\x94\x0f\xe5F\xb2}}ApLNp\x7f3h\
\xd7A\x9c\xec\xc2\x8f\xe4\xe1y\xb8\x8b\xcc\xc9{f\x0b\
\xf2:\xf3\xce6\xabk\x22\x85h\xd1\x0e]\xf8\xd98\
q\xc6W\x99wN\xae\x88 \xec\x17\xaf\x1eQ\x9bF\
\xfaOpF^\xa3\xef\xfd\x1e\xee\x92o\xe7\xbe\xf0\xbb\
\xed\xf3\xa4\xcc7\xedy\xea\xbf\xdf\xf1\x7f\x22\x98\x008\
\x03:\xa5\x22\xa1v$\xd0\x13[\x96D\xde\x07\xfe\xbf\
\xb6e\xfd@\xc1\xb3e\xe8\xfdU\xff\x8f(\xe4\xa0\x16\
\xbb\x07\x0dt\xb7O\x9e\x13|;\xff\x971\x85\x0f\x1b\
\xcfd\xdc\xf7\xb7\xea\xe8=,\xb9\xd5U\xe9T\xec\xc9\
\x83\x80\xe8!\xc0,\xa7\x13\xc0\xd7\xb82\x0fHJ`\
\xa7\x97V\xcd\x95\xa2m\x18\xf2z\xba<\xa4\x94\xb1\x1f\
i\x92v\xd1\x847\x97\xa5\xbe\xe9a\x94\xfb\xef:\xb8\
\x8c\xa42\xca6\x15e\xd4s5\xe7$\x12\x89D\x22\
\x91H$\x12\x09\x8d\xb1U\xd6\x0b6\x8a\xda\x1e\xa2\xc9\
\xe7\x0a\x7fTf\xf2w\x0e\x5c\xe6w2\x8e\xc0\x82$\
\x90\x91\xf5\xbc\xa4\x12\x94*@8H\xbe)\xdb8)\
\xb4\xdb\xe5\xa6\xc9SI\x97w\xfb\xf2\xf9\x5c\x16^\x81\
Q\xeb\xf8\x5c\xa3EP;Bc\x97\x0e\x19\x86LO\
\xee\x89\x9c\x90\xd86D\x84\xa7\x1b\xeb\xcc\xed\xe1\x95G\
\x19vw\xda\xac\xb3\x98O-\xcf~^2\x7f~p\
\xa4\x8e?[v\xd5\x0e\x92G\xec \xf2\xcb\x8d\xbe/\
\xfe\xab\x09\xbc4{~\x02mG\xfb\x9by\xba\xf5W\
\xed\xf1\xfan<yd\x97\x07\xee\xc3u?\xc2\xf9U\
\x88\x8f\xf9=\xc1%\xdc-\xbf\xb3\xef~\x1b\xae\xaf\xf9\
\xfe_\x97}\xe6\xb5\xeb)!\xf1-\xff\x8f\xec\xbe#\
\xe7\xa9\xff\xdb:\x7f\xcf\xff\xe5\xc1\xc48\x87\xe31n\
\x8a\xf8g{\x8fq\x8c{\xfe\x1f\x93\xb8\x98\xf7w\xfc\
_\xcf\x5c\x11\xe9i\x8c\x19\xed\xe5\xf9\xd4w\xfc_\xcf\
\xae|o<\xf5\x7f\xd6\xadf\xb2\x93\xba\x89D\xc2\xfb\
\xc17\xfd_\xeea\xba\xdd\x7f\xc7\xff\xb9\x1e\xaf\xc6}\
\x92\xbf\xfe`\xdc\xf3\x7f\xf3\x9a\x8c\x85\x9cb\xae\xc5\xfe\
_\x5c=\xa3\x1c\xe95\x92\xf6\x7f\xce+\xf7\xd5\xeb\xf3\
b\x90\x87vG'~\xaa\x8b];\xfb\xbf\xd8S\xf9\
G\x1f\x03\x08\x89\xed\x5c\xecK\xcdA2\x93&\x9f\xd5\
\xda\xb5hy\x89D\x22\x91H$\x12\x89D\xe2\x1c\xf0\
\x1e\x0b$\xdf`\xd7\xc8\xb8^\xc9lNY\xfe\xc0\x9e\
EY\xe4\x95\x10\x85wDW\xb8b\x83%,\xa9\x83\
F\x0e\x18\xdf2t\xc0\xa4\x89\x9e\x11hT\xa9\x93\xec\
\xf2\x92\xe0\xf3\xb2\xe5\xa0~\x1c\xc0\xc5\xbb\xa4\xb8\xfe\xf3\
\x0f\x0d\xb2\xbe\x93\xddU\xea\x98\xfc \xde#E\xb0\xac\
G\x1c\xda\xbc\xbe\xfd\xfd\xc7\xa9\x08t\xbf^G\xe5\xb1\
.\xfc\x19\x05\xbc\xb2Si-\xeb\xcaOs;\x14'\
\x9f\xd5\x81\x9fpe\x04\xee+b\xc4\xb6\x9dGP\xb8\
$\x145\x7f\x11m\xba\xbc=\xd66\xc5@{l\xf9\
\x159\xb4\x22VN\xc8\x94w9\xfc\xb1=\xb1\x98\x14\
\x85\xc6d\xf3\x18\x97\xb4\xee\xdc\x9d\xbf\xed\x88T\x1cg\
Q\x1e\xeb\x0bV\xefn\x9cF2c\xff\xafK\x12\xf0\
\x89\xffGi\xbf\xe3\xff~\xbd^\xbf\xe2\xff\xebo\x94\
 Y'c\x8d\x1ff\xa0\x7f\x95N\xf0\x99\xff\x8a|\
z6\xb2\x1d\xd1\xb5\xa7\xfe\xbf\x93k\x8fI=l*\
\x90\xe6\x94w\xfcUH\xd5\x19\xdf\xf3\xff\xcf\xee\xff^\
\xad\xf6\xfeoK\xe0\xb5o\xf8\x7fq\xc6\xe9~Nz\
\xee\xff\xd7\x22C\xdd\x1b<[\xb5\x8d\x14\xa6\x89\xff\xeb\
\xee\xf7\xfc\x1f\xef\x9d\x9f\xf9?\xd7i\xbe\x7f\x15\xb3\x03\
y\xfc\xfe\xc7$\xeeZ\xf8)]\xf8o\xb7d\xd8\xc3\
\x9em\xebg\xed&#\x83\xd7~Z\x7f\x93W\x87\xcd\
\xb3f\x22\xfcQ\xdf\xf7q\xdc\xdf\x89D\x22\x91H$\
\x12\x89D\xc2\xc7\x15A\xb4\x80Ev\x1f\xd7\xca\x014\
\x01S\xc6\x1f\x9a\xa4\x15\x06w\x16\x8e1\xcd8v\x03\
\xc8\x1e\x00\x5cAQD\x10Z\xd9\xce\xabB\x0a\x13\x14\
P\xbe` /$'\x91\x17\x14G\xc7~Pn\x83\
\xd7(\x90c\x9dQ\xd0\xbf#o\x94\xac\xab\x00A`\
<\xcbb;8@\xb4\xb6\xe0'\x06\xed\xa1N\x8ef\
-\xc1\xf9\xf3\xe3\x92i\xde1\xa6Y\x12G\xec E\
\xd4O\xf5B9D\xd3\xd7\xb9\x89fRaED\xa0\
\xb4\x98\x08\x12\xbbw\xc7U\x1c\xc8\xbd\xde4yr;\
\x8d\x06\xc78F#\xfbWm\xcf\xe7H8x\xe4\xcc\
\xaa\xae\xae\xee\xaae/\xe1\xf8\xff\x8e\xe8\xb06\xac\xf2\
FD\xae\x221\x0c\xe9c\xc9\xb7S\x02\xe1s\xff\xaf\
_\xf1\x7f\xce\xbf\x1a\x17\xbf\xe1\xff^{\xff|\xdd\xff\
crz\xd7F\xe2{\xb4\x1c\xa3\xea\xc7\xc7F\x1a}\
\xd5\xff\xef\x8c\xe3\x9d,$F\x11\xcet\xec\xfa\xff\xc8\
\xd8\xff>\xf5\xff\x93\xb9\xd5\x93\xed\xb5\xcdT+\x98\xe3\
O\x88hKF\x7f\xea\xffx7\xd5\x8fZ\xfd\xf9\xeb\
[\xfeOA;F-p\xe6\xfft\xec\xfft\xe4\xff\
t\xc3\xffa\xfd(\x96\xb54\xb2\xfe\xcfv\xfc\x8cu\
\x0d\x96c*\xf8Z\x1bp\x8b\x14\x96\x88}\xf13\xd4\
\xa8{ge\xdd\xf1\xfd\xbe\x91\xcf\xb2\x8e}\xbf~\xc3\
\xa8j\x96\x17R\x7f\x89D\x22\x91H$\x12\x89D\xe2\
\x1e^\x12\x1c\xf9\x8b\xea\xda\xb8a\x22E\x0cW\xfa\xa9\
cK\x0b\xd9\x8d/,\xef\xbdCj\x023\xa8\x84q\
W\x93y\xd9\x02d\xf4d\x07|)\x12\xae\x98\x0d-\
\xf3\xd1\x1c04\x1d\x85<[&c\xbb\x8c2R\xec\
\x1f\xe6\x99\x039M*\xd8\x00XYe\x82\xdbA \
\xd0\x5c\x1f/ d\xbc\x03C\xfc\x9cjU\xfc\xa0\xdd\
G\xd9\xda\x8a\xd7#\xd2\xc1\xd3\xd9\xaeq>\x09<\xc3\
 \xbe\x17\xf0(\x99\x884\x89\x03\xf5&A\x05\xab\x8e\
}\x9e\x1d\xb3\xac\x99\x88\xb0c$&z\xca\x14\x8c[\
\xb9\x91\x1d\xba\x1d}B\xcf\xe6\xf7l\x8dt\xba\xfa\xd9\
\xe6\x9fJ\xc5\xf9\x8f\xdbtG\x80x\xf2W\xd7N\x89\
k\x0f\xab\xfe\xbc#c\x87\x9d\x9e'\xfe\x7fBhY\
|\xd7\xff\xe72\xd6V\xbc~\xdf\xffgb.\xf6\x95\
\xb8\x9f\xee\xfa?\xef\x8e\xe6/\xf6|\xdb\xff\xa3<\x9e\
\xac\xa8N~z\xf3\xb1\xd9\xff\xe7\xb2\xd6\xff\xe9\x0b\xfe\
\xcf\xf9\xdb\xd8\xf2\xef\x86O\xfc\xbf\xa0Mt\xc7\xff\xe7\
\x07\xd1\x9e\xce;\xfe\x8f\xf7\x97\x022vx\xee\xff]\
S\x05\x9dmP\xba\x0b\x93{\xfe_\xdc\xf2\x93\xcd\xcb\
F\xb4\xf5\xd2m.\xdf(\xd0\x9b\x12\xf8\xben\xfd\x9f\
\x0a9\xfe_\x86\xa9j\x0c\xf6\x05&\xaf;e\xbd\xd9\
\xcb\xd8:\x85\xcb\xaf\xe2\xa6_{-J\x1ds\xc1\xd5\
\x07\xb5\xdf\xcbJ\xbf\xce\xb6T\xfe+jnK$\x12\
\x89D\x22\x91H$\x12gx\xe9\x80S_\xe4\x1f\x09\
\x94\x05?\x0dF\xba\x14I\xab\x04A\x04qPC4\
}\xd3\xd1\xe0\x8a\x89G\xd0R:\xb9\xe8\x07\xef\x85\x83\
\x160\x03\x83\x0e<W\xf5\xa8A\x80=\xec\xf5\x03q\
\xcf\x86(\xcd\x0fF\xca\xd4\x9e\x1c8\xde!700\
\xb5\x81\xbeG\x1cy\xbb\xbf\x22=\x1eA\x89\x04\x07n\
n\x8f\x82\xe7\x1d\x89\xe2\xdb\xa1\xf5\xc8\x8e\xe7\xc0\xde\xfe\
\xf72\xa4\xcb\xb9\xbeY\xda\xca\xfeUpo\xc1\xed\x22\
\xc4\x81\x1f\x98j\xe2\x05\xff\xfc\x1f\xfd:\xa9\xe7\x0a(\
\xc3#\x99V\xe3\x10e\x5c\x9fd)\xe6\x98HB\xdd\
\xa7\xa4\xe6.\x1f\xb6\x89GjZ\xbfZ\x91h\xf5\xa0\
\x7f\x22\x1b\xa2\xb4H\xe6w\xfc\x7fM\xba~\xdf\xff}\
\xd9\xdf\xf5\x7f\x0a\xf5\xaep\xea\x17\xa7d\xe1\x909\xe6\
\xd8B\xf3\x0e\xcd5<\xff\xc5O\xab\x8f\xaf\xe1\xdfg\
\xfe/\xf7\x03\xab\xcf\xca)\xa2\xe4\x96\xff\xef\xae\xd9\xfb\
\x1e\xdf\xff\xa3\x07kV\x86Kt\xc3\xf1\xda\xff9\x9d\
~\xcd\xffe^\xd7m\xbd\xf7\xffY\xc7\xde\xff\xe1\xfe\
\xce\xff~\xec\xff\x85\xec=\x97\xf3\xa2,\xbe\x8fy\xb2\
\xc5\xffI\xc9\x1e:\x5c\x13\xdb\xb5\x97\xb2\x83\xc6}\x04\
\xf5\xcaU{\xa4\xd7;B^\x97H)\xe1\xdaTd\
\xa0\xecz\x91\xccD\xf20\xdb\xee\x80\xae\xd5Z\xe2\xe9\
\xc0\xf3\xb39,\x91H$\x12\x89D\x22\x91\xf8\x9bQ\
\xe8?\xff\xeb,\xb5a\xe7\xcc\xf8\x90\xa0e\x04\x05\x85\
\xc9\xdc\x1e\x0c0a\xcd\x8b|z\xf5@\xd4*m\xff\
\xb6\xa0\xd1\x86[\x1cXtR\x12\x02\xcd!\xb9b\x00\
PH\x87/\xd5\xc8\x9aI\x022\xc1j\x1c\xd0\x94\xe9\
\xac\x92&d\xc7\xb5\x82;\xc9\xfd`$\x0a>#\x12\
bT\x87f{-\x11\xf4\x09<\x9b\xb1\xae\xeb\xb2u\
\x1bX\xebk\xe7\xf6F6x\x81\xb7\xaf\x0b\xd3\x09\xc6\
\xe6:\xef]\xac$\xf8\xbb\xdd\xbe\x0f\x19\x7f\xeb:y\
D\xed\x94\x1f\x1d,\x18\x7f;\xd9\xd6\xae\xd3\xfc'y\
\xee\xf6\xdb\xca\xbf\x9e\x8e\x81\xd8\xff\xad\xbc\xd5x\xabG\
\xf6\xb1|\xbc\xf6]\xff\x7f\xee\x07\xf7\xfd\xffs<\xf3\
\xffg\xe3\xa8\xd2\x19\x11\x1d\x96\xffb?\xad\xc0\xf7Y\
~X\xeb\xda\xd2\x0cj\xed\xd7\x8fGa\xccw0\xfe\
\x5c\xf9\xae\xff\xb3\x9az\x94?\xcaS\x8f\xcb\xed\xf5<\
\xf1\x7fC\xf3\x9a{f=\x9a\x7f\xef\xdf\xff\xebh;\
n\x83\xef\xf9\xffL.\xeb\xd4U\x19\xa0m\xd1\x9en\
\xf3T\xea\xba6\xcb\xa9\x14\xa5\x8dU\xd6\xf8F\x1c\xf5\
\xed\xc9\xd7Y\x91\x9d\xd6\xd5\x96\x1f\x0b\x06Y9T\xf2\
\xbe\xe1W\xff\xbb\xca\xe5\xf7Q\x17\x1a\x9b,\xb0\x0a\xa5\
\xbd\xeb\x19_O\xc7\xf5W\xcb\xc9\xfa\xd9\x1c\x91H$\
\x12\x89D\x22\x91H\xfc-\x80\xef\xc8J\xe0\xaa\xc8\xb2\
\xf7\x02\xbc\x07\xb6\xe3k\xcb\xc8M\x01Ae)\xccJ\
\xd5\xc4\xb8\x1c\xf4i}\xc2r#\xb1\x10\x93\xc1X\x8e\
I\xdf\xc6\x89\xc7;\x85P\x8e\x0d\xaeE\xb6O\x1c)\
To\xd7\x1a\xcb\xb2ri\xdae\xb4\xb7O\xda\x92w\
\x92\xa1\xbd\xf8\xc3_+p0\xcc\xc7\x8eV\xa5O\xd9\
)Bh\x87y\xb7\x95\xe8\xb7y\xa26]\x05p\xc5\
\xb9\xee\xb5o\x14\xfc\xa3}\xdcO\xbb\xe0}gO\x17\
$\xc7\x8b\xdc\xad\x0f\xe7\x1d\xde\xab:y\xe7\xd6\xde(\
\xff\xaeN\x964}\xbdm\xab\xb3\x9e\xf1_)!\xe1\
\xe1\xed\xa0;\xd1\xbb\xb2\xb5\xde\x18s\x9c\x7fW&\x1a\
\x13O\x88\x03\xfd\x90I\xe63\xf1\x7f\xde%\xc8\xc7+\
\xff/\x0b\xfb\xfc\xd7,h\xff/\x0b;eh\x8a\x09\
\xc5\xfc\x89>\xaf-\xee\xf4\xc5\x99\xffG\xb6\xd6[\xd7\
\x9f\xfb\x7f\xbd\xed\xff\xb2\xef_\xce;\x17&\xc7\x0b\xec\
\xfc\xe2\xf4\x9ce\xc5\xf91\xcf\xdc\xc7\xcc\x01\x8e\xf6@\
\xdb\x8c,;G|\xe6\xff\xb1\xedw\xfc\x1fk\xb3\xf6\
\x7f\x7f|+Y\x0f\xfc\x9f%\x8eu\x90{\xff\xa7I\
\xee\xd3\xfb\x7f\xfb|\xe9v\xfd\x03\xf7\x7f\xd5r5^\
\x83\xf1y\x91E\xa3\xd1\xbf(\xa6s\x1e\xfa\x7f\xc1\x12\
\xe3_\xfcF\xdcLt\x13\xa1y\xd3\xfd\x9f\xd7\xb22\
uS{\xcb\x07\x0b\xd5\x15hk1\xea\x84t\xbd5\
\xc7%\x12\x89D\x22\x91H$\x12\x09\xf2v@Kp\
\xc8\xbbF\xae\xc0\xbe\xe7\x99\xe2\xd5k\xd1^\xd4\xce\xe4\
w\xe04\xc8\x00\x13<P%EFw\xa9\xfd\x80\xa3\
\x04C\xb0\x8cs\xfb\x8a\x0e\x09\x0cZ\xe0\xd0\xf3U#\
W\x1b\xdb>+\xcd\x04\xf8\xff\xc7\xde\xbb \xba\xae\xa3\
\xda\xa2\x90\xaa~\x9c\xea\x7f\x1f\xdf\xd4\xdb\x89\x84\x18 \
\x90\xe5$s\xd5\xb9g1\xf6\x9e+\xb6>\x80>\xd8\
bXq`\x17M\x14P`\x00\xac\xc1\x1d\xe4C`\
\x9b\xed\xb6\x8b\xf2B=\xa6\xa3m\xc0\xfc\x9d`\x07\xc7\
d\xb2\x04Q\xee\xd4}j\xffVW\x22\xb3\xab\xb76\
]\xed$\xdb\xdbrn\xe3U\x9bL\xfeq\xfbs\xb2\
\x01\x89\x81+\x12\xec7\x03[\x86\x7fw@;3\xb2\
\x12\xcb\xe1\xd8D\xc4\xda\x09y\xe2I\xa6]\x1d$\x17\
O\xfb\xab-\xfe\xdf\x92\xbcE\xdb2\x86hGf\xef\
]\xff\xc9\xfa\x0e\xf5|\x07-r\xff\xb5T\xd3K\xd2\
\xb7\xd4\xef\xfc\xff\xca7\xde\xbf\x16\xe5\xf2N\xf2\xb7v\
]\xb1\xd1\xf4\xdf\xf6\xffv\x5c\x02=\xe2\xfb\xfe\xef5\
\xc4r\xd2sW\xfe\xda\xff\xdb\xa5\x8e\xd3<\xa3\xaf\x17\
\xd6>\xe3\xbc\xfeg\xfe\xdf\xd7,\xf2C{\xaf<\xfa\
\x16\xf6\x0fd\xfc\x1c\xb0\xe3\x87%\xf0L\xd6|\x0d\xb5\
\x8c4}/\xfd\xcf\x90\xd5\xe4u\x18\xcc\xd3\x87T\x0f\
\xfa\x95P\xcf\xf00\x80][\x12k|\x1a\xe66\xb6\
\xf4\xf6\xfcF\xdf\xb0Mv@\xcb\xf5O\xd6\xc1\xd8/\
r\x5c(\x14\x0a\x85B\xa1P(\x14r\xbc\xb6\xd3\xf4\
\xa0\xb1'h\x0cb\x09\xd6\xd7\xc2\x7f\xec\xfc \x09@\
\x98\xc6\x97$\xfb\x7f3$ic\x87\xca\xe5\x0e\x1a2\
\xd1\x81\xect1;\xb0\xc8\x12E}\x17\x8b\xca\x9a?\
$%\x01K\x12\x030+\xf9le\xae\xf6\xf1\xca\xbe\
\x9a\xb65 \x86%\xe0\xf6D\x8a\x0f\xbe\xa3\x9dx9\
x\xb4\x03Hx\x90\xfb)\xe6n!\x15l\xec{$\
\xc1s,\xcb\x06\xaf\xd87\xf6s\x0dpQ\xe7\xb2\x0b\
\xeb\x82\x00\xf0\xed\xb1y\xf7\x02B?&\xfeS\xfa\xe3\
\xca\xae\xe9+\xf3s\xd5\x8f?\x0c\x97\x114\x92\xf7\xc9\
X\x1b\xb9f'\xd7\xf8k\xb6\xdfv\xc0\xfe\x89\xec\xcd\
\xe6\xc0I\xffG\xbb\x05\xb3y\xe2\xf5\xf9\xb4;sF\
\xe7\x09\xceS\x0e\xf2\xd6\x1d\xcd\xde\xaf\xbf\xef\xffq\xdf\
}\xcf\xff\xfd5l\xf5E\xdf~\xf4\xab\xb5ov\xfe\
o\xed\x8f\xcew\xfd\x15!\x22\xf7\xa2\xbco\xf9\xbf\xb9\
\x1fmY\xfa\xe4\x13\xf0\xdf\xf0\x7f;&2Nz\xbf\
E\x84\xa3\xfcu\xff\xc71\xb2\xb2P\xce,\xed\xc7\x14\
\xee\xc7hC\xde_\xbc\x95\xb9\x94\xde\xcc/\xd3^\xb2\
\xfeo\xbe\x0d\xf6U\xff\xf7\xbeI\x07\x8f\x0d\xf7\xb2e\
\x8d\xb6\xc8\xe5u\xfdE\x1bb_\xc7\x8c\xe6+B\x22\
\xf4o\xd3\xd8k\x83\x5cS\xfa\xf5g\xac3\xa4\xc4\xc8\
\x83\x9eVYRa\xc8\xed*\xfd\xdc\xf1\xaf\xcd \xa3\
\x1bO\x99\xc0\x1f^\xff\x0b\xf9,y\xba\xf1Bm\xa5\
B\xa1P(\x14\x0a\x85B\xa1p\x13\xcc\xff\xfeO_\
\xbe'\x84\x87|\xcf\xb1\x07N&\x97 \xe2\x1aA\xa1\
\xfd\xd5{\xc6\x1d\xc7\xa4\x0bz\xbb\x83f\x04\x11\xa0\xcf\
\x87X\xcbN\xe6\x06\x01\x9d\xd9\xbb\xd2\xd4f \xddT\
_[d\xf9v\xe1\x0e\x9f\xeb \x8f]\xbd\xfba!\
\xd6sa\xdf\xaa\x8d\xd7\xdds\xfe\xd3\x97\xb3\xba\x5c\xdf\
\xb7{\xbb\xc02\x82 \xb04\x95\xe9\xebg\x92\xbc~\
\x7f\x8e\x81\xbc%\xc7\x12\x8b8\x7f\xcd@\xa4\xe7t$\
\x95\x9c[\xc9\x9cS\xec\xc6nG\xcaDd\x90\xed[\
\x1e\x0f\x86\xf4sgC\xa4g\xa7o\xa7;+\x93\xe9\
\xb8\xe3?YY\x9c\x0bw\xc8L\xdf\xdf\x9f\xfa\xf1o\
\xd5\xfb\xdc\xff\xf7>\xb5++i\x22\xff\x1e\xc4fi\
\xc7A\x8d\xdb\xfe\xbf\xc77\xfa\xe4\xc4N\xc8!r\xf7\
\xa6\x13\x19\xdf\xf4\xff\x0b\xcbE\x12\xd1\xc5.\xd8\x91\xf1\
\x8b\xfe\x1f\xbd\xa3\x97.uI\x0f7\x97.\xc7j\xfa\
\xaa\x0f\xf3\xbe\xe5\xff\x9d\xcc\xe4p\xdf\xed\xae\xde\xb9\xff\
\xd3$[\xa5\xde\xcf\xd7\xfc\x7f?\x97\x90\x5c\xb6\xeb\xb7\
f\xca8\x8d\xe6\xf8\xc5\xefrs\xeb\xc2\x16\xee[\xd6\
1\xc6\xeb\xdd\xc8g!\x86qC\xc4\xd0\x11\xd8\xd0\xd7\
\x96\xdaw\x9d\xd8\xfe\x99sZW_?]v\xd3Y\
\xd5\x0c\xf1-\xa46\xee\x8a\xcew\xfb\x17\x0a\x85B\xa1\
P(\x14\x0a\x05\x8b\x17c\x8c\x81\x85\x0fPdI\xfd\
c\x16\xfa\x03\xc0\xfbiP\x11\x11\xd9\xf0\x19\xc4\x82\x1a\
\x04\x90\xd1MP|\x0d\xc0)\xd0\xa3\x04\xb6\xb4\xe5*\
\xb6\x9bA\x0cY\x02\xeb\x80\xd2Xu'\xf2S\x09\xdc\
w\x1b\xdb6Z\x92\xc9\xdb\x17\xc9\xf0\xc0]v\xbd^\
\xff\xeb\xef\x8fd\xb3s\xab\xdd\x90\x8b\xe9k0;K\
\xcc\xfc\xa8.k$\xb8\x94\xbb\x22\x0aQ\x8f\xce\xd9\xde\
&DD\xccdi\x11\xb1\xc3\xa9nO\xa0\xb09\xce\
\x82\xfe\xab\xc0\xd4\xfb\xdcbOB\xb6\x9ar\xc4!A\
\xa7?\xd1\xb9\x97\x81\xe4E\x94\xef\xe7\xd4\xae\x0dY^\
\xd4\x96l\x1c\xa2~\x18G\xa4\xfd\xee\xc7N\xe7\x82\xe8\
:!\xc5V\xff?\x87\x94\x16?f\x97N-\xda\xc3\
G\xd3\x07W\xff'\x9c\xe4\xfa7\xce\xd9\xc9B\xbd\xf2\
\xd7\xfe\x19+Sn\xc8\x98\xef\x8f\x05\xddF\x9f\xb3-\
\xb4;\xf5\xff\xd5\xbf\x9c\xc4y=n\xe6\x81\xdf*;\
\x82\xf7\xc1\x1da\xfa\xa9\xff_\xe9\xf6~\x16\xebe\xab\
\xc7\xfd\xd7K\xf0\x85\x8cs\xff\x8f\xec\xda_w\xd8\x5c\
\xb3\xc5w2[\xda\xaf\xfa?-\xfe\x9c\xfb\xbf\x9e{\
_{\xb8\xf6\xe7\xfe\xef\xd68\x1f\xf8\xbf\xb5\x07_\x8d\
a\xe7LZ'\x98K\xf9\xfd\x1fe\xf7\xb2\xfe\xba\xf3\
\xc4z\xff\xef2\xc4\xff\xbd\xee.\x7f\xef\x07\xf3zb\
\xfc\xdf\xea\x80\xb3Pf'\xe8i\x92\xb8\xe4\x8ee=\
\x82r\xe4S/U\xfdZ\xd6\xe5\xcb\x9a\xd4\xce\x84\xa5\
\xcf\x9b\xbf\xc4\x0d\xdb\x96\x87\x1e\xdc\xc9g\xc6\x14\x82\xeb\
\x96\xfa\x7f\x7fm\xc8z=*\x14\x0a\x85B\xa1P(\
\x14\x0a9\xe0\x1d\xd0\xfd\xf4\xf5/k\x80\xf1\xfa\xfa\xa1\
,\xf4\xff9n\xe3k\x94f\xa1.\xef\xf0{\xf1\xd9\
\x8d0\xa0\xd0\x95\xbfD\x10\xb2\xe8\x9ft\xc9B\x8e\xc9\
\xd7*\x1fsw\xc9\xc3Y\x08\xb6\x9ah\x81\x07I\xc3\
\xc6\x0e\x0dp\xb3]\xa0\xd8nk\xf7k\x97\xd1\x93\xd0\
\x11\xc2\xb6}\x16\xa8\xaa\xa9\xdc\x89\x22^\x83'\xbf\xa3\
\xe9\x0e\xf2z\x0c\xff\xae\xe5\xb3z'D\xc6\x90\x14H\
\xcfK\xd3M;\xf0\xe1\xc0)2\xdbS\xe2),\xeb\
\x83T\x9cO\xd7r=i\x85m\xfc1\xe3\x1f\xd7\xd9\
\xcd\x83>\x87>\x9f\x8b\xa1\xdc\x0bb\xf8Dg\xd4\xff\
\xa7\xf3\xba5\xdf\xfe\xb3\xf9\x15\xcb\xda\xf4!)\xcda\
\xf4\x89\xdd\xc3O\x89\xf5\xe1\xc9\xb7\xfc?\x1a\xff\xdf\xf3\
\xff}\xf9+\xff\xd7\xfd\x8a#\x9d\xec\x88|J\xbf\xac\
vX2\xd7\x13^'\xb8\xeb\xff\xa7e\xaf\xafQ6\
M\xe4\xa3\x1e\x19\xffhJ\xdf\xf1\xff\xec\x1a\xf2\x09\xba\
\xde\x1fs\xdf\xf4\xb6\x9d\x0c\xc6{\xfe\xafd\xab\xaeC\
n\xcc\xe7(\xad]\xedR_\xfb\xbb\xa5\xf7\xffk\xff\
o\xc1\x91\xc7\xf7\xfc\x7f\xed\xdf;\x8e\xb2\xf7\xbbu\x0c\
c\x82\xd8[\x84\xfd\xfa\xfc\xfcq\xa5\xdd\x9cz\xd9\xf1\
3\xe7\x9d\xda\xdf\xe67w\xe6\xfb\xa2g\xf565\xa9\
<\xbb\x03Z\xe6O[\xackX@\xdb\xd9\xdf\xbfa\
Z\x81} \xeb\xe1N\x88\xaf\xdf>\xd9\xaf\x93\x0a\x85\
B\xa1P(\x14\x0a\x85\xc2C\x02+E#Z\xbe>\
\xacI\xec)\x5cH_\xc2\x93\x1fG>\xbbC]\xb0\
ch2\xc8\xe7\x87\x92\xc2f\xa7\xcd\xacK\xab\x8d\x09\
I\x85\xbb\xa5\xa4.\xee&Zv\x18\xb5 \xe0~\x06\
A?+\xf9v\x1atH\xe0\xda%y\x1d\x14\xda\x8c\
\x9fW\xb2\xd7\xf2<\xff\xfa{\xb2[L\xbdo\xf4\xf8\
\xddak\xbe\x91\xb4\xd4\xbd\xa8\x10\xda\x81\xbb\xb4|\xfe\
U_47n\xd9\xae\xddhwWK\x88\x1c|X\
\x22s.\x22\x0d\xb2 \xf4\xd9\x1e?_\x22\x82!;\
\xce\xd0\xe7\xd0Y\xd9\xbbh\x17\xe3t\xaa3\xea\x7f\xdb\
\x17K.\xd1\xe2\xff\xf8\x0a\x9d\xdc\xc6\x9d\xcdf\x97\xb1\
(F\x7f\x90c\xf8\xf4F\xca\x1c\x11\x9bN\xf4z\xfb\
Zx]\x89e|\xee\xffk\x99\x08\xa7\xfe\x8f\xfd\x80\
\xfdfd\xb9\xba\x81@\xca\xb0\xfa?\x13j\xeb\xf3\xe0\
\xb1\xa4{{\xf1\xf8\xd4\xff\x9f\xf8I\xfd\x7f\x1d\xebo\
\xfa\xbf\xdcOW\xff\xbf7\xee\xdfD\xb8{u@\xfc\
\x1fG!\x1b\x91k\xff\x8f\xe6C\xe4\xff\xfb\xb1\xc6\xf3\
\xc8\x8el\xbc\x08\x1eP\xa3\x8c\xcc7\x7f\x0e\xfd\x9f\xcd\
\x91^\xd3~\xc7\xff\xbb\xec\xef\xf9\xbf\xf6\xa0\xbf\xff\xb7\
E\xa6\xb5\xc3\xac\xc7\x9a'\xa1\xc7\xa1= \xf9YA\
!\xbf\xfd\xfd_\xbf%\x10\xb5\x8d\xcd\xba\xd3^\xb6\xdb\
\x5c\xafA\xaa\xa9\xc5\xb0\x06\xfc\x91k?v\x03\x09\xf9\
\xacd\xb6fj\xbf\x14\xf9\x5c(\x14\x0a\x85B\xa1P\
(\x9c\xc1\xbd\x03\xba/\xacuc\xc8\xf8\xea\xa1\xec\x1c\
6L\xf4X\x84K9+\xd6\x1d\xe1\xb9\x06%3\x10\
\xd7\xd5\xfe+\xeb!\x8b\xfeE\xdeS\x9f\x10R#P\
i\xeb\xbb\x0a\x1f\xa0\xc3\x04g\x86\xa0v\x16\xe3\xae'\
\xca\x10\x13\x14\xa7;\xe7P\x8a\xf4\xf7.\xb8\xfe\x8c\x5c\
\xf0=\x1f\xe3]]\xd8\xaf\x07\x05\xe7\xf1\xad\xddl\xcd\
\xee~\xcf\x80cpB\xca\xcc\xf2\xdb\xb2\x872\x8c\xad\
+\xb1|\xcb\x1eW^I*\xb0Gc\xdfT'\xe2\
\xfd\xf1]\xed\xb8\x0704+\xc1L\xade\xe9\xed\xd2\
\xae\x91\xa0v\xc2\xf9\xbc\x9a\x1d\xda\xfe.\x89\xf0\x8e\xff\
K\xbe\xd4\xbf\x93\xf7m|e~P\xee-~\x1e\xd1\
m\xff?\x19;\xb9_\xb5[\xfe\xf6\x09\x81\xfb\xdb\xfe\
\xff\xa2\xe5\xdaJ\x8a\x87e\xff\x98\xff\xef\xfd\x03s\xaf\
K\xe7\xbe\x13\xa7\xc7\xd7\xf7\xec\x1c\xfd\x9f\xf8\x8e\xff\xdf\
\xbb\x06\x9c\xfa\x7fsG\xdf\xf7\xffv\x90B7t\xed\
\xe5\xadsB\xd7h\xb8\x03Z\xbb\x7f\xbc?y\xb2\xbc\
\x9e\x84&\xa2eW\xb4~\xeba\xbe\x0b:\xd8\xcf\x8c\
c\xd7\xcc\xc5HmC\x1d\xafM\x0e\xfcC\xd7\x97\xfb\
\xb1\xf2\x85\xebK?\xb6\xaf\xe4(\x14\x0a\x85B\xa1P\
(\x14\x0agx\xe0.\x97\xbe\xcb\x84\xdcN\x92\xb1S\
D\x12G0A\xf2\xc13\xd4XB\x03\xfc\xa6\xa3\xa6\
\xba\xa0\xdd\xedB\x92\xf4\x08L\xf6\x07\x05\xbbl \xb1\
\x98\x82\xddODk0%:\x7f\xa6\xbe}\x10yM\
$\x9db\xd2\xdf\xfc\xb0\xc4\x0c\x91\xd9\x8d\xe4w\xc4\xdd\
\xd3\xa3\x84\xaf\xc8\xdf\xb5\xef4\xd0\xc5\x1d@\xde\xf6\xdc\
\x94\xbb\xb2\x95\x9c'\xd8\xfd\xb8\x03\xee\xb4\x8bv\xbb\xf9\
\xbc\x88|\xde\xf5\xd1\xce\xde+\xb2\xe0d\xec2\xfb9\
zX\xd2\xe2\xf9\xe2m\xc32\xd1|\xf2\xe5#\xbb\xb3\
\xf2\x11\xd6\xfekz\xc9\xe0\xa0\x1d\xc4\xa9\xcf\xe7\xfeO\
[B\x0e\xf3\x19\xf2w6\xc7\xb6k\xfeU\xdb\xdf%\
!pL\xbe\xef\xff\xd6\xb6\xef\xfb\xbf\xf5\xa5]\xede\
\xbc\xe0\xd3\x5cY7\xe3\x7f\xed\xffx]\xb2\xbb\xa4Q\
\x14\xda\xdc\xfe\x1f\xf2\x7f\xa6\xd8\xce?\xef\xff\xd6\x7f\x17\
\x190\x17\xe4aP\xa4\xcf\xd4\xb98vVm\xfd_\
\xce{I{\xbe\xd3\xbf\x8e\xbd'\xde\xe9R\xc69V\
\x1f\xff\x8e\xff\x1bo\x12\xe3\xa6\xfc\xfb\xfe\x1f\xcb\xf3\xfd\
\x1a\x9b\xa5\xf3\xc5\xca\x16\x99\xebz\xac\xcb\xb1\xfd1\xeb\
$k0YK\x9a\x9d\xce\xbc\xca\x9d/\xea\x002\xfb\
\xb5\xae\x85\x87\xbaM\xe4\xd9[-\xe9}L\xfa\x92\x02\
\x1b\x0b\x85B\xa1P(\x14\x0a\x85\xc2\x09\xe6\xf6R\xd9\
\xd1\xd1w\xac\xb4I\xdc\xbe\xf6\x8e\xc0\xc2}\x06\x11s\
%N\xf3\x97\xcd%\xf4\xb3\xbb\xa7\xb2\xc5\xfa \x08\xe6\
\xae5\xe1\xb6E\x07\x05_\xf9\xd4<\x8c\x14l\x8c\x13\
\x05\xcb\xd3Tk\x81\x0f\xe0\xdbZK\x82\x8f,\xde\xf0\
D\x84\x1c\xabL\x0d\xcc#\x02M\xf4c\x90\x18}F\
A\xe8\x1a<\xda@-\x0bhw\xed\xd8\xa7\x0b\xa9\xd3\
R\xdb\xa1\x22\xd4X\xdb\xbe#\x99\xfc\xb8d\x01tV\
\xd7\x93/2\x06\xbbq\xb0_\x95\xe7Tvd{\xd4\
\x1f\x98w\xd5\xf7\x0f\x96\x1f\x87c\x98\xa4b{\x5c'\
\xb3E\xf2\xd0\x0e\xdf\x7f\xfe\xdc\xcb\xf2\xf5\xa29\x8e\xb0\
D\x86\xfd\xd6\x81t\xfdJ=\x1a\x01v\xac\xa2\xf6\x8a\
\x1e\xb2s\x0a\xed\xbf\x8bh\x9eEm\xcb\xf2\xb2|{\
\xfd\x8b\xfb\xda\xdb\xf1\x1d\xff_\xe5\x9e\x94C]'\xe9\
'\xfe\x9f\xcd\xcb\xd7\xa7\x97!6\x92\xf5\xcdo\xf9?\
\xb8?!\x01\x88\xf0\xaf\xca\xc8d\x8b=Y[\xdf\xf1\
\xff\xe8\xba8\xfba\x88B\x12\x9a/\x1e\x00\xfe\xae\xff\
\x1b\xcf3m\xc4{\x1e\xfe\xc0\xe5n\xec|\xfd\x1d\xf9\
\xbc\xea\xb7\xf6SZ3I\x0f\xfd\x9f\x9dm\x04y\xb1\
\xed>?\xf2\x7f{\xadZ\xed\xff\xdf\xeb\xffQ\xa2\xd5\
\xa1k\xbc6\x0b\xac\xf2d\xf3@?^\xdb\xa2y\x93\
\x17\xe6AV7|}\x99\xce=\xff#\x9e\x8d\xbc\xff\
\x0f\xb9M\xd7\xb6\xba)\xc2\xf9?3E\xdf\xe3\xc35\
\x81\xf6\xe7X\xaf\x06\xd7\x86B\xa1P(\x14\x0a\x85B\
\xa1\x90c\xfe\x08a\xe7~\xc6j\x9dpA\xdd\x06\xc9\
L\xfa\xc3\x83mV\x18Bzb#\xfb\xba\x00|\xdd\
\x06\xc1k7\x08\x02I\x09\x1dZ\x83\xdd\xcdm\x04\x0f\
3\xd8\x04\x19\x8dMP@d_\xe1\xc1\x100\x22\x09\
\xf6pD\xad\x04L\xf3\x15\x0f\x0d\x83 \xdbEG\x1d\
\x19\x05\x88\xae\x0c\x12s\xef\x10\x15q\xb9\xb8\x0e\x1f\xc8\
<\xd5\xb9\xd3\x93\x08\x9e\xed\xc3\xcf3\xbd\xd7\x81\xf2i\
\x9b\xf0xGBx\xe2!\xd3\x91\xc9\xce\xe4\xe2{e\
3r\x85I\x7f\xfc\xe8\x9a\x849\xc3)\xe9u2\xff\
\xb21t\xd2\xde\xd6\xcb\x81\xfe\x9d\x9cw\xfc$\xaa\x83\
$\xe5\x1d\xb9\x19N\xc6\xcd\xcc\xc7\xaf\xf9\xff\xfbe?\
m\xf3\x95\xdc\xf7\xfc?\x91IzM\xa37\xfc?C\
\xbf\x1d\xb5T\xc6\xbb\xb2O\xfd\xdf\xcb\xbe,'\xaf\x10\
\x18g;Y;|\xd7\xff\x85(\xcd\x87\xa6%z#\
\xfdg\xfe\x7f\xeek;\xff\xa7\xa3\xf1\xbc\xbe\x1e\xdf\xf1\
\xff\xb6\x94?\x7f\x1d\xcc]\xff\xdf\xddN\xcfdEm\
\xc2WZH\x19\x1d\x13\xb9\x9dv\xf9\xeb\xbc\x90\x1f\x14\
\xec5\x83\xb9\xf0\xfa\xd1B;\xc6\x0dl\xd6\x977\xb7\
a\xcb\x94<t\x8f\xf5\xa8\xe8w\xd2_\x09\xf0{\xd9\
sc\xc5\xe8/|`\xd0\xcc\xc3\xe8\x9fWEl\xcf\
\xa7\xf7\xeaB\xa1P(\x14\x0a\x85B\xe1o\xc2\xc3\xee\
\xf0\xc0,\xd9\xf5\xcbc\x87\xf3L\x1e\x9f>\xb8\xb1\xfb\
G\x985\xb8\x98\xb1\xde<a\xd0\xd1\xa6\xee\xbe\x0b\xae\
\xd9\xdd0\xd4\x8c\x06\xb3\xeb\x84L\xb6\x0b\xb8:ym\
\x83\x05-\xf7\xfc\x91\xa3u\x87P\x14\x8c\x05\xa4a\xb0\
\xf3\x05w0\x91\x91\xc4\xf3\xcf\x930\x99\xcc(\x1f\xcb\
]\x05=L\xabm\x91\xdc3{\xe2~\x89\xc9T\xdd\
5\x94\x91mw\x02mJ\xf4d\xed!'\xbb\xcf'\
rs\xceZ,s\xdc\xa4&\xf6E\xe3\x9eA\xbeV\
/\xf3\xc2\xcf\x8f\x97\xad\xf0\xa0F~|i)wa\
\xc7.?\x22\xd6\xa2\xe3H\xa6\xe4?\xed\xea>\xe4\x7f\
\x00\x0e\xffV\x19\xd1\xdc\x92\xb1\xc0\x9a\x9e\x08\x8el9\
\xb1\xd3\x1fc\x9a\xef\x8f\xee\xff\x8f\xc0\xff\xcfp\xe2\xff\
W\xf5~\xd3\xff)\xb0-\x92{\xc7\x1e\x8f\x9d\x0d\xbf\
\xed\xff\xe4\xfc\x08\x8f\xb3\xb1\xc9\xf5Ph\x7f\x84o\xfa\
\xbf\xb7\xe9\xd4\xff\xf5\x1e(\xdf:\xc2=\xa1\xd6\xb6\xef\
\xf9\xff\xd5\x98\xe1\xfd\x8d\x17y\x0d|>\xb3\xe9\xbe\xff\
\xeb\xfd\xdd\xcb\xf2\xf2#\xff\xe7[\xfe\x7f}\x9d\xbb\xe3\
\xffQ?\xfc\x96\xff\xeb\xfdo\x0a6\xf9\x99\xbe\xab\xfb\
\xff\x8e\x93\x1f\xd3\x93D\x04>\xe4\x91w6\xd3F:\
\x93>\x14\xd6\xfbs\x83?-iI\xfc\xae\x8b\xfd&\
\x8a\xb6(\xe8\xc9\xdcL})\x88\xaf\xe6 \xd3\xe0\xe1\
w\xdc\xbb\xd1_\xe3\x0a\x85B\xa1P(\x14\x0a\x85\xc2\
\x1e\xf3\x15\x1c=\x80\xd2\x0c$k_;\x9f\x9b\x0b\xd2\
$&\x90\xdd\x8f\xbc\xd6\xc7_0\x7f-\xd85W\x85\
,\xebv\x1bX\xcaB\x1fmB\x11h\xd2\x93TF\
B\xbb\xe7k \x85iVVFv\xac\xe1\xd1\x8eH\
\xc0\x00S\xc5\xee\x83\xc5]\xa0\xe9\xf3\xf5X)<\x0c\
\xee\x89\xc2P\xf1H\x7f\x1c\x00\x9f\x10\x01\xb4\x06\xb9\xb4\
\x06\xcaq\xa0f-\x8f\x02{!f0=$\x99\xfb\
\x89\xda\xd2\xfc\xd7\x9eq~\xe6\x81w\x86\xd3r\xde\xce\
io\xd3\xaf\xa53\xa9M^\xbe\x04\xb5\xd8NO\xc6\
E\x84Vf\xc3\xee\x1cefu\x9f\xef\xd7\xdc\x05\xd9\
s\x04\xa1\xcf\xe5\x5c\x8e\x1fr\x01\xd8\xe8\xc9\xec\xc2v\
F\xbe\x80\xf5q\xaeD6G\x84\xa8\xd7u\x85\x13\xff\
\x8f\xf2V\xf0\xb6\xcc\xde\xffOu\x5cc\xef\xff9\xae\
\xca\x9f\xf9\x7f.\xd3\xfb?\xfa\xb2\xbd\x0f\xed\xfd\x9f)\
\xeeKk7\x13-WQ\x9b\xf6\xa9\xff\xb7\x84\x1c\xb7\
v\x9c\xfb?5{?\xe0\xc4\x86\xdd9\xca\xcc\xea\xfa\
]\xdc\x19\xac_\xac\xef\xde\xc6\x87P\xe6\xef+\xfe\xdf\
\xff\xee\xf8?\x81=\xe7\xfe\x8f\xaf\x9b\xa0\xa5\xce\x1d\x1f\
bS\xc6\xcf\xbdo\xfa\x7f\x97\x9d\x8d\xdc\x99\xff{\x1d\
\xf0\xca\xb4\xb0\xfc\xcb\x15\xcd\xfa\x90\xf15S\x8b\xb4\x91\
\x13\xfa\xff:\x87\x97u(\xea\xa4u.N\xc2\xd9\xad\
\xf9\x9e\xeb\xda6\xbf2\xe7\x84\xcd4Se\xfe\x11\xdd\
\xff\x16G\xa1P(\x14\x0a\x85B\xa1\xf0\xb7\xe3a\x16\
\xea\xf0\x0e?\x1f\x08\xd1\xd8\xad<\xd7\xe4\x0d\x83&\x1b\
B\xcd\xa0\x9d\xec\x0f\x91Yb\x96\x88\xdcn\x96\x9e\xd7\
w\xa2t\xb5\xf2\xae\xbd\x87\xb3E\x82\x0a\x1b!\xb4\x9f\
\xf8\xeb\xb9L>\xad\x99\xf3Wk\x0fc\x89\xcb\xa0\xa3\
\xb5 8\x8e\x8ai\x99]\x10\x1e\x07\xd0`\x8f\xd3\x9d\
\xd9\x8c\xfavA\xb3\x0f\x84\xc5\x0e\xd4aZ\xd5\xda\xc7\
A\xb2\x8c\xef\x93\xec\x8cv\xc8e\x04\x81\x90\xef\xc6.\
\xe6\xb9\xbb\xd5\xda\xe5\xc7#&#\xbd|\x81\xec\x04|\
\x97\xf0\x93\x87\x1e<I\x0c\xb5!\xd3\xed\xc9\x81l\xe7\
\x9d\xafw\xd7\xaeq4\xa7\x8f\xda\xb6\xee\xda\xc7>g\
'gGpy9\x19\xa26\xef\xda\x1f\xd5}\x07\xa7\
d\xc2\xfa\x00\xc5\x1e\xeb\xd8\xee\xca*\xf1\xa4\xed\xf3\xe4\
\xa7\xcc\xd9=\xa9F\xe6a\xd4\xaa\xa7\x97\x7f\xcc<=\
\xa6@V\x8c\x9d\x7f\xb7\xaf\xf8\xbf\x92\x9d\xa7\xfe/D\
\xf3\x89\xff\xcf\xb2\xd1\x03\x94\xc5\xff\xe3y*\xdf\x04\xb8\
\xf2\xdb\x0c\xa8\xe7\xe4:r\xdf\xff\xc7<\x18\xd7\x98;\
v\xa1N\xfc\x8c\xf2w\x84ut/\xc1y\xe7\xf5\xd8\
\x926\xef=\xffGI\xe7\x90ysR\xf3\xca_\xa2\
q\xcb\xcaM\xbd\xec\xaf\xa8:\xb6)\x81\x9e\xc8\xccl\
\x96{\xcfk\x1cn\xfb\xbf?\x96\xf5\x9d\xb47\xb2\x81\
]\x9d~\xbdk\xc1vdY\xb3\xf5\xfb\xbf\xd7\xad\xdf\
\x92\x8b\xf2\xe4\x1b\x00f=\xf5\xc0W\xd9\xb4y\xcf\x8d\
\x9a\xfa\x22\xa1\xfd\x12\x98i\xd8\x0a\xe5X2#\xdb\x0a\
\x85B\xa1P(\x14\x0a\x85\xc2\x09\xe6;\xa0!\x04$\
{\x8eK\xf1At\xf0\xcf?\x0b\xf7\xc7,\xdf\x83\x9a\
\xfe~<\x0aIgX\xf9\xcf@\x00\x7fd\xad\x07\x0b\
\xaf\xdd.\x8df\xb0\xc0\xf3E}\xa3<\xd8 \x81\x05\
D\x0c3\x80X\xbf\x94\xdc\x88\x1aC\x00\x82m\xf56\
\xae\xed\xf7\xf0d\xee\x0c\x0c\xa1\x8c\x04}\xad\xbd\xffn\
GI\xd3`\x0a\xc7\xa4\xeb\x90\x1djX\xffT\xa7J\
\xb2\xb2Oj\xa4yl\xdf}z_BG\x14|/\
D\xf8A\xbb\x95x>\xd3sR\xce\xd7\xb9\x22\x1cx\
\xe6\xc5\x0f\x02\xb2\xf9\x14\xd9\x10\xe9\xb97\xde4|\xed\
\xb1\xcc\xa9\x1b\x02L_\xa8,\x95\x1f\xd9\xe9m\xf5}\
\xf0\xde\xfc\xcd\xe5\x9f\xa4\xdf\x83\xda\xf7:\xdb\x8c\x97\xe4\
}\xd7\xffW\x1d\x9f\xf9\xbf\x8c\x7fD\xa2d\xe9\xfb\xbc\
3\xff?\xb0\xec\xc2\xff\xdb\xb1\xff\xb7K\xff\xa7\xb7\xfc\
\xdf\xc9 \xde\x8a\xc1\xba\xbe=\x7f\xc6\xff\xdb\xbc\xdb\xfd\
\xfcs\xaf\xf6>{\x07\xedm\xffo[\xff\x9f\x1dx\
8&\xb9m\xb4\xb5y[\x9f\xae\xb1\x8e\xd7Z\xe6\xae\
\xff\xff\xa4s\x97~\xc9\xff\x1b\xdd\x1b}\xff\x90\xa6-\
\xa9\xdd&\xf9\xd6\x8c\xce8\xac\xdf\x92k\x8e\x97\xf6c\
\xfa\xb5\xf5g+\x83P\xa6\xe0\xbe\xd1\x92w>\xf7y\
\xb5j\xd23X\xef\x99\xdd\xd0b\x91\xdao}\x1e\xdb\
\xcco\xfbR\xa1P(\x14\x0a\x85B\xa1\xf07an\
K\x8a\x83(=\xd6\xbddmMs\x01\xa3\x90&~\
O\x11{\x99\xad\x85\xba\x84\xa0\xf6\xbbk<\x01\xd4\x8f\
\xc9\xe8E\xcc\xfa\x86\x84\xe4\xa5\xae~\x9a\xd0\x85<\xcc\
.\x1b\xfc3\xfa\x85h\x8c\xeb\xaa]\xb6@D4)\
i9\xecn0\x0a\x9b\xe06\xea\x87\xe8X\xcf9\xcc\
[\xe4\x82n\x0a>\xe58\x0e\xbeq\xe7\xef5\xb26\
p?1A\xa8\x94\xbf\x22\x9f\xb3 \xfe*X\x8f\xc8\
0/C\x0b\x131\xfcG0\xc7\xb2q\xc0\xfa\xfe\x95\
#\xd1<\x89\xda\x10\xc9\xbe\x22G\xe9\x90|\x96>g\
W\x03\xc7\xda\xcbO\xc9\xf8d<\xa2\xfe\x8d\xfc\xc4\xd7\
\xcbd\xe8\xf5\xa3-\xf3@\xebZ\x19\xeb\xb5\x86\xcdq\
\xe6\xffWm\x8bl>\xf7\xff\xdc\xcf>\xf7\x7f\x9c\x07\
\xb8\x83\xda\xb6;\xee\x07\xbe\xe9\xff\xf9xF\xb8j\x03\
\x1f\xf9\x7f;\xf6\x7f\xdf\xd2\x9d\x1c\xbc\xce\x13\xe1\xee\xde\
\xfc\xba\xef\xdb\xfe\xe7\xfd\xbf_\x8f\xe4\x1d\xbc\xa7\xe3\xe0\
e\xfa\xb4{\xfe\xcf[\xff\x9f=\xfa\xb1\xff\xeb|\x96\
\xbf\xd8\xff\xd7\xfb\xd8\xee\x8a\xf8\x9b\xfe\xff\xd8\xde\xff\xbf\
\xed\xff\xee^\x1a\x94\x8b\x81\xd7#}\xfd\x97\xfd\x1d\x0e\
\x99\x8fD\xba\xd9@\xf3r\xd6\xdb\xae\xbd\xfc\xdaSM\
\x8b\xfb\xa3\x8f\x85\xfcNA\xaf\xb5\xfa?\x85m\xeae\
\x1aEl:\xb3\xda#s)\xbfR\x14\x0a\x85B\xa1\
P(\x14\x0a\x85\x1d\x98\xff\xfd\x9f6w\x8e4\xd9\x99\
$\x01\xc6(\x14\xee\x90\x95\x1f'\x04\x9a\x19\x82\x84\xf5\
\x88\xc6\x8ef@\xc3`^\x82\x22\x8c<\xec\xaee\x9b\
'\x0d\xd0\xdd?<\xc5<\x8cVr\xbb\xa5\x9f\xe5\xfb\
\xfb\xa2\xc5>\xbb\x93)\x0bX\xa7\xea\xd6w}iD\
#\xfdf\x83\x9c,@\xc4\xfc\x97\xb5\x9b\xddhh\x0b\
GJ(\xd7\x17\x11'\x11y\xbf\xb3\xd1\x17\x8e\x82\xec\
}}\xde\x96=\xe9#!'\xf0\xdc\x93\x1f\x9e|\xbc\
\xa3\xe3.\x8c\xce\xe7\xf8\xcc\x9d\xfbsB\x11\xd3'\xbb\
\xd2c\x9d\x19\x89\xe2\x89\xcai\x9b\xb1A\x7f\xa4I\xe7\
k\xbe[U\xbd\xe5\xbeM\xa78\x1d\xfb,\xefe'\
G\xbbF\x95\x84\x88Z\x82\xfe\x1f\xe9:\xb1+\xf2\xd9\
\x88\x08\xfc\xdc\xff\xf7>\xbc+{\xed\xff'\xfe\x9b\x97\
\xd54,\x89\xfd}\xad\xeb\xee\x1c8\xf3\x7f\xba\xa5\xe3\
\x04\xcd\xc9\x13\x9d8\x17\xd0\xd7V\xdf\xfbo\xf8\x7f\x90\
\xcfp\x8fe\xdd\xad\xfaM\x9b\x0ek\xc3\xf5(\xca\xfd\
\xc4\xffs\x9dR7\xda\xb5m\xfb\x89\xdd\x0c\xb6\xbaW\
\x9fm_\xf1\xff\x16\x94A\x11\xdf\xf3\x7f\xfb\xaa\x90X\
\xa2\x95\xdd\xcbNiJf/m\x94\xb6\xe8u@\xd7\
\x1a4/\xc5\xe23\xfe&\xd3\xc8\xf7\xa1\xf6Kk?\
\xaf\xfb\xed\xdce\xad\x8bT\xa7\x1b\xfemk\xbe\x0cn\
3\x97\xab\x06\x97\xad\x918\x96[\xcc \x8b\xf4>\x9a\
\xf9_\xa1P(\x14\x0a\x85B\xa1PX\xf1\xd0\xdd$\
}\x91\xcd\xe3\xc7\x04gp\x81p\x81\x027\xdd9\xf2\
\x0a& \xefU\xbf\xf9\xca\x96\xfc\xf4\xc1\xd9\xd5y\x14\
`K\xe0'25\xf0\xd0\xe0?\x0a\x011\xee\xd1 \
\x82C\xbb<l \x87;r\xac\xbc\x88\xac\xf1r\xf2\
\x80\x92\x03]]\xc9i\xa0\xb3\xeb\xbfT\xbeGkf\
W\x9a\x97\xbf\xd7\xb1G\x140G:\xa2\xbcI\xca\xb3\
\x7f\x87f\xfc\xd5v\xafc\x17\xc4_\xa5\xabN\x89\xa4\
!\x1d\x1e\x94\xec\x08\xcd\x8cL\xca\x80\xed\xc5\xf2\x9e`\
\xb0\xfd\x81\xa4\x88\xf6\x11\xf6\xc1,\xdb\x9d\xde\xf8\x04]\
\x8c%\xce\x9d\xd6\xd6\x1d\x9e\xbb\xf6\x9c\x90F\xeb\xdc\x9a\
9\x84\xbb\xdd\xec\xfbe\xb1\xbe\xeeL]\xf5\xc7\xb6\x9c\
\xda\xe5\xdb\xea??\xf7\xff\x5c\xd7w\xfc?\x96\xef\x11\
\xf9\x10\xd6U?@\xdfC\x7f$\xc8\xc74\xbc\x07\xf0\
\xd6\xbe(/\xf6\x7fk\xf37\xfd_&\x8c\x5c\x0b\x1f\
!\x11o\xdb\x88\xf7%\xdbO\x7f\xca\xff\xd7\xf1e\xf0\
\xff\xe7u\xeb\xc1\xfaM\x8d\xbb\xf3\xec3\xff\xb7co\
\xf2\xc6\xe7\xc3\xf7Qx\xff\xa7\xd4\xcf\xd6>^\xaf\x81\
R\xc7\xfb\x7f4sQ\xee\xea\xffv\x1d\xf0\xae\xff/\
\x9e\xc3\xeb\x83\xb2\xef\xdd\xff\xaf\xaf?g\xfe\xbf\xd7a\
z\xf0u\x88\xdfL\xa1y\xbfl\x93\xf8\xb5:\x1a\xad\
\xebQ!\x80\xd7)\x84\xe302\x19\xed\xb3e\x94l\
\xd6\xb1S\xb3\x1b\xac\xe9\xec\xfd\xa7\xb5\xebkI\xa1P\
(\x14\x0a\x85B\xa1P\xb0x\xed\x80\x96\x13\x1b\x00@\
\x80\x87;\x08\x95\xdb\x22\x0d\xa6) \x9b\xc9\xec:\x96\
T\x0d\xa88\x08=\xd9lP\x91\x00\x89\x8c\x04Z\xad\
\x93@\x06\xb6\xca\xcc \x90,\xc1L\xb4\x06\x99X\x9e\
.\xf7}B\x174\xba$\xab<DwF\x8e,\xa4\
\xc53\x0dv[_\x05\x8c\xab\x9c,\x80t}\x11\xc9\
mg;\xcbZX\x8eS\xf2\xe8\x5c\x86\x1d\x09K\xa6\
^\x8f\x93\xc8\xc5\xba;r\xe6\xca\xb6I\xde\x80\x0f \
1\xb4{\xf7-\x8e\xfb\x1d\xb2\xf3\x04~\xee^\xb6S\
\x1c\x86FS\xc6<\xfb\x138#<\xb4\x83;\x89\xbc\
^\x93|\x9d\x88\x08\xc9\xfa\xf9\xaa\xfc)>\xa9s\xed\
\xffZ\x0ewH~\xcf\xffm\xd9H\xeei\xfbR\xdf\
\xbd\xed\xff\xfb2\xa7\xfe\xea\xe5b\xddO\xfc?;n\
\x22\xeb\x1f\xff\xa7#\xff\x974\x22\xbe7}.\xed\x8b\
\xce#\xc24\xcao\xe3\x9bBw\xdf\x0e|\x07y\x9f\
\x03\x01H1\x89\x8cW~S\xf3-\xff\xbf\x96\x11[\
xRg\x7f};\xf5\x7fZ\xfc\xbf\xfd\x92\xff\xd3\xd4\
\x95\xc9\xb1\xed\xb2im\xb9\x15\xcb\x22\x0emh\x9a\x17\
\xea\x12\xdfy\xfe\xfd\xb8\x17r\xb8\xb6\x9b\xdbU\x832\
x\xa4\xf7\xc2nK{\x11\xd2\xf2\xed\xbe\xa7\x0ez\xfe\
 \xeb\xf3\xf3U\x1cf\x16\x13\xd8\x1d\xcd\xb85\xed\x9d\
kS\xa1P(\x14\x0a\x85B\xa1\xf0\xb7\xe1\x81;j\
$\xd6PR\x0d\x8b\x0a\xb3\xcb\xf8A3,d\x1b\x85\
\xe0\x0e\x116;P\xda\x0c2\xdb\xdcy\xd2\x03\x0f!\
\x91\xf5s\xddi\x8c\xe7\xa2\x9fM\xc0\xb0\xea\xf4mX\
\x83UL\xeb\xc1\x85\xd55d7\xdc\x0d\xcc\xd7\x01\xeb\
E@\xe7\xeb#9\x0f\x89\x9d\xd8\x08dz\x1b\xbd\x0e\
\xe9C\x10\x06\x7fk\xa0\xaa\xbb\x82\xda\x01\xb5k\xed\xee\
\x9f\x8fE~\x16\x94\xf9<^\x19\x81\xd7\xdf\xda^\xcc\
\xbe\x0e\xf8\xb0\x0f|P\xbe\xab\x8f\xf6\xc8{Y\x85h\
\x9a\xffA\x99\xf4U\x16N\xf7n\xfc\x11w\x82Y\x9c\
\xbb\x11\xd9\x12\x91O:J\x84\xd1\xbc\x93G\x97\xf6e\
$\x8c\xbd\xae\xe4\xf6\xacmy\xcc1{\x1e+\x09\xc0\
i\xdd]\xbf\xc7:r\xb2*\xb33j\xcf\xef\xf8\xff\
:\x16?_\xf3\x7fJ\xcb\xa2\xac;sO\xf4\xe0\xe7\
\xce\xbe,\x8f\x19\xafM\xf6\xfd\xbd\xd1\xf5\xe4j\x1e\xa1\
\xdco\xf9\xbfO\x9fr\x9f\xb2\x86\xffs\x22\xc7~^\
\xdf?\xde\xf3\x7f:\xf6\xffH\x17\xbe#\x9a\xe9ln\
\x7f\xcf\xff\xb5O\xf0\xcf\x94\x1du\xb3>\xbeJ\xd3<\
\xd1Gi\x1b\xda\xe5\xfd\xff\xca\xff\xd9_Vo\xfb\xbf\
\xe8R\xff\xbf\xde\x0d\xfd\x9e\xff\x0fF\xb7iz\xd6\xa6\
Q\xc2~\xbau#(X\xee-B>\xe3:\xd0\xd6\
m\xfa1\xc7{\xe7\xff\x0d^\xf5\xd1\x8da0j\xba\
\xdbX_J]is\xdf\xfd\xcf0\x1d\xb4\xf6\xfcc\
\xf7\xea8(\xa7M\xbdw\xcd,\x14\x0a\x85B\xa1P\
(\x14\xfeF0\xfd\xeb\x7f\x1a\x9e2\xeb\x02\x9d\x99f\
\x90\xd0\xd7\xf0\xac\xb1\x07\xec\x88\xe6Fs\xf7\xd4\x94\x13\
\xa8\x8ar\x1c\x15f\xf2\xb3c\x946\xcdB\x12\x19H\
\xca\xe5k\xbc@\xd2a\x8e\x90]\xdaf\x0a\xf4\xedS\
\xbaN\x0d\xa8\xb2\xc06\xdf\x8dD\xb3\xee^\xcb\x19L\
\x80I\x14\x12\x02X.\xea\x973\xd9\x18\x00f\xe5\xee\
\xe1\xc1\xd1.)\xa2\xfdN.\x1b\xdc\x9f\x06\x85\x976\
\xb6=\xc9s\x8a\xcc\xa6Sy\xfa\x80\x02\x0c\xdb\x8c\xd6\
;s\xe7N\xbf\x19K\xde\xec\x93\xa1U\xa4\xd0;V\
\x0bIs\xeakQ:\xce\xffO\xc8\x84\xcf\xfc?\xf6\
\xcfOl\xf1\xf36\x92\xef\xfd\xff\x1d\xd9\x9f\x96\xf3`\
\xcevd\xber%\x85\x08\x1e\x18\xfe\x96\xffG\xfdx\
\xd4vw~\xe6\xff{R\xfc\xb7\x89.\xaf\xe3t7\
\xf4g\xfe\x9fJ=\xca\xf9\xdc\xff\xdb-\xff\xd7YG\
\xa1l\xb1I\xe7\xeb\xb5M\xbe\xae\xd7\x85\xe7\xfe(\xb5\
\xf3m\xff\xbf\x1e\xf5}Y$\xee\xa5\x01@Z\x87}\
\xdc\xdc\x98\xfe\xf3Pw\x10\xcc\x92\xdb\xef\xff\x04\xf5\xdb\
\xac7\xf3F\x0a\xae]\xadU@\x9a72[ \xcc\
\xc8\xf2\xb0g\xec\x9anc\x87\xb4\xca\xcdf@\xa1P\
(\x14\x0a\x85B\xa1P\xc80\xb7v\xf8\xdda\xba4\
\xd7\x85\xbd!\xe2 \x86Q\xf2\xd9\x07\xd1LKa)\
\xd1<\xa9l\xf5b\x08\xc6\xe4\x82\x09\xb7\xee\xd7\x0d\x82\
\xcd\x11\xd3\xecH]K\xb2\xean\x1a{LD\xc9\x0e\
.\x86?-'\xc0\x9d[\x98\x7f\xb5[\x8c\xdc\xee/\
1\x84iO:,;\xb4\x02{\x0c\xb9\x0f\xbb\xca\x9a\
6\xd4\xee\x98JtX\x1b|\x1b)\xc5\x11)\xd1\x9a\
}\x18\xb0\xe8\xb3\xb2\xf2\xb6\xd2\xb2C\xca\xf7\xd1\x99\x5c\
\xb1C\xc7%*\x9f\xd9r2^\x99\xbc w\x06\xbc\
k\xf5\xd8\xae\x88`\xf0\xe7\x99\xbdW\xed8%ts\
\x88\x1f\xea\xb1\xca\xc9k\xed\xecB\xf2)#!q\x8c\
\xb3\xb9\x92\xa5\xed\x1fN\xd89\xf8\x18\x7f\xb3e\xfd\xe2\
2\xcbN;\xa5\x0e\x1c?\x12\xff\x9f\xc7\xbe\x0e\xfa\x0d\
\xea\x00{\xb0\xfc\xbc\xbed61\xafWl\x91\xe7\xfa\
<\xf2\x81\x08\xa7$\xf5I\x1a^\xc3\xbdI\x9a\xa7\xf5\
\xb1\x99\x9av\xef\xba\x82\xf9\xd1\xf9\xce\xff\xb3ki\xa6\
\x9fL-\xbd\xd7`\x9bv\xf8\x0d\xffg\xca\xdbn\xca\
\x1d\xfb\xff\xaa'O\xd3Y\xef\xc7\xd1\xd4\xfb\xd8\xff\x09\
\xae\xb1\xd7\xfeo|\xe4\xf2\xfeo\x5cm\xdbOXW\
tG\x0fb\xc7]i\xdal\xdbb\xed\x89\xe4gk\
\x12\xd3w\xd3\xfe\x9dO\xe8zlm\x95\xc8\x8c\xd3\x11\
\xd8\x0e\x9b\x86\xe9\x9c\xdc\xa7\xad\x9e\xd6\xda\x5c?\xc4\xfe\
/'h\xd1\x90\xc7\x83x\xe6\xa1o\x8e\x1b\xdb\x0a\xc4\
ts\xba\x17\x0a\x85B\xa1P(\x14\x0a\x05\x22\xdc\x01\
\xad\x8b\xec\xceQ\xd8E7\xcf\x0c!\x9c\x1f\xaf\x05\xfb\
\xfc\xb2n#\xd8I\xd2\xeb\xeaW'\xf5\x1cw\xb0Y\
z\xa4\xd7f\xa8+\x01\x1b\x96\x9eh\x18\xdc@\x190\
\x9b\x17\x22\xba9\xdd\xb6+\x8c\xf8\x80,\xea\xb2\x1e\x0b\
\xe1\x15\x05s\xe7\xe0\xe0h\x0d\x0c%h\x8c\xe4\xfb@\
[\x83\xc5k[\xa2\x12Q\x90\x1e\x93$12;}\
\xfaYO\xadA\xf4B\x928Bh\xb7\xc3\xec\xa4,\
\x13/;\xcfN\xe4\x9f\xc0\xcf\x17|\xbf\xaf\xd5\xa3e\
3Re\x14\x1a6\xef\xedc\xbe\xf7\xeeP9\xc7\xfa\
\xbe\xdcZ\x9e\xc2\xc0|%\x0a\xcfpg,w\xe0\x84\
\xc4i{\xe5ac^\xb2\xbe\xea\xff\x99\xfao\xf8\xff\
\xe7\xba\x8d\xdc7\xea\x9f\xa4\xdf\xc1\xfb\xfe\xdf\x96!}\
\x978\xfd\xa6\xffs\xea\xff\x91\x8f5s/\x8bl\xf9\
M\xff\x9f\xef\x88n\x0do\xd9i\xfdL\xce)|\xdb\
\x87\x04\xf2m\xbf\x9a\x97\xf7|b\xef\xcb\xcf4\xb3\xdb\
:\xb9\x1e_\xc9\xbf\xb4\xe2\xd0\xff\x1b\xc9z\xed\xdb\xfe\
\xaf\xc7CpT2<S;\xc1O\xa7\xff\xf5\xb9c\
Ml\x8b\xb4u_u\x9bm\xd5\x9d\xd1\xcf\xb6\xfe\xcc\
\xb9)\xba\xed\x8d[ec\xbb^i\xaf\xaf\xeeEw\
\x82g\xda\xcf(\xc3#\xbbv?\x17\x0a\x85B\xa1P\
(\x14\x0a\x9f\xe2\xb5\x03Z\x83\x05C\x81\xea\x8e\x1eS\
E\xdf\x0f\xc9\xf2\x22\xe8fk3[\xf2\xf7u\xde\x13\
{\xf1\x06\x05\x8d.\xb2\xf2\xf8j\xa1\xcfD\x93\xb2\x1e\
\xa73\x18\x84\x964|\xe7\xa0\xb3a\xee2[w\xf8\
0-\xf4\xe71I\x17Z\xbb\xcbomK\xf8\xed\xea\
\xb7\x16\xbd\xbf\x95\xb7uDg$\xcb\x07\xb1\x1a\x00\xab\
\x5c\xdf_\xda\xc7k\x90\xec\x09\xb2\xb5_#\xb3\xfc\xee\
u\xd5\xe3ec\xba?\x8f\xcaF\xe7\xdd.6\xf36\
\xc2\xd5\x18G\xfd\x92\x9d\xe7d\xc1\xfa\xdeZ\xc1|\x1f\
\xa8\xb4\x97\x80|\x0e\xe4\xae\xf3\x22\xd0\x96\xe8\x9a\xfe\x9f\
\xf4\xdbJ>\x0f\x7f\x84w\x81\xdbw:\xc7c\xb5\xca\
\xda\xcf\xf7\xc5~\x0a\xda\xe7HJ\x1a\x7f\x0c\xe5\x99\xa0\
\xff\xdc9\xce\xd3\xa5\xdc/\xf8\x7f\xfb\xba\xff\x9f\xe9\x8c\
\xd22\xff\xc7>\xa2\xa0\xffv\xfe?\xcb\x1f\x8c\xa9o\
\xcbw\xfc\x9f\xe7\xfc\xd4\xb9\x19\xcf\xbf\xe8\xfc*=\xb3\
\xef\xca\xffM\x9f\x06z\xac\xbe'\xf9\xd9\xc9\xb7+\x7f\
\xfe\x0d\xff\x9f+\x81q\x7f\xf7\xe3\x12\xc9A\x19\x9f\xf9\
?\xf6\x92\xed1\x9c\x8f^\x86\x1c{\xff\xca\xc7\x05\xaf\
a+\x96\xf9\x8d~p\xe4\xff\xd7>Lt\xd7\xffa\
\xd9\xf35\xff7B\x0e\xfa\x8f\xfa\xba\xcd\x91\xbcR\x9f\
\xcc\xbd\x9c\x83\xb1u6\x00K\xdd\x8b\xf6U\x9e\x1d'\
]#\x22O\x1e\xdd\x0f\xec\xf8\xac\x9f\xd6\x9e6\xd7\xab\
\x9c\xbbM\xea7\x85B\xa1P(\x14\x0a\x85B!\xc6\
+\xca\x0a\x83\x09\x8aH\x9d`\xa1\xed\xc8g\xa9\x8f\xbb\
a\x043\x8c\xe56\x03\x96P'\xdb\xb7?\x07T\x82\
\x91\xb8\xbe\xc0a\x85'\xd2\xae\x82A\xaf1+{V\
?\x0e\x82%\xf09\x09^3yS\x12\x04W\xa8B\
\x08K\xa37!\x83<\x89`\x83\xedk\xc2\xc6\x13\x0c\
\xf2);\xc6<\xb1\x95\xc1\xdb\x90\x05\xbe\xef\x10H^\
\x8e\x12h.\x1f~\xf8mW?\xb2\x09\xdb\xef\x89\x84\
\xfd\xdc\xd2\xe3\x1d9 c\xb7\xcci\xb2\xe3vB\xc2\
g\xba\xe2tok\xffT\xf2y\xad\x97\xd9\x90\x8dk\
D`\x9e\x80\xdd\xdf\x92\xc6\xfb\xf9\x8b8\x99\xa3;\x9c\
\xfb\xff\xfb$\xc6\x09a\xf5D\xe4\xff\x19\xa1\xb5\xf7\xff\
k\x7f\x93W\x8f\xc0\xc5\xbc\x7f\x80\xff\xd3\xff*\xff\xcf\
\xfd\xed\xe7\x8f\xf9?\xd8\x9c\xc8\xc74|\xc8#\x0fw\
\x8c\x8c_\xf5\x7f\xb1S\xee\xbbB\x14\xda\xdfZ\xf8o\
\xf8\xbf\xda\x96\xa4\xbf\xe5\xff\xef]\x87\xfeo\xf8?-\
\xd7\xf5x\xfd\xa4\xf6\xeb\xfd\x9f\xec\xe7\xd3\x06V\x99=\
\x91\x88\x96G\xa7N\x0f\xe3\x83\xef6e\x0a\xe9,\xc5\
\xda\xb0W\xd7\x83\xb4%\xb8_3\xd7\x91\xcb\xf3r0\
\xf0\xd3ta+\xb2[\xb3\xb2\xbe5g\x0b\x85B\xa1\
P(\x14\x0a\x85\xbf\x05\xb0\xcd\xc7\x07\xb24\x83\xcb\x17\
W\xfc\x8a5\x945n\xe3\xab\x94k\xcd5-\x0b\x14\
l\xe9\xb6\x94M\x03\x93YN\xa3\x06\xf6$4\xaf\xd6\
\xb4\xc1zC\x08\x91\xc8\xb6\x04\xf8\x1dd\xc1\x08\x06l\
\xaf J\xe4n\x08\x89+\x22Ldj`\xb4\xee4\
\x93W<\x18R.\x08<W\xb9h\xb3\x8e\xcb\x95\x9d\
\xa8?\x0a\xae\x19\xea\xd8\xa0X\xdb\x90\x05\xd6\xfe<\x0b\
\xf4\xaf\xf0\x940\xdf\xb7\xcb1\x09uEVd\x04\x8f\
/\xe3\xcfm\xbd]\x90lS\x19\xfe\x10;\xf2\xc8\x93\
.\xbb\xf2\xa1n\xd6\xf9e\xab1\x10xt\x19|\x9f\
\x10?\x19)\xa2\x1a\xd5/q\x0es\x22\xf7\x0e\xd1v\
j\xe3\x09\xf6\xfe\xafe\xa2\xe3H\xd6\x0e\xe8\xe7\x98\x16\
\xf9\x7fT/\xd3\x13\xfa-\x9f\x10v\xaa\xdf\x8cWT\
wL*\x86\xf39\xbf\x7f\xd9\xff\x8d\x9d\x8c\xfeo\xf3\
\xa3cL\xfb\xdc\xff\x83:\xees\x8f\xb6\x90b3\xe7\
k\xfe\xbf^\xab\xa7|\xe7\xff|!\xc7\x1f{y\xbb\
\xfc+9\xfe\x1ec\xef\xe1V\xc7=\xd9\xd1U7\x07\
>$\xcc\xe4\xe3\x98}\xea\xff\xe2/s\x15\xc4\xba{\
\xfb3\xffg3\xae{\xff\x1f\x9f\xee\x9bl\xfa\x19\xcc\
\xcf\xf9O\xd7\xd0Zl\x8f\x1f\x0b\x86u\x9f>D\x9e\
\xab\x0a:\x9d\xde<\x16\xa3}\x0d\xd0\x86\xf5\xa8w\x8a\
$\x1c\x7ff\xbbN\xfd\xe4^Q(\x14\x0a\x85B\xa1\
P(\xfcm\x00\x02z]|#M\xc6p\xf2\x0a4\
\x1a)\xff;x<\xa6,\xb8T9\xb2\x9bE\xd7\xed\
\xcdh\x92]rJ5aD!\xb4\xb4\x92_\x92\xdc\
\x08\x03\xbb\x16\xda\xd2\x03\xb6\xeb\x80\x81\x83\xa3\x0cYp\
\xe7\xc9\xd5\xd9\x07BB\x88\xa5n\x17\x0d\x06\xfb\xbb@\
\x11\xf5d\xa4\x8c\xc8\x13\xa2\x95\x832v\xd7S\xff\xf4\
\xbb\xff<\x01y\x87\xc4x\xc9EA`\x1b\x12\x9c\x9f\
\x06r;\x02\xc3\xd8\x8b\x87?\xcd\x9c{r(\x1a\xcb\
\x13D\xe4\x88\x95+\xaf\xa8X\xcbc;<\x19uB\
\x02F\xfd\x10\x11\x9e+\xa1D)<\x91\x15\x91\xac\x11\
\xd9\x85\xe5\xfdqJ4sN\xd0e\xb4P\xb6\xbb0\
\x92}\x0f\x91F\xef\x93\xb6\xac\x92?\xb6\x8c\x19\xd7\x85\
\x8c\xa2\xe9\x03\xf6Z\xf10\xfa#\x82\xd4\xfb\x0e\xee\xec\
E\xff\xd72\xfc\x86\xff\xef\xbf~\x7f\x0a%\x8c\x5c?\
\xb4\xec]\xeco\xc8\xbe\xf0\x7f\xbf;\x14\x1f\x06I\xff\
c\xff\xf9:'\xb8\xf6\x7fN\xcbwb\xf7\xd4\xff\xe3\
y\x14\xc9\xf4\xc7\x11\xa1\x9c\xe1\xcc\xff\xc7\x8el:\xeb\
\xffw\xfc?(M\x04\x0f\xc8L\x1f'\xb2\xdf\xc7\xea\
\xfbOD\xf7\x7f\xb9\xaf\xfb\xeb\xd3\xcc7\xbe\xa8\x9f\x9f\
\xdc\xff\xdb,\xa3\xf6\xc6\xfe\x7f\xf7\xfe?lt\xeb\x99\
\x08W\x1e<\xeb\xb5\x91\xc3*?\x1a\x1a^\xd6\x7f\xc6\
*3\xd7t\xde\xafe\x1b(\xeem\x91\xe3\xe1\xff\xe3\
\x92\xf9|\xa5\x1cj\xb3\xfe\xdf\x8c\x9e\xb6Y7\x14\x0a\
\x85B\xa1P(\x14\x0a\x85\x18\xf0#\x84\xfdT\x09a\
\x09\xc21\x98b-\xd6\x99hB\xb2\xb7\xffx[#\
\x82\x14Zv)\xeb9\xcd\xc0\x83\xb5nc \xb3\x91\
\x0a\x86\xc8\xc2\x90.\xacr\x98g\xbc\x82qH\x0fp\
\x1e\xc3V2\xed\xa2\xb9\x13\xc96M\xcb\xc5_i\x8e\
\x82\x8eg\x9a\xf9\x81\x22Z\x09\x22\xa3\x8c(\x0c\xec}\
\xd0\xe8e\xda\xf2\xf1\xbb*\x8d]\xae\x8e\xd7\x1b\xe9\x8e\
k\xbf\x09\xd7\x7ff\xec\x02\x1b\xbe\x0d%\x02(i\xe3\
\xe78\x97\xb9\xef\xf7\x13\x09;]w\xda\x96\xf5\xc7\xd5\
y\x86\xdb\x81\xb8c\x1e\xe6u\xc6\xf5\x03\x5c1\xde\xb2\
/#\xcc3b\x12\xe7\xa7\xf6\x8f'\x1d\xec\xf5C\xea\
\xad\xfe\x1f\xffP\xdc\xaa\xeb]\xff\xbf7\x8f\xd5\x07}\
\xba\xb6\xe9\xb7|\xe3\x8a|<\xd1\xfd\x09\xcd\x93_\xe3\
.k^\x97HH\xb4o\xdb\xd4\xe8\xd4\xffOln\
\xbf\xe2\xff\x0d\xd6\x04\xe0aD\x8eP\x8c\xf4\x88\x9c\x13\
\xbb\xd7\xf3\x96\x96\xa7\xb7\xfc\x9f\x82\xfb\x7f\x0b\xebKZ\
\xe6\xff\xcd\xdb\x13\xe8\xd2\xeb\xccg\xfe\xdfvg\xb7\xef\
\xffVF\xd2\xc3$c\xdb\xcc\xb6\x05x\xd8!\xd7O\
\x1e\xba\x87\x1d\xcd\xcd\x07{\x034\xb9z6\xea\xfb\xdc\
\xb5\x9e\xb5\xf6G\xfaw\x88\x18\xcb\xcd\xb9\x8e\x9d\xb2\xa9\
\xc1\xc5\x1e\xe7\xf1~\xeco\xdd\xfb\x0a\x85B\xa1P(\
\x14\x0a\x85\xbf\x10\x93\xbd|\x91\xbe\x12\x1c\x90~\x8dr\
a\x7fFZ\x0f\x16\x1a~\x8br.\xfb}\xc0\xf5\xaa\
\x22\x01G\x03\xc2W\xd8\xdei\xc3c\xa9#;\x84\x90\
\xfb\xd6\xf8\x88\xcdG\x86(8\xf5\xb1\x82\xb4\x9d\x87*\
\xdd\xe9\xd2\xcc'\xda\xe6\xb1\x06\x8a.\xe8\x1d\x8a%\xb8\
\x8cH1\xfc\x94\xddPk@\xd8w\x0d=\xbf^\x9b\
\xd9\xc3CN\xd45Q\xd0\xaa\xbaqwn\x1c\xf4\x9e\
\xa41\xfe\xf1\x03\x82\xea\xc7\xcb\xf6(V\xdb\x91*w\
\xce\x8d\x15M\xad\xc1\xfe\xcd\xc8\x87(\xff\x04\xebxv\
\x9d\xdaV\xe9\x0d\xab\xef_\x8f\x87\xe9\xab\x9d^??\
v\xe3(\x909\x84\xe7X\xd6\xcf\xafh^F\x88\xfc\
bG \xf9\xf2B\x0aaIy\x8f,;\xdb\x99V\
R\x08qe\xef\xce\x1e,\x83m_\xfd\xdf\xd7GK\
;2\xa2\xc8\xeb\xfd\xdc\xff{\xde\xce\xffQN\x9e\xae\
3O\xaf\xfb\x91\xffk9?\x97\xbb\xeeP\x8b\xd1\x87\
\xed\xf6s\x12\xcbE0s6P\xb8\xf3\x99\x88\xec\xbb\
\xef\xff\xd8^\x0e\xd29\xf5\x9b\xa8\xadx\x8ec\xe8\xf3\
<\xe4z.~\xf2\xe0\xdd\xab\x1e\xfc\xf5g\x95\xff[\
\xfe\xff\x80\xfb\xb8\xfa\xf2Z\xef\xca\x8f\xb1\xef\xce\xfc\xdf\
\xceK\xccg\x97{\xed\xff-\xfc\xb4~`q\xe2\xff\
\xdf\xb9\xff\xdf\xf1\xff\xb5O\xf6\xf7\xffp\xc5\xd0u\xcc\
\x7fr\xff\xb7=\x0d2\x9b\xbe\xf6J\xda\xd5\x88\x5c9\
\xab\xb5\x05\xf7K{\x1e\xe7\xa35x\x9df\xb8\xbf\xcc\
:\x8d\x96\xb5j\xdf\x0c1\xb3\x032\xdb\xce\xc9\x13\x7f\
)\x14\x0a\x85B\xa1P(\x14\x0a\x83\x80\xeeA\x81\x06\
\xab\xb0A\x85\x84\xfbm3N\x90E<\xbf\x12g@\
7\xff\xc1\x80\xc0\x05\x0e\xf0\xea\x8dN\xf42\x19\x86\xbb\
5\x13\x840\xcfpo\x92\xde^\xa2\x94Q\xbdAD\
1\xd2\xd8\xa7\x11\x92\x0dL\x14\xbc\x86\xe4\x04Q \x22\
]\x80A\x0f\x19;\xf7d\x83\xcf\xd7\x1dJ\xeb\xb1\xd1\
\x8d\x84]\xbb&\x07m\xf0nrR\xfb\xc2\xe0\xdd\xeb\
&;\x0f\xfa\xbb(\xa1<\xf3q?D6G\xc4\x92\
\xd8\xddgV\xfc\xfe\xd9h\xac|\x19!\x12\xee\x8c\x8f\
\x9e\xaf\xfaR\x1bh\x1d\x97\x9d\xde\x1d\x91\x15\xe9C\xd2\
O\xf3\x1faP~%3\x1a\xf3\xac\xdel\x93\x94\x85\
\xe3\x07\x90hQ~6.'\xa4\xa5\x92\x5c\xa6\x84K\
[\xc9\x11\xec\x0f)s\x87T\x88\xfd?\xf67\xcc{\
\xcf\xff\xdbr\x8cz\xf0|\xffp \x1e\x7fhU8\
\x9f\xad]\xc3\xd7\x18I\xb9\x95\xc4\x7f\x02\xdfE\xfb\x0d\
\xff'\x98cf\xceP>\x9f\xf0\xfc=\xff\xb73v\
\xef\xff\xaa'\xbf\xe6\xbe\xef\xff\xe6\xda\x81V\x85\xfe\x8f\
\xf6<6\xd7\xce\xef\xfa?\xda:,\x0a\xfb?\x93{\
\xdf\xffe>\xadr}\xdf\xe1\xfc\xb8\x92{\x85\x13\xff\
G\x9d\xfby\xaf\xa3\xf9\xae\xff3E\xfeom\xf5\xb6\
G\xf0\x0fa\xd8\x08[\xd7J\xaac\xad\xaf\xf7\x7f\xb8\
'-\xebE\xb7\x06s62\x10\xd5\x22\xcb\x14\x14\xf3\
\xd0\xea\xbe01\x9b#|\x15v\x07?\x83\xfa~\xfd\
P\xe1\x22\x8bH7Q\xb4\xe5\xba[(\x14\x0a\x85B\
\xa1P(\x14r\xbc\x08\xe8I\xdc\x8e?\x5cK\xbb,\
\x22\xcf\xee\x0e\x06\x98!\xf6\x96 \xc8\x14\xa3\x1e@h\
\x9e\x0d\xd4i\xbcGc!\x8fF\xf0<\x03i\x1f\xe4\
7k\x8a\xd8\xd3\xcf\x81\x081\x065B\x12\xa1\x97\xbb\
\x17@\xec\x02\xee'\x1e\x8e\x10V\x1b\xf9\x92l\x90|\
\xbb;N\xdf\x13\xb9#O|\x90\xea\xd3c\xd8\xb1\xc8\
H,o\x7ff7\xb9\xa0\x18m\x8f\xcaG\x81\xbb\xc7\
\x15\x01\xd2\x0b\x89\xb6X\xce\xdcy\x15\x12G1\x19D\
t\x1a\x5c\x1aZ#\xae\xdf\x9f\x18L\x026\xd3}J\
~\xec\xda\x88\xfa\xad\x8d\x94\xca\xbf\x1bDc;\x1e(\
\xb3\xb5\xc5\xbb\xe5\xf8\x0e\xe9Jd\xc7\x82y\xddy\xa8\
\xe4\xb1\x12mB\x88\xe2\xfb\x98%\xcd\xb7\xc0\xce\xcb\xa8\
\xcc\xb5\x9d;\x1f\xde\xf9\xcf=\xff\xcf\x1e(|\xc3\xff\
i\xd1\x93\xd59\xf1\xff\x88\xec\xf2\xf6h>\xbf\xed\xff\
\xcb\xa8]\x8c\xc9\xef\xfa\xbfX\xa2\x9f\xbe?\xba\xfb\xaf\
\x84\xa1\xd7\xfd\x8e\xff#\xb9)\xe9\x0f\xe6\xc4.\xd9\xe5\
\xce\xa9\xbcS\xdc\xb9\x86\xf3\xb8_3\xfc\xe7q\xed\xff\
--om\x89\xfc\xdf\xdb\x13\xcf\xcb\x13\xe0\xc3\x86\xef\
\xfb\x7f\xb7\xfb\x13\xff\x7f6\xfa\xb1\xf8?\x1d!\xf6\x7f\
I\x9b\xff\xa0V\xcd#2D\xb3\x91)\xac\xee\xb4i\
\xcc\xc2\x99\xd4([\x86\xbd\x9a4\x19k\x82\x05'\xbc\
\xeees\xff\x97\xb5\xe7\xebOJ\x89\xbdC\x96\xf4\x1b\
\x0f\x1b\xe7\xef\x9e\x90\xe4[\x89\xa6m\x85B\xa1P(\
\x14\x0a\x85B\xe1\x12s\x07\xb4\x907\x1e}\x89/\xef\
f\xed\x7f\xaf\xc0\x84\x91\xa5vuL\x80\xd5\x0bh\xda\
c\xf0\xd8\xf8C7\x1a\x00h0b\xa2\x19\x8aH5\
\x1b\xf0\xd0B\x9c\x0b9\x95\xc7\x97\xb6\x0dLq\x90v\
\x97\x88\x90\x002R{\x12\xf0f\x84\x88OO\x03}\
\xb6\xbb\xa3\xf6\xbaV\xbdY\x80\x1b\xe9]i\x8c\x5c\xbe\
\x97\x13\xe1\x9a\xdcji\xb9\xbe\xabj\xed3\x1fP\xef\
\xc8\x92\x8cL\xc8\x89\x84\xbc\x072B+\xd2\x93\x8dq\
Tf\xadC\x01x\xf9\x8b\xc8\x1a\xb4'\xb5/ 3\
\xc9\xcd\x01\xa31 XNH=k\x83'\xefP\x8e\
'\x98\x9a)+i\xbb\xb9\x12\xe9\xc6O\xc4}\xff\xe7\
\xad\x9e\xff]\xfe\xbf\x92\xb6w\xfc\xffZ\xfeK\x0a\xd9\
y\x88iD\xe8?\x9f\xfa\xbf!r\xc5\x80f\xbf\x15\
2\xe7\xe2\x90\xc7\xab\xc1\xa9\x5cL\xbb\x1e\xc7\xae\xc5\x12\
\xed\xf1\x5c\xfa\xcc\xff\xd7\xeb\xf1J\x0fR\xe2\xff\xeag\
\x99\xff\xdf}\x98\xf1\x1d\xff'Sn77\xa3>\xd3\
\xf9o\xfb}\xb15\xd1\x13\xb5'n\xf3*\xfb{\xfe\
\x1f\xeb\xbf\xe3\xff\xab\x97Y{\xcf\xfd\x1f\xc6\xfc\xf5\x99\
\xf5\x85\x91\x0e\xbeN@\x14\xbf&\x9b\x94\xb0\xf5M\xdf\
\xac\xf3u\x0c\xe9 \xd7\x1b\xd9k\x07\xf6\x99\xea\xc7~\
|\xa9\x16\xd9Bj\x8f5\xeax>B\xc4-h\x97\
\xf7W\x9am9\xb9\xbf\x14\x0a\x85B\xa1P(\x14\x0a\
\x85\xe7:\xfa\xdf\xff\xd1}\x1e\xaf\xb8@\x037\x08\x19\
\xfa\xf9X\xe0\xc3\x92\xbf\xff/\xc5\x9b\xa6\xbb\x90l\x09\
M\xfc\xb9\x94\x91\xd7r\xe8\xab\x02P\xda3\xa0z\x18\
eB\x1a3\x8b\x95\xfd\x00\x09\xf5\xb9sH\xe8\xf4\x16\
\x04\xf3\xa6\x01\xd7\x01\x85\xc8\xd4\x00\x84}\x81[\x81I\
\x1e\xc8\xf06\xc8\xf1\x01t\x16\xc0?wS\xe9W\xcb\
m\xffd\xfaO\xf4\xe6x_\xf6\x11<a\x22\xafY\
\x09H\x14\x0c\xe0\xef\xe8\xf4D\x8b%\x04l\xf0k\xea\
%\xf2v\x04\x8b\xb7{w\xaeZt\xbeb\xf0=j\
\xd1\xf42\xee?\x8e\x85m\xb2s\xf7\xdaN\xde\xda\xf2\
9\x80\x93\x18v>\x02\x82%\xees\xdf\x9e\xab\xfe\xfb\
F\x1b\xde\xe9\xc3\x13yw\xf3\xb0\xcc\x13g\xfe\x7f\xe6\
\x8f\xdf\x1a\xeb{\xb2s\xbfB\x12\xc8\xcf\x97H\xe6\x95\
\xffG\x9a\xf0V\xb6\xfa\x7f\xdc\xc7\xa7X\xdb\xdc>\xf0\
\x7f\x0bo\xab\xcb\xfc\xe7y\xef\x8f\x1e\x87sw\xdf\xb7\
wly\x07\xcd.,\xf6\xedIl:\xf3\xff\xcd{\
\x95\xe9\x9e\xbd\xfb><\xeb\xa7vP\xbe\xe7\xd1\xa5=\
O\x5c\xf9\xbf\x8e?\x85\xed\xb9J\x13\x0fi\xe6\xdc\xe7\
\xd3(\xd3\x8c\xfd\xc0E\xbf\xe6#\x07$t\x0b^\xdb\
f\x8f\x07Q\xfc#\x93\xb4i\xdet\xe8\xf1\xca\x8d\xc6\
\xe3\xb5o\xbd\xdc\x0f\xb6G~\xbfd:<\xe8}\x19\
\xabk\xa56\xdb\xa5\xebb\x0a\xc9\xf1;3\xa8P(\
\x14\x0a\x85B\xa1P\xf8\xfb\xf0\x90\x9d2\xb8\xb9e\x92\
\x93\x12,\x90~j8\xe2#\x18\x0a#\xb8\xd6T\x82\
\x09\xe6\xc9\xae\xf9\xed\xc9\xba\x83OH\xf1\x16X2k\
\xb1\xea\xb2\xe9<w\xb9 \xf9<\x836:#wL\
\x1df\xf8\x5c{\xe54H\xcf\x83\x16\x95\xeb\x83qv\
\x9fRF\xfe(H\xefA`'\xef\x85\xac\xbc\x0a\x98\
B2\x87(%\xdc\xbc\xdd\x91\x1c){wW\x17J\
\xe60o\xfd\x8a6\xf6\x07\x12\x06\x92\x97!\xb6\x85]\
\xbdu\x8e\xf6\x87\x1c\xce.\xd0\x83\xfawvDc\x18\
\x83\x8d\xdf\xa2\x5c\xff\x00\x00\xf5\xdb\xb9\x9bc\xf6uC\
\x22\xe1l^{\xdd\xfe\x18\xc4\x92\x9b\xc9\xb4\xf3\xff\xad\
\xbd\x9c\xbf\xd2\xa2\x05m\xb8Cp\xf9\xe3\xab>\xfc\xdc\
\xff\xad\xac\x13_\xbd\xf6\x7f{=y\xc7\xff}z\x94\
\xbf\x93#es\xff\x8f$\xf8k\xcb:_D\xcf\x1d\
\xff\x8f\xaf#\xd0\x96\xd6Vm\xaeO\xae\xfa\xe5\xda\xff\
\x1ftu\xbd\xbcs\xad\x0a\xc7\x01\xe7l\xd3W3X\
\xb9\xf9\xd5\xb5\xfd\x9a\xff\xb7m\xbd]\xdd\x08g\xfe/\
}\x9e\xcd\xb5\xd8\x16\x7f\xcc\xdb><\xf7\xffh\x8ey\
\x08\x11J\x17eN\xfc\x7f\xde\xbf\x93\xf5\x9a\xaf\xabf\
\xe2<'\xd8\x980\x9b!\xb9#G\x15\x18\x1fh\x99\
\xff\x8b \xb26\xcc\xc4\x16lZX\x0b7d\xb9Y\
\x89v\xe3\xff\xa3\xcf\x97\xf6C\xd9.k\xbd\xffG8\
\xb9\x96\x16\x0a\x85B\xa1P(\x14\x0a\x85\xf1\x0a\x8e\x0e\
\x0c&\x1c\xf3\xcc#\x00hD6\xce\xe8\x09\xcf\xe2\x8d\
[\xfc\xa5LN\x822$\xba\x85\x14v\xc1\x9c\x0f\xde\
\x87qC\x9e\x10\xd2\xcf\x1f\xb8\x9b\xa1\xce(\xebl0\
\xf6\xd0*\x13JFqDh\x07J\x06r\xb6\x8d\xe0\
\xe64 \xc9\x02Y_\x1f\x83\xa7^\x82\x82z4w\
\xba\x0a,!\xa9\xc7>X\x8dH\x22\x04\xfeh\xdc\xda\
I\xfa:\x84\x0c\x19Q\x13\x91c\xbe\x9c%\x8b\x98\xfc\
\xdc@\xf9\x19\xb1\xe5\xe5G\xfd;u\x05\xf3\x22\x82)\
\x0bc\x13\xe9\xf7z\xb0\xdc\x15\xc1\xa4A5\xdb\x00\x9b\
b\xb2*#a\xa2\xf2\xa8G`\xc6\xfa@\xb6\xda\x99\
\xeb\xf5\xc7\xad\xe9\xb5A\xfb\x80/\xebF:\xf0\x07\xee\
|\xbdS{\xb0\x1d\x9f\xd4\xd9\x12\x81\x1b{\xae\xfc/\
#\x8d\xcf\xfd\x7f\xd5{\xc7\xff32*\xab\xef\xf1\x99\
\xff?\x12}RV}D\xe7\x89\xd5{\xd7\xff\xa3+\
\x00\x076\xa0\xbc\x93y\x10]\xe7w]wE\xc4\xbe\
\xeb\xff\xbe=\xeb\xf8\xcc;\xcc\xa5\xec\xc8N\xaf\xd7\x1f\
{\x12\xb2\xf79~\x0b\xea\xb7\xfd\x7f}\xedX_\xd2\
|\xc3\xff\xd7\xeb\xf4\x95=g\xfeO\x97\xd7\xff\x13\xff\
gZ\xd7[\xf7\xfc_\xe4`}\xa8K\xb4\x90\xc5\x83\
\xd3}\xfdct\xb1\xdc\x0b\xf4\xdc\xcb\x5c\xfa\xbc\xf99\
Jsi\xc3\x8c\xe7\xba\x9e\xd3~\x06\x9d`\x9c\x90\xf2\
\xd3\xa7\x9b1\x91\x98W?\xbd\xba\xe6\x15\x0a\x85B\xa1\
P(\x14\x0a\x05\x8bG\x16\x00\xbd\x08\xe7\xb1X\xe76\
viA\xf0\xd0p\x17r\xb0\x8bG\x03\xccN^\xf7\
\x80&y/+\x90x\x1a\xf7\xe4\xc4\x899'\xb6\xc1\
\xc4Z\xc3\xab\xb0\xad\x5c\x02-:B\x93\x9d<d\x09\
\x0bO\xa8H`~MH\x09\x19\xa7r\x96\x12\xbc\x12\
\xc7Wr32\xc1\xb6\xa5\x19[\xb5^^+\xde\xcd\
\xc6[\xc2\x0b?\xa3\xbcX\xa6\xca\xde\x8e\xb2#G\xe4\
\x07\x9c2\xd2\xc4\x8fK\xb4\x13\x13m\xc61\x9d\x05\xc0\
*\xdf>\xfc\x01\xa9]\xff\x9e\x04\xb1:w\xdb\xf2\xc3\
Tk\xd9k\x82\x847\xf5vyx\xbc\xc8\x5c\xe6e\
DZ\xf0B\x14z\xf9g\xf3\xd9\x22#0\xa3z\xd9\
\x1c\xdb\xc9\x8f\x90\xfa\xca\xdb\xfe\xafr\xbdL\x94\xfd\x9e\
\xff\x9f\xe9\xcc\xda\xb4\xab\x13\xc9\xd8\xd9\xf1\xbe\xff\xef\x80\
\xdf~\xe8\x1e\xf9\xb9\xff\xb7\xd0\xff\xe7UhC`?\
q\xcf\xff\xa3\xbfU\xf6\xb7\xfc\xff\xb4\x1e\x85D\xf0#\
\x94\x19\xcd\xcbh\x9ef>\xa3\xe5dmA\xc7v\xbe\
\xef\xff\x9c\xfa\xff\xfens\xc7\xff\xe9\x96\xff\xd3\xb1\xff\
\xc7>\x13\xd5I\xf3\xe4\xdf\xf9\xb0\x86\xb6\xeb\x0fk\xa6\
\xf7UM\x8fV\x1bV\x1c<,p\x0f\x8d\x98\xa29\
\x83\xd2\x9a8\xa0\xd12\x97\x9a\x03\xea\xff\xeb\x98\xd3\x98\
c\xafy\xc6\x9d\xfd\x16\x15s\x9dJ\xd0\x07\x93\xfcg\
+\xa7P(\x14\x0a\x85B\xa1P(\xdc\xc2C\x82\xa5\
N\x18\xad\xc1\xe08\xd2\x8f\xd6h\x890&S\x0d\x92\
\xd9\x92\xa9\x124\xe9\xa2\xde\xc9\xee\xec\xb6[\xd7\x07\xc4\
A\x96>\x02\x07'\x9c|8\xeb\x03\xc3]\x18\xe1\xc9\
\x0b=\xee\xed\xf0;\xaf\xbc\x0ei\xf7\x15i\xd0\xcbz\
\xfb\xe2\x9dKY\x9e\xd7\xad6\xafy\x19\x19\xe0I\x04\
\xd1\x99\xb71'K<N\xc8\xa4\x8cX{=d8\
x \xe1\xebG\x04\x01\xa6\xc9_Dt33\x90\xa6\
q\xfby\xd3\xbe\xb4N\xd2F\x9b\xc6Co'|\xd0\
\x8f2\xf98\xb6\xbeO\xa2>\x12\x12\x8d][v\xf3\
\xcf\xb5f\x91\x89\xe9\x1c\xfa?\xd1)Qt\x17\xa7d\
\xa5'\x86\xaf\xcaf\xe4\xdd\xf7\xfd\x9f\x17\xfb2\xdc\xf3\
\xff\xb6\xe4\xdd\xf1\x7f/#\xd3s\x95\xfe\x89\xff\xef\xb0\
\xf7\xffW*\xe9k.pN>\x12\xffWY\x97\xbe\
LdvQb\xd9\xcf\xfc\x9fh\xf5\x7f\xfe\xaa\xff\xcf\
\xb2t\xe2\xff\xd1\xb5>\xf3\x7fM\xf3\xd7Z,\xbb\x9b\
?\xf8_\xd7t}M\xf8\xa6\xffO.\xb3\xb3\x97\x8b\
\x0e\x91s\xe6\xffB\x86\xf2\xa5]f,\x8e\xfc\xff\xfa\
\xfe{\xee\xff|\xe8\xff8~\xeb\xfai\xad\xaf\xeb-\
\x95\x95\x8d=\xea\xecu\xdb\x94\xe1mx\x98:\x8d\xac\
\xd8\x9f\xe7\x8f\x5c\xbb\xeb\xdb\xd4\xcf\xa4\xf3\xab\xc97\xcb\
H7U4Xs\xb0\xf8\x94\xda\xd8wC\xd7k7\
\x0a\x85B\xa1P(\x14\x0a\x85\xbbxh\xa0\xd8&)\
\xfbD_h\x13\x99\x8d\xce#\xdei\x12x\x98\x05\xb8\
\x12gr\xaa$\x80\x0bb\x1a\x99]73_\x02\x81\
\x19M0T\x18\x81\xe8\x143\x02\x9b\x91 A\x1es\
\x10\xac\x84A$\xee\xda\xc2|\x0e\xca\x0eI>\xb8j\
-$\xa9\xe4\x5c\xbe\x0e\xebI\x81\x15\xeb\xab?\x22\x22\
\xe04\xdc\xc9\xe2\xa2\x88p\xa2\xadUj\xcb\x1al\xe5\
\x81o\xb4\xfb-\xea\xa7\xadn~\xcc@\xb0k\x8b\x89\
`\xec\xe3U\x06\xdfH\xe3\x84|q\xed\xd9\x10\x12Y\
\xdaU?\xe3N/|\xdd@T\xbf\x05A\xb5\xa4\x87\
}\xdaZH\x1f\x89\x8c\xe9w#\x7fO|\xf6R\xdd\
N\x8a$\xceO\xb1\xa7\x05$>\xda\x1a}\xbeC\xbe\
\xe2\x8e\xd7]\x1d?>;\xc2\xe6\xca\xff\xdb\xd7\xfc\x7f\
O(\xdeEV\xe7\xae\xff\xa3-\xa7\xc4\x9e\xe8\xf9\xdc\
\xff9\xf4C\x8f\xf7\xfc_\xe7)\x96;\xf1\xff\xed\x5c\
\xea\x89\x0b\x99{\xee\xff+y\xac\x9f\xfd\xfe\x8ad\xb4\
\x97\xb1'\xb4Wd\xfe\x9f]/\xecu\x8a.\xdb\x14\
\xf99\xe6Y\x99\xb1\xff\xfb\x97/\xd1\xaf\xf8\xbf\xfeI\
6\xea\xf2\xe3\x89\xb2\xae\xfd_\xae\x97Q\x8fZY\x88\
{\xfe\x9f_\xc3\xa2tC\x90\x1f\xc8;\xf3\x7f\xd43\
\xea\xf4\xb3\xd1Ov\xe8\x9c\x87\x19\x9d<\xe4\xe1ZM\
\xe4\xda5a\xfb\xa7\x8f[$\xb0\xcf\x1b\xce\xecds\
\x090\x0f:d\x89)\xef\x9bk\x9d\x06\xb7\xcdgz\
\xe3\xb2\x5c(\x14\x0a\x85B\xa1P(\xfc\xf5xD\x84\
V_\xfccD1\xd2%\x7f\xec\x1c\x91\xa8c\xbc\x22\
\xda\xfd\xf0\x8c\x04x\x10\x908]\x18\xc8\xce\x80e\xbe\
k\x0fHg\x03\x098\xba.y\x05\x87\x04\xd2k\xa0\
d\xa3e\x1bt\xceT\xed\x90\xc7.H\x8cj\x10e\
;\xce2\xe2\xc1\xefr\x8b\xf2\x97`\x91v\xe1\xeb\x1a\
XK\x8d\x1d\xa9\x92!&+\x1fK\xee)Q\x18\xf5\
\xc7\x8e\x94\x99\xef\x02M\xc8\x84\xb3\xa0\xfc\x1dt}~\
\xc7\xea2\xbep\xec\x89\x96\x88,F\xf8~A\xd2\x09\
\xe7\xdeU\x1b\xa3~0vR<_\x22\x12:BL\
\xdea\x1e;M\xf1\x0f\xc0a\x1bW\xffO^s\xc0\
\xbb\x99N\xb3.\x1e_\x11m\xde\xae\x0c\xbb\xdd\xca\x96\
\x18\xb3\xf2\xa5\x17\x1e \xff\x01\xbe+\x9f\x0b\xb1\xe5I\
.I\x1b\xe9^\x86?\x06\xe3\x16{\xccqs\xbb\x15\
\xfd\xdcq6\x9e\xcc\x93\xdf\xf2\xff+\x9d\xdf\xf7\x7f\xd3\
\xfb\x97\xfe\x8f\xc7\xfe\xbe\x83\xd7\xeb\x06c;i\xb3\xad\
\xff\xaf\xaf\xedXm\x94|O\xc8\x9d\xf5\xa9\x87\xaf\xc3\
.\x9d\x83\xb2\x9e\xb4\x8dl\xfe\xb6\xff\xb3\xd3g\xc8\xcc\
?\xe4\xff\x94\xe8x\xff\xfe\x9f\xdf#\xa2\xfb\xc9\x0ef\
m\x12\xcc\xd7\xab\xfb\xff\x95\x96\xd8\x17\xf3\xba\xb1\xff\xcb\
8\xfa\xeb\xd9\xcb[L\x0a\xd63Zf\xdflWC\
\xb6\x8eg\xa7_\xce\xe3\xb3\x84p\x1e?\xd2i\xc8\xf2\
\xd5\xf7\xee\xcc\xa9B\xa1P(\x14\x0a\x85B\xa1\xd0\x91\
\xfc\x08\xa1~v\x1e\x9a\xb5\x88Y\xb07\x88\x099\x08\
\xb2}P1\x82\xa1!H\xd7\xecB&\x83\xae \xd8\
\xc4\x80\x15w\xae\xa8\x8a,xE\xb9\x22\x07K\xe4\x01\
a\x0f\x8c\xbb\x0ds\x97uP\xf6j'\x17\xb6\x03\xdb\
\x16\x05\x88\x93|u\xe4T\x14\xd4\xe99~\xcd|\x0d\
6\xbd\x1e$\x07P/\x05\xbaF\x0aE$c\x84-\
\xb9\x9c\x11\xb4\x17\x9c\x12\x92\x13H\xfc\xeev\xbe\x9d\xc2\
\x07\x94Qp\xae#f\x816\xf9\xfa\xbbq\xc0\xfa:\
n>\x9d\x169HnD\xe4\x91\xb7\xf3\x8a\xec\xb8\x07\
\x1f\x88\xaf\xbe\x12\xa5\xa7\xd2\xc2\xbeX\x81\xfdyE\xee\
\xa4\xba\xe03\x1a\x07\xaf\xcb\x10q\xe3\xba7\xe7\x9a\x16\
\x9e\xfd\x8d\xd7\xccN\xf8\xc2\xb1+\x83\xd7\x90N\x10\xe3\
{\xec\xbbD\x06\x12\x04/\x93r\xfc`K\xc9\xbd^\
)A\xaa\x1b$\xd9\xf9\xdd\xf4\xfa\xf2\x18\xd7\x18\xb4\x11\
\xfb!\x9c\xf3m\xdd\xe1\xeb\xf1\x8e\xff\x9f<p\xf9\x1d\
\xff\x17\xe2\xf3\x01\xe77jo\xfc\x1f\xfbj\x9eo\xe6\
|vm=\xf5\xff\xe8\x0a\xf5]\xff\xcfe\x8bMw\
\xfa\xef]\xff\xd7\xf7\x06\xbf7\xe6\xd7\xfeo\xef\xcf\xf2\
\x90\xe19\xd7\xae\xae\xad\xfb\xfb\xbf\x95-\xf2\xbd\xac\x99\
\xde\x02\xe2\xd4\xd5\x8b\xce\xd7j\xf7\xef\xff\xd9\xfd8\xba\
G-\x8fJ\xdcz\xd0fzY\xfd\xe2z5gd\
\xcdf\xecn\xfa\xd0Vt\xa6\xf5W\x03\xe1\x10\xe7\xc3\
\x90\xcd\xde\xe4\xfcZ\x17\x8du\xa1P(\x14\x0a\x85B\
\xa1PX\xf1\xc0\x85\xb7\x07\x0fR\xb8\xc1\x8e\x92I\x8c\
`\x90\xd1\xb4\xba]\x87\xfb`k\xd5c\x02If\xf2\
\xc4p\xa3\x88t\xb2\xc19p5a \xa0yxf\
,\xdb\x06\x10\xcf g\xee\xd0\x22\x1b\xc4\xe11\xa6E\
\xa4\x04\x06P\x1e&\x18\x04R\x83\x932\xa7;\xbe\xf0\
<#@q\x94x\xa9#\xa9\xbc\xc8\xf6m\xf7\xe9\x11\
\xb2\xdd]\x93X8 \x15\xb0\x7f3\x12\x14R\x82\xfa\
\x98'\xbb\xf4\xedW\xcf\xf1\xef.v\xc4\x9c%iV\
\x0dQ0\x1b\xf5\xaf\x1fKN\xcaGs\xd4YEI\
+\xa6\x8djk\xde6\xb4-C6\xefO\xcbDy\
~wejW/\xdc\xe5\x04\x7f\xd4\xd6W\x0f\xcc\x19\
\xf9\xd0\xeb\x1e\x13\xbe\x06\xc1\xbe\x9fW\xe7\x92\x1dk\x02\
\x12\xd8\xa7[\xa2K\xdb\x1b\x95\xd32~\xfe\xa8\xc5h\
\x8b\xca&c\x03\x05\x04\x98\x87\xb9f\xa0&\x19\x0b\xec\
O/c7\x16\x83\xcc\xf3\xf5\xae\xe6\x95\x15q\xc7\xff\
\xe3\xfa\xbeN\xbc\xe3\xf8\xbd+@j\xc3 \xfdq\xbe\
E\xb6\xdd\xf7\x7f7ko\xf9\x7f\x0e$\xd23[\xac\
~\xfec\xfe?\x8f\x1a\x1d\xf9\xff\xab\xe8\xc5}iE\
o\xd3\x8bxF\x1dc\xec\xe4\x01\x8e\xb71\xbf\xff\xf3\
\x5c\x03P@D{r\x18\xef\xcd\xd3\xf7\xb6\xf7\x7f\xbd\
\x06\x99\xd4\x8b\xfb\xff*\x81\xe0>\xe5\xe7\x22\x996\xf9\
\xf96\xba\xa7\x7fR\x82\xd9No\xb3\xc8\x99+\xb6e\
=\xd0\x08\xe6>\xfb~hA\xdf\xc6\xf7\x0c\x9f\xd5\x9a\
/\xca\xb3\xb1}\x13\x86\x7f\x8dH\xbb\xedO\x85B\xa1\
P(\x14\x0a\x85\xc2\xdf\x0e\xe6\x7f\xffgp3\xb2\x02\
\xc7\x05}?\x97\x1fda$\x9f\x9b\x06\x0b+i8\
\xbeT\x09;T\xda\x8f(|\x8c:\x22_\xcb\xcb\x0a\
\xdf\xec\xda\x03\xd2\x84\x0d\xd3-\xe96rX\xe5b\x19\
\xdd\x81\xc4\xaan\x0b%ml|\xe2w\x15\xed\x82\x11\
\xcd\xcf\xcb \xc1\x1d\xe9\xc8\xe5^\xff\xc0\x19\xea\x90w\
\xa6\x86\xc1|\xaa7\x0f\xe2\x22r$\x0e\xbc\xd7we\
\x0a\xe9\x1c\xc9E\xd9\x9ed\xf4\xc1\xfe\x1e(\xc3\x9f\xe7\
}\xb0\xc3n\xec\xa31\x8b\xc6_vo\x86}\xc2\xf6\
ACJ\x12\xd2{\xb0}\x16=\x10Q\x9f\xc2\xbe\x8f\
\xda\xf5\x92\x90\xd8'm|\x22\x9awW6fz1\
\x1f\x12^\x0e\xbd^\x11\x04\xfe\xda\xb6\x9b?\xfb\xf1\xf4\
\xe9\xe7\xfe\x9f#\xb2\xe5\x1br\xbd\x8e\x93q8\x91\xdb\
\x0c\x89\x94\xd7\xbd\xf2\xff\x96\xc8E\x1b?\xf3\xff\xbd]\
\xef \x1e\xfb\xdc_\xd3\xb4\xa7o\xb8>\xa1\x1b\xfe\x7f\
`)e\xf6#N\xe6\x82\x1f/\x1ey\x8d\xae\xfc\xbf\
\xe7\xfd\xb6\xff\xff\xcc\xeb\xfb9N\xe6\x8f\xd5\x13\xcf\xdf\
\xcf\xfd\xb4\xdd\xf6\xffk\xbdk\xbb\xee\xf8?\x05m^\
\xca\x90\xae\xc1\xe6V\x05\xb8\xcf\xb6\xb1\xb3\xb9\x93\xee\x22\
\x97\xcc\xc3@\x1a\xb5U.\xe8\xe4~%\x97\xb1\xed:\
\x9f\x8b\xca\xb1pc\x9c\xcbm\xea\xb42G\xfa(\xaf\
\x1a\x9f\x16?\xe6q'\x9c\xdbX\xd7\xbaq\x08\x8e\xf0\
~r\xe7:T(\x14\x0a\x85B\xa1P(\xfc\xcdx\
\xd8]7J*\xc8\x0e\x13\xf9a\x16!\x0ag|0\
^\xfc\xcc\x12]\x04\x90d!qm\xa0\x0e\xe5H\xca\
y2\x9bM\xd00\x03\x89\x91\x95\x05\xd2\x98\xdc\x08\x03\
\xa5\xdd\x8f\xa1Q\xd2\x06h\x84\x83'D\x96:\xf3\xfc\
1\xad\x89\xf0\x92\xd3\x9a\xe9\x87H\x8e\xb3\x8c\xfa\x0e\xcc\
\xf3\xc0\x07\xc9\xa0\xde\x1b\x14\x92\x98\xaa7+\x81\xe3\x99\
\x93F\x08\x09|\xa5\x9d\x8f\xd7+\x03\xe2\xfa(\x1be\
\xfa\xfe\xf0?@\xb6\xeb\x0b\x1c\xff\x88|\xbe\x0c\xc8\x01\
\xf8\x9e\xd0|\xecq\xa7\xac\x9d{\x9eP\xf3u\xa3\xfe\
D[\xe5\xf3\xa4\xddQ\x1b^\xafkH\xfa\xd8jY\
\xfb>\x1a\xab\x0c\x9e\xa4\xf3\x04\xe0\xceF/cZ\xd5\
\xd6\xdd\x87\xa3 \xf8\xaa\xa9!\xd9\x84c\xa2s\x01\xd3\
m\x1d\xdf\x86\xcc\xdek\xff\xdf\xf9\xb1\xbd\x0e\xc9\xf9I\
\xbd\xbb\xc4G4\x0e\x99\xdc+\xe0e\x1f\xfbN\xaeu\
\xde,\xef\xabs^\x8d\xc2\xa2\xf1\xf1\xab\xfeO\xa1\xff\
G\xb2\x11g\xfe\xdf\xe7T4\xc7\xfd\x1c\x9a\xfa\x03\xff\
\x97\xfeX\xe5\xe7v\xe5\xedF[\x9c\x9e\xad\xff\xd3\x92\
\x8e\xf7A\xd6L\xdd\xd1\x1d\xd6U;\xe5\x9a\xe3m\x8f\
\xda\x13\xe9\xf7e\xfc\xdc\xb7\xf7#J\xe5\xe4\xf7\xff\x96\
\xb4a\xef\xff\xf3Z\x14\xd4\xc9\xceW9n\xcdr\xe0\
\xffr\xcf\xda\x8f\xfd\xdaw\xa7\xfe\xaf\xeb\x83\x93\xfb\xbf\
\xea4\xd7|\xa8m~\x90\xd5\x0bk\xaa\x07\xd7\x9e\x04\
i\xfa\x09s\xe8G\xd7nB\xc8/\x82\x89\x8c\x0c\xb9\
\xe6\xfbu\xe6\x5c\x9a\xb2\xad\xdfo\x0f\xf6\xe1Fo;\
\x15\x0a\x85B\xa1P(\x14\x0a\x85\x9bxE\xd2sg\
\xc9@\xb4\x8eo\xe3W\xc1%\x06\x98<N\x8b\x02A\
\x95aw\xa8\xe8!\x92\x17\x1a\x14h\xa9\x19\xa0+\xdf\
L\xfe\xc8\x9fOn\xda\x90V+\xf1\xd0wn9\x22\
\x84#\xd94\x03\xee(\xa8\x8c\x88\x05\xd5\x15\xd9\xb6\x0f\
\xf2\xb3\xf3\xa0\x06E\xbb\x01\x8f\x90\xb4'\x92qJn\
e\xb2\x90\xe8\xb1D\xcd=\xd24#\x1ar\x1d\xab\x0c\
S\x9f`$.I\x1cZ\x88\x9a\x13\xc2\xc7\xd6\xb3\xf6\
E\xf6\xa6dfp\xccN>\xda\x94\xcd\x03y\x7f\xb9\
\x95\xc2\x0b1\xb7\xda\x1e\xdb\x17\x11\xa6\x92\x8f\xf6\xa4\xc4\
\x8d\xd3\xebIA\xf5\xff\x16P)\xb3\xd4$I^\xd7\
\x8e\x1f\xfb\xb0I\xca\x08\xc1\x8c\xfe?\xeb\x9b\xb1\xc8\xe7\
\xcf}\xffo\xa1\x9c\xb0\x15\xb7\xfd\x9f\xde\xf6\xff\xdd<\
\xb9\xe7\xff@Q-}\xa7\xaf\x0b\x91\xbc\xd5\xff\xbd,\
?b\x847\x11c\xe3\xa7\xfe\x1f\xe5\x7f\xc7\xff\xb1\x15\
\xf9\xb8~\xea\xff\x91\xbc|\x5c{o\xaa\xff\xc72\xde\
\xf1\x7fvy\x92\xaf\xf6\xe0\x03\x1f{\xbd8\xf1\xff\xc8\
\x8f2\xa8\xffs:\x0fV\xff\xbf\xf6\x1f\xdbn\x9d\xe7\
\x91\xff\xd3\xc7\xfe\x7f\xee\xcb\xe7\xfe\xbf\x1f\xc7\xd8\x0e[\
v'\xaf\xd7[\xcb\xa8of\xb2m\x8dF\xf1}b\
d\xca?\x9d\xa0\x06\xc5\xadAZ`G\x83\xba4^\
\xa3\x81\xe5\xda\xd8t1\xf5\xcbBT\xda\xd1\x0b\x1d\xdf\
\xff\x0a\x85B\xa1P(\x14\x0a\x85B\x0e\xa6\x7f\xfd\x0f\
\xee\x8d\xa2\xb1\x97\x84z\x10A4_\xb5acH\xd2\
`\xa9\x1fc@:\x17\xee\xa6\xf4\x83\x82\xda\xb6\xfc\x8b\
t\xd2\xbct\x97\x0a\x09A\xe5m\xe9\x05\x984\x00\xb6\
\xba\x9a\xd1\xf9|/\x88\xec\x22\x8e\x82/\xa6\xeb\xddB\
9\xce\xeba \x7fE\xe6\x22\x91\xe6\xed\xf5eS\xb4\
\x96\x90\x16\xbc\xc8\xda\xd9\xb5\x8am\x07\xfay\xea\x8f\xea\
\x9c\xc9\xc8uc\x1bv\xc4\x11C\xfasw\x96\xd7\xb9\
\x0b\xd4c\xfdyY\xd4\x81\xf6J\xdeR\x9eh\xdd\x8c\
\x15\xc8\x8c\x88\x9b\x13\xbb|\x9d\xe8\x1c\xf5\x9c\xe0\xeex\
]!\x92\xe4\xe7l\x16\xf7\xfb\xb1\xce\xb0\x9bkw\xc7\
\xff\x1b8\xf3\xff\xf6\xb1\xff\xb7\xd4\xffWY;\xbbv\
rO\xf4Gu\xda\xbc&\xff\xc4Db.\xd40a\
W\xfe\x8f\xe9\xdf\xf1\xff\xb6\xf1\xff\xe7\x0eP\xbb\x8b\xf2\
\x9d\xf9\xd5\xc8\xda}\xe6\xff\xbbW\x82\xb4\xb0\xcc\xbb\xfe\
O\x97e?#\xeaV\xffo\xdbr\xedB\xdfw\xfc\
\xbf\x1d\xa4\x9c\xc1\x8f\x8b`\xe7\xff\x0d\xea\xfa\xb2\x99U\
\xef\xf8\xbf\xbd 3\xc8\xd4\x87yRn\x99_\xf3\xdf\
\x9e\x06\x96X[\xa0n\x7f\xed\x86\xde\x05\x1b\xfd,\xb2\
\x1a\xe8\xf76\xeay\x9b&[2\xba'>\xcd\xfc\xff\
\xfe\x91\xdd\xf7W\xf4\x9d\xfa\x04sg\xbe\xf8M\x88\xea\
v~\x7f)\x14\x0a\x85B\xa1P(\x14\x0a\x16\xcb\x0b\
\x84\x85P~\xa2QB\x00\xb09#\x0ab\xcf\xbeh\
\xb7\xc4\xa6\x93\x02\xa7\xf8+\xe8\x9ezk\xf1a\xd3\x80\
\xc0\x8b\xfe\xf9\xf1D\xa3\xb7C\xde\x01\xad\xc4u\x83\x86\
\xbdv7mv\xb2\xed\x80\xc4w\x86\xa9\xd7\x95\xccH\
\x00\xdf\xd6\x1d\x99\xe2\xe5,e\x5c\xb9\x8c\xf0\x8a\x08\x22\
9\x8fl\xc4\xb4U&\xc3\x7f\x94\xea\xdc}Fe\xd7\
\xf3|\xcc\x9a{\x05\x08\xb6'\xd2!_\xb3\xdf\x91\x1c\
\xa2\xf3*\x16\x8d\x88-+C$\xad35\xd3\x9f\x93\
\x07(\x89\xb7\xb6\xa4v0\xa7s\xe3\xba?\xf6iK\
\x191\xba\xed\xac\x16\xdd4KD\xf3Q0_\xf7r\
\xa5\xdb\xf8\xfff\x5cn\xfb\xff\x99\xde]z\xec\xff{\
\xf2\xed\xc4\xff}\xb9?\xe3\xff\xb1\xfe\xd8\xa6\xf1\x1b\x01\
\xdcw\xec\xf6t\xf0k\xb1\x8ft\xae<\xe0z\x9a\xe9\
\xc8^\xd7\xf1\xb9\xff_\x8f\xb9\x90V\xfeZq2\xaf\
\xa2\x87f\x98\x9e\x91\x87;y\xb6\x0e\x7f\xcd\xffw\xf7\
3\xd1\xa5\x9f\xb6\xffN\xfcf\xe7\x13\x88\xf9\x9e\xe3\x8b\
+\xcaw\xfc\x7f\xed\xff\xdd5l'/\xbb\xa7\xec\xfc\
\x1f[\xb8\xf7\xff\xf5\xdex\xc7\xffq\x83\xf08\x0a\xd7\
:v~\xf1J\xc6s_+\xea:\xf3u7\x9eb\
l\x1b\xe2W]\x08\xb9=\xb5\xf4\x9b\x88Q\xb2\xde\xff\
\xad\xfd\xb8\xf3\x99\xc16\x11\xf3\x18\xd7\x9f\xf9N\xe9\xa6\
c\xa2\xfe|\xe6\xc3\x85B\xa1P(\x14\x0a\x85B\xa1\
\xe3\x15e\xf7\x80\xa3'\xf4\xc5\xf5\xc8m\xbaP7\xf0\
I\xbc\x12kO\x11H\x047\x17 `\x90e\x03!\
\x0e\x14\xac\xe8$\x22\x99\x00Ewa\x8d\xe0\x05\xb4\xfb\
\x06DA\x1d\x9e\xf7@\xc9\xa5\x91\xd3\x15\xd9\x15\x10\x13\
\xf89w0\xd1\x9e,\xc8\x83\xf78\x7fG\x88Da\
\xb8\x06\xfdJ\xbe\x9f\xd8\x83z2\xe2B\xe5\x0c\xca\xf9\
F;=\xc9p\xdd\xf7\xf25\xdc\x9c0\xe2\x11\xf1J\
\x90\x9e\x91N\x98&\xbb\x22}\x90\x1e\xed\x80\xca\x02\xf9\
\x08RN\xdea\x8c\xb3~W\xfe@\xf2(O`k\
\xd2\x17d\xe7\xe2\x0e'\xc4\x90/':\x94\x08R\x0b\
\xcd\x5c\x1c\xf3N\xdf\x0f\xcbAi\x82s\xd3\x12:!\
;\xaf\xec\xcd\xfc\xdf\x930Y}\x8fS\xff\xdf\xc9\xf0\
rN\xf2w\xfe\x1f!\xb2\xe3\xfb\xfeO\xc7rmY\
\x9c\xa3\xaf#2\xf3b\x96\x91\xfb\x08\xcc\x83\xb6>6\
\xc5\xb1\xfc\xdc\xff\xdbW\xfc\xbf\xef\xf2>/?\xcf)\
\xf7\x10_\xfe\xda\xff\xd7k\xa9\xc7;\xfe/\xef\x85~\
>\xf4\x0bz\x19\xea\xf4\xf3;\xfd\xe7u^\xfa\x09Q\
x\x8d\xfd\xae\xff'>!s\xf1\x0f\xf9?\x87\xb6\x99\
R\x84\xf6\xdf\xf1\x7f%\x88\xbd\x0d\xab\x1f I\xad\xed\
\x17\xff\xec\xc2t\xed\x07\xc2G\xba\xecl\x9es\x14u\
\x18\x8d\xaf\xd93\xc4\xcbX\x89\x1aoW?~\xce\xcd\
W\xf1\xe77\xfb\xe4\xb5r\xaf\xe3\xf19\xf0C?s\
\x15\xd9\xeb\xa3\xbc\xd16\xae\x9d\xd0\x85B\xa1P(\x14\
\x0a\x85\xc2\x1d\xccw@\xdb\x1d7z\x8c\x0b\xf5\xd7\xb9\
\x8f\xe6\x9e\xf9\xc8\x0f\x0c\x01\x9e\x1cfC 8Y\xbd\
\x12\xadP\xbb\xd6 )\xd8\x1d7\xa2\x13\x17\x03\x86X\
\x09\x95\x1e\xf4\xbc\x82\x8a\x83\x1d\x94\xd9.\xa3H\x1f\xea\
z$\x04N\xb4\xbbK\xed\xbf\x17\x9cc0J)Q\
\xf6X\xfa`G\xca\x1c\x13\x04\x0d\xea\x5c\x14\x8d\x028\
\xbf\xf3jO\x92\xf2\x22\xc7\x10d\xd3\xa6v\xb13/\
\xb6M\xec\xd0\xb9G\x10`G\xf4\xcf\x1e\xb8k\xcd\x93\
fQ\xb9\xc42\xf7\xd9\x8f\x9b!\xe5\xb4\x0dY[\x9f\
;<w$K\xd4\x9f\xfe<\xda\x9d)m{\xb6\x09\
\x7f\xa0\x8c\x8d\xad\x22\x8b\x12\xac$UD\x92dm\xbb\
\x22\xe1\xb0L\xd4\xbe\x9f\xb7\xfd\x7fO\xfa\xf9\xf18\xf3\
\xff\xfb\x04\xc7i\xfb\x7f\xc3\xffOHA\x94}\xe6\xff\
3\xd7}\xa2\x1c9\x1e;\xa7\xa1T\xa6\xe3\xca6\xa9\
\x8bs/\xb2\xf9\x14x\xef\xd2~Z\xef\x19G\xc4\xb4\
\x94\xddT:\xf7\xff\xf5G8\xef\xfa?\x19\xfb\xf7\xaf\
\x06Ye\xe7\xe3\xb1#I\xef\xf8?S\xdc\x8e?\xe1\
\xff\xf4\xb6\xff\xf3\xdb\xf7\xffH.\x94\xf8\xe2\xfd_=\
\xad\xcdWjP^\xd6\xb5\xdf\xb6\x0f\xea6\xb8>@\
\x99\xb05\xcfJfN53\xde\xe6\xbe\x8b;\x9e\x1b\
\xcaD\x8f\xe2IJ7\xb3\xd3[\xd7\x01xO*\x14\
\x0a\x85B\xa1P(\x14\x0ag\x98;\xa0\xf1sAC\
F\x17?eQ\x0eAB\xb4\xb3\xc5\xac\xd3\x1b\xe9\xee\
b\xa7o\x04\x1bJ\xa0\xf2&\x00\x96\xc0\xa0\x99\x1d\x95\
\xf6\x0d\x83\x9e\x9c\x98R\xa7:Zvf\xa3\xfe\x15;\
2\xf4\x8a\xe8\xf0\xe16\x92\x1b\x11!D\xb0;,\x0a\
\xc0\xe5|\x19\xb7\xc1\xfe3!\xc9#\xef\x8f&C6\
x\x82%k\xdfUP\xce`\xab\xfc7\xf3\x92y\xe5\
\xdf\x8b\x1c\xb5)'Q8,/9Q_\xef\x08\x19\
\x94e\xb4@\x90\xec\xeb\xeeH\xc3H\x0e\xce+\xf9\x8a\
\xbf\xe4\xf9\xb6D\x0f\x5c\x08\xe6m/\xa7?,v\xd5\
.\x94\x95\xcd\xa1\x8c\x1c\xc9\x10\xcd\xef\x97\xac\xa5MX\
B\xfa\x22\xfeQ\xb4e,o\x12`\xf1\xf8\xc5d\xda\
\x159\x1daG:\xdc%:\xaf\xfd\x9f\xde\xf2\x7f\xef\
?\xde\xbf\xb3\xb9\xfa\x89\xff\xfb6\xf8\xf4L\xe6\xfb\xfe\
\x8f\xe5\xa3\xfbI?\xd7{\xc3'\xfe\x7f=\x7fN\xfd\
_\xb0\xfa\x7f\xffk\xcd\xde\xb3\xb29>}Vj2\
_\xd2\x94\xe7\xfe\x7f\xb6#9\x1b\xbb%\xaf\xad\x0f\x00\
\xd7\xbazm\xfb-\xff\xa7_\xf5\xff\xf5A\x82\xae7\
\xc8|\xa2\xac3\xff\xa7t>d\xf7\xff\xdc\xff\xfd\x5c\
\xa5#\xff\x7f\xfe\xc0\xe3\xbe5\xb4\xcc!\xf9\xc45\x1b\
.\xb7\xf0\xbd\xe8FZ_\xb8\x0d\x99J*#\x09,\
\x05\x1b\xf9\x87\x1d1\xe1.\xf3\xca\xf4\x15\x83B\xe9\x03\
YH\xb2|\xf4\xdd\xcf\xb2\x86\xea\xf6\xac\xf3\xfc\xc4_\
\x0a\x85B\xa1P(\x14\x0a\x85\xbf\x1d\xf0#\x84\xeb\x02\
~.\xaa[\x9bd.\xbc\xf6Y\x89\xc6W\xf2?d\
\xc2\xcfX\xe0\xb3\x90Q\x1aT>\x16\xb2JB\xe7\xa6\
\xc7s\xd1OS\xba,\xfc\x9f0\xbb\x87] \xc4\xdd\
\xe0\xa1\x17\xec\x87\xfa\x94\x1c\xe9\xb9\xff\xfav\x1cTH\
Pg\x83\x10\x1b\x18K\x19\x86\xe8\xf1^\x90\xc2\x8b>\
\x94}V\x93\x5c\x9d{ARD&D\x04!\x06\xad\
2f'D\xcfU\xa0\x1f\xeb\xb9n\xc3\x83\xed\x8f5\
\xe1X\xec\x08D\xd4\xeb\x89\x90\x13\xec\xda\xc4\x17\xf5f\
\xb9\x94\x98\xd9\x13\x8d'}\x9e\xd5\xdda\xf6Y\xef\x10\
\x14\xb0\x90\xcc\xfd\x94\x09.\x1b\xb7tev\xa2-\xc7\
\xf6\x12\x1d\x8d\xf7;\x88\xfd_\xe1\xfd\xbf\xbd\xe5\xff\xab\
>\x94}\x07\xef\xf6\xff;\xfe\x1f\x95y\xc7\xa6\x13=\
\x19x\xf1\x7f\xda\xfa?^U\xda\x98\xc8\xff\x8d~\x16\
\xdb\x83\x12\x8b\xfby}\xe1\xf5\x81>\xb7\xd5\xf6e^\
\xdf?4\x90\xb4\x9d\xae\xcd\xa3\x1c#\x17m9\xb5\xd7\
\x1f\xc7Z\xde\xbb6\x9c\xf9\xbf^\x133\x02\xfc\x9e\xbe\
\x1f\x90}\xe3:\x7fY\xe7\xfa\x81\xda\x1cO!\x90\xc7\
u\x9e\x96\xd7P\xc8xK\x19%\x8d\xdd3\xc8\xd1\x1e\
&\x82\x1d\x0d\x86Z~Um3]\xfa\xb1M\xd5\x8d\
\xa2\x11l$?b\xf83\xfa\xdf^\x8b\x7f\x1a>H\
\x1b\xb6\xa9\xf3S\x9bkW}\xf7u\xd7o\xbf\x89a\
\xc6\xb5P(\x14\x0a\x85B\xa1P(\x1c! \xa0\x9f\
\xd0\x90\x9c\x83*\x1a4\xe8.\xdb\xe7\xc2\x9e\xe9\xd1\x17\
\xee\xe4\x83\xb2\x87\x95\xdeb2YIm\x22$\xa0\xe5\
\xfd\xbe\x04\xbbP\xfaN\xe9\x87%y\x99\x8d<\xfc\x1a\
\xa7\x04\x13\xccq\xab\xb4\xbdg$\xa7'u\xdf%\x1f\
\xe3\xd2\xedH\xee\x92\x97\x12]{\x22\x1deeDg\
(\xb7\x9d\x91\x02\xa7A\xf3\xbe\x5c\x10\xe4K\xce\xc6\xee\
\x90\xf8\xd8\x90'\x91\xaeSL\xc2\x8bh\x99EQ_\
\xc72\xce\xfaTd\xe2.\xd2w\x09\xb0P6\x1c\xe7\
\x1e!\x84\x93\xecf\xf3dk\x5c\xf3t\x5c|\x9a'\
\x96\xfc\xe7\xb4\xca\xf5\xc7nn\xbf\x8b\xeb9\xf4\x1d\xdc\
\xf1\xff\xd4O\x13|\xea\xff\xdf\xf1\xeb\xfb\xe5\xa4\xac\xe0\
\xda\xff\x95\x08#\xf3\x80\xec\xda\x1f\xa7,:\xb3)\xbd\
\x07\x1c\xfb\x7fKIh\xa0\xc9\xa7\xccS\xff\xff.U\
f\xa5\xa1\x1d's0#\xcbm:\x8e\x95\xd6\x13\xd9\
\xdf\xf4\xffw\x88\xe8s\xffo\x9b\xb3\xbbzp\x1e\x9f\
\xf9\xffN\xdf:'\xe9\xc0\xff\xf5%\x1686\xc6.\
j\xc6\xde\xfeP\x07\x8a!Q\x0d\x96j9\xff=6\
<\xea$q\xfbi\x9a'\xed`$\xbc\xf1\xa1M\xb3\
\xf5\xc5\x0ci\x8f\xe8E{\xe0|\xb5\xc5\x17.\x14\x0a\
\x85B\xa1P(\x14\x0a'x\xf8\x84\xbec\xc4'\x12\
\x04\x10\xb0\x08g]\xd8\xf3\xdc\x11\x83\x01 QHa\
/I\xb2S\xeda\x94\x22Q \xa4\xb6\xd4\xd5\xddV\
\xfe\x5c\x8d\x8d\x02S\x09t\xd7\x06\xe6\x88\xcaw\xd9d\
d\x9b\xb2\xcfO IOd\xe2\x0e\x9b\x13{f\x9b\
\x87\xbe\xde?\xd1\xe0\xc5\xc1\x12~\xad\xfe\x8a\xa0\x9b\xe9\
\xf0\xb8\x22\x0a~\xbd\x9dW\xe4ND$y\xfb\xdb\xb2\
5\xca\x8fwLx\x5c\xb6\xc5\x89\xd5\xa1k\xa1}r\
\x9e\xb5{>\x08\xa1u\xc7\x7fD\x90`\x9e\xe4?\x1e\
\xd7\xed\x88\x88\xac\x1d\xa9\x9b\x8d\xcd)t\x96Y\x92^\
\xed\xb0\xe3`\xfd?\x90\x97\x8c\xd5\x15\xc1\x89e\xf0\x13\
\xcb\xf9\xf2\x191u\x07Q\xf9+\xd9Y\xbf\xefd\x9e\
\xda\x15\x12M\xa9\xff\xe7x\xc7\xff\xb3y\xfc{\xfe\x1f\
\xfb\xe3=\xff\xb7\x9f\xd15\xf2\xca\xffY\x13\xb6\xfe\x1f\
\x8dMT\xce\xe7\xa9\xff?\x92v\xa0N\xb1\xf9\xdc\xff\
\xb1\x07X\x85|\x84\xe8:d\xfd?\xd6\x91\x8d\x95\xbd\
f\xfa\xf9\xc8\xbf\xe6\xff|x\xbf\xf5\xf6\x9e\xf9?;\
]S\xe8\x91\x1e\x0aj\xcb\xf8\x9f\xf8\xff\xaee\xd6\xff\
\xedu|\xd1\x1c\x5c\xd3\xaf\xfd?\x909l\x97\xfa\xbd\
\x9e.*\xa4\xcf\xf0\x1bn/9 \xd3<\xf8\x9e\xeb\
?\xa3\x00\xec\xc31X}Y\xecy\x89\x95\xf5\xac7\
\x97\xec\xba\xb8\x7f\xc2+\xc7n^w\x0b\x85B\xa1P\
(\x14\x0a\x85\xbf\x15\x0fO\xe46\xddT\xe2vA\xca\
\xe2\x1d\x17\xfeZ\xe8\xb9xo\xbd\xa0\xd6\xe7\x91\xd0\x5c\
\x80\x82A\xcc\x08\x89q\x93\x0c\xc1\xcej\xb5\xab\xb9O\
\x11\xa4\xf6`\x102\xc3\x17V\xb2x\x866\x9c\xbfc\
3\x22\xa8%P\xb2\xe9\x17\xef;\xe5\xfd\x0f\xbca@\
\xa7}\xbe\x06t\x11\xa9!D\xe7$\x13\xc8\x06\x88k\
\xfbr;w\x04JH\xa6HL\xe7\x03\xeb\x8b\xc05\
CD\x06\xe9\xa7\x0fT\xa9\xf7\xab\xe4~\x18\xf4a\xbf\
\xf7\xf9\xda%{\x12c\xad\xe7\xbe~\x0d$\xd5\x15\xf9\
\x12A\x03X\x0ey!?\xf7<\xf9!iR\x16\xcb\
\xf8\xe08#\xc8\xa6\x1c\xa2\x90\xb4\xd0z\xf1{\xa7\xc5\
F\x94\x8f6E\xa4^$\xdf\xb7)\x22v|\xf9\x88\
|\xf22\xb2\xfe;\xb1%\xf6\x7f\xda\xfa\xff\x8e\x88\xef\
>\xfa\x98\xc7Q\xdf\xe2\xdc\x8c\xfc\xdf\xcb\xcc\xfd\x9fB\
\xbc\xeb\xff\xd1\xdc\xf3e4\xf1\x1d\xff\x8f\xcbd\xb6|\
\x02$\xf28 7\x97\xe3Y\xaf\x99\x07a'$\xe7\
\x0e\xd1<\xb7v~\xc7\xff\x99\xae\xfd?\x83\xad\xb7^\
'?\xf5\x7fZHa\x7f]l\xa6XD\x84~\xe2\
\xffHy\xfe\xb6\xff\x93\x8c\xcb8\x8e\xc6\xe4\xea\xfe\xef\
\xef\xeb\xd8\xd7\xbe}\xd1H\xaf\xf3\xcd\xae\x8b\xb6>7\
\xeb\x04\xf3~\xd9\x1d\xef\xd2\x8c1\xcd\xcc\xa7\xa0\x00\xd8\
2\xf4\xf1\x10*\x9b\x16tAb\xea\xb3[\xbd\xda4\
\x86\xd4\x91\xf2\x14=\x98g\x96\x1f\xd6v\xd6\xe0\xdcc\
\xce\xefG\x85B\xa1P(\x14\x0a\x85B!\xc6\xc3\x07\
,O\x08)2S\xc6\xe2\xfcUN\x82\x00at\x09\
\x17\xeb@\xf66\x0d\xf0\x89\xdbB\x90H\x0d\xd8\x8e\x22\
)D\xf2\x15J\xf9\x1a%\xd9\xf7\xf8\xf6`IK{\
\xd8\xc0P\xbf\xc6;\xf6\xb9\xf4\x86?\xb4\xac\x06\xa1m\
\xea\xd2\xbeX\x03jL\xf7\xc7\x12Trj\x0f\x92O\
\xcd\xecx\x8d\x88\x0c\xb41\xcb\x1f*\xa1\xacZ\xe3m\
f\xde\x138\xd2N\xff\xd5\xee~@i\xff\xe0\xf1;\
$\x87\xda\xdf\xed\xf6\xb2\x91D\x89\x90\x91\x1d\xb1.\xb1\
\x0f\xe6(qZ.\xd2\x83\xf6L2!\xa9\xef\xc9\x13\
\xcd\xef\x12\xd4\x86\x1c\xeb\x1c\x8a\x89Y\x9c+\xd1X{\
B\x8d\xddq\xdcu\x1c\x129\x11!\x83\xfa32\xea\
j\x0e\x22\x22B\xed\xaa\xde\xea\x1b\xeb\xeeP\xd9i\xea\
\xdb\xe4\xeb\x9f\xf9?9}S\x12\xa9\x0f\xae\xc4\xdd\xb3\
\x5c\xf7\xff\x98\x0c\xd2\xf2\x0f{=5\xd7?$Sx\
\xef\xff\xcf\x94\x87\xef\xfbu^e\xfe\x8f\xd7\x98\xb8\x1f\
F\xb9q\x8f\xb8\xe7\xff9\x09\xe7\xd3#\xbc\xe7\xff\xf1\
7.t<\x16-\xd3\xd7\xe7'\xe5\xd7\xa6\xddC\x93\
]z\x84\xd8\xff\xd9]C\xde\xf7\x7f0\x8a2\xfd\xd1\
:\x81\x1c\x09*\xaf\xc5z\xd7\xff\xe7uh\xea\xc0\xb1\
\xc2vP\x8a\xf7\xfd\x9f?\xbe\xffG\xe7\xde\xcf\xec\xfd\
\x1f^O\xf6\xd6\xfd\xdf\xceU?Ffn\xb6\xcf\xee\
\xff{\x1f\x95\x9d\xf6:'U7\xd8\xdat\x0d6I\
e\xc2\xb9BNv_\x07\x1aS\x9b\x90\xef:n\xb3\
@kn\x0a\xe3\xf5O\xaeO?SW[\x8b\xa9}\
\x92\xc5\xbbk\xbc\x949\xbf\xd6\x15\x0a\x85B\xa1P(\
\x14\x0a\x7f+^\xef\x80\xb6\xa4\x85#\x8b\xa1\xb0,\xfb\
\xb1\xfa\x8b\x5cn\x0f\x22\xdc\x0dc\xe9\xd70\x05\xa9/\
v5%\x80\x91\x1f\x93cr\x01\xac\x0b\x12\x95\x90\x19\
r\x9b\x12\x03\xfd\x87\x10[\xa0\x97R\x8b\x22D\xe4\x8b\
\xe6\xb5i\xeb\x94xI\xacYR\xe0\x84\x84\x98\xb2\x9d\
n\x1f\x9c\xe7:\xdb%q\x17\x92\xae\xf4^p\xb5\xd3\
\x17\xe7ml;\x94\xb1\xd7i\x89\xaag\xf0\xef\x89\x84\
l|\x17\x02\xd4\xdb\xe7\x88\x9f(X\xd7\x964\xf7\x19\
\xb7\x0d\xe5\x9e\x04\xb8\xbbrg=k\xc9\x9e+\xf9y\
\x1b\xdfC\xd4w^\xc7\x1d\x9dw\xfd\xca\xd5&o\x9b\
\xc8\xf4\xe3\xe6\xed\xd6r9<\x99~\xdbN^uO\
\x9d\x89(\xf9\x81.%p\xc8\xb4\xa5\xcb\xf9\xa1\xab\xab\
~\xaa\x80lQ\xb9V\x87\xb6\x1c\xce\xe9\x1d\xee\xfb\x7f\
{\xc3\xff\xdb\xbcnh~\xd0\xfe\xd1\xafR\xe6\xe7C\
\xdfx\xdf\xff\xe9m(\xe16\xda\x12\xca\xbf\xf2\xffw\
\xfd-\xf7\xffF\x99\xff\xefu}\xe6\xffdv\xee\xee\
\xae;\xef\xfb\xffj\xe7]k\xad\xff\x1f\x96%\xeb\xfd\
D\xab\x1d'\x96\xe4\x16\xb7\xf9M2\xed\x87Q\xda\x5c\
\xb7\xa4_\x19\xa45'E>\x9fe~\x8c\xde\xe6\x17\
\xa8\xc3W\xfb\x12\xd0\xd6\x11\x9d\xbd\xfc?\xed\xe4\x1fz\
\xd0\xbf^dt\xaf#\xbe\xfb0\xecr\xb7\xb7\x8du\
i[\xd6\x94\x82O\xe7Z\xa1P(\x14\x0a\x85B\xa1\
\xf07\xe0\xb1.\x9c\xfb\xe2z\x064\xca\x13\x8f\xb5\xfb\
\x8c\x9a^\x87\xdcl\xd4#\x01\x8e\x88\xb4\xbbg\x84\x90\
\x88\x08\x0e\xfc\x0a4\x99\xe0\x0c\x8b3fR\x1c\x0c\xfa\
\xb6\xb8\x12\xe1q\x16\xbbuRQw\x06\x05\x05\x0c\x91\
\x84\x9f9\xd6\xaf'\xcb\xdf\x158L\xe1#\xe2aG\
\xcc<\xf1\xdc\xf5\xe4\x83h\xa6\x95p\xd8\xc98\x85y\
\xc8\xc1~N@9\xfa\x0e\xf9L\xb4\xee\xe0\xc3w`\
\xee\xec\xf4\x7f\x94\xd8\xd3Z\xbcC\xf7\xa9\xd2\xee\x0a\xb3\
\xf3\xd7\x93`\xa8{G\x8a\xc7;\xed\xact\x16\x03\xb4\
T`\x87\xcd{\xd9\x1b\x10\x0b\xd1.B\x9f\xe6\x89\x22\
\xff\xb9\x03\xf6]t\x1c\x9d{\xacz\xd6\xfe&\xf7\xc8\
+\xfeoJ|\xfd=w*\xeb\xb7\x15\xa0\x9f\xdd\x98\
?\x8f\xec\x0f\xac\xd2r,e\xa4~\x93\x09\xd2\xdaR\
\xde\x8c%\xdbk#\x96\x89\xfa\x04.\xd5\xaf\xbf\xc7\x9c\
\x1f\x0cuy\xce\x8f\xf6\xf4\x87\x86\xfa\xec\x1c\xc1\x9d\xa2\
\xfe\xafM\x85\xee/\xf1m\x9c'\xd7\xd7\xcb\x15\xf7\xfd\
\x9f\xde\xf4\xff\x87\xf3\xff\x99Cf\x84\xe0>\xf1\xc4\x1c\
_\xb2\xbe\x9a\xf9rt\xfc\x9e\xff/\xb3\x86Z\xc8\x97\
gw\x12R\x22\xfd\xa2N\xec\xff\xfaj\x19\xb1\x13?\
w\xd8\xf9?\xces>\xbe\xff\x7f\x01\xdd\xfd\xff\x19\xcf\
\xc7\x96|\x16[\xf1s\x07\x19\xab\xee\xf6z\xff\xbf\xef\
\x09(\xef\xac\xccrM\x0a\xef\xff\x1c\xfa\x17\xf9\xba3\
\x8f2\xad\xb4C\xf7\x99q\x9c\xd4\xd5\xd7l\xb0\xabg\
\xe7{\xb3E\x8c\x8c~\xc84\x17\xa7\xff\xac[\x7f\xa8\
_\xef\xfa\xb3\x0c\xf5c\xac\xfa\xda\x9f\xde\xc6\x952\xb8\
w\xab=_\x9ew\x85B\xa1P(\x14\x0a\x85\xc2\xff\
A<\xd6\x85s\x9bd\xd9\xe0\x8c%\xb9\xffH\x0b\x9e\
\x03\x1f\xa1\x01U\x9bdI_\xb4\x13\x904\xeeGg\
\xc8\xa7y\xa2Lu\x85\xe9\x01\xfc\xbb\x1c\x91\x14X\xeb\
\xcf\x92F\x86'\x01\xd2<\xc9\xdf\x94\x8f,DYW\
$\xc380\xe4\x94\xb5/\x96\xeb\xcbm-\x0a\x02\xff\
\x88\x14\x8fv\xbfe\xc4JF\x10\xe9q\xb7\xb9\xb7\x1f\
l!{|\x87\x9c\x8a\xec\xb3\x84L\xdc\xd6\xa8\xbe\x97\
\x83c\x11Y\x84c9\x8a\xa5\xfd\xba\xb3;\x223\xae\
\xea\xa0\x5c\x1f\x1e\xe7s\x8bbL\xde\x90\x17W\xf3v\
Ds\xc3\xcf\x07?\xbf\xa3\xb6\x5c\xcd\xd3;\xf9HJ\
\x08\xb9\x83\xc4\x81\x90Y\xf6J\xe1\xe4\xcdWHDs\
\xa2)\x09\xfc\xfc|tr\x04\x092\x22\x0ah@=\
F\xbb\xe5\xfaa\xe6\xc0\xf8kp\xb1\xf5\xbb13}\
\x0c6F\xbb\x22#;&\xc1\x07d\xdf$\xc5\xe7\xae\
x\xabK\xfc@\xe7\xdd\x95\xff[?\x97\xe3l~\xa3\
m\xa70\xfe\x9f\xec\xe0\xfc\xd4\xff\xe5\xba\xe5\xa4N\x7f\
\xc7K6\x81\xae\xc7\x1f\xf2\x7f\xb4I\xd2\xa3.\xbc\xf2\
\xa9\x88\xac<\xf7\x7f%\xeb\xbe\xe1\xff\xb4\xcdw\xf7\x0f\
w\x0f\xc8\xae\x7f{u:\xa7\xa7\xdd\xe6\xb5\x11V\xdf\
n\xbdp\xa5G\xe6\x8c\xf7\x7fT\xe6\xef\xc3\xb9>\xbd\
\xee\xf9r[\xa4\xf7\x7f:\xb8\xff\x1b\x11\xd0\xb8h\x8e\
\xd2\xb8\x9c\xd8\xf5\x8b\xbdwy\x9ftB\x8d\x9d\xec\xd2\
}\xd1fu\xc9?\xe3\xd6&\x9b'\xfa\x94m\xeb=\
\xaf\xe1\xb8\xdbO\x0av@\x17\x0a\x85B\xa1P(\x14\
\x0a\x85=\x1e>A\xd7\xd1\xc1\x0e\xa8\xc6\x86\x14\x99\xff\
\xb6(8\x85\xc0\xe2\x81\x0b}\x0c\xe2\x82\xc0\x01\x04`\
\xfa\xf8Rg\x10\xfa\xeb\xae\xb4\xd6\xb4$\xb6\xa7\x136\
\xab\x92\x19$\x93}\xc7\xa2\x0f\xea\x22\x82@\xcdl!\
IpB\xaa\xc8{(3\xd9\x93\x10r;\xcd\xec\x0e\
\xb0\xd8\x9e\xcc\xd6\xe8<\x0a\x9e^;\xbe\x88\xe9t\xd7\
\x97G\x94~\x9cF\xb4%,|\xbd(8\xb7\x01*\
meyyP\xc1\x10{;2F\xfb\xa3\xff\x90\x9c\
%B\xdb\xd6\xe6+\x5c\x91tO\xf8\xb94j\x06\x04\
\x85\xd3\x9fO%\x9b\xce\xb4\x9d\xe7Q\xba\xa4\x89m\x99\
\xafdrO\x83z\xbb\xeb\xd2\x129S\xb6k\xdf\x9c\
c#\xbd\x01\xc9\xbb#&S\xff\xa7f\xfa*#@\
Q\xc6\xd6\xffG\x7f?\xaf\x9d~\xf7\xe5\xae_\x8e\xfc\
_\xae\x97\x94\xfb\xbf\x12\x90z}\x95\xee\x9a\xaf\xf2 \
\xdb\x87Q\xfd5M\xae\xb9C:\xfc\xf0bT\xff\xc8\
\xff\xfd\xd7\xf6\x99\xd2\xebV\x86\xbb\xe5s\xff\x1f\xedc\
\xd8K\x0fd\xbb\xde^\xff\x84\xff\xdb>\x0f\xfd\xffD\
\xff\xc6\x8ek\xffg\xf0\x7f\xfa\xd8\xff\xc3K\x14\xdb\xeb\
\xec\x95l[\xcf\xdb\x9b\xf9?\x1b_\xf0v~\xfb\xfe\
/\xd7\xa7\xd7\xc3\x8b\xc7\x97\xfd\xdf\x9d\xe3n}\xaf#\
\xf6\x0b\xcc\xa7\x00x\xdfQ\x12X\xcb\xce\x0bPp\x9f\
\xb6\x8c\xb6\xbdd\xb9\xf6D\x0f\x05\x8c\xaf\xd9y\x1f\x8e\
\x09\xf7J\xb3\x07\xe0\x1b}\xf8\xe5>\xbc\x06\xe2g\xa1\
P(\x14\x0a\x85B\xa1P8\xc7\xeb\x1d\xd0r\xf8\xfa\
\x97-Q\xf1\xda%b\xe2\x83NA\x90|\xbc*\xf4\
\xaf`\xf77A\xb7A\xe8Z\x12C\x02#\x0cu\xe6\
\xee\x9f!\xac\xcb\x12\xd5\x0fc\xa6\xbc\xb9\x90\x81\xd4\x93\
\x80\xbe\x91\x04\x04\xfa\x0ei\x0dXB\xeaY\x1aC\xd9\
.\xc8\xb5,tAk\xe6k\xf6\xe7\xb8_\x87i%\
\x8a\xb1o\xefb\xf6[D\x04\x98r\xb4%\x9f=A\
\xb0#\xb3)\xd5r\x95\x9a#\xd2\x1f\xed\xb8\x8al\x95\
\xf2D+\xd1\xd5\xe7`\xdb\x92r9\xb9\xd0u\xf9w\
\xcbb_g2N\xda\xe3\xcb\xa3\xbc\xbcW\xfb{-\
\x91(B\x1b\x9e\x04\xe7|@\x93\x90+;\x1b\xa4^\
\xf7\x89XO&\xeb\x84X\x8b\xdb\xe4\xe55\xd2\xebW\
'\x83\xb9\x99\xe2_\xc5U\xbf\xac\x15Hm9in\
0\x0e\xafd\x8e\xda~\x0f\x8b\xff\x9b\xa7uk\xb9\xac\
\xbe\xdd\xbd\x19\xd8\x08\x22\xc7\x06C+\x87\x82\xee\xc8\xfa\
\x87\xdb\x92n\xec\xe3\xc4\xff\x7f\xda[\xfe\xdf\xde\xf6\x7f\
J\xfc\x1f\x884\xa6PF\x93\x8e\x8c\xda\x97\xe8A\x9b\
v@?[\xfc\x9f\xaf\xc7z\x9e\x93\x1d\x22/\x0b\xdb\
\x1d\xfb\x7fn\xd7\x1d4/\x1f\xfaN\xfb\xfa\xbe\xdc+\
\x9d\xf3j\xa3\x0b\x8c/#\xb6\xf9E\x8e\xd3;\xfe\xbf\
zYv\xffo\x81\xce\xae\xc3\xcfS\xed\xe3\xbe\x5c\xb3\
$0\xb3\xea\xb5\x0f\xe1F9v\x1a\xa7k\xcb\xbf\xde\
\xa6\x06\xa9\x90\x22\xd7\x1f\xea\xef\xac\x7f\xbe\xbb^\xd6\x80\
f\xd72\xafs\x0f%J\x0b\xfb\xb7\xfb\xec5m\xb6\
d\xd8\x88\xd3\xcd\xb4\xa1P(\x14\x0a\x85B\xa1P(\
\x1c\xe1aw\xd6H`+\xc1\x01k\xc00\x93\x91Z\
\xe0\x19\xe3\xf4P@\x83\x91\x19\x08\x8ec%&T\xbe\
\x06\x8a\xf2uO\x95\xfb\xda\x8f\xd84H\x10ro\xee\
\x84\x9e\x01B\xb4+\x9aL\x9b\x04\x1ap5\xf3\xe1\xd1\
wC\xc5yBz\xfb\xf2\x92g\xad\xe0\xe08\xaek\
\xe4`-\xd6\xf7\x8f\xa2\x0d\xab\xbd-\xb4\xd5CH\x82\
\xa5\xfc\xe8\x7f\x1d\x83\x18\xd9\xce(\x1f\xd4\xae\xf6\xe4}\
@\x17\x84\xce\xce\x0e)\xa3\xe7<\xffvA\xba\xcf{\
>P\x98;\xc18\x1f+;^v\xce\x8a\x5c\xffn\
Y?\xc6Q\xffG\xfd\xb9\xc3\x9c\x13\x0d\xe7?\xf6\xc9\
\x9a\xe6\xe5\x1a\x1d\x9c\x93q;\x1b\xf0\xf8\xa7\xfd\xcc\xfa\
R\x17\x09\x0f\x0f\x95\xcd\xd6^$1\xa5\xae#.p\
\xd7^\x97?\xa9\xe91\x86C\x14q\xa0/>\xc7\xf4\
\x93y\xe7\xe5\xa4c\xe6\xa7>L\xd5\xb9s\x9a\xec1\
\xea\xfb\x13\xfe/\xd7\xdb+B\xd0\xfb\xff\xe4\x80=\xa9\
\x05\xf3\x12\xc7C\xc7\xc5\xd0bd\x86\x98\xb4\xe2\xfc1\
1F\x01tI>\xbf\xb2\x1e\xe7\xfe\x8f}\xcc\xc7\xfe\
\x1f\xfb\xf1\xea\xff\xf6X\xaf\x1b\xa6\xe2\x22g\x87\x88D\
\xf4\xb6f\xf5\xd6c\xdb\xee\xcc\xff\x97\xbb\x9b\xf7\xff\x9f\
+\xff\xb7\xd7\xe8\xe8\xde\xb7k\x03\xde\x1f\xbd\xffk\x19\
c\xe1r\x9f\xd8\xc9\xc7\xf4e\x5c\xa7.9_\xe5^\
\x8dY\xa6K\x8fE\x93\xed\xd7\xf7\xfd\xdf\xfe8\xf4\x13\
\xf9\xfd?\x9d\x98NfO\xf3\xfd`\xe7\xe3f\xd79\
\xae!\x1b\x99u\x1e\x05k\x04\x91\xc7\xa1\x1d\xb2\xd9\xa1\
\xb9\xf5%M\x9bT.Y\xe2\x19\xfbsj\x909\xa3\
&2\x10\xe4:\x9fi\x91Q(\x14\x0a\x85B\xa1P\
(\x14\xae\xf1\xd0\xe0\x89\xe0S\xc9\x85\xfe#,\x04$\
\x09\xb9\x039\x86\xaf\x1b\xb3\xbe'Uw\x94\x0d\xf9@\
0\xc99\xee8!\xd8\x99\x12\x92\x04\x12L\x8c@\x86\
\x93\x80\x05\xcf5\xe8 \xa8K\x93\xbc \xb4\xc6\x04|\
A\x80\x11\x10jr\x1c\xff\xa8\x95\x0d\xea\x97\x5c\x90\xf3\
\x18\x84\x22\x1a\xa9\xc1\x22\xa7\xf2\x9e2\xa2\xaf`gA\
=\xbb\xfe\xe7\xa5\xdd{\x12&\x03\xca^\x09\x87U\xc6\
\xa4\x94\x1c\xf1\xe1\xdbvF\x8a\xd9\xf1\xf22v\xb6.\
\xe5)\xeb;c\xf5\x9c\xdf^\xc6\x9d\xc0\xd4\xb79#\
\xd3P3\x9e\xa3=Xj\xff0\xc0\x12\xe1\x9e\xcc\xc2\
c?\xaf\x16Y\x8c\x87c\xf7\xb1\xcc\xa5\x07\xeb\x0e\xeb\
\x94\xf8\xc2|6L\xcf#\x9b\xa7D\x8bO\x93u{\
\xb57 $\xa2vb\x19\xef\xdf\xbe\xfd\xf7\xfc_\xeb\
\xcd&\xc3'\x12\xa9\xd1\x98e\xe4\xd2\xb7\xfc\x7f\x12\xc2\
\xbf\xe2\xffy9\x9a\xf7\x07;.\x93Xb%\x1a\xc9\
\xdd\xa3(\xb8/x\x1f@3_D4\xe7\xb6N\x9b\
\xbc\x8d\x91\xddN\xef\xe7\xfe\xaf\x07,\x9f7\xeag8\
\xf7\x7f$\x0f\xd7\xba\x91\xff\xc7Wu\xbc\xd7\xdb\xfb\x89\
\xedkv\xfe\x9f_\xf38\x1cg\xb5#\xb2!j\xa7\
\xaf\xff\x99\xff\xd3g\xfe\xef\xe0\xe5\xe8\x98i\xbd\xa8\xcf\
\xcf\xfd\x7f\xbd\xf7f}=\xff\x88\xb6\xed\xb7\x96D\xb2\
\xd7o\xbb\xcd2\x9du6\x22\x8c\xff\x93\xb5[\xfb\x04\
\xd3P\x1e-\xf3\x89\xc8\xf7\x0f\x96\xa6I|\xf7\xfb\x95\
'\xc15\x7f\xdd\xa0`\x17\xbd\xbbka\xa1P(\x14\
\x0a\x85B\xa1PX1\xa3\x16\x09F1\xc0\xe8\xe7\xba\
h\x17\xd2md+\x84\xd8\xa5\xfe\x95~\x06\x02\xa0/\
\xee\xed9\xc1.\x19}\x9f(\xaf\x81\x02\x9c-\xbc\x17\
\xab\xdd\xb4\x04K68\xe3]\x98\xca6X\xc1 \xca\
\x8a\x84 \xd0\x05\xf7\x11\xf1\x10\x05\xb6'\x01KD\xe0\
D\x01Vf\x835\xf9\xfb\x01\x92\xb7o\xa7\xa3\x17Y\
\xfb>\xfbA.\x94\xed\xfb5k#-\xb4\xec\x19\xa6\
.\xf9c\xde\x92\x15/\xbb\x97\x1d\x959Ar\xaa\xdf\
\x9f[\xd2\x95\x16z\xb9\xa7\xe3n\xad|\xceE\xf0\xa4\
sF\x9e\xf0\xc5\x18\x85\xb2\xa9\x7f\x0d\xbf?\x87\x02\x9f\
\x1ay\xc28N\x22\xdf\xfb\x8d\xe3E\xf1SHKI\
\xe4\xc1P.\xc4\xae\xc3\xd5\x98\xf8q\xcf\x08\x9a\xec\xa1\
\xc8\x9f\xf5\x7f\xba\xb4!\xb3\xf9[\xb8\xe7\xff\xbcM\xbf\
\xe3\xff$\xe7HBs\xec\x1dV(\x85\xe7\x91\xff]\
\xfb\x7f\xfc\x9ee_\xe7\x04\xcch\xb7\xbc\x0b\x9b^\x9f\
\xde\xef\xf9R\x0e-\xb6f\xc8\xfd\xdf\xb2\x82\xef\xf8\xff\
s\x8c\xf0}\xef^'\x9e\xe3\xe7I\xbfev\x5c\x11\
\xd1\xcc\xfb^\xfc\xc4\xff\xe7\x03\xf7I\xdc?\xc2\xf2\x91\
\x1e\xda\xda\x1b\xfb?\xaeJ\xee\xf9\xff\xd5,\xba\xb4\x0a\
lyI&\xb3\xfe\xba\xae\x06\xf5\x19\xc6\x8e\x88\x9d\xec\
F\xfaZ\x182\xf7\x7f\x9a\xe7\xb8F\xb5*\xfc\xba\xd1\
\x8d\x81\xdc7\xd9]F\xc6\x7fH:O\x1b\x8d\xed\x0f\
\xd2a\xf9\xa4?\x0b\x85B\xa1P(\x14\x0a\x85\xbf\x13\
\x10QK\xe0c\x0b4F\x22\xa9%;\xa0G\xa0\xd0\
\xb2\x1dE\xa8E\x82\xa1\xe6\x82pRbJJ*\xfb\
4\x82\x12U\xdb0P\xd0\xedB\x1a\xac\xccr\xcd\xec\
p\xd1]v\x1ax\xf8\x803\x0c\xaa8\xdeQ\x16\xef\
\x10\xe50\x80?!mb`\xe8IF^\x160K\
\xfe^\xeaY\x10\x85\x01\xae\xee\x9c\xb3\xe4\xf0\xaa3\x18\
\x07,G{\x82\x0a\x03UL\xb3r8\xb5\xf7\xa2A\
&$\xf7DH<fH\xd2X]\xa7\xc4\x8f|\xee\
\xe6\x81\x04\xde'#s\x97\xc8A\xe2\xc9#\xdf\xf1\x96\
\x13I\x91\x0c\x9b\xcf#h\xd7\xdefW\xde\xd0Cn\
\x5c\xcc\xce8\x8e\xbf\xb2\x1f\x11p;\xb2+\xf2\x97\x13\
\xff\xe7[\xfeO_\xf6\xff\x18\x9f\xfa\xff)\xde\xf3\xff\
\xeb\xb9\xf3\x8e\xff\x13\x12S\x92\x07\x7fC\x99\xcb\x81S\
\xb9\x87@\x96\xffZ~6f\xd1\x0e\xd7\xef\xf9\x7f\xdb\
\xcas-Yd\xa2\xad;\x1b\xce\xfc_{tw\x0d\
\xb7%\xc9\xdc#Q\xee~~\xc6\xba4\xff\xdc\xff)\
\xf4\x7f,/\xdf\xb6\xfa\x7f\xc5\xff9Lag\xd3\xb9\
\xff\xbfw=\xe8\xe3.\xc7\xf2\x07\xedl\xfe\x9a\xbd\xb6\
s\xd6i\xe8o\x04+J\xb9?\xc8=c\x14@\xb9\
\xbc\xce\x11|\xa5\x1b\xeaR\x89ky\xb1\xc3\x5c\x0fH\
7\x1e4\xa2\x99o\xfd\xee\x07.?\xda\xfeo]g\
\x0b\x85B\xa1P(\x14\x0a\x85\xff\xebxEO}\x11\
m\x7f\xa8E\xc0\xcd3\xd2\xf2\xe1\xdf=\xdb,#\x00\
\xe5M b\x02\x06{,\x01\x80\xc8\x9b\x0b\xfd \xd0\
z<`\x87\xb6\xd3k\xdb\x81$\xb3\xfd\xaa\xf1\x09q\
b\xc8\xb1\x8b\x9dQ\xc6\x08\xa248\x5c\x02\xe0!\x7f\
\x95\x9d\xcb\xf5\xb2N\x82 \xdc\xb5\x15\xbd\xc32\xb2\x17\
I\x8b+\xa2C\xfbv\xf3\xd5fZ\xfb,:\xcf\x83\
t;\x86\x91\x9c\x94d\xa1\xb8\xce\x9e\x90\xb0_M\x8f\
\xea\x9e\x13\x00\xb4\xf4#\xeen\xe3@w\xd7cJ\x84\
\xba2\xd2dw~\x82kb\xda\xdb\xc4+\x09\xd1\xe0\
Z\x01\xee\xea\xfd\xf6\xc19\x99\xb3\xfa\xff\xfa.\xd3\x9d\
/`^D$e\xfe\x8fig\xfe\x7f]\xe7TN\
&\xfb\x13\xff\xf7\xf5}\xfa\xe7\xfe\x1f\xeb\xc0\xb9\xfe\x99\
\xff\x93\x12\xd1\xe4n52\xcf\x16\x9f\x84\x89\xb6\xdc\xce\
\xce\x1fH\xfc\xa6\xff\x8b\x1fyR\xb6\xeb\x81\xfaD\xf1\
m\xf6\xbf\xe6\xff\xabm\xde\x97vc\x89\xe8\xdf0Y\
\xfd\xf0\x8e\xff3~\xd2\xda\x0e\x98:_\xf5\xff\xe8{\
V\xff;\xfd? q\x03\xff\xf7\xeb\x9e3\xffGY\
D8\x0a\x9d?f\xfbm\xb6Q\xa6\xd7\x11\x1a\x18\xe7\
\x0c\x1a\x1a\x91\xcc\xf6\x1e$:E\x17%\xf7Jx\xf2\
l\x1fF\x8d\x13&[Uvec[t\x1dR\xaf\
\xe2(\x14\x0a\x85B\xa1P(\x14N\xb1\xec\x80\x9eg\
.~\x7f\xee\x84\xb6\xc1/\xeb\xee\x15n\xe4V\xecp\
\x18\x90\x1aF\xb4\x0f\xfc$B\x1c\x11A\xe3\x19\x04a\
M\xbf\x03g\x06\xef3\xa2\x98\x05\xc9\x03\x09\x0c\x91e\
\x82|$\xd0LZ\x1e\xe8\x8b\xed\xecw\xed\x1c\x02\x03\
<rv\xc4\xe9\xd6\x96\xdd\xfb'}=\xbfkK\xce\
\xb3@\x1f\xeb\xa3\xee#\xc2\x8fV\xc2\xe4\x84\xf0\xe1\x90\
D\x82\xd9\xb7!wZ\xccNO2Tt\xacE4\
\xa0m0\x8f\x0cQ|c|\xb7$\x9a\xfb\xdc\x95\xb8\
\x22\xc4\xd6\xbe\xb2\xe5\xa6\xc4\x9b\xf3\xd1\xcb\xb2\xfd\xf0p\
\xd6*\x05\xe3\x9b\x8dsA\xcb\xbb\x03\xa6y=i\x8b\
o\xb6\xcb>\xf0\xc7\xbe\x9c\xb7'\xd2\xb1\x93s\xe6\xff\
\xf7\xe6G&\x83.t\xfe\xbf\xe4\xff;;\xb2\xf3+\
b\x976:\x97\x07\x1eS\xa8\xbd\xce\xdb\x87:d\xe6\
\x9f\xd8\x80r\xbf\xed\xff\xe7\x88\xfd_\x88Vo\x9f/\
g$\xbd\xed\xff\xbasx7\xe6\x9f\xea]\xc7\xa6\x1f\
\xdf\xf5\xff\xc9/\xa2P-5\xe6\x89\x95\xf5-\xff\x7f\
\xfc\xca\xfd\x7f-+\xe4\xb0\xe0\x9e\xff\xcb\xbc\xb7\xd7\x83\
\xc8\xff\xd9\xf8\xbf\xbe\x82B\xe6CO'Zzy\x8a\
\xc0\xb5!\xc3\xbc\xe5\xa0\xecX\xf55\xd1\xe5\xfb\x0f\x1f\
\xdc\xa0\xc4NV\xeb\xfd\x9f\x16\xc8<\x92\xf5\xa1<6\
0KE\xc6\xfb\xbf]\xa5\xa2\x0f\x08\xf9\x1d\xcd\xcbB\
\xa1P(\x14\x0a\x85B\xa1\x90\xe3\xa1\x81O\xff\xcbb\
\xe6\xc7\xe4\xaa\x85\x98\x85\xc5w\x8b\xc9g]\x9c\x1bF\
\x1aC\x8f8pa \xa3\x19\xe5\xf0\x0cP\xac\xfc!\
\xbau\x01>\x98\x5c\x83\xc6W$\xa1A\x0c\x04\x97k\
\xd1{\xa4\xd0)&\x89\x10\xca\xd8\xef\xba\x9d\xf5\x81p\
\xc5r\x98&\xa4\xa0%\x08[*\xd3\xe7c\x1a\x06\xea\
\xb6_5\xa0\xc5|Ka\xec\xe1e\xabn\x1f\xac\xee\
%y2\x06kK\xde\xf3\xef\x19t/eY\xdb\xe0\
\xfb3:\xce\xd22\x92\xc2\x94\xe9\x05\x87\x8d\xa8\xab\xa7\
\x84u\x02\xd2e\x87\xa8~F\x8a\xed\xf2\x9e\xe8$\x85\
\x1d\xe7\xf9\xdeZ+h\x96zp\xb0+p>\xb4\x8a\
m\x9011\xf3\xe8\xb0\x1f\xa2\xf9\x1b\xfb\x7fL\xa6E\
}p\x97\x14>\xc5~\x8ex\xff\xd7Ylv\x18\xf2\
c\x10+\x14\xf8?-DO\xa6\xfbs\xff_e\xbd\
\xd3\x1f\xb1\xff[\xdc\xf1\x7f\xdbsc>\x06\xfe\xcf\xb4\
\xce\x83\xdf\xf6\xff\x13Y\x11\x09\xec\xd3w\xbd\xf1\xfb\xfe\
\x1f\xb7i\xeb\xff\x1b\x1d\xab\xff\xe3n\xd6U\xc6\x95\xff\
O\xb23\x1c\x0f\xfa%\xff\x8f\xf6B\xaf\xb8\x9a#k\
\x1b\xbd\xff7m\xdb\xe6\xfe\x1f\xeb\x9eG\x8bL\xfc\xc4\
\xc2\xea\xff\xbd\xdez\xffo\x89\xdd\xaagd\x10\xdc\x91\
\x8d\x9a\xd7\x9f\x14\xd1wc\x00X\xf3(\xbe\xb6\xf5\xf5\
\xa2\x94iF\xcf\xeb~5\xe6\xe4\xbc\x16<\xaf\x93\xa3\
\xa8|\xdb\xafo\xb6\xb0\xf6KS{\xbfB\xcef>\
\x17\x0a\x85B\xa1P(\x14\x0a\x05\x0b\xa6\x7f\xfd\x0fF\
\x07\x84\xbbL:\x891\x93\xdcr\x9e\xec\x22\xfdY\xf0\
\xb9\x09\xc7,\xde\x1f\xafZ\x0f\xb6\xbbx\xd8l{\x04\
\x22\x0bt1=\xa0d\x0f8\x84T\xe1@\x12n\xc3\
\xb1%\xc8\xd8\xe2\xf3m\xa0\xc6D\xb0c'\x0a\xdf\xb0\
\xbc\x92<\x91\xac}]\x0e\xcb_\x07\xae\xe7\xe8m\xe1\
7eF$LD\xf8\xf7\xa4\xb5\x1c\xbbs\xfc\xc4\xaf\
O{\x99+\xf9\xbc\xb7/\xec\xf3\x80\xc4\xb9\x1a\x1bm\
\xcf\x8e\x04\xa0\x8b\xfa{\x1d\xef\xe4D:\x9e\xfd\xf7\xdc\
\xf1v:\xd7\xb6\xf2\xc8\x8f\xb3\x9236\xb8\xe6I.\
\x11\xe7\xfe\x11!#+\xef\xd8yR\xf6\x8e\xacw\xeb\
X\xff\xdf\xf9\x88\xbd\x96\x5c\x97\xdfj\xa5\xcf\xaf\x0d\xf7\
\x88\x92{\xfe\x7f]\xef=\xff\xbf\xb6/\xb6\xeb\x9e\xff\
7\xdf\xa0A\xb2}\xdb\xff\xbf\x81\xdc\xff\x9b=\x8a\x06\
'\x91\x17\x8dW\xe4\xb3\xb6?dN^\xcf+\x94\xe5\
k\x9d\xf5\x19>t\xa1\xe3\xb6\xe4\x92|\x1d:\xc6\xb9\
\xff\x8fk+\xb1\xf9f\xc7{\xfe\x1fZr#\xf5\xbe\
,o\xdb\x8f9\x97\xf5\x98#c\x97]\xc1\x83\xb8e\
\xf0\xd7g\x9f<t\xa72\xcf\x9aC.\xab~\xcdy\
&\xfe\xa8\x95Lc\xfe\x8fr\xac3\xaa\xd1\xba\x9b\x1d\
\xed\x9a\xf2\xe6ng\xfdqS%\xf5GN_\xa4Q\
'\xbee\x0c\x85\xcc^\xfb\xe9\xea\x9aU(\x14\x0a\x85\
B\xa1P(\xfc\xedx\xf8\x04C>\xb9\xe0B\xf24\
\xad/\xd2\x9b\xe1Z\xfa\xce\x94\xd6 (\xc0\x9d2f\
\x8d\xbe\xbeZc\x96\xa3\xf8\xc7\xe6\x94\x98d \x1a%\
(\xe0\x80\x10\xa5\xb9k'\x8a\x0fp\x87\xa1\x06\xd8D\
t\x10Ld\xe4\x89\xb5u\xcdg8\xdf\x05-;\xd2\
\xce\xeb\x13Bg\xea\x22z\x9b|\xf6\xb2!\xd5\x1ck\
\xdf\xd1\xb2\xeb\x0dm\xc4 M\xc8'!9\xd6\xb6\xd9\
\xae\xcf\xfa\xc0\xb7]\xd2X>\xf9\xe4u(\x0cy\x96\
t\xd9\x12V\x1b\x9b\xb0>j1TQ\xbbn\xa7\x1f\
O\xaf\xe3\xca\xb6Sbc\x9d\xc3\xfa\xf0\x09f*\x11\
\x8c\x19':\xb3\xb4\xec8\xd2\xff\xae\xdcL\x16\xf6c\
\xd6\x9f^\x9e\xb6\xffuF\xa6\x1f\xe0\xaf?8\xc39\
\xf60\xe5\xbd\xba\xe8zq\xe6\xff\xf1ue\xe7\xff1\
88\xc66\xe9\xb9\x7f\xc5\xca:\x8b\xfd\xb5\x16}\xe9\
\x13\xffo\xdb1\x9e\xda\x93q\x93\xcf3\xff\xefx\xc0\
u\xa3\xcfs\xa9cw\xfd\xfa\xfbDd\xd3n\xae\xf9\
6\xee\xday\xdf\xffu\xce\xcdk ]#\x9a\x93\x19\
\xf9\xbc\x8eY\xde\xd6\xb4m\xad\xd9Wp\x1d\xf9\x7f\xec\
S\xdf\xf3\x7f\x19WM\xbb\xf6%\xba\xbc\xff\xfb\x07\xe2\
\xef\xfb\x7f\x9c~\xdf\xff3x\xdf\x0elUMP&\
\x90\xc4v\x9c\x86K\xa9\xff3\xdeK\xac<\x11o\xe7\
KPf\xae\x1b\x87\x01\xb8n#\x06\xffWj\xdb\xda\
*7\xe0~(\xa43\xc3\x1cx\xadw\x9b\xc8\xc3y\
\xd7^d\xb4\x9fW\xef\xf7}\xa1P(\x14\x0a\x85B\
\xa1\xf0\xf7\xe0\x81A\xa5,\xb4\xe7\xce\x96\xb1@'\xd9\
I;\xcfi\xae\xfd_a@\x13\xc2X\x05[rB\
\xd2Z\x1c\xb5$\xc4\x88\x0d\x82\xf4\xeb\xb8\x12\xb8\xf0#\
&0}\xc0b\xeb9\xcd\xb3\xa1\x10t\xf9\x98\x08\x08\
\x03\xb5)\x0evW\xd96\x8f\xfd9\xdb\xe0\x17\xeb]\
\x91\x88\x9e,U\x82\xdb\x92@Q\x9d\xe8\xdc\xef\x1c\xf2\
m1\xe4\xff\x052\xf2'\x22_F)\x8a\xe6\xc1\xae\
/<!\x1a\x05\xe6\x98\xbe\x12m\xfd\xb3\xa5\x0f&\xae\
\xc7`\xa9Gd\xc9,\x97/\xc1\xb8\x8eW,?\x22\
\xd12\xec\xc6-*c\xd3\xd4\x06\x9e\x0fv\xc0\x0e|\
\xb8\x83\xf6\x91\xb5\xf5\xc4\x8e\xd3\xf6d2|\x9f\xf8w\
\x19{\x1b\xb2z\xa6\xcd@@y\xf2\x84\xc0\x8f\xf4\xba\
\x98]\xbf\xf8\xc8\xff\xfd\xf9\xae\xef\xde\xf5\x7f\x9f\xaf6\
\xd2\xf2`\xc1\xfa?9\x1bl\xdf\xac\xfe\x9f}\x12!\
9\x8fdv\xee\xff1N\xfc\x1feGe\xaft\xa5\
s\x86\xec\xbc\x87\xd6\xc1\xe7\x9a+\xf53\x9f;\xf1\xed\
\xf7\xfc\x9fs\xe20\xbc\x16\xed\x09No\x8fK!r\
\x0f+\xa2{\x98\x971\xfb\x15\xa4d\xf8\x0d\xffG\xdd\
^\x87\xf5\xff\xf8\x9e\xb5\x1b\x8f\x9d\xff+\x19m\xcb\xbe\
\xef\xff\xf8\x83\xbf\xe4\xee\xffC\xcf\xed\xfb\xbf\xd4\x8e\xfb\
\x9e\xc2{v|.\xeb\xbf\xe6\xe6d#\xbd\x96:\xcb\
b\xb9l\x04\x82\x9d4\xd7u\x98.>k$G\xd3\
\x5c\xca`\xb3`R\x9a\xbb]\xb3rz\x7fS\xa1P\
(\x14\x0a\x85B\xa1P\xb8\x89\xf9\x0a\x0e\x1f\x08\xcd]\
!\xac_!\x9d\x00\x82\x86\xc7\xe9\xeb5\x1b\xafWp\
\xd8\xc5;\x92\xa1\x93\xd4h6\xa0A\x82\x82\x0d\x19F\
\xee\x98\xcd\xbf\xb3\x04\x06l\x83$\xef\xfa\x1e\xc4\xe6\xeb\
\xeb\xdd\xda\xd0&h\x1c\xd3\x15\xf1s\x15\x1c\xd2\xb4\xc7\
\xef\x84\x0dJ\xd1)2\x82E%]\x13V|\x189\
\xade\x83\x1f(\xba)3\x92\xab\xc1\x9c\x0d\xf8_)\
\x01\x91\xe4\xf5K\xb93B\x8b\x8f\xec\xbd\xdb&\x95\xfe\
\xbe\xfelW\xdb;v\xdc\x02\xa3OE\xd9\xd7}\xfb\
\xcc\x97\x9d\xad\xbb2x\x8dA\xb9\xdfj#\xca\x8cI\
\x82\xfd|:\xc5i\xbd\xf3yy\xaeW\xe4\xbe[\xff\
}\xff?O\xdb\xcb\xfd\xb9\x9c\xe3\xa7\xfe/\xb8\xd3\xcf\
\xb7\xfd?\xbb\xf5\xad\xb5\x88\xe6\xdd\xf0P\xb6K\x7f\xe2\
{\xfe\xdfn\xa4\xe6\xb8\xef\xff9\xa9\xbd\xf3\xff\xf7\xbd\
\xc4\x12\xb7\xfe\xa1\xcc\xb6\xd6\x96I<\xbb\x96\xed\xb0\xf6\
]\x83\x7f\xef#\xf7\xff\xb3\xb1>\x9fO-\xec\x9a&\
\x0c/\xf99\x8a5\xf5\xdf\xf5\xe89\xce?fM\xd9\
~z\xfd\x06\xfe\xf3\x22\xfb\x89 ]m\x1a\xcc\xba\xd5\
3\x97\x92\xcd\x94\xef\xfaZ\xd2\x06\xeb\xaf\xaf\x1f \x14\
B\x9f\x9a[\x11\x0e5\xc9\x8f\x14~\xfb:_(\x14\
\x0a\x85B\xa1P(\xfc_\xc5#N\x1eA\x00\x8f\x05\
\xfd$u\xc9\x90\xcf\xf2\x1e=!\x22#\x16\xabQ\x14\
\x94\xb6IDh@\xd4\x5c\xc03\xa3\x0d\x93\xc6&\xc0\
\xb06=\x83\x99i\xdd$\xb8q\xe7\xb3%\x97C\xe2\
\xa3\xc5y#u\xc8\xbb\xb73\x8dI\xe26K\xbcF\
\xa4+\xea\x8evTe\x04\x8c\xd7+\x7f\xc6\x8e\x1bd\
F\x0f\xaa\xd640~k\xabGf\xc3\xfa\x00\x80\xc2\
r3\xad5\xa2\xed.\xaeh'\x95\xea8\xe9\xbf\x93\
2F\xc3\xd8](;em.\xfem\xe4\x04c{\
\x87,\xf4\xc7\xf1|\x02\x9b\xc6q\xd4\xfb8\x7f\xf2\xbe\
\xb5v\xde\x0d\xc0q'\xe8\xfb\xb0z\x7f~\xe4\x9a\xc1\
0\x7fy\xdb\xe7\xde\xa6\x13_\xb9\xeb\xffX\x0f2}\
\xe1\xb5\xdc\x7f\xdd\xffc\xfbO\xaeU\x1emy\xd8(\
\xe3\xf4H\xf5g6\xb5c\xff?\x97\x9b\x9e\xb3M\xe3\
\xe0O\xee3x\xff\x084\x87\xbaP\xe7w\xfd_\xad\
5\xc4/\xa1\xcd\xb9\xbc\xf7\xfd?\xbe\x9eG:>\xf7\
\x7f{\x1f}\xbe\x178\xb2)\x1c\xf3\x91n\xac]\xfc\
\xff|\xacb\xdb\xbc\xff<\xa8\x99\xebo\x5c\xf6[\xf7\
\x7fz\xdb\xff\xe3\xd7\xb0\xd0\xe8\x13M\xd65[6\xf5\
u\xbe\x8d\xf2DJ\x0a7\xdf\xcfk\x1f0z\x1a\xa3\
\x9e6\xeb\x99\x07\x1f\xb8>\xa5\xc4 i\x0b.\x0f\xe0\
\x87\xb49\xa8\xbe\xbft\xef\xaf9\x85B\xa1P(\x14\
\x0a\x85B\xa1\xe3\x15\xfd\xdb`\xed\xf5\xef \xfb\x08\xb6\
\x7f\x8c\xf7\xf7\x91\x9e\xeb\xa2\xdd\x84\xe3/\xb4\x86\x01\x82\
%4%\x90\xf2?\x18#\xbbXDf\x0f\x98%\xc2\
\xc1\x00\xca\x07\xea\xe3\x13_\xc9\xd1<\xf1F$;\xa3\
#\xf8\x80X\x82Ym\xc7\x1a\xe4]Aj\xcd\xb2\x93\
\xa0\xdc\x93\x0d{\xb2\xd6\x96\x911b\xca\xcb\xfa\x80\xf6\
4`\xd2\xe0p\x95\xcda\xd9+Y\xfe8\x0f\xb4C\
\x19D\x86\x08\xf2\x901\x5ck\xadm\xf7\xc4\xcan^\
\xf8\xf2\xd3\x16Z\xdb\xa3sh\xdf\x1f\xa7z\xae\xec\x12\
\xfd8gp\x1eO\x9f\xfb\xe7\xbf\x07\x10.~\x0c\xbd\
\xbch\x0c\xa2\xaf\xbc_\xb5G\x8e#\x1b\xa3rW2\
\xa45\xc8\x1eH\x7f?\x1e\x1c\x96\x17\x9f\xbb\x1a\xe7\xdc\
\xff\xe3\xf2\x1eL;\x82\x92\xe6\xc3\x93\x90\xfc\xc2y\x1d\
\x94y\xfe=p\xcc`\xbe\x84\xb6|\xcd\xff\xcf\xd2\xef\
\xf9\xbf\x9dG\xcd\x90F\xeb\xbb\xb5O\xf5\xc4\xfe\xafy\
\xd1\xa7\x1co\xc7\x99\xf7}\xc6\xde\xaf8\x9c\x05AE\
\xa7\x87~\xc3\xff\xf1\xa1\xcc#\xb49\x92\xf7\xb9\xff\xbf\
$\xcd\xe3+\xff7~\x12\xd8\xb4\x1b[Y\xb3\xa0}\
\xd6\xff\xf7\xbe\x02F\x82\xff{\x22\x9fR\xdb\xae`\xc6\
\xd6\xf8\xf6\xea\xa3X\xfe\xe4\xfe\xdf`MA\x81<\xb9\
n,v\x5c[\xbd\xea\x97?\xc6\x14\xd1\x97\xcdt\xb6\
E\xf9\xeaUA\xae\x9ds\x11\x8a\xeb\xd3~?\xf3\xd6\
\xf5\xa9\x9e\xf9?~\xda\x87E\xaf>\xe4f\x1b y\
\xac\x0f\x97M[y\xb5\xb5P(\x14\x0a\x85B\xa1P\
(\xec\xf1\x8a\xd8\xd6`f\x04pD\x04\x9b]f0\
\xaeu0p\x18\xe7\x93d\x86,\xc64!\xa3F\x10\
\xe1\xc8H\x82\xdd7V\x06\x13a\xf00\x83j66\
\x92\x0b\xdeZ\x83\xe0\x81!0sqC\x16\xec\xf5\xcf\
k\xe2\xca\xd4\x15\xc5\x8bl\x0e_U\x80\xfd\x7fE\xb0\
\xccr\xc4\x93d\xc7\xe0\xde\x97\xcd\xdb\xb4/\x9b\xe5\xf1\
\x1bu\xd6s\x94DGm\xf6\x84\xda\xd5\xee0o\x9e\
\xce)\x0eeD\x84\xa8\xd7k\xc8\x12[\x8a\x88V\xd2\
7\x92\x13\xf5\x1b\x12\xb4;\xd2a\x97\xee\xc9\x97~@\
\xfa \x89\xaeI\xb4+bbG\x16\xfb\xf4\x88\x00\x8d\
\xfa\x1e\xfbL\x88\xbby}\xe0Iy\xbc\xc8\xb3\x16\xb4\
C\xca\x8a\x0c\xaf\x13I'\x9c#\xc6>\xc9s\xe7O\
\xcc\x87n\x91?\x8d\xf4h\x8c\x16Bo\x1c\x87\xaf*\
\x19\xd7Z:\xf4\x7fl\xf0C\xda\x84\xfa@&\xb6\xe9\
\xe1\xdb\x94\x94\x95tO\xbc\x84\xb6\x1c\xe4]\x9d\xeb8\
{\xd8\x87\x96R\xe6\xcc\xff\xd7\xfc\x8f\xfd\x9f\xf6\xfe1\
\xefE\x8d\x92\x07t\xb0{\x14\x06\xe6\xf5\x95\xff\xc7\xf8\
\xea\xff\x17\xfd\x1f\xaf+\x9a\xbe\xf6\xf5\x9c\x1b\xadQ>\
\xfb\xde\xf5\x7f\x9e\x04\xf1\xde\xff\x07\x01,i\xce\x17\xd6\
v`\xba\xb7\x09\xdfK}\xed\xff3\xcf\x9d[\xfb(\
m\xef\x89\xff\x0b\xbc\xff\xcb}|'\xcb\xcb\xf4\xe3k\
\xe7\xb2\xcc\xb3\xf5\xbe}\xef\xfe\x1f\xcb\xb1u\xb2\xbc\xa8\
,&\xd8\x13\xdeN:1G)g\x19\xf3&\xf5\xc7\
\x1c\x93\xf5e\xa4\xb3O\xa96\xcb\x8cU]\xcf{\xfe\
'\xcbWX+\xbe>\xdaC\xbfs\xd7\xe4\xfd\xd5\x14\
\xde\x8b\x0a\x85B\xa1P(\x14\x0a\x85\xc2\x1e\x0f\x1f(\
j00~@\x86\x820\x83\xdd'~\x1d\x92h\xec\
l\x1e5\x9b%2\x9e\x12\x7f~\x9a\xd1#\xffJ\xb9\
\xfe^@\x91\xa7\x01EDnM)l-\xd5\xe0\x8c\
\x92\x00\xd1\x9f\xef\x02\x89<`\xcb\x88\xbb\x8c\x0c\xf5\xa4\
\x00\x96\xcd\x82l\xafWH'\x0c\xde\xa3\xa0\x9e\xb7\x91\
\x9d\xc2\xeelcC\x04z\xa2\xce\xdb\xecm\xbb\x0b\xfb\
\xf0#\xe8\x1b-h\xea\xc5\xfa9\xcd\x8f\xd2\xa2\x1d}\
\x11\x89e\xfa\xd5\xf41\x87\xe5<\xa4m\x9e\x00\xa3M\
[p\xbe\xaf\xfe\x86i<\x9e\xbb4p\xdea\x9b\x90\
*\x1c\xeb\xa1\x8b\xe9\x91\x91r'\x88\xc8\x12\xc1\xcfO\
3\xe42\xce\xb9g9\x9b\xaf\xf2d\x8cO\xc6\x16\xc9\
\x99\x8c 2\x1a\xe6\xf5\x89\xe6\xa7\xef\xf6\x99\xd6\x1at\
\x7fL\xdcE\xf3\x08\xed\xfa\xc4\xff\x97v\xc9\xbcj-\
$\x9a\xc2i\x03\xc7\xe8\x07\x93\x8c\x04=\xbe.\x91\xfb\
6\x0c\xfd\x9e\xff\x8bf\x9fd\xc7T_\xb7\x12\xe7\xc7\
i\xb7\xfc\x9f)\xbc\xc6\xfarQ_S\xd3W\x22\xe8\
\x98`\xbf^\xf8\xff\x05\xb2\xb2{2\xdb\xfa\x17\x059\
\xdf\xf3\x7f\xfb\xd0\xf8\xe7\xa7\xa5\x04p\xbf\xff\xff\xccs\
\x10\xe8\xae\xbd\xb4\xd4\xc76\x9d\xf8\x7ft\x9e\xf7\x8a5\
\x05\xf5^\xdf\xff\xaf\xfd_\x1e\xc6\xbf\xe3\xff\xdf\xbd\xff\
\xdb\xfa\x99\x8c\xdd\xfd\xdf\xe5\xc4\xf5_\x0eE\xea\xb7M\
\x1e:&\xf3M\x9e\xec\x90\xbb'\xce\xf1\xa6\x8d}A\
\x7fp\xffF\x90\xf2\xffp\xad\xe4\x9e\xf8Z\xc2r\x7f\
\xed\x9b\xae\x89\x22\xf9\x85B\xa1P(\x14\x0a\x85B\xe1\
\x04\x0f\x1b\x1ci\x10`\xd6\xea\xcf<V\x02\xf9\xb98\
\x7f\x91\xa0\x8d1\xca\xee\xf9LsG\x8aT~\xca\xb5\
\xc1\x12\x81N\x13\xcd\xc1\xc7J(\xe2n'\x0dji\
\xee\x5c\xe91\xee \xb2\xe84\x80\xef:\x1e\xbc\xbe\x92\
\xa0\xf7\x85\x0d^\x90D\xcc\xa4Y\xbd\xec>\xc9\xc8\xcb\
\x10\x92#\xa4R\xa2@6\xaa\x93\x05\xb2>(\xb6\xf9\
6}!\x03\x02\x88->0\xc6>\x8c\xc2{_\xcf\
\x909c\x22\xde\x0b\xf5b\x0aa\x17\xd0\x8b\x1d>\xdd\
\x8c\xbdK\xc3\x1dgQ\xc0\x9f\x11\x8cQ~Tn\xf6\
\xa3\x9f>#`\xd6\xb9>|\xd2\xf8\x0a\xf8\xd0\x8d\xce\
\xdb\x91\x0d\xbeO\xb2\xaf\xe3/\xe4'\xdb\xdd\xccx\xfc\
\xb2\xb0]\x13g\x92\xe6\xe7\xbb?\xceH\xa5)\xc3\xfd\
\xedt\x22!\x8a\xf9W\xfe\x1f\xe9\x8d\xf0\x8e\xff{\x1d\
\xbf\xe7\xff\x96P\xc5k#\xf6\x9d\xa1x\x86\x8f\x18\xd2\
j!]W\x5c\xf9\xff\xdaOL\xfb\x91\x8c\xf1\xa9\xff\
\xb7\xd4\xff\xf7\xfe\xcd\xa4\xd7O\xbd\x8e\xda\xfb\x98\x7f@\
\x14\xfa\xbf\xb3\xfb\xcav\x7f|\x82\x85\x14\x86\xf4\xcf\xfc\
\xbf\x05\xfes\xe6\xffs\x94\xbf\xe0\xff;,\xf3l\xcc\
\xdd\x07\x8c\x9d\xbd~\xe5x\xd7\xff\xbb\x86}\xff\xa2\x8e\
\xbd\xff\x07\xf3TRG\xdbP\x96\x97\x8d\x9f\xd9\xbc\xf0\
\xeb3yPC\xacr\x96\xfe\x9aK\xb6\xd6oO\xec\
\x1f\xf0\xd8\xf6i]\xbd\xdfR\x8bv\xea\xef\xfb\xdc6\
\x91\x97\x1aj\x22\xcc\xf5\xc1w7:\xfb\x86Y\xa1P\
(\x14\x0a\x85B\xa1P\xd8\xe3\xa1\xc1n\x1b\x7f\x12\x9f\
4%\xbb\x88H\xde\xae\x81\xc1\x89lr~-\xda7\
1\x19\xf3\x94\xf2Z\xe97$\x8c\xbb\xb0)Sw\x02\
aP0\x8a\xb9\xafk\xfa@Ue5B\xdaRw\
\xd9`\xec\xe5\x82Y+e\xf4\x89\x0f\x5c6\xc1g\xb3\
\xef\x0a\x9c:\x97b\x1a\xd4\xed\x82\xe6<0\xd7\xc0\xfe\
g\xec\x14\xf3u\x9f\x90`4#\xf3\x5c\x0aQB\xe6\
\xcc\x805\xb01\x92\xeb\x7f\x08\xcarQq\x9b\x96\x00\
W\xc8\x86g\xfb\xe8:\xd8\x8b\x08\x8d\x85|\x0c\x88D\
\xf9\xc4q\x98\x81/\xad\x04[\x14x_\xe9\xbb\x8d\x11\
\x88\xf7\xe9\x9a\xf7\xb3\xdd\xcd\xd5}E\x89\x12-7?\
\x93!\xde\xcd\xb7\xa8LV~W\xdf\xcf\xdb\xa8\xcf\xf1\
\xd3\x93V\xab,{\x1c\xce+\xb2\x84\x0b\x13\xa5z3\
\x9b=\xc1\x83:=\xb2\xb6d\xe5\xde\xf7\x7f=\xfe\x9e\
\xff\xef\xb1\x1bkC\x05\x0f\x9f%\xb2\xa4\xe1\xa84\xae\
\xefv\x1a\xee\xfc\xff\xea=\xdcX^m\xeb\xda\xfd\xf5\
\xf7\xae\xff\xeft \xde\xf1\xff\xde7r\xd4\x88\x92\x87\
\x93/\x99A\xd3\xa3>\xf3u\xf1xg\x8b\xed\xaf\xbc\
\x10\xfa\xcf\xb4\xcd\x14\xb9\xf2\x7f=\xd6>\x17\xddx\xcf\
\xfc\x8e\xff\x8f\x12\x84m\xfb\xae\xff\xdb\x99\x8c:v\xb2\
\xf7\xfe\xaf\xbf{\xd1\x92q\xc7\xe33\xff\xcfw\xf9\x9f\
]\x05\x22\xf2\xd5\xe6\xa3\x5c\xfd!hYW*\xd9\xdc\
`\xaa\xc7\xfe\xdfL\x9a\xfa\xbf7\x89\x93s\xa6\xf8u\
S\xban\xec\xba\x1a\xd8\xd4\xd7\x8bs\xdcp\x8d\xc9v\
l\xbc-w\xaf\xa3\x85B\xa1P(\x14\x0a\x85\xc2\xdf\
\x8e\xf9\x0e\xe8N\x10J\xe0\xa3\x91\x02\x92\x0b\x8cL\xd7\
X\xec\xcb\x82\x9e\x83\x05:\x89(L\x1f\x81\xe53@\
\xe2!nljQ\xb1M\x89\xf0H\x96\x9c\xf4\xf5\xbf\
\x94u_\xdbg\x1b\xd0J\xd0?u\x12\xec j\xe9\
\xcbF.\xe1\x83|\x09\x9e\x9e?\x88\xb6#\x91|\xf0\
\xe8\xf3_\x16\xb6f\x08Q\x15g\xc9<_>\x22\xb6\
\xb0\x8c\xd7C\xfe\xbd\x89\xb3O\xe2\xfa\x12\xdcF:\xe2\
\x9d[\x9c\xee\xe8\x9a\xf6\xcc\x923\xc3\x10\x11Q_E\
\xe4\xc9\x8e\xbc0\xfa\xdcx\x99\xf4\x80`C}\x9aC\
!\xc9\x13\xdb\xba\xf6\x95!\x98AQ\xb6{\xdf\x136\
Xu\x87\x85\x14\x01]\x11Q\x19\x91.\xd9\x18h\xfb\
\x1fD\x01q\x12\x113\xea\xffl\xfa\xdf\x1f\xb7@\x98\
'/g\x1bZ\xd3WG\xf4\xcct\xac\xf1|\xe7+\
'\xc8\xfd\xff\xf1U\xff\x97s_\xf6;\xfeo\xf3\xae\
\xea_\xf9\xbf\x97\xcc\xb4\xd9\xd1\xf9\x91\xff\xbbyM\x91\
\xff[\xc2\xf0\xc4\xff\xb7}\xb7p_\x89\xff\xcf\x1b'\
\xd1|\x98\x84\x93w\xb4\xd1\xdb'\xf3\xb6\xbb:\xdb\xeb\
B\xd0\xde\x13\xec\xeaY\xff\x97>\x12{^4\xe2\xcb\
\xb7_s\x9a\xd94K\xebQ:G\xbd\xee\xd5\xff\xa5\
\xcf\x09\x8ec\xffo\xad-\x0f\x05\xa5\x0d\xfe\x9a\xbf\x5c\
\xd3\x89?\xf2\xff\xec\x1a\xab\xc4\xa6\xea\xfd\x86\xff\x8f%\
\xca\xf4\x83\xd7\xe9m\xff_\xbc\xea\x0d\xff_\xc9g\xf9\
\xb1g!o\x8dM\x8f\xa0M\xcf\xff\x1e\xac\x02\x9c\xce\
6\xd7\x9bl\x14\xe9\x5cp\xf6J\xdb\xc6'\xda\xda\xef\
\xdfq\xfbP?\xc3\xfc\xee~7le\xb8/+\x97\
N\xb8A\x03m\xefu\xf2\x07B\x85B\xa1P(\x14\
\x0a\x85BA\xf1\xb0\xc1\xbb\x0b\x04p\x1d\xfe\xcaj\x83\
\x9c\xec\x09\x9d\x14m\xa6\xbc\x0d\xc84\x00\x9a\x0b\xf4\x11\
YM1>\xdf\x04(v'\xf3\x0cT\x87\x986\x03\
\x10\xa8\xc2Jh\xb0\x09*\x10ZG\x83\x07\x0c\xd8\xc8\
\xd8\x10a\x06\xc3\xcd\xee|\xc6|\xb4\x1b\xd3v\x01\x8b\
\xaf':P\x8ei\x89\x93\x15\xc9F\xfdz\xfc\xca\xa1\
\xd9\x17\x90\xc7\x83\x1c\xf06yb`\x17\xc4\x0e\xcdD\
\xa4\xbaw\xc4\x15\x91\x0d\x97#b\xc3\x07\xd5Y\x1f\xfa\
\xf4\x13\x82\xc1\xbc\xd3\x96q\xd7\xdc\xb4h!\xd1\xb21\
\xc7\x9d\x9b+!\xa6e\xe5=\x98\xd1\xb4\xd3q\x5c\xdb\
;\xe7\x05QH\xd4D\xe3\xbf#u\xfc\xf1y\xffe\
;M;i\xb5\xa6\xd3\x96L\xd9\xe9br\xa4R/\
\xdc}\x0fw\xdd\xbb\xf2(;j\xd3\xbb\xe4AD\xac\
E\xf9\xa8\xff\x1d\xff\xf7\xf5<\xde\xf7\xff\x95\xb8BB\
\xef;\xfeo\xd3\xbd\xff\xe3X\xf9\xcfi\x0b^\x03[\
L@z\xac\xf3\xd7\xe4\x06\xc72_\xb5~4\xae\xd3\
\xff\xe7\xed\xae\x19QB2\xff\xb4\x0b\xffg\xcd\xb3\x1e\
>\x0d\x18\xa4\x1b-\xf7?\xfc\xf4\xb6\xfar\xbe\xcc}\
\xff\xbf\xf6\xc9Lw6\x07\xd7\xf9'\xd7\x0b\xbc/\xc5\
\x98\xedp\xba\xf1[7;\x9d\x94\x10\xb1'\xfeo\xef\
<j\xa8\x5c\xff\xbc\xdd\xdf\xf1\x7f\x91\xfd\x0d\xff\x17\x92\
?\xf0\xc1\xad\xff\xfb\xd7b\x90[\x8f\xb8\xbem\x14\xaf\
\xa2^\xfeO\xe3\xdej\xd7\x08\xe1\xc3\xffe\xbe\x0c\xf2\
\x1b\xf2\x861\xab\xb2\xde(\xf8\xfd\x10\xca\xc1c\x066\
\xb4\x9f\xc7+\xe7\x18vJ?\xf3\xd7{\xda\xd5}\xab\
P(\x14\x0a\x85B\xa1P((\xdc\xb6\xb4\xfe*\x8e\
\x0e\xa4\x87i\x04\xcd\xf3\xccW\x9b\x9f\x12\x18\x9a\xf8r\
\xc8\x1b\xa1\xa6# X\xf3%\xea6\xb0\x0b\xfb\xd7\xce\
\xe2Y/\x22@|\x95\xf1\xa3G\xa6L\x1e,D\xc4\
\xa3\xc7$\xc3(#\x87lP\xbd\xea\xc8w]-\xc4\
\x0fs\xde\xefX\xee \x0d\x03F\xcb\xb7\xb2%CZ\
\xfc\x8e\xd1+\x22\x0f$R<6Z\x16\xe7@\xde\xb2\
\xc8~\xa2\x1d1\x92\xb7\xdb\xe6\xe3\x18\xc0\x14\x9d\xf6H\
\xf0\x1f\xd5\x95c\x1f\xf8w\x11\xf6\xbd\xc1\x11\xf16\xcb\
\xbb10~\xe3\xa8)\x86\x14O\x84\x5c\x11\xc6h\xeb\
\x8el\xb9\x22\xf4l\xfb)\x85\xe9\xdb\xcd\x9c\x89\xf4\xe0\
<\xf4\xed}\xe2\xe4\xdd\xa8^\xbe'\xa8\xf6\xfe\xdf.\
\xcb\x88\xadX.#\x87\xaem\xb4-\xf4\xf3-\x22\x0d\
#y*\xcb\xa7y{\xd6y\xe0I\xab\xf6\xb1\xff\xef\
\xed<i\xd3\xab\x9c?\xbf\x98\xe7Y\xda\xea\xc3\xfa\x1a\
(\xbc\xff`\xd5\xa8\xcdf\xfe\xcf\xfbU\x17\x11\x91\xfc\
\x97\xfe\x0fx0~\x1bGh9\xbc\xb1\xe6s\xe9\xcf\
\xf8\x7f\xb0\xdb6\x91\xf3\xbe\xff?.\xe7\x91\xff\xc1L\
\xfc\xf4\xba\x05\xd6\xff\xf7\xf7\xd3\xcc\xff\x17]_\xf3\xff\
\xbc\x8eL\xcfs\xff\xdf\xa7E\xf7\xabqr\xe0\xff\x8e\
\xe8&]\xeb\x0d\x11\x09`\x95\xd7x\xde\xaf\x9a[\xa8\
\xc9\xdd\xb3\xffk\xfdlhz\xe9\xc0\x9cI\x84ci\
\xb8\x16r\xb0\xd6A2]\xc8e\xd13u=\xd7\x01\
\x8dU\x0a\xa3l\xdb\xde\xe6\xc8\xfbB\xa1P(\x14\x0a\
\x85B\xa1\x90\xc3\xb09}1\xcdv\x83\x09\xd9\xa0\x83\
p\x8b\x8b\x04\x04\x8e\xf0\xd5\xc5\xb8\xdd\xe92C\x03\xb3\
XoK~\xb7\x85\x88\x03z\xd2\x06\x88\x18\x10@\x80\
\x0d\x8cbD\xe2\x84\xe6\xb9<\x0c0<\x22\x92\x01\xed\
\xce\x10\xed\x5c\xf3\xe4\xcf\xcc'r?\x80\x14\xdb\xe3\x03\
\xc5( ^\xdb\xc0\x9b3Z\xea\xef\x10\xedh\xdb\xd9\
xEXe\x04\xc0U@-eN\x88\x16\xc9\x7f\x95\
\x01\x22E\xe7\xfb:\xef\xa2\xfa\xf8\xb9\x04\xa1\xbc\x92\xdd\
;2\xa6\xe7?\x06\xc12'\xdf\x12\xe8\xfb\xbaW\xfd\
\x19\xe9:=\xf7\xc0\x07\x00\xeb\xb8G\xe5 -\xc8_\
H\xe6`\x9exD\xf3\x03}(\x22SW\xff\xbf\xb6\
}W\xe6umJ\xfd_\xfd\xc0\xff\xe9\xae\xf0~,\
r\xd6yg\xcbc=%\xcf\xd6\xf3n\x0b\xb9:\xe4\
\xeaP\xf2i\xe7\xfd~>\xd9\xeb\x98m7\xfd\xba\xff\
\xb3\xd3\x8de\xee\xfa\xbf!\xacx\xed\x87]}\xfc\xdc\
\x11\xc1\xe7\xfeo\xbfe1\xfb\xaa\x9f\x8c\x0b\x94\xda\xf6\
\xe7\xfd\xdf\xee\x12\xcf\xea\x9c\xf4\xfd\xde\xbeuG\xb1/\
c\xfa\xe6\xb6\xffK\x1e\xa5\xb6\xed\xfd?\xbb\xff\xe7v\
\xa3L\xac\x97\xdd\xffg[\xe8\xf9\xea\x93uND\xe7\
\xbf{\xffo\xaeF_\xafi?\xa1M\x14\xda\x08{\
\x92\xc1\xd7\xda\xc8\xb1u\xcd\xf8\xc2\xc3!F\x1b\x16\x7f\
\xc3\xf1#\xa2\xe4\x11\x09\xc3\xca\xf2\xc53\xb3\xfe\xf6\x88\
\xad\xd3\xe6\xbf8g\x9e\x9b4Z\xb3\xf3\xe0\xcaw\x0a\
\x85B\xa1P(\x14\x0a\x85\xc2s\x0d\xfe\xaf\xff\x99K\
{f%v\x85\xcc\xb0$\x9d|YR_\x1f\xc0\x0d\
\x03y&\xfb\xfe\xbd^z\xd2M\xcd\x05a\x9e\xc9f\
\x0d\x0e\x9e\xdc\xb8\x0f\x9389~\xfd+\x09/\xf3\x91\
\xd4\x11\xf9\xfa^i\x1b\xfc8;\x96@k\x88\xc5\xa0\
\x93\x22\x5c\x13\x00\x08\x0c>\xdb\x1a\xb1\x0d\x82\xea\x9c\x5c\
\x08-bv\xe4\xc7*\x877\xf6\x89\x8c\xd0F5\xf5\
\x98\xfc\xf0\xe5\x18\xf2D\x17\xa5\x166\xf2\xc4\xd7\x9d\xa0\
\xcf\x04\xe7D\xf0\xd8C\xff\xdd\xd9\x8c})\xe7\x890\
5\x97rb\xda\xb6ux\x95\x10\x92]\x01\xed\xd8\x8c\
\x8c\xd0\xbaS6\xeb\xc3\x95\x94\x03\x02\x80\xed\xd7\xf9\xfd\
\xfcHu\x89\x5c\xe6\xb0\xb7?\x9d\xeb^VFN\xde\
\xe97[\x9f\x80\xa0\x08\x06\xfa\x8b\xfe\xefI\xb3\xef\xf9\
\xff=\xfbD\x86\xde\x17|\xfbe\xce\x9e\xc9\xbb\x22\x1e\
\x8f\xe73\xe9}\x09\xd3^2\x5c9\xc1\xdd\xeb\x85\xd8\
%\xf7\x11\xe9\x03\xf5\x83;2\xf82\xcd\xa7\x87\xf3\x22\
*+\x03\xf0\xc6\xb5\xe2\xda\xffW\x22V}\x08\xe4\x1e\
\xf8\xffI\x1e\xea\x83\x1c:A\xd87A\xda\x9aw(\
?\x92\xb9\xafq$\xef\x8e\xff7\xba7\x7fs\xffO\
\xee\xe5\xce\x06\x91\xd1\xe5\xd8]\xe4R\xa3_\xd33Y\
\xf8\xe0\xa9\xbf\xf3\xba\xbf\xa6F\xe4!y\x8d;\x9c\xdb\
Z\xdf\xe443\xe7\x90\xda^k\xf7\xeb\x95\x90\xc66\
\x97\xc9k\xf4m\x10\x92\x1a\x89p\x5cG\xde\xbd\xa6\x14\
\x0a\x85B\xa1P(\x14\x0a\x7f3^[kz\x90a\
\xbf\xfe\xdf\xe3\x0a6\xdb?x\xec:\xc1\xff\x9e\xf8\x01\
\x16\xc2\xc7\x8fL\xf0u\xe7-\xc1\xe8w\xd3\xacDp\
\xa3\xe6\xe2l\x0eDJ\xb4\x80\xb2\xb0\xbc\xda\xe9w$\
-r\xf0l\xf6\x81\x85\xca_\x83\xc8\x13\xa2!\x0a\xf6\
e\xa7Y\x14\xa0^\x11\x06\x88\xe7W\x8f{\xb7\xdbw\
\x17\x8a\xe1\xbc\xa9+\xba\xbd|!\xa2z\x12\x1f\x91F\
\xbe\x1f<\x15\x8e\xba()5\xe7\x10\xb4\xed\x04\x86\x18\
!K\xa1\xf1\xa6\xac\xd8%\xe3\x18\x8d\xd3bnp\x9e\
\x11?H4u[\xf4\xf5\x13\xc3\x88\xd06\x7f|\x82\
\xfd\x0f@\xae\xbb\xf6\xfaW\xe1\xed{@\xc5\xd6\xe8\x13\
\xc7\x02\xdb0\xfb\xb8\xd9\x1f\xd3\xcc\x10\xcd\xb7\xd8\xe6\xb5\
N\x96\x16\x97g7\xe7x\xe3\xff\xec\xf2=\xb1\xb5\xa6\
\x89\xde\xf7\xfd\x1f\xe6\xc6\xc7\xfe\x7f\xbd\xf36\x82\xf5\xff\
W\x0a\x1c\xeb\xdc\x91\xfe\x84\x9a\xa1\xae\xddu\x22\xf6\xff\
U\x86y\x80\xe4\xfc?\xf2g\x99{\xd3\x06\xa2K\x1d\
\xf8\xd9\xfb\x1e\x89g;>\xa0%\xc5\x89\xffGeC\
RRO\xb4\xbd</4DI\x1f^\xfd\x00l\xe4\
#\xd1\x98X\x9by\xde\xa7\xda\x8f\xda\x93\xcd\xb5\xab9\
\x80\xf2\xad=+\x91\x1c\xda\x04\xa5\xaf\xfd_\xda\xa8:\
Nm3i]AX\xbe\xcf\x1b\xfa\xba\xffG\xdc\xf1\
}\xff\xd7\xfb7V\xcd\xee\xc9\xe2\xeb\xd2.\xd4i\xaf\
\x8bq\x1fNB\xdd\xc9\xd7cZ\xf3A\x9e\xac\xfb\xba\
\xceA>\xff(\xf9\x1c\xe39'\x1b\xc9W\xf4\x96.\
z)%c\xf2\xa4\xa6G\xfa\x8bh\xee\x8b\xa49\x9e\
\xbd=\xeb\xb8\x5c\xcd\x9fB\xa1P(\x14\x0a\x85B\xa1\
\xf0\x5c7\xff\xfb?M\xc9\x04\x0c,^\xff\x92\xd9Z\
\xe6\x8e\xd7\x9d\xc3\xf3\xad{\xaa\x00v\xcb\xf0|\xe3\x07\
\x8fs \x80\xa8\xef\x8ey\xb84Z$\xd9\x7f\xed\xae\
1\x1a\x11\x83\xe6\xcf]O\x01=\xe1S<\xa2\x002\
\xae\xc3\xae^{; aZwi\x9d\x06:Y\xb0\
I\x97)d\xe4_\x11\x9c\xbe_\x22{E\xce\x93\xfc\
8!\x7f2\xebv}\xb9\xdb=f\x8c%\x1adI\
\x03\xfbUWD\xf2\xcd4\x1e3\x85\xc9\xcc#\xf9\x16\
\x80\xbc\x0b\xf6\xba\xdfx\xb5\xdd\x11\xb7\x1e\xd1\xae=$\
\xc5?\x0dz\xc5\xdc+\x92\xe48\xefC\x9b\xdei\xd3\
\xde7\xec5M\xd2~\xd3\x9eO\xeae\xf5?\xf3\xff\
{8\xf3\xffv\xc3\xff\xd9\x10Xts\x17\xe7\xa7\xfe\
\xef\x89\xb2\xceG\xcd\x0b@(\xc7\xf8?Yb\xd4\x1f\
\xcf\x07+\xcb<\xdb\xe3Y\xe7\xe7\x0b\xfe\xefg\xf6\xdc\
\xc9y`\xcaJ\x22\xae\xba\xb3zk\x1e\xec\x0e]l\
:\xc3\xd9\xfc]\xc7{\xea\xc21\x86\xb4\xb3qio\
\xda\xb3\xd6^\xeb\xc9\xfc?\xeb\x89\x13\xffo\x1f\xda\xeb\
j\x1a\xf9\xf3\xc1DRV\xef\xff\xf0\x00\x83\xd9\xe5\x0f\
{\x1er\x9f\x19\x0f;\xb9A=M'\xb7\x87Y\xfe\
5;\xa7\xa5\x8c\xc8\x1e\x9fh\xad\xceA\xb5\xed\xa5\x81\
\xc1\xfe\x97\x8c&\xec\xf2\x90#9\xdd\xc6\x9e\xdd\x06\xdf\
-D\xfd\xcf|\xf8\x12=\xd8\xb8\xe3\xff\x85B\xa1P\
(\x14\x0a\x85\xc2\xdf\x88\x87.\x9a\x91xvA\xec$\
\xe1X\x8fG\xfa\x0a\x1bh5\xf9\x9a&\xc9\x8f\xf6\x11\
-\xa1\xcd\xd8\xd9\xc2xJ\xf8\xb5^v\xb2\xa4\x9c#\
\x9f\x07Q\x88\xe2\x9f?@8\xa3\x96\xc8T8i\xb3\
\x1c\x13\x92\x93a\xf1i'\x11\xee$\xcb\x82\xc0\xab\xe0\
\x04w\x94G\xf5pG\x92\x9c/2L\xd0\xda\xa5f\
e\xd1\xe6\xe83Bs\xfd\x98\x11\x18H\x96\xbcHI\
(\xef\xc7O\xcf\x99B\xb2\x9c\xd7\xddi\xbe\xbfS[\
\xccX\xb4\xa9C\x82\xc8\xc8\x0eO\xf6\x08\xf9<e\x8f\
\xaar\x8c\x84TdG\xd4\x9f\xaf4\xa7g\xc9w}\
\xe0\xf3\xee\x10\x0dj\x1b\xd6[e\xcaq4\x87\xf1\xfc\
\xb5\xa3R\xec\xc0\xbf\x0da\x15\x1d\xfb\xb4\xac/\xb3\xfa\
J\xfe\xd9\x1d\xca8O\x9f\xfeo\xfd:nSf\xdb\
\x15\xe1\xeb?\xdf\xf5\xff+\x1d\xf7\xfd\xbfm\xcb\xbe\xe7\
\xff-\xb5-\xb2C\x89\x1b\x1dW{\xae\xd7\xd0\x0c\x9f\
\xf8\x7f8\x8fE&\xc1\x8c@C\xbc\xff'}\xee}\
\xf7\xae\xff\xb7/\xf9?\xb6\xc3x$\xeb=\xba\xbf\xf6\
\x80\x8e\xe6\xe6\xa9\xff\xaf\xed\xd2\xeb\xeab\xd3W\xfd\xdf\
\xd6[\xfd\x9f\xcc=Gv\x01G\xb0m\xe4p.\x9e\
\xfa?\xce\xa3?\xe3\xff\x8f\xad\xad\xf7\xfc\x9f\xc9\xafe\
v\xb6\xe8\xf9T )\xf6\x94\xd7\xf1\xa2\xa1o\xae\xd1\
\x12u\xf3\xa5or\xcfuv0\xe1\xf5D\xf5x\xf2\
\x99\xb2\xe1k\xf6Pw?7\xfd\x01\xc266F\xcc\
5+\x83\xae\xf8\x1aQ(\x14\x0a\x85B\xa1P(\x14\
r\xc0;\xa0\xfb\xe9\x8b\x08\xe6\xfec\x84\x14Q\xa2\xb2\
\xd8~\x05\x01\x93\x99\x1bA\x01\xc3\xced\x13\x03\xc3\xbf\
\x18(\x8e\xaf\xc1\xca\x82\x9e\xc9\xc8\xd0\xf2\xde\x0e\x1e\x01\
\x88\xa8\xe7I@K\xcc\x812d\x17\x8bo\xba\x0d\x16\
5\x84\xd7z\xba\xcb,\x0e1\xbe\x13x\xf0\x81\x9c\xab\
\x1d6\x12\x8c\xb7\x16\x930W\x1aP\xbe\xec\xce\x0b\xfb\
\xec\x00\x91NOj<\xcf\x95\xc8\xc8\xd2c\xd9hs\
R( u\xe8\xfd@\xf1\xa2\xdaJ\xa0P@|\x87\
3l\xd6\x8b\x08\xf0\xef`%\xb7D\x1f~\xfa2b\
W&\xb1\x0d\x07g'\x97\x92\xf3\x08h\xc3\x94}\x8b\
X\xc7:B\xa4\xc4\xed\xc9H\x98+\x82\xe9\x7f\x0b\xb9\
p\xee\xff\xf7\xc7\xc1\xcb\xcf\xfd\xff\x0c'c\xd0\xfd\x1c\
I?\x1d?M\xcf\xc9J\xb1\xf3]\xfd\xa9\xedt\x1f\
\x11\x81\xca\x8e\x94\xdb\xe1\xdb\xfe\xdf\xb2\xd4\xf6\x1d\xff\x8f\
\xec\x8c\xcf\xc9\xdc;[\x22\xe3\x9e\xff\x8b\xc4\xf8}\xdc\
\x8b\x1d=q\xde\xc7#\xfd\xb1|m\xc3;h7R\
O\x90\xf9\xff\x985_\xf0\x7fZ\xfc?n|<\xa2\
x$k?\xb3\xa7y\xeed\xeey\xcf\xd7\xb6=\x7f\
d\xf9g\xbe\x0bz\xecq~\xf9\xbf^\xdb\xfd\xbb\x9f\
_\xa43[3\xe6{\xa1\xa1\xcdz\xdbS\xb9r\x9f\
\x98\xfc\xf1K\xc6\xf0\x8b\xf1\xb9\xb4\x95\xed\xb5\xa8\xf7\x93\
~\xe3\xc1\xfbR\xa1P(\x14\x0a\x85B\xa1P\xc8\x01\
\xdbh0h\x91\xdd\x1d\x9a\xd5\xbf:\xc9P\x9au\xd9\
?\x087\xa4\x1c\x85\x10VB:\xda^\x04\x85\x83`\
\x87\xc3\xd0U\xcb=\x89\x0a\xad\xa6D\xb5\xeeZ!G\
\x06:\xf9.P#\xa0\xae\xa7]\x90\x92\xed\xc4\xa2 \
\xff$\x9d\x88B\xf29#\xcb\x90\xa4\xc8\xea\xf8\xaa\x11\
\x11\xec\xe5y\x99m!\xe6\xfb\xe7e\x805v&=\
\xf8\xbaM\xab|M\xdf\xb7o\xdd\xf1v-\x9b\x83\xb1\
\xa6\xf4\x1c\xabzb.\x1a\x03k\x8f\xdf\x8d\x87\xd3\x9c\
\xfd\x0c{!\xfa*\xbe\xffD\x9d\xd9<\xf0;\xfa\x22\
\xec\xe4K-\x9c3\x1a\xc77c;\xf7\x08<%\xab\
2R+\xb3\xe5\x9a$Y\xc7\xf4\xf9\xa0\x22\x9bG'\
\x84\xdenN\xf8|_&$\x83\xde\xf0\xff+\xbbP\
\xc6\x99\xff\x9f\x8d\xc3\xb9\xffSX&\xc2\x8e\xb8\x8c\xed\
Z\xe7\xab<D\xd3\xb4qE\x7f\xcb\xff\xe3\xb4\x9d\xff\
\xb3\xff\x1b\xf3\x5cm\xbb\xf2\x7f\xafK\xa4Fm\xee\xf8\
\xb6\xff\xc7Z\xf8R\xbe\x97\x83\x88t\xb5K\xff\xe7\xe5\
\xde\xc9\x81\x9e3\xff\x9f\xb5\xe6\xa7\xf5\xff\xc4^\x98\xcb\
\xbed<'\xfc8\xc6\xf3\xe6=\xff\x8f\xafU\xb4\xb1\
\x0be\xfc\xae\xff\xdb2\xd1\xbdJ\xcb\xaf}\x85\xf9\xa2\
\xd2\xae\x07u\xa9\xd9\xa6?\xb7e\xfd\xa3\xee\xc6\xb0I\
\x1a\xaeG\xd3\xffm\x9dE\x08\xed\xee\x8d\x84\x0cw\x97\
?\x7fi\xd0\x0b~\xa6\xb7\xb1D]w\x8a\xef\xc6\xa4\
P(\x14\x0a\x85B\xa1P(X\xcc\x1f!\xa4h\xb7\
\xd9\xf8\xd4P\xb2\x11\xbcG\xa3/\xca\xa5\x00\x11\xf9\xf7\
\x12\xda`\x93(U@M\x83}Ii6p;#\
|5\xa0A\xa2\xa2]\xee<\xd2\x80\xa8\xd9Hl!\
\x1a\xb2\xf0^\xf3\xf7\xe4D\x86\xab\xe06\xd2\xe3R5\
pk-%0vA\x7fD<)1\x1f\xb7o$\
,\x81*\xd3\x09aE\xb1<:\x0b\xf0Z\x9f$\x86\
\x04\x89\xde\xf5\xed\xeb\x87}\xc2k\xde\xeb\xc1K\xd2\x06\
\xdf\x17}\xd3\x15\xcb\xc4\xb5\x04\xd68>#\x8e\xc9\xc9\
mi\xb9t<\xb0\x01\x1b\xb9S\x1e\xd8\xdc`,\xe5\
\xf3\xc11\x81\x7f\x878\xba&\xb5\xd6\xd7h\xb4I\xde\
\xf9\xf7\x08\xf3\xd2\x16\xaf'\x22*O\xec\xf3~\xb8\xeb\
\xff\x13\x19\x7f\xce\xff\xe3\xb1\xfd\x8e\xff[\xbd;\x02\xd7\
\xdb\xb1\xc3\xa5o\x93\xf5\xaf\x95\xf0\xb2\xf7\x89]?_\
\xfa\x7f\x90\x07\x8aC\x9f\x88\xed\xcc\xe6\x8c}(\x8a\xf8\
-\xff7w\xabyoP\xf9X\xff\x8a\xdc|\xdf\xff\
a\xbe\x99\x94\xfdup\xf7\x80\xc4\xa7a\x96\xff\x01\xdf\
\xff\x96\xff3\xa4\xd9z{\xdf\xf5\xc7;=(\x8d\x93\
\xb1\xbd\xe7\xff\xd2\x7f\xebX\xf7:Z.\xb3]\xf3\xfd\
5[\xac\x04\xd9\xe6:\xeem\xf9!\x92\xdd\xd4\xa1,\
\xd2{\x7f#h\xab\xace\xf3\xeb\x18fu\xde\x99\xe7\
B\x96q\x92\xcaZ\xb7\xadm\x96\xfbU\xd4\xcf\x85B\
\xa1P(\x14\x0a\x85B!\xc6\xebG\x08\x9f\x07\xba\xc0\
\x87\x80\xc3\xec\x06\xd1\xacF.\x94\x98\x91\xc9\x0c7M\
5\xfdw%\x075P{\x8c\xfa\x12\x94\xe0NZN\
\xe5\xcet\x96\x00\xea\x9f\xbf\xa6?8\x17h\xd2\xc4\x11\
U\xf4W>\x90+\x8f\xc5\x1a\x047\xf7\xb1\x90\x1ct\
M\xfc\xecd\xbdd\xb0\xff\xba\xedZ\x1f\x83\xe0\xab\xa0\
6\xb4\x93y\x12<[\xfbZ\xfc\xce\xd0\x8c\xcc\xd8\xc9\
\xcc\xdb\xd7\xf3\xe6\xeb9d\xb0\x179\x87\xfd\x08\x0f+\
\xcc\x0e+\xd0u\x1eTrp\xe4Jp\xfe\xe3\x81\xbe\
\xaf\xa4\xcc\xa9\x0d\xcf2\xcfw\x1d\xef\x88\xc9\x9d\x1c\xbe\
\xa9\xf3^\xdf\xec\xb4\xc2Y\xd2\x07wp\xb7N3\xfe\
\xdf\xbe&7\x10\xa0\xd7\xc8\x0f\xe5\x1b\xb2\xf5B\xae\xe0\
3\xffo\x97\xf6\x9d\xcc\xe9S\x99\xd7\xfeo\xaf\x1fZ\
\xe6\xba}\x99\xcd\x19\xf1~\xf4\xe0\x80\xce\xb0\xb6\xbb-\
y^\xf7=\xff\xff9\xf2\x7f;$\xa0s\x5c\x0f\xff\
\x8c\xff\xb7\xe5\xe8\xfb\xfe\xbf\xf1g(\xff\xc4\xb9\xff\xdf\
\x9bcX\x7f\xef\xff\xe7\xaf\xbb\xd9\xfa\x07\xfc\x8bx\xcf\
\xff\x9b\x99\xb3\xb9\xfd>\xdf\xda\xd7\xc8\xad+\xb9\xcf\xb5\
6\xd7\x8a\xee%\x1b\xb3}\xd2oSK\xb7\xef\xd17\
\x14\xb4\xe7o{\xf0x\x0d\x8b>aA\xab\xc0\x1e6\
\xe7\x8d\xe4\x9e\xdf\xb3\xe5\xfe\xdf\xfa\xbb8D\x9b\xae\x0f\
\xfa\x0d\x12\xa4_\xcf\xb1B\xa1P(\x14\x0a\x85B\xa1\
\xb0\xe21\x03\x8c\x17\xdc\x22\xdb\xb0\xb0\x90\xc3\xec\xb6W\
\xcd\x0d$P\x06\xeb\xf4%\xbf\xdfQj\xe8\xe5fw\
`yb\xb5'\xb7%\x806\x1b[\x96\x18\x91U\xbd\
\x03\x93\xee\x02\xba\xdeq\x94\xef\x0a\x8a\xb0\xdb\xd9\xa5\xbb\
yh\xd9=\xb3\xee$j[Y\x90\xba\x9ca\x0a~\
\xc5{\x07\xdb\xe7\xba\xa3*\xdb\x1d\xb6\xd6\xd3t\xff)\
r\x85<\xda\xd9\x80\xfd\xe2\xf5\xe4}'\xf2\xaf\x83B\
~\xc0\xcex\x8e\x03\xf4\x93y!:\xe5\x84\xb7e\xd5\
\xee\x88\xec\xf2e\xf0s-\x8b#lw\xbee\xa4\x9f\
\xd7%\xf6\xc6\x0fZ\xf6\x88\xca\x9c\x10\x90\xf2\xf0\x81(\
kW\xe4\xffq\xbeO\xcftFu\xb0\xfc\x99\xff\xb3\
\x17\x98\x97\x1d\xf9xy|\xe9\x81\xf3\x99?\xd2\x1f\xe3\
\xd3\xd7\x1b\xceb\xd2fY:\xa7?\xee\xfb\xff\x90\xef\
\xc6\xe2s\xff\xcf\xe7(\xca\xda\xfb\xbf\xd5\xb9\xfa\x7f\xff\
\xa4\x8d7\xfaq\x7f\xdf\xffG\xfda\xc0N\xeb\xea\xff\
\xfaw\xdf\xff\xe3\xb4\x13\xff'!\xde\xc6\xfbmI\xee\
\xe5\xaf\x94?\xe1\xff\xfe\xfaE\xf3\x01\x18\xb6\xe5s\xff\
\xe7\xb0\x0c\x91\xf3\xa57\xfc\xff\xea\x16\x13\xb5\x1b[\xbc\
\x8e\xf3#\xacw~\xff\x1fyI\xfa{\xfe\xcfo\xfa\
\xbf\xad\xeb\xfb\xaa\xb7\x89\xb66\xe82\x04I\xec\xa1g\
,%i\xf6\x1d\x19=m\x10\xcaFg\xf0:\x8e~\
\xff\x1f2\xc4\xde\xe6\xd6i\x14Z\xa8\xfe\xe3d\x16\x0a\
\x85B\xa1P(\x14\x0a\x85=\xccO\xa9\xdb\xdd/6\
xx\xbd\x03\x9a\x81\xb8{\x05\x02\xfa9\xf8a-\xdf\
\xe2\x80f\xdd\xb1C\xb0KF\xea4P.\xc1\x07\xcd\
OKR\x10D^\xfeU\x1a}\x17\x8b\x0fR\x22t\
\xdbD\xca\x1eW\xc4@F\xa0\xf8|\x1f\xd0EA\xfc\
\x8epFB\xe6\x8a\xd4\xb9\xc2U\x10\xee\xe5\xcc6n\
\xca\xe8\xb9#\x1c\xc22q\xdesw\x1a\xdag\xa9\xd7\
Y\xeb\x9c0b\x0a\x89\xa7hLvDP\xb7\x8d\xcd\
.\xf3P_p\xbe#D\xb3\xb2j'\xba,\x1f\x91\
VZ\xda\x12\x98^w\xd4\x07\xde\x9e\x9c\xe4E\xff\xe2\
\xe1\xff\xf8\xe0\x86\x83kBlGd\x03\xb6\xcf\x93\x94\
W\xf5w\xed\xc2\x06,\xb2\x92c\xc2\xf9\x8a\xf5\x03[\
\xb7\x84\xe0\xdb\xfeO\x93\xc0&\xf7@A\xf2\xf0\xf3\x01\
\xbe\x1a\xb5\x89\x83\xfa\xab\x8f\xed\xfd4K?%+\xb3\
<\xef\xff\x19\xe2\xbe\xb6-\xf6\xd7\xca\xcf\xfd\xff\x11\xfa\
\xbf'\x1a\xc9\x9d\xc7v\x9e\xfa\x7fL\xcc\x9e\xf8\x7ff\
\xa7\x5c?y\x10\xd2QO_\xfb\x7f\xbb\xbc\x9f\x85s\
\x9ctn\x8a|\xd4\xe7\xed\xfe\x93\xfe\xbf\x02\xd6\x1cK\
\xf5\xb3\xfb?Sv\xff\xa7[\xfe\xef\xe5\x1b\xfdt\xed\
\x83;\xfb\xad\xb5z\xb4\xf3S\x1d?\xda\xea6\x04\xb3\
\xa93HzFi\xfd\x1e\xdb\x0d\x9c\xff\xbc\xb2\x19\xd7\
\x8c\xcfr|}\x8dX\xfc\x9f\xc6\xba\x16vi7\xf3\
\x0d@\xf9D\x9b\xa5\xfcY\xbf\x16\x0a\x85B\xa1P(\
\x14\x0a\x05\xc5C\x83\x1c\x0c\xae\x02\xd2\xa0\xb1!\x9a\xfb\
r}\xe6\x8e\xba\xf9\x82\xbc5\xb7C\xb4\xf9\xf0\x86\xe4\
5\x954\x22\x8cQ\xcfX1\xff\x95\x9dT\x18\x97`\
\x00a\x89O!\xbf\xc9\x08\xd5\x80\x985\xb9\xed\x03\x99\
,\xf8\xce\x08H%\x0cQO\xa3\xd3]o1\x81\xd5\
\xe5I\xd0\xda\xda\xfe\xf5\x0b'm\xd1\xfaq\xf0\x1a\x05\
\x9c\xbc\x91y\xb5\x13\x0d\xe5\xe1\xd7\xc73\xd2Fv\x91\
\xd9<[f\xf7\xa3T\x94\xd8\xba#n$\x1f8\xbe\
\x1e&\x8f\x89\xda~ZbWL\xd6\x1c\x11!P\xd6\
\xdagw\xe1G2\xb7de`\x9b\x9c\x87;\xf6\x0e\
\x88\x9d\x98$\xe2\xd0\x82l\x5c}\x9a\x1f\x8f\xac\xafN\
\x08\xc9L6\x0e\xa8!\xe4\x85E\xdf\x91\xb1\xcd\xedR\
\x96\xb4\xcd\xfc\x89\xd2?\xf3\x7f\xb6z\xb1\xdf\xd0\xd6Q\
\xc6\x9c\x83\xed-\x22\xcd}9\xe6\x85|\xda!\x22\xc4\
|\x1e\xea{\xe2\xd4\xff\xaft\xe5\xfe\xbf\x8c\x22\xe9=\
\xa1\xe7\xed\xfd?&\x83\xb3\xd7^L{\xc6\xd8L+\
\xb6s\xda\xfa\xce\xea\xff\x89o\x1f\xf8\x7fd\x9b\xf1\x85\
&\xaf\x1b`\x92\xd7`\xbd\xef\xff{\xbd\xf6\x5cV\x11\
n>\xd3\xb7\xfc\xdf\xdes\xbd\xcc\x16\xf8\x7ft=\xb4\
z\x89\xfc5N\xee\xc3\x91\x8d\x8b?\x83\x1e)\x83\xf6\
\xde\xf1\x7f\x9c\x9f\xea\xbfv\x9e\xdf\xbf\xff[k\xf7\xf3\
o%\xd7\xdbX\x90\xb5\xc9\x15\xe3\xfd\x1f\xca\x82\xb8\xfe\
\xfa(\x14\xd9\x8c<|G\xb3\x12\xc4\x0c\xeb\xb8\x9e\xd2\
\xfd\x9fR\xfb(\xd8\x19\xfdZ\xd7\x12\xaf\xf7.\xa6\xf1\
\x0d)\x1e\xe3\xf5<lF~4\xa7\x0a\x85B\xa1P\
(\x14\x0a\x85B\x0e\xa6\x7f\xfd\x0f\x86\x05D\xb0\xcb\xe4\
\xf9\x95D\x13\x22\xca?\xcd\x86\x8e\xaf\x1fr\x19\x81\xd9\
\x0c\x1a^1\xc3\x83L\x80I\x1a\x90t\xe2\x84l:\
k\x00\x8ce\xc9\x9d\xb3\xb1\x97,y:\x83i+a\
\x06D\x01\xd1\x12\x9d!9\xf1\x0e\x94\xb8\xb0\x04e\xbb\
 \xabN\x89\x04\xdf\x0b\xb6\x97\x8f\xad$\xc2\x80\xce\xd8\
\xadv\xcd\xd2\xde\xae#[s\xe2d\xb7c\x0e\xf3g\
\xbf\xd0\xa2>\xed3\xd9\xa5\xbf\xd8\xc7k\xe0xF\xdc\
\xa8\xac\x07\xf3%\x81\xba\x93}\xa2_\xe7+\x18\x1e\xc8\
\xb0\xe4\xc3\xce\xfe{$\xe9Y\xdd\xb8\xffOd2\x9f\
\xbd.\xe5k\xf0\xc4\xdbe\xf1v\x5c6\x02s\xbeS\
\x9c\xe7\xc5t\x9d\xff\x9a\x7fK\x1b\x11}\xa7/\xef\xf8\
\xff\xb4\x99\xbe\xa3\xe7\xca\xff=v\xd7\xcc\xd6\xf6\xc4\xf5\
\xea\x7f\xfbVx2\xf8\xd4\xff\xc3\xc1\x84\xf4\x9d_v\
]\xb4\xb5\xe7\x0e\xf1|L\x92\xb6\xa8\x0c\x1d\xdbp\xdf\
\xff\x91\x8c\xd6\x94o\xa2\xeb:\xb8\xd6A\xf9s\xff\x8f\
I\xe2\xed\x9c\xcd\xd2\x0f\xe7\xe3\xb9U\xf7\xe4\xf8q\x11\
By\xe6\xa1|gk6z\x9a\xdb\x17\x8a\xaf\xa3\xe7\
}\xf8Gs\xe4=\xd8-z]\x1b\xeb\xf8\xbdHh\
\xee\xe5e^\x0a9\x8c\xb3\xa9\xff\x88\xa1^k\xfd;\
\xa0\xe73\x0f\xfay\x91\xd0\xcd,h3\xfb\xa5\x8f\x1e\
`O\xa1P(\x14\x0a\x85B\xa1P8\xc5k{\xae\
\x06\xd6\x1a\xf0>\x17\xe5K\xfc\x05knY\xab\xbf\xca\
\x92V\xd4\xdd\x93v\xd1\xbf\x00\xa3\x00\xfc\x0cbv\x9e\
%\xbc\x1cyw\xea\x10i\xc8gWr\x9a\xb8\xca\x88\
\x8e\xaf\x082\xbfS*:\x17\xa2\x1e\xd3\x16\x82\x02\xf4\
i\xdf\x11\xad\xbb\xee\xf4o\xa5\xe0\xc9\xecR\xbc\xb7k\
\x8c\x8d\xbchW\x1b\xda\xc5\xf8\xc7\xbc\xb4[l\xf5r\
w\xb6\xec\x08\xa4\xd7\xf1s\xa7\xa1I\xeb\xb2\x91\x10Z\
Z\xf5\xb4\xf9\x01\x84\x11\x0cFF\xfe\xda\xbeV]\xcf\
\xff\xf05\x06\xf1n>:&a2\xa2M\xebb\xb9\
x|vm\xcf\xb0\xccO\xba\x9e\xe79\xe2\xfe\xc7\xb9\
rj\x8bO\xbf\xd3\xa6H&G\x7fxq;@\xdc\
/v\x1c\xae\xfc?\x1aW\x1dS\xeb'OR\xc3\xfa\
\x7f\xcf\xc3O\xeb\xff\xeb\xdc\x98\xd7\xdd\x16\xf7\x82\xbfv\
D\xb8\xf2\x7f\x9f\xd7\x86Q\xc6\x1a8\xcf\xac\xbd\xe3\xff\
\xf2\x0e\xdb\xc86\xfc\x8c\xec6v\xbaz\xab\xffwk\
\xad\xff\xd3\xa2\xe3\x8e\xffgs\x91A\xee^\x9e\xf7\x7f\
k\xcf\xd7\xfd\xbf]\xcd\x10\xc5\xf7\xfc_g\x8a\xfa\xc8\
\xb9\x1d\xb1L\x8bS\xbbD\xef\xbd\xfb\xff:gb\xff\
\xbfs\xff\xb7eD\xdeU\x1b\xb1\xce\xb8\xb2\xcc\xffN\
\xae\xf3~\x5c\xbaM\x8fpL\xf4\xfeO&\xcfM'\
Z\xcf\xf4\x87\x0b\xe7\x8f\x0b2\xcax\xae\x03\xe1:\xf9\
\xd3\x86\xfd\xa4\xdfp#\xf5\x8fp\xbd\x88\xe3\xcd\xd6&\
1\xf2\xa5\xf7\xb5{\xa2\x9b\xf6z\x1dG\x1b\xcb\x5c\x8e\
\xfbJ\xd7\x90m{m,\x14\x0a\x85B\xa1P(\x14\
\x0a+^\x04t\x0f:4\x98\x98\xebi\x0c,X\x92\
 \xc8\xc2\xad\xd0\x10(\x99\xcad*k\xdd\x86\x09#\
\xd80\xc1\x96\x96k^\x8e\x01\x06\xbf\xb6\xc8K\xce\xb6\
\x86'5}\x80\xf5\xa0\x08\x11\xe1\x10\x06\x22\x09!)\
\x81dF6\x8b<,s\x12\xecdDHT\x06\x03\
}\xb4)\xaaC\x10\xd0zX\x9b$ \xe4X\x0e\xd4\
\xf1:\xc3r\x84d\x80\x8c\x07_\xd6#\x9c\xbfl\xe7\
,\xda\xe5\xfbR\x03Z\xa6\xe8\x95\x17L\xeb\x18Er\
\x88,\x81\x91\xf5+\xce\x03$\x07\xef\x128B\xfa\xdd\
%`|?d\xfd\x1a\x91tX?\x92ye\xf3)\
\xb9\xe3\xdb\x89\x7f\xe4\x8f\x99\x13\xdf\xd6\xb2\x91\xae\x0c\xd9\
8H\x1f0\x5cp:I\xf30\x16\xe1\xebw\xd0\xdf\
r\xffWK\xef\xfb?/\xe4$\xca\xb6\xe7\xec\xfc_\
\x09no\x07\xca\x8dz0\xb2\xc9\x10\xbc\xb4\x02\x7ft\
\x91\x9a}\xddI\xd82\xd7\x17\x97\xfe\xef\xd0\x0e\x08c\
\xbcn\xa9\xffk^$\xebS\xff\x9f\xed\xe7\x98 w\
\x12\x97\xaa\xe4\xda\xf4\x15\xff\xa7\xf5Z\x8f\xf3\xfc\xca\x87\
\xbf\xe3\xff\x14M\xc6Kd\xed\x83\x12\xb4\xf6c|\x8d\
x~>R\xff\xcf\xee\xffv\xbd\x10=\x90\x98\xf5[\
\xb3~@\xd1\xfd\x9f\xbez\xffG\x12\x1a\xed\x91\xf3\xfc\
>\x95\xff\x88a\xb7\xa9K\xef\x1at\xd9\x13\x8e\xb1\xbb\
\x0e\x92\xb9\xb6\xd8\xd5%C\xd6\xcf\xe2\xffZG\xeb\xe3\
\xa7\xd5I~%\xc8L\xe6n\xf1\xe4\xa1\x9b\xf45i\
\x1e\x93\xbb\xa7\xd8)y\xe7:T(\x14\x0a\x85B\xa1\
P(\xfc\xed\x80\x88\x09\x03\x92\xb6\x12\xce\x83\xcc\xd3\x98\
e\xec6n4\xdf\x95g\xe9\x1f<G&{\xe4\xcd\
 E\xe5\xe9.U\xcdg\xc6B\x12\xb0X\xb9\x0d4\
\xd2E \xef_\xeb1\x7f\xe4\x86\xb2@b\x0d\x9a\xa3\
`p\x0dd9\x08\xe2\xc9\xd4\xcf\x82\x17OP\xc5A\
\xd5u\xe0\xe3\x83L\xb4\x99\xd9\x06\x96\xbe\x9c\xd4\x9f\xf5\
\x82r\x11a\x8e\xc8\xfa\x08\xe5.\xefm\x0d\x88\x87\x1e\
\x88\xe7rM\x9b\x09\x88\x18W\x07\xf5^\x05\x8eB\x0c\
x-\xbb1\xf7\xe5<A\xe5m\xeem\x7fL\xa2A\
\xc8A_?\x92\x89;\xb2\xb3\xf2\x88\xa8\xef3\xf9\xcd\
\x90\xccr<\x08\x06$\x17\xdd<\xb9\xc2n\x8e\xa1L\
&\x9ds\xf2\x1e]\x862S\x06\xd6#\xda\x8e\x15\x99\
Z\x9a.?rg\xf3b\xbf\x93\xf1Q\xffG\x829\
\x22\xbb\xf4\xf33\xff\x8f\xcb\x5ca\xef\xff\xd9C\x0f\xf8\
\x06\x8b!\xb4\xd6vD\x849\xe2\x8e\xff\xb3\x17jY\
\x9e\xb4\x1dQ\x9b\xb3\x87(w\xfc_MX}d\x1c\
}\xc9\xff9%\xa1W\xff|\xcc\xb1\xd8]\x1b\xe2\xb6\
\xdc\xf0\x7f\xb3\x0d\xba\xefN\xe5y_\xfe}\xff\xd7|\
\xd6\xfe\xd1B\x94\xb5m\xa7\xcf\xe5\xcc#\xeb\xff{\xdc\
\xb9\xff\xefl\x89\xfc\x1f\xaf:\xd6\xff\xa3+\xdb\xb7\xfc\
\xbf\xa5\xf6\xa1\x0e\xb67_\xa2\xe0aD\x1f\xa6\xd5\xff\
\xf1\x1d\xdb\xb8\x8c\x93:\xaf\x1f\xf2eH\x1cdq\x93\
u\xe5H\x932Lz\x7f\x98\x8bR\xf7\x80h!\xd0\
\xc9\xfa\x97\xec\xa6\xc6\x12\xe6\xb3\x91.5W\x15\xd2\xba\
\xd9\xc6\xabku\xa1P(\x14\x0a\x85B\xa1P\xe8\x80\
\xe8+\x22\x16\x88<\xa9\xacD\xf4\xa3G\x05L3H\
\x5cv\x9a\x12\x06Q\x04\xeb|\xa0\x8cG\xdd\xd7\xd9 \
t&\x11\xc7+9\x22\x01\xf1\x0c\x82\xc8\x91\x84\xccA\
\x8c\x0a6\xb0%4\xe3@D\xd3\xd1&\x1fd\x84\xbb\
\xe1\xc8\xf6\xd9.0\xc9\x88\x89\x9d\x1e,\xc3\x9b\xfc'\
\xe2\xe0\x9a\xdd\x9f\xca\x08\x09\x09W;\x220\x84\xcc\x8a\
\x02\xf2\xe7\xd7\xe7\xa3\x9dv\xbe\xdc\xb4,\x0aXgn\
\x0e!M\xd0\xae\xdd\xae.\xdb\xd6N&\x22o\xbd\xdb\
!v\x82\xb4\x8d\xe0\x0f??;\x9bV\x9d\xd9n\xbd\
\x13\x1bP\xc7>X\xf6\xfd\x12\x97\xc5\xb9u2\xc7\xd1\
\x9e\xec\xc1\x85!\xb7\xe8\xdc?\xd6~\xa3\x8d=2\xb6\
\xb2\x9b\xfe\x95JD\xb1\x0c,w\xe2\xff\xab\xbe\xdf\xf3\
\xff]\xfe\x13w\xc9\xb5+;z\xb9W\xceB\x86\xf6\
\xfey\xb8r}\x8ek_\xee\xfd_\xca \xd9\x88W\
\xfe\xf5\xaaE\x8b\x9c\xf7\xfc\xdf\xceC)\xef\xc9\xf6u\
\xae\xe4c\xbb\xf7\xff\x0ey\xb5H\x947\xebm\xfa\xea\
\xaaW\xde\xf3\x7f,km\xd2{\xdbxp@\xf1\xfc\
\xf5\xfa\xbc='\xfe\x8f\xd7\x1e\xbc\xb7F\xfaN\xfc\xc5\
\xeb\xb3\xfe\xbfBd<`\xa1p\xe6\xff\xd7>\xe4\xf3\
\x96>\xfee\xff\xe7d\xae\xe4\xfd\xcaX\x90\x08^?\
!\xe5pM5\x8b\x91\xf7\x7f\x1a\xeb/\x98\xd3\xde\x1e\
4\xa1a\xa2\xae\xf7(\xbd.\xd99\xab;\xa5#\xff\
\x87\x9b\xfd\xa0\xb5\x1bXd\xd6\x95\x8d(\xdaE\xbd\xbb\
\xbe\x14\x0a\x85B\xa1P(\x14\x0a\x85\x15\xcc\xff\xfeO\
_Z\x8f\xa0\x8f\xc8\xfd\x18\x8er\xc5cm>\x82\x0e\
Y\x90\xbf\xca\xccL\xc2P\x91\xb5\xd2L\x9d?\xe0\x12\
|\xdd\xb1\xcd\xf0\x96CY\xcfz\x0f\x13\xacA\x80\xc4\
\x90\xd6\x5c\x9e\x04\x15\xb3\xfe\xa48g\xba\xb4\xd5\xc66\
\xe7\xbb[88\xf2\x88H\xcd\xde\x07\x1c\x9e\x13\xec4\
b\x08\x84\x899%a\xfcN\xa6u7\x95-\x9b\xb5\
\xef\xba\xc5Z\xd2\xef\x86;\xe9\xafE\xffR\x8f\xb7\xf5\
\x88h!\x8d\xa4Z\xd4\xcf\xa8\xcb\xd6c_\xfd\x17\x11\
\xef\x12\xdd\xe2\xb0o\xcf\xfb\x1d\xe78\xa7\xc4\xc3;\x01\
\xf5\x89\x0d8'\xe5\x5c<t7\xb7O\xe5\x83\xa6\xe3\
\xfa;_\xb8\xa7s\x8f\xfb\xfe\xbf\xd6\xbb3\x07V\xff\
_\xcb~\xa3}\xb9}z\xed\xd7\xe3\x16\xea\xbf}\xdd\
\xa0|\x9e\xde\xf3\xffo\xe1L\xde]\xffo\xe0\xb0g\
co\xfb9/G\xa9\xcc\xb0\x7f\x02q\x8e\x8e{\xdb\
\xffw\xb6\xac\xb6G\xba\xcf\xb0\xf7\x7f\xda\xfb\x09\xdd\xc5\
\xd9\xbc|\x22\xf2\xff\x16\xd8\x17\xc9\xd8\xc9\xcf\xfd\x1f\xde\
\xc1|\xec\xff-=\xf3\xf6\x09\xa9K\xfeum\x92\xc6\
ZN\x1e6\xce\xe5'\xf9\x9f\x0bl@\x0c\xa3|\xb5\
_K\xfb2\xd2Vz-X\xa7+1\x1b-\xd4`\
\x09K\xbd,-\xd3\x1f\x13r\xff*\x14\x0a\x85B\xa1\
P(\x14\x0a9\x1eq \xae?\xfa4sa\xbdN\
\xadi@1\x17\xedA`\x87\x01A/\xd4w}6\
\xd9\xa9\xd2\xd3$\x0f\xbf\xaeI.@x\x19\xfb\xc0\xc0\
l\x10\xaa\x9d\xc1\x9e)sG\x8a1\x98M\x9045\
\xe0n\x1e\xe2%\x10\xec\xcdZ\x03F\x7fl\xecY\xe4\
S(K\xce\xd7`_lp\xe5HwG=8\xde\
\xc5\xe6m\xed;\xec\xf4+\xf5\x98\xc7\x91\x8c\x11\x0cR\
@\x10\xcc~mb[\x97\xe9\xc9\xa7+x\xb9\xcc\x1c\
P\xc0\xfb~\xf4\xedx\x1d\xd3JL\xfb\xe0[v9\
\xa3\xfd\xe6(\xd1\x13\x91\x12\x99=q\x1e\xe8b6\x7f\
[l\x08\x05\xaf\xf7\x8cD\xe0\xf1\xca\x19k\x8f\x97\x87\
?\xfa\xb6k\xeb\x22}C\x8c\xcc\xe3\xa7\xec\xd6\xe6\x1c\
V\xef\x1f\xaf$\xd8\xd4?\xd9\xd1\xafc\xbb\xca\xc8\xc6\
\x11\xe7\x0d\xa6c\xda\xd2\x8e\x1bs=\x92%\xe7;\x12\
5\xaa\xb7\x9b;\xb1\xff\xe7\x84v\xd6\x1fm\xeb\xff\xeb\
\xae\xfc\xdc\xffy9\x96\xf1\x91\xdd\xd2zm\xf2\x7f\xab\
]\x8bdi\x87;\x96\x07Z\xf2\x17]\x17\x22\xb4\x8f\
\xfc\x9f\xdd\xb5\x85RY\xa7\xfe\xdf\xde\xf2\x7f\xffi\xe1\
}\xe8\xd8\xff\x9dX!\x0e\xc1:\xba\xfa\xcd\x04\x91\x9d\
\xcd\xbfl\xc7\xae\xfa?j\xa3\xed\xb5\x22J\xcf\xfd\x7f\
\xc8\xdc\xf8\xbf\xbf?\x5c\xfb\xff\xba\xbb\xfa\xd4\xff[h\
C\xff\xf3?V\x9a\xc9\xdf\xfb?\x11\xfe\xb0 \xd6\x91\
\xcf\xd5\xff\xb5.\x9a\xab\xeb\xaal79;J\xd9\xce\
'\x9ee6X\xfaQ\xf4\x89n!\x97eM(v\
\xda\xf4\xde\xd7\xd0\xb7\x8dh~\xa3oX\xb7(f\xbc\
?\xa0A\xe7\xdf$(\x14\x0a\x85B\xa1P(\x14\x0a\
\x1d3\xe2\xc3\xb5\xb4,\xda;)\x0b\xa5\x19\x0aO\xe2\
O\xeaD$A\x14$\x81\x9c\xb1\xec'\xd8\xe9+\x01\
\x02\x83->\xe8\xdd\x06\xf8F\x17O\x1d\x9d\x94\x98-\
|\xfd\xf5\x80W\x09L\x1b\xc8(|0&\xc7\x86\x88\
Y\xc8vJ\xc9\xab,M\x03R\xa8\xdb\xec\xeb\x08\xa4\
\xde\x09Y\x22\xbb\xcd5xl\x8b\xfd\xbeMh\x07\xd6\
Y\x830['\x22\x15vA\xfa,\x0f\xb6\x12\xadu\
\x9f\x9f\xbbW\x09\xf4\x87$\xb2K\xcd\xb6\x0f\xed\xf1\x9f\
\xb3\x9c\xb3\x07\xeb\x0b\xae\xbe*\xefu\x8ad\xe5\xc0\xee\
\x11\x97\xea\x1e\xfb\xb1\xf1y\xb9\x0eu\xbaH\xfdY{\
\xe2:8N\x198\x91\xe9%\xe3C\x03MS?n\
x1\x08%P:\x86\x11\xd1\x13\xcd\xabv@Tg\
\xf2\xb0\xac/\x7f\xcf\xff[\xea\x7f\x92v\xe6\xff\x96\xb0\
\xfc\x8e\xff\xc7s\xef=\xffW\x9f\x8fH2\xf9\xd4\xeb\
\xb4\xcec,8\xdb!\xb6\x92\xf5\xffyN\xf9\x5c\xff\
\xdf\xe4\xff^\x0f\xda}\xcf\xff\xd9}&\xf7\xe9S\xff\
\x07qf\xdc\xfb\x01\x14\x8a\xe5\x852\x9d\xdd\xfb\x07\x1c\
\xb4\xc8\xe6@~v\x9c\xfb\xbf\xce\xadw\xef\xff\xbe\xac\
\x96\xcf\xaf\xbb\x99\xff?\x0b\xe3\xab?T\x96&e\xd3\
\xe8\xd4\xffi\xac\x87>\xbf\xffk[V\xff\x1fe\xfc\
\x03\xa5\xf1\xcf\xab\xec\xb8o?\xb29\xdc\xc6{\xa2\x93\
\xeb\xbe\x92\xccR\xa7\x91l&\xe8\x7f\xd6\xce\xf8\xa9\x85\
\xf3\xff\x06\x0f\xed\xdb\xf3\x07\x10\x7fH./\xbdH_\
Sf\xd7\xfaB\xa1P(\x14\x0a\x85B\xa1\x10\xe3\xf5\
\x0a\x0eK\xecx\x92b.\xb7\xc9\xbf\xf2\x82\xe7\xee\x91\
G'\xff\x1a\x19\x82\x98\x09I\x0e\xcc\x91\xa0\xc4\xbe\xef\
\xf7\x15\x10\xce\xa0\xe5\x09x\xcf\xec\x22\x99\xc9\x08\x94\xc3\
W0\xd1\x03\x8f(ha\x82\xc0\x88\xad\x00\x0e\x08q\
\xec\x0br\xd2\x9a\xb3-\x03\x067>p\xf5\xfdC\x18\
\x08\x09I\x14\xc8\xc1\xfa\x22W\xd3b\x9b\xb1\xfc\xb3\xaf\
\x1b\x106\x9e\xf4\x8a\x03\xaa\xf3 +\xb2\xcb\x15py\
\xd7\xc1}\x04~\xe4\xaf\x19\x08J\x07z\xad\xbe\x139\
\x91}R/\x9a[g\xb6)\x1e7\xda\x9f\xc9G[\
>\x81\xb6\xabm\x89\xaa\xf8\x01\xd4I\xdb%\x98_\xc9\
\x8d;\xf3\x0dq\xa5\xf3rn\xbar'eO\xed\xc9\
\xfd\xff~YI\x93\xb2\xbb4\x9f\x87\xfe\xefe\xdf\x9d\
\xaf\x11\xae\xfa\xf8\x9d\xf94j\x86eOmn\xc1D\
\xfb\xae\xff\xc7\xe3q\xa7;w\xed\x8fR\xdb\xc55m\
_{\x8fK\xffo\xae\xff0\xc3\xecR=\xd3s\xd3\
\xba\xf1i\x1f>~\xee\xff2\x17\xf48\xf4%:\x03\
\xf6\xc1;\xfe\xdf\xc2\xb2-m\xcb;\xfe\xff\xd3\xce^\
\xf31\xf5.i\xb2J\xc4\xbe\x03\x82\x1a\x16v\xb2V\
\xc4%g\xcf\xfd\xd12\x8d\x8c<+c\x1c\x8d\xc5\xa9\
\xf8\xff\x5cB\x11Zh\xf75k9\xb5\xf9i\xe3\xcf\
H\xfe\xf9G6g\x03;3\x1e\x93\xec\x9eY7\xef\
\xd9\x85B\xa1P(\x14\x0a\x85\xc2\xdf\x88\x87\x06+6\
C\xdf\xa5\xecaV\xf9s\xf7\x88\x9c\xb7F\x10\x8c\xba\
\x80\xa9A}I\x1d\xe473\x0a\xc5r\xcd\xd4\x00\xb5\
#\x90\xd1\x1d\xbe4v\xd4` \x15\xc1\xef\xf0YT\
C9\xfc\xf4\x96Y\x0a\x9d\x82vu\xc8N\xabh\x87\
WD\x1cLszg\xa6e\x9fr^\xaf-pD\
.\xb6/kS\x03\xd9>\xe0<%\x02\x22\x12\x06\xe5\
e\xfd\xa7i\xf8gm;\x0a\xe68\x1ec\x9b\x06\xf3\
\xb5\xb5mP\x8e6\xacr,\xd9\x15\x19\xd3\x1a\xce-\
\xcee\x02\xf1\x1f\xfd\x9d\xb4=\x9fC\xec\xa7MX\xf7\
t\xccws\x81U\xa0\x9e\x0f\xe5=\xb4\xcf\xfa\x93\xc1\
V\xf1\xff\xa8'\xce\xe0\x09\x173\xc7#\xbby\xdd\xe1\
\x17\x12\xe8\x9b\xf9{j\xd3\x13\xef\xf8?\x96\xcf\xca\xc6\
\xfeO\xc7\xfe\xdf\xfe\xeb\xfe\x7fm[\xd0\x02\xc2\xf9\xb1\
\xce\xa9\xfc\x9a0\xed\x227\xc3\xbe\xe2\xffk\xbb\xad\xcc\
\xfew\xe5\x9b\x91^#\x8b\xd4\xcf\xa6\xd4`^d\xd7\
(\xcc\xff\xd4\xffQ\x1f\x9c\x91\x92\xfc\x8e\x5c\x0d\x16\x14\
\xdew\xef\xc1\xde\xc3\xe5\x15^\x9f\xfb\xff\xb8\xb3\x7f\xcd\
\xffq\xec\x9b\x19\xff\x13\xff\xcf\xc7\x99\xfe\x0b\xfe\x0f\x9e\
\xe3\xba\xb7s\xbb\xcf\x9b\xf2\xf35a\x0fb\x86*Z\
\xaa\x97YT\xc8\xb7\x98\xec\x1a2Z_)\xc1\xec\x7f\
\xcb!\xb2K\xda+\xed\x1c\xed\x9bO\x04\xd4\x1f_\x12\
\x1bOQs\xbe\xca1\xe1+<\xf2\x07\x85\x85B\xa1\
P(\x14\x0a\x85B!\xc6\xf2\x1dt\x86\x859~\xce\
\xa0a\xac\xddy)\xa3D63\x06\x02\x10\xdc?\xec\
\xb9\xa5\x93\xa3\xa0\xa7\xcd\x00d]\xdf7\x9a\x1bi\x86\
=\xed'\x22\x0c\xb4x\xa4\xe1\xc1\x0cDYNB\xcd\
sR\xd2\xfc\xaa\xec\xb44%\xc8D\x22\x06\xe9\xaag\
'\xf3*\x0f\xf5Fv\xf4\xf1[\xbf\x96\xbe\x06R\x0b\
]\x93\xea\xcf\x02\xf6\xd6\xdc\xd7\xb4\x93\xfe\x8b\xc8\xb6\x93\
6J\x00-\xfd)\xefz\xc6\x09z\x12\x94\xa3\xcc\xb4\
\x1d\x1b\x19\x99\x9cE\x17\xc7\x8f-|\xfb\xb3\xf1\x9br\
\xf4\x8c\x94\xe0\xba\x0e\x84\xc5\xd6\x1d\xe9\xbaKgf\x7f\
y0\xf3U\xfd\xdf\xca\xd7\xaf\xbcg\xfe\x9e\xe3\x8aT\
|\x22zU\xc2\x8e`\x962\xf8\x99\xe5_\xd9\xb2\x93\
q\x97 ?\x91y\x95\x17\xc9\xcf\xec\xd8\xfb\xff\xb9m\
;\xff\x8f>w\xf6\x9e\xf9\xbf\x12\xba\xcc\x04\xfe\xcf!\
y\x1c\x92\xded\xe73\xda\xf1[\xfe\xaf\x844\xa5\xe5\
\xef\xf8\xbf\xb9B\xb7v\xe1Y\xf2\x1e\xe1\x07E\xc3p\
\xea\xff \x8e\xf0\xf6 \xedc\x93\xdfo\xd0OR\x92\
\xce\xa7\x97A\xee\xff4\xfbs\xbe\xf3\x18\xec\xfc\xdc\xff\
\xe3\xd7\xf4\x88\x1e\x0ed\xad\xe51\x9f\xdf\xf6\x7f\xbf\x12\
\xc9\xe6\x91\xb7\xd3\x9fG\xfe?\x8e\xe8\xda\xa4A\xbeN\
\x12Y\xaf\xe5H8\x9b}\xc7x\xdbo\xee\xb6\x00'\
!1\xcfNH`\x8e\xfa\x7fS\xfd(\x8b\xd8\xacK\
\x85@\xee\x8b9\xb0\xfbu\xd2\xe0\xdb|,\xcd56\
\x8c[8\xd8\xfd\xf97F\x0a\x85B\xa1P(\x14\x0a\
\x85\xbf\x01\x0f\x0d\x88\x95\xa9\x9d\xfc\x11\x8f\x1d{&:\
'\xdd}\x0ci\x9dT\x8b\x09\x89qF\x10\x1f\xcc4\
\x1a\x81\x81\xfd\x0a\xed\x14j\x14K\xbc\xd3w\x91j\xe0\
\xc4j\xc2\x8c<\xd8\xdb091\x8c(\x98\x92Xh\
\x81\x86zHp\xac\x84\x83\xdf\x05wwg\xcc{a\
\x8c\x92\xafb\xc3\xeb,\x0b\xaa\xdd\xa7\xc9sD\xc3\x9d\
 \xb9\x99`\x12\xc8\x12(\xc7\x94\x13^\x19\xc9\x10+\
\x05\x99\xec\x02`\x82\xe0Z\x8b^\x12_\xbe\xdf\xf6\xb6\
\xa1\xe43\x22\xce\x12\xf0\x14\x92d\xa8\xcf\xf7?c\x84\
\x1f\xe8\xf6s\xcfC\xe6\x86o\xd7\xf3\x0f\x7fxLt\
\xcd\xb2@j\x09\xc9\xb5\x9f\x17B\xb4D\xef\xf5f\x93\
\x16\x91\xe1;\xd9\xd8\x06\xdf\xd6\x90`\xbcA\xfa\x9e\xfa\
j\xe6\x17\xdf\xf0\xffw\x81s\xf8\xca\xffw\xf8\x0d\xff\
\xf7\xe5\xbe\xe2\xff \xd3\x13{\xfe\x98h?\x16\xcd\xf9\
\xe5\xfc1\xdc\xa6\xbbO\xdf!\xe6\xaf\x89\xf8Yc)\
\xbf\xf7\xff\x18\xef\xf9\x7f\xff\xfb\xf9Y\xaf\x81Qy\x94\
\xb3`^\x93\xd5^{\x07o\x0b{\xf7\xff\x86\xff\xaf\
\xd7,\x7f\x7fc\xfa}\xff\xcf%\xf1\x17\xfd\x1f\x8f\xbd\
\xff\xeb\xba\x09uk[!\xb7\xf9r\x22\x9b\x09\xdfq\
\x81k\xc9\xd6\xd6\x87'r\xcfhF#\xe9Z\x93\x19\
\xe6\x9b\xeadV\xe9V\x16Hid\xf46!\xa4\xc7\
\xbe\x8cf\x15\x9a\xdb\xf7\xf35o\xa7s\xb6P(\x14\
\x0a\x85B\xa1P(t<4p\xd1 \xa2\x0d\x92\xf7\
\xf9uDC+\x0b\x13=\xd8\xde\xce\x037%w]\
\x88\xb4\xbc\x97\x91\xb4\xba\x80I_]0\x03\x18\xdc\x91\
B\x18\xa8C\xc0\x0a\x1az\x88\xa2\x12\xed\xa7\x05\xdb\xad\
+\x96\x5c[\xf8B\xa3\x98\x94\xc8\xd0\xfc\x88$\xc0`\
p%!\xbc\x9d\xa0\x22\xd3M\xb9]J\xd6\x93\xb1!\
\x82'\x042\x99\x18P\x1a\x222\xb5!'\x03\xa2V\
FM{\xca\xd8\xfd\xd8\xa0/\x8b\xc1#\xca\x16}\x0f\
>\xdb\xd5h,\xdb\x10\x1av\x9cG\xa4:\x8f\x03\xfb\
\xbcl\xa2\x85\x80?!\x08V\x22#\x0e\xfew\xf2\xcc\
N\xb7\xa0\x8d&\xcd\xcd]C\xf0;\x99r\xad\xb8\x86\
> \x89\xe0\xfd(#\xee\xd0\xde(\xef\xc8\x12Ww\
G\xf0ey\xde\xbf\xef\xf9\xff\x99\xbd\xe7\xfe\x9f\x13\xbd\
\xa7\xe9^\x0e\xce\xb9O\xfd\xffJ\x17\xa6\xdd\xf2\xff\xe0\
\x18\xb1>\xfcx\xa5\x06vY\x9b\x1fI\x1b^\xe92\
?\xe9\xdc>k\x13\x07\x9fg\xf7\xab+\x99\xcbq\xa2\
\xf7\xca\xff\xdb\xc6\xff\xbd\xdeh^\xa4X\xfc\xdf\xfa\xd3\
w\xfc_\xfbS\xd6-Lq_H\xdds\xff'\x22\
\x8a\xfb\xa8\xc1\xbc8\xf7\x7fo\x19\xa5\xba\xc9\xd7X\xe6\
\xbf[\x01}\xe4\xff|\xe1\xff\xfd\xdeg\xd6s\x0d^\
m\x81\xc6F\x949\xb7%Y~+\xa4\xbf\xaa\xc4\xd6\
\x93\xdf\xe5`\xe7\xcb\x0dO(\x9e\x9f\xd2c\x8d\xaeH\
y\x1e\xbc\xf8h\xfbk\xe1#c.fw;\x14\xf9\
\x9c,\x14\x0a\x85B\xa1P(\x14\x0a1\xfaK1\xe6\
\xe2\xfc\xf5\xaf)\xd0\xe6\xab.\x9aI\xe3F\xba\x13\xe5\
\x15\x03\xb5I&\x9b\xfa\x93TfO\x93:\x1d\x8d\xa2\
5|\x1b;\xb2\xd9\xd1\xd7b\xeb\x12\xc6\x01ym\x82\
\xb8\x88\xf4\x9c\x15\x94\x04hm\x0d\xe4^\x01\xd8O[\
\x02y\xc9;\x0d\xf8z=\x9a\xfaf\xb0zA\x22\xf9\
@\xd9\xfe\x80P\x0f\xc0<\xb9\x11\xda\x03\xc7>\xc0\xb5\
\xfa|\xe9\xb8-\x08|\xfdA\x14\xf8\xab\xdc\x984\xc9\
\xec\xc6`\xde\xd7\xd1c\xab\x8d\xd3r\xb1<\x7f\xbc'\
{\xd6\xdd\xef\x0b\x91A~V]#j\x7f\x97ku\
\xaf\xf9-\x1c\xcb\xd36A!\xa9l\xed\xdf\xf4\x97\x92\
\x0e\x10\xec\xbb\x07\x22\xfb\xc0\x9f\x16\xbbO\xd3O\xe6\xfb\
\x09Q\xb9\xab\x83s\xe69\xbf\xbf\xe3\xffvN\x9e\xf8\
?m\xfd\xdf\x96?%B\xf6\xfe\x7fa\x0f\xed\xfd\xff\
J\xe7\xf7\xfd?F\xec\xff\xaf3s\x8d3\xb7\x89\xb6\
'{\x99($\xe3O\xe7\xd7\xdeV{\xe5X\xfd\x9f\
B\xbd\x99\xff\x1b\x1f\xbe\xb0O\xaei\x19a\x1a\xfb\x7f\
^\x1e\xcf\x85\x98\xb5FR\xbf\x808\xbb#\xdc\xf7\x7f\
;\xd6pr\x89\xdc\xff\xf5\xc7\x82w\xfe\xcf\x81\x8dx\
\xbe\xfa\x7fl\xda\x96(\x7f\xfdX\xb3%\xde\xd5\xb6\xfb\
\x0fq\xa6m$\xf3\x85\x12{x\xd57R\xfa\x0ez\
$\xa9\xc9\x1cO\xb9\xf3\x07\xa2m\xc9h\xfe\xa3\x9d\xeb\
\xc3\x80\x86'Pg-\xc7\x9eT'\xb8?2\x8do\
\xfa\x89>$\xb7\xf5s\xf9=\x13\x87O\xfd\xbfP(\
\x14\x0a\x85B\xa1P\xf8\x1b\xf0\x8aVpq\xae\xb4\xac\
\xbc\x16\x83\xe7\xf9\x88  \x8fL\xac!dq\x86\x1e\
\xbc\xc3\x09P\xc0\x83\xc3\x1e\x84\x0c\xa1\xd0\xfe\x8f0\xde\
\x22\xa3i\xf6\x8c\x13\xda+\x9a \x09bz\xbbd'\
\x97\xb7d\xb4\xdbE\x5c\x91\xfd\x12@\xefH\x9b\x93t\
$.}\x10\xbf\xe9\xb60\xc8\xb7\x01\x9b\xd7a\x8f\xd7\
R\xb4!n\xd6\xe0\xcf\x10\xf1;r\x86u\x96\xf8\xbc\
\x88\xdc@\x1d(\x1b\x8fS\xa2\xc1\x9c\xda(\x1e\x89\x99\
\x8c,\xc1\xf1\xcc\xc85!\x80\x94$\xe0%\xdf\xd8H\
A?S\x8e\xa8\xbd\x91\x5cOJy;=\x90,\xcd\
\xcaz\xd2Dv~q`\xdfR\x9e\xf3\x1d\xcd\x96\xa8\
X\x91\xf5y4f\xbe|4\x0f\xa3\xb2\xdef?\xf6\
\x98\x7f\xd5O\x98\xfe\x1d\xffWR\xf0\xf9\xf9\x00\xbfI\
\xff\xe0\xfa u\x1f\x17:\xfc\xf1\xa9\x8d\xa1\xbd8\xdf\
[.\xef\xaa?\xbe\xea\xff\x89\x1c\xac\x7f\xee\xff\xaf\x7f\
)\xf2\xefhNN9\xc9\x5c>\xc5\xde\xffc2\xf1\
\x13\xffgw\xee\xf3\x9b\xbd9_\xf8\x7f~\x1f\xc8 \
s\xb7\x1f\xb3Tx\xfd5\xa2_\xf2\xff\xf6\x0b\xfe\x9f\
\xdf\xcf\x9e\xf0\xdf\xbe\x89\xec\xcb\xe6e\xa6\xdb\x092\xd7\
\x8c+\x1dG2}\xfe\x8b\x99\xb5e\xe5~\x08\xdaF\
Yi\x87|\xeb\xc0.\xe0\x0c9\xce\xd6j${\xe7\
\xfa\xf3\x96\xff\xf7:\xa6\xad\xcd\xdd\xbb\xc9\xed\xd0f\xb0\
r,-gE\x86W\xbd\xcdo\xd8\x89\x0e\x0am\xd9\
\xf5s\xa1P(\x14\x0a\x85B\xa1PP@\x84\xbb\xfe\
b\xbd\xfcx\xcb+\x1cf\x0d\x18\x1b\x90\xc1\xaf\x85\xfa\
\xeb\x9ci\xd9l\xd4$\xb8_?\x97\xafa2\x04c\
\x83\x10\xd0u=\x83<\x9ee\xed\xae\x14\xa9\x1b\x04\x03\
 '\x8e\x15\xf6A\xf3.\xe0\x8e\x90\x13U6\x88\xf7\
\x84\xdf\x89\x5c!'L\xbc\xb5!\x0a|~\x0ck\x9f\
\xe8\xc9\x82\xf6\xc8.K.\x90\xb3\x8fr\xcdA\x809\
\xc9\xec\xa0-S\x81\x1c\x08\x11\x8a$\x1d\xb4{\xd7\x07\
W\xc1\xed\x09\x81y\xa2'\x83\xd7\xafA\xf7c\xb6\xef\
\x84 \xf1\xaf.\x08m%Z\xc9e7\xff\x8c\xff7\
%n\xfc\x5c\xf0M\xf4mFr\xc8\xb71\xeb'\x1c\
\xf3\xac\x0c\xda\x94\xcd\x9b\x08\xa7\xa4\xcc\x94\xe3\x8e\x1f\xe3\
\x22\x98=&b\xf3\x90N\xfc\x01\xfec=F[\x95\
\xc4\xe7D\xb3\xb3\xaa\xd1\xac3\xc9\x10R\xdb\x18\xe6\xcb\
\xf3\xf8!\xf3(\xb0\x1dm6v\x89O5\x9a\xf5}\
[<\xae\xc8\xc0\x13\x22\xec\x96\xff\x07\xba\xb3\xeb\xde\x99\
\xff{\xa2\x17m\xe2\xd0\xff\x19\xea\xcb\x03\x01\xbc\x06\x9e\
 \xf7\x7fl\x8b\xda\xe3\xf3\x04'\xfe\x8fv\x8b\xae\xf8\
>%\xb6\xf4~\x91y\xea\xaf\x0d\x88;\xfeOn\x01\
\x803_\xf4}\xd7\xff\xd1W\xe8\xd6\xf8\xa0\xdc\xfdu\
\x83\x17;%\xd5\xcc\x93K\x99\xf9\xb8\x89\xdc\xc8\xd7\xf0\
:\x8ec\xb8\x9b\xfb'zb\xbb\xd7\xf2?\xa1M\xaf\
\xd2.\xbd-\xfd\xcf\x92\x8e\xb7w\xb7\xc6\xcb\xf4\xaa\x1e\
\x9b\xafn\x89\xfe\x0fU\xfa\x84\x96e\xe6\xb8>\x8f\x13\
x\xc6`\xe7\x98\xd8D\x8b?\x14\x0a\x85B\xa1P(\
\x14\x0a\x8530\xff\xfb?\xcd\x06\xbe\xe3\x97\xe5MD\
@d\x09c]\xbc\xbf0\xdf\x8f\xc7\x93$\xd6R\x8d\
\x90\xee\x80\xda\xa3.\x8d``\x04\x95\x18,\xbe\xf8\xf1\
gp\xf50\xb5\xa5\x9e\x90\xd5\x92.\x81\x01G\xb6\x02\
f9\xb2\xe5\x220}\x16ph\xa0i\x89\xbc+i\
Y\x00H\xd0\xa7X.\x22\xa19\x91\xb9\x12\x1d\xbc\xd1\
\xb7\xd6\xcf`\xe83~\x1c\x05\xbe\x91L\xb4\x93\x1fL\
\xc1\x96j)\xa8\x81d \xef\xa4M{\xf0Q\x09\x19\
\x8d\x9d>\xd3\xa6\xc0\xbe\xe7g\xff\x9a\xb7\xea\xdd=\x04\
\xd8\xf5m\x1b\x84\x98n\xec\xda\xf7\xc3Y?\x9d\xf5\xe3\
\xdd>\x8fH\xb7w\xf5\x5c\xeb\x1e\xa3\xa5\xee\xe3r\xc7\
C\xadE\xd77\xfc\xff^\xdf\x9c\x96\xdd\xf9\xffU\xd9\
\xe8\x81\xc3\x91.\xff-\x98\x00Wst\xa77\xf2\x95\
\xbbu\xb3\xfc\xfb\x00F\x8a\xf6\xed\xd1\xfe\xd9\xe4m\xfd\
\xff\xe7hL\xba\x9c\x9fK;\xae\xe4\xe0\xf5\x81\x8e\xfb\
\xe9\xac\x0fNaw\x15\x9f\xe9\xc8\xf4\x9c\xe9\x1e;Y\
oL\x8bS\xb9\x11d\xcc[\x17t\xd8\xcf\xed#\xff\
\xb7:ZZ\xf6\xd4\xff\xcd\x8f\x04\xb2]\x7fPx\x15\
\xe8\xe5~\xdc\x1c\x05N\x9a\xe4)\xd7\xcf \xcf\x9bi\
\xd3\xcf\xab\x0d]\x1f\x99}\xc8BV\xbfR~\x84\xb8\
\xd6<\xe9\xe26\xe4\xc8\xf1\xd2\x9a\xa9\xb4\xa9m\xee(\
\xeb\x87\xe8Zpz\xbd+\x14\x0a\x85B\xa1P(\x14\
\xfef<\xe2Es#\xb35\xc9|\xb2\x06\x00\xc8\x16\
\xcf@\x1a\xa5\xc4\x0b\xf26\xb7F\xf3$\x9f\x89my\
5\x8b\x9d<\xdd\x99-\x05\x1bAl\xd7 L\xe0G\
`\x07\xecf\x13\x1bP\x076\xc9\x97\x0fpEx5\
\x88\xbav\xc40~>\x11\xbd\xe7Um\x89\x03\xef\xf9\
Gq|\x8dd\x87\xeclC\xf29\x9a\x0b\x11\xb1u\
\x1dh\x9d\x07c\xbe\xff\xc4\xb6\x99'\xb1.\xfc\xcd\xc3\
\xd1\xd6\xcc\xc6ll\xb0\x8c\xb53\xda\x95\xba\xb6Wr\
\x1fH\x84S<\x17v\x04\xab\xee\x5c\xc4]\x86\x96 \
\xb8\x1a\x93\x08\x93\xe8\x22\xda\xf2,\x99mh\x0bm\xa4\
d;\x14O\xe0\xe7\xe2\x95\xec\xac\xfeNwH\xde\x11\
\xecHf\xb3\xb7w\x08\xea\xa5\xf0\xef}\xff\x8f\xe7f\
V\xe6\xda\xff\xf39\x86\xfe\x7fe\xab\xfa\xbf%\x96N\
\xfd_/\xfb\xd1\x7fk\xbd\x1d.\xfd\xff\xa0\xee\xf7\xfc\
\x9f\xc2k\xae\xbd\x17\xc1\x9d\xc1\xe9\xc7\xeb\xbb\xf2l'\
\xfe\xbf\x12\xe7R'\x1f\x93\xdc7\xb3z\x81\xa0^\xfb\
\xc0\x97\xe2\xea_\xf4\x7f\xbc%S\xf6M\xa5\xb5\xfeN\
wl\xcb\xd8\xc9Jt|\xdd\xf9\x86\xff3\xdd\xf1\x7f\
\xfe\xc8\xff]/\xd0\xb2\xfe\xf8\xd0\xffm1\x0e\xef\x0e\
\xfd\xfe\x13\xccQG\xfa\xca}fnQ`kg[\
\x08b\x0a\xed\x99R`]\xb8\xf5\xff\xd6_\xb0\xd1X\
\xc7'\xd33J\x0e\xdb\xac\x9c\xabkn\xa1P(\x14\
\x0a\x85B\xa1PP0\xfd\xeb\x7fp\xeb\x0c\xd1\xfcj\
l\xbe\xa8~nx~\xc8n\xc1\xf1\xcb\xe13tj\
\x1aH\xe0\xce\xe8\xec+\xe0\xfd\xf81\x88\xc5\x7f\xe4\xfc\
\x10i<\xca\xc4\x86\x0a\x0e\xfe\x1d*\x94\x1c\xb1\x92\xd5\
\xe8\x80\xec\xf0e\x1c|\xfe$\xf6\xd8\xfe2\xfc.\x00\
\x112\x0f\xcb\x86a1\xaf?\x1cg\x83\xd0|G\xa0\
I\x1fL\xfc!\x0d\x90\xea\xbf\x03\xde\x9c\xdd\x92\x93\xd9\
\xe0\xc7x\xe0\x84\xf08\xddM\xb9\xeb_[\xea\x1e\xd1\
B\x9b\xf2\xedF\x9bNurP\xc7\xce\xd3\xde\x99\xb1\
<~\xabO\xa3q{w>\xdd\xed\xdb\xb5\xce\x86\x10\
\xf9\x90(x\xcf\xff\xf3]\x87\x91l\xac\xe7I\xa8\x93\
\xb9\xf1n;?\xf1\xff=\xdaq\xea\xce\x86\xa8]\xdf\
\xf5\xff{\xc4\xebZ\xae\xdd*\xdf\xe8^\x9b\xce\xc7u\
\x9d/\xd1\xdc\xf3\xf2\x84\xd2n\xe3\xfe\xb1\xd5`\xfa\x94\
\xbe\xee\xff\xeb=\xa4\x1d\xd9s^& Z\xe9\x1a\xd7\
\xfe\xdfR\xbd\xe6\xa1\xc2F6\xd6{<\xf8-\xff\xcf\
\xc7\xaf]\xb6-\xabw1\x02n\x07\xb1\xac\xfb\xa2\x7f\
\x9f\xd9.U\x978\xc3\x06\x95\xa7\xef_nsZ\x08\
il\xed\xf5Tu\x9b>\xd6\xe5J\xb7\xe0\x0eh\xb0\
\x9a\x8547\xe6O\xbb\xba\x992\x86\xa6j\xa1P(\
\x14\x0a\x85B\xa1P8\x04\xbc<\x12\x88c\x1a\x8bm\
v\xa1\xc7\xc8{\xae\xff\xfb\xba\x9eG\x19\x92J4\xc3\
\x8a\xb1`\x8f\x833\x9e4\xb7\x0dV\x1a\xc4N=/\
\xdce\x85\xfbU\xfa6\x1a\x0d\x5cY\x0d\xc5`V\x82\
\x0fM\x8f`w^\xf9\x9dr>\x98|\x12Dy\xe0\
&mSd?N\x14\xd9\x94\x05\xf5\xa1\xd5H>=\
m\xa2\x13\x1d\x96\xb0\xc26\xeet\x9a\x1dQ\xa4$}\
kqP\x862#\xf9\x88\xe7W\xd0M\xc0\xdd\x0d \
\xbaAjG\x01\xbb\xfcE6Q\xb0Cl#<,\
wEF\xf6\xfe%C\x92\x12\xc5\xef\xb8\xbd\x1a\xe3\x13\
\xfb\x22\x99\xe8\x87\xdd\x16\xdd}\x1d\xcdU\x15\xd9R[\
\x0c\xe9\x91\xd4\xbbK\x86^\xcd7jm\xeev3u\
\xc6\xf5\x88\xb3\xban\xfc3Du\xde\xf3\xff\x15WD\
\xb5/\xfb\x8e\xff\xfb\xf7\x01\xeftH\xda\xbb\xfe\xef\xd3\
\xd7\xbc\x06\xd7\x056\xc7\xfa/\xcd\xe3\xe6\xfd\xff\xb0_\
\xbd\x1dx|\xed\xff`\xc3\x01\x89\x19\x95\xeb\xf2r\x19\
\x19\x01\xfem\xff\xf7\xe4m\xec\xff\x14\xdb\x92\x1c_\xfb\
?\xff\x01\xff\xe7K{v6x\xb9\xbbi\xf5\x99\xff\
\xef\xdb:\xfb\xedB\xaf\x94E_\xc1\xfa\x99\xdck\xff\
\x8f\xf5\xee\xfd\xffZF\xcf\xc0\xb1\xd2\xf5\x9c\xf1yX\
\x1fb=\x12\x92\xf9g\xfd\x01J\xed1w\x8fjV\
\xc8\xd4\xa8,w\xbfW\xb0\xcc\x7f2r\x17_\x91\xfb\
\xf3\xb8\x97\xc4\xb7DY\xc7\xa8\xbc\xe8\xfaR(\x14\x0a\
\x85B\xa1P(\x14b\xc0\x0e\xe8\x1e8\xcc\x80\xea\xb9\
\x16oL\xb8\xfb\xa3\x13\xceB\xf6\x18)$\x01\x06\x12\
\x92\xccz\xeeC/64\xd2,86\xc7t*I\
H;\x941\x89o\x1aA\x1a\xd1k\xa7\x10!\xb1\xd1\
\x8ca\x83\xa0\xb2$\x01[\xe3\x09\xfb\xc0\xd5\xa6\xf7\xc0\
\x07)+<9 }\x10j\xe0\xe0\xdd\xaf\x07DV\
dIDJDi(ag\xdbN\xfe\x8e\x9c\xd0\x80\
\x98\xfa\xfb\x9fI\xdbA\x8e\x00\xb8\x92\xb5\xb7G\xea\xd8\
@4\xb2\x05g\x05o\xca]\xeb\xca\xcb\x9e\xf4I\x96\
\xc6\x14\xcd\x9b\xcc\xa6\xfc=\xb4B`\xec\x88\xcaS\xdc\
-\x1f\x0b!\xbd.\x90\x9d;\xaf\xb41\x172\x9b}\
\xb9w\xe7\xca\x9f\xc4\xf98\xc6\xfe\x7fBd\x9f\xe8\xcd\
\xd2\xee\xe4geu\x1c^\xff.\xe5\xc4\xe1\xfa\xf5]\
\xc7\xac}\xd5\xff\x7f{G\xf4+g\xc9_\xc6\x17d\
<\xf1\x8e\xff\xef\xcf\xf7\xbe\xbc\xf3\xffva\x83m\xa7\
\xd5\xf5\xa9\xff7\x5csP\x93\xc92lk:?>\
\xf6\x7f\xb5\xfd\xdaK\x8e\xad\x7f\xbbD<\x8eq\xd9\x9d\
\xff\xb7\xb0Ln\xd7\xd5\x1ck\xcb\x1d\xb0-s\x0cF\
\x7f9\xea\xefc\xee\xfel\x97g\x0dH\xe8\xfe\xde\xe8\
\xb9\x8ca\xd0\xcb\x22c\xd2\xd5\x83\xf4\xfe\x81\xa5\x9fm\
\x9f}w4\x80\xa9\xeb\xe9\x8b\xdc9\x05\xba\x19\xcd\xd4\
\x8f\xaeY\xad\xb9u\xe2\xe15\xb6P(\x14\x0a\x85B\
\xa1P\xf8\xdb\x01\xdbe\xfa*|\x06x\x98\xfc,\xc8\
\x0fe\x1d\x05\xdcd\xa3I?e$\x0c\x954\x22\xda\
\x04\x5c$!\x82\x94e\xd2\x8d\xcd\x01q\xcdV\x97\x8d\
\xb1\xad\xed3(\x80\xe0a\x0d\xe6V\xcb\x98\xd6\xa6f\
\x01FL\xee\xf2v\x87\xd9U\xb0\x8c\xc0\xaf\xe1\xfaz\
\x8b\x9c\x80\x98\x89\xed\xa3E\x8e\x0fz#[\xbc\x04\xc9\
\xc6\xe0\xde\xcb\x9du\x98\xc3\xe3E6k\xff\xc98\xf4\
\xd8\xd2\xb6\x07w\xa4\xe5rR-\xb0k)o#\x12\
\xfaX\xd2\xb7wG(\xfb\xfc\x9d\xbdW\x81,\xe6=\
\x98\x8dM\x11\x19\x01-!y(\x84y\xbe\xffv;\
\xe1\xee\xee\xac}\x97|bx\x90\xd5\xe7\x00\xaf\xbb\x9d\
\xdd\xe7\x95o\xe2|\xbeK\xa2G\xc7Y\x19\xd3\x8e\x0b\
\xe26\xc3\xea\xff\x8fc\xffoG\xfe\x1f\xdbs\xc7\xff\
\xbd\xad\xef\xfb?\x872\x19\xae\x9f\xec\xe6\xae^\xd3\xe9\
\x03\xff?\x9b\x0b\xd9\xdc\xfaM\xff\xc7k8\x1f\xca\x8c\
l\x8d\xfa\xd8\x8f\xeb\x95\xff\xa3\x86\xb3\x9d\xb5g\xd7\xf8\
+\x08\xe9\xfa\xe8\x8b\x08s\xd3^\xef\xff\x9f\xfa\xbf\xf6\
\x93\xb9\xdf\xd0'\xfe\xcf_\xf6\x7f\xa9\xb7\x97\xd3\xec\x82\
e>\x98D\xbb2{\xae\xfc_\xaf\xc2\xeb\x1c\xeb\xf3\
\xc5K\x85o\xa5\xd1\xba6$\x0a\xe6\xf7$|\x99\xc8\
\x94i\x93\x91\xc6\xbe\xe8\x0f\xab\xd8\xe8\xb4\x87f4\xf5\
\xb3\xc9\x5c\xb0\xc9^Fw\xc7Q~>\x00}\xa67\
3\x97N\xae\xb1\x85B\xa1P(\x14\x0a\x85B\xc1\x10\
\xd0\x08Y\xf6\xeb\xfb\xf2z@:\xc8\x00\xdcU\x02\x8b\
\xf3\x994w\xe1\xac\xc1\xb4\xe7\xb7\x07\xdd\xf8J\x9ct\
\xf3\x83gZD\x0f\xcb\xae\x1b\x13@H\x9e\x09\x14x\
\xb1M\xcb\xf8p\x93\x9c0\xbeG\x1c\x8c:]7\xec\
\xb6\xa28\xa0E\xc4$\xc7S\xf6c\xda\xb1#[\xe2\
`\xd3\xcan\x8d(\x8b\x93\x222c)C\xbe\xb7\x84\
\x18jK`\x7fB`\xe5}\x0bc\x9b\x00uf\xfd\
\xe2_\xe7\xd1\xeb\x89|\x95\x13\xc9FK\xa2 3\x0a\
>\xbd\xacn\x9b\xd5\xb7\xd3\x85}\x16\xc9\x9az7\x12\
\xd7\x1dl\x14\xda\x9c\x95\x17;\xb0o\xb1}Y\xc0\x1d\
\xed\x9c\xcb0\x89\x83\x0d:\xd9u6wr=\x9f\xef\
\xc0\xbe\xef\xff\xaa\xfbjn]\xa5\xa3\xfdW\xfe\xbf#\
\x9b\xfd\x03\x9b\xac\x0d\xbb\xf3\x1d\xbe\xef\xff\xc1\xfc\x22\xbd\
O\xcc\x07\x14\xff\xd4y=\x14mt\xc3\xff\xf7\xe7\xa1\
\xee\xaf\xf8\xff\x86\xf8\x93\x5c9\x06\x12\xba9\x1bN\x08\
s/\x7f\xe4\xbc\xed\xffxo\x99\xe5\xb7\xfe\xcf\xb4s\
\xef\xdd<\x14\xec\xc8\xee\xde\x96\x87\x1cn\xf5\xdc\xf7\xff\
\xbc\x7f\xee\xfb?\x856\xa1&\xd6\x8c\xb0\xac\xf5\x7f\xc7\
\xb5\x06r\x97\xf9=d3a\xbf\x07w\xf2\x1b\xfe\xcf\
\x89\x9d\xb8\xd6\x123\xe2u\x84\xb4I\x8d|\xb5\xcf\xc9\
4m\xa05\x1f}E\x9eS\xa0\x85\xfa:\x0f\xf5\x01\
\xbf.U\xf7\x80\x87Z\x8c$\xfeh\x13\x13\xd9\x1f\xc8\
\x8e\xef\x83\x85B\xa1P(\x14\x0a\x85Ba\x8f\x87%\
O\x85\xf8\xd3]\x1fr\xfa\xfahp\xc2\x1aL4\x17\
g\xac\x84\x22~\xe2a\x0b\xbe\xda9\x82\xa5\xb1+\xda\
\xd0\xc3\x83D\x95:??m\x90\xe3\xb4\x04\x1b\x0c:\
r\xac\x814\xd3I='e\x06v*G\x82$/\
\x1f?}:\xa4\xbc\xd2\x90D\x89\x839K\x92N\xd2\
\xc0\xa4=\x16\xbbv\xa4TH\x8a\xd2\x8a\xb9K\xee\x90\
x\xda\x11\xac?\x1a\xb1\xce2\xa7\xe4\xd5\xae\x8c\x92@\
\xbd\x15'\xbb\xd2lhn\xe5a9\x9f>wn\xb9\
\x07 ;9\x19\xc1\xe1uY\xc9\x11z.>\xb4x\
\xfe!\x91sB\xc6\x89M8V\xd1\xf8\xa6v&\xf3\
{\xb1V\x1e\xac\x08\x19\x01\xffEz\xbc\x8dx\x1e\xa5\
\x9f\xd8\x10\xdbu\xbf\x0e\xda\x81r\xa26\x9c\xfb?\x1d\
\xf9\x7f$w7\x16\xef\xfa\x7f\x84\xaf\xfa\xff?\xed\xf4\
\xed\xb9\xe3\xff\x1c\xcd%$Q\x93z\x91}W:\xf7\
\xfeo\xe51\xb2ld\xaf\x13W\xfe/\xa4\xf4\x1dx\
\x99\xd6\xff_\x92MY_w\xe7\xff\x91={\xff\xcf\
\xafZW~\xb6%j\x9b\xae?\xe4\xb6\xdb\xe8\x9b\xfe\
\xcfF\xef\x89\x94\xdc\xff\xad\x84\xd0'\xe9\x8e\xff\xf3\xc6\
\xee\xd5\xffEv\x03=\xd6\xff\xe9M\xffo\xb3\xee\xde\
\xffu=\xa5d\xaf\x9dF\xbd\x9dv\xad\xf4\x22\x94\x03\
\x1f\xc7:\xafB\x9b5Z\x9f\xbb\xab.'T\x9a\xa3\
\xebP\xbb\x94\xd3\xb4a\xd7L\xba\xe9\x9b\x85B\xa1P\
(\x14\x0a\x85B\xe1\x9f\x18U\x17\xd2\xf0\xee]v;\
\x87g<\x01\xb40\xc6\x82/\xee\xd7\x93C6\x10I\
\x03)Y\xfc\x9b\xa0S\xbf\xeei\x16\xfa.\xee\xe8;\
`h\x91\xfb\xfc\x8ad\xdf\xbd\xa5\xb6\x9c\x84\x92\xb8s\
)\x0a\xcebbE\xf2h)\xdb\x12\x1d\xbbs!J\
3\x82@K\xc5\xb2\x95\xe0\xc0R9\xe1\xb5#\xc3\xe4\
5\x0f~\x5c\xe9\x82\xe0\xd9\x11\x82\xcf\xa0\xba\x07\x90\x81\
\xce\xa6;\x9fO\x03\xbcLg\x83y\x11\x8d\xa5\xc7\xc3\
G\xab\x80\xac\x8d`\x85\xcb\x8fw\xc5=!d\xdb%\
A\xd2\xf4\xfd\xd3^\x9f'\x11\x89r\xd2 \x1a\x8bH\
?\x8e\xe7\x15Q\x97\x11O\xb9\xff\x93\xf3S$\x95\xae\
\x89\xce\xc8F\x94\x15\x1d\xaf}t\x8d+r\xf6\x8aX\
\xbd*\x8b\xe5\xb3s\xa9{:\x8e\xbeL<?W\xf9\
\xd1q\x96\x17\x91R\x1f\xfb\xbf\xcb\xcb\x1e.\x5c\xc1\xd8\
\x88U\xcc=\xa2\xa5\xbe\xedm\x88p\xed\xff\xb4\xe4\xdb\
6*!\xf9zh\xfa\xca\xdf\xed\xf2\xd5\xb14\xe4+\
\xe4es\xfbz\xdeD\xf6\x9d\xfb?\x1d\xfb\xff\xd9\xc3\
\x89\xaby=\xeb\x11\x10\x8f\xad\xcd\x87\x0c\xd2\xa6\xef\xfa\
\xbf\xfdQ]\x06\xb9Q\x9d(\xcf\x8f?%\x0f\xd7\xee\
\xfb\x7f|O\x972\xd1X\xf8\x1a\xb6\xaf\x1e\x8bn\x7f\
\x1c\xdfW\x03;\xe7\xbd\x1b\xbf}\xd0\xefOx_\xf7\
\xf3b\xdez\x9bm\x0bQ\x03\xb1\xcf1\x1f\xe3\x89\x9b\
\x16p\xbd\xb3\xd4\xd7\xf5\xe2~\x0e\xf4\x15g\x0b\xd9g\
ZwLC\xfb\xfb\xf1\xc5\xbd\xbcP(\x14\x0a\x85B\
\xa1P(\xbc\xf0\xfa\x11B\x0d<\x83\x1d#m\xad\x12\
\x1d\xc9B\x1f\xcf_$\x14\xecL#8\xf2\x04\xd5$\
\xbdg\x9d.\xd0\xee\x8c\x84r/e\x0f\x08l H\
mV\xbe\xea\x03\xab\xfd\xb9iS\x1c\x88c\xb0)\xc1\
\xa0%\xd9\x06\x89Ok\x18sM\x0c\xad\xbav\x81M\
N@?L\xfd\x1d\xb1r\x02N\xce.\xedc\x0e\xc9\
\xa6\xac\xec%\xf1A1\xe1!u\xed\x0fQ\xd9\xfc@\
\x10Q0n;\xbd\xd9\xc3\x87O\x82O$W\x88\xb3\
\x9e\xde\xd5\xa7p\x8eF\xfd\xe3\xd3R[\xbe\x10L\xcf\
\xaf-\x0f\x9f\x8cm\xbf\xb6iW'\xca{\xe9Nd\
^\x9d\x9f\xe8Z\xfd\x9f\x8ee^\xfb\xff\xb5\xfe;u\
\xbe\xe5\xff'\xba\x22\x9c\xfa\x7f4GweE\xb6\xaf\
\x1b\xfd\x10\x9d\xdc\xd3\xe69\x1e\xf0j\xc3\x95\x8d\xa7\xe9\
\xa7\xb0\xc4\xf6EY:\xb3\xeb\xbe\xff[\x92\xf6N{\
\xb6\x94\xde2\xef\xa4\xd3[j\xe7\xa5>\xac\x13\xe4\xbd\
\xf4\x06eO\xces]m\xea\xfb\xdc\xff\x0f\x1e\x22\x1d\
\xc8ZK\xafu2\xffo\xa9\x1c&:\xf8\xd6\x97\x90\
\xb4\xd6\xb7\xd4\xa1\x1a\xc9\x03\xd6G\x7f\xd8\xcaV~\xa3\
\xb6\xf8^\x97\xf7c\xd3\xb5'\xe6\xf9$\xa5\x1f<\xc6\
\xe3G\xdb\xfa\xb0?\xb6\xd875<\xefC?\xbe\x97\
tD\xc7\x22\xf5\xf9\xda\x8d\xe7\x0fng\xbd\xd4h}\
\x803\xc9\xf1\x9b\xd7\xf5B\xa1P(\x14\x0a\x85B\xe1\
o\xc6\x8b\x80~\x1dL2v\xec\x02\x96x\xe4\xb9\x86\
oJ\x1e\xeb/\xd3\x8f\x22#\x9f\x1d\x01\xfd\x22\x05^\
d\xe8S\x1e\xf7\x1d\xa6@*?\xa1\xe9J\x08\xf2\x8f\
,\xeay!\xad\xf5X\x8d\xb3\x01\xe0\x8b\x926\xcd[\
kc;\x95\xb0%\xc3IB\xf9\x0b\x22e!\xd2)\
\xc7)\x91\xb9\x0ddi\x8fvH\x8a\xee\x88\x9f\xdd\xd9\
]X\x92E\xc7\xb3o\x9b_I`\xb4'\x22\xcf2\
\x12@\xeb]\xdb;\x09\xdf\xd6n\x91\x1f+\xc9\xf5Y\
\xdf\x18\x9bX_\xdb\xb2\x1b\x9b\xab\xf1\xbdK<b\x1f\
b\x9dx\xdc\x82\xb99\x87\x11vk\xf7\xaf5\x1c\x91\
\xde;\x02\xed.\xee\xd6=!\xc1\xae\xfd\xff\x5c\xe7i\
?\xfc\x89>\xd8\xcd\xb1o\x22\x9bG'\xf6\xbc\xe7\xff\
\x87\x18\xb7\x90\xa9\xf7\x82|\x8b\xfd\xff{\xe8m\xf8!\
!\xe3\x16\xe2\x98h^\x1b\xe8W\xfc\x9f\xde\xf2\x7f\xed\
\xbf\xd8\x8e\xa8NDBg\xf2O`I\xdb #\xab\
w\xe4\xff\xfdU_\xaf\xdb\xc5\x85\x8cK;\xbd}\x89\
\x8c\xab1v\xb5\xb7\xb2\xb2\x92\xab\xbf\x9d\xce\xeb\xbe\x02\
$#\xd1\x13\xd0\xb6-m\xee\x82\x1eex\xb5\xb9\xb7\
\x99\xac=\xac\xf3Pw!\xff\xf4W\xbeI^#\xa8\
G\xf0\xb8\xc0\xff\xeb\x1e\x86\xf4\xdb\xfflM\xeb\xceE\
\xbe\xad\xb3]\xdc\xd7\xadB\x98?\xc1L\xbfv=(\
\x14\x0a\x85B\xa1P(\x14\xfe/\xe2\xc5\xbe\xf6@\xe4\
y\xd4\xc9g]\xff\xb3\x92\xcf,\x8bpG\xb86\xbb\
\x10\x97\xf58~\xa5Q\xcb\xe3\xe2\xbd\x93\xcf\xb2\xa0\x9f\
\x94\xf3\x03\x82\xa7\x11$\xf8x\xea\xa7\xfdh\x01\xd2\xfc\
\x1e\x80\xb8\x80`\x9cb\xf07u\x0e\x82\x1cD-1\
\xc8\x93|B\xe2\xc1\x13\x90\xccP1,cI\x13L\
\xf3\x04\xcae9\xda#\x8b\x85\xcc\x0e(\xa7\x03\x03\xf0\
U\x07oey\x08\xf1\x11\xa5\xe9\x1c\xb3\xb2Y\xfe\xa0\
\x9c\xe8\xc1w\xc3b\xb0\xec\x8f%\xff\xc4F!\x9d3\
\xf29\x1a\x03\xd4O\xb0\x1b\x7fG\xaeE6\xe0X.\
=\xd14\xac\xcf\x095\xbe\xd4\xe3\xc73\x1a{<\xf7\
}\x8er\xfcx.}>\xecaqT)C\x1c\xda\
\xe4\xd3\x22\x92\x0c\xdf[\x9b\x93\xf0q\x9b3r\x17m\
\xc74s\x1d\x0b\xfa\xe0\x89\xbd\xff\xdbz\xed\x97\xfd\xff\
\x0aY\xb9;\xfe\xff\xae\x0e\x91\xb5\xf7\xff\xeb\xba\xbf\xed\
\xff\xb3?\x1b-sK\xbe\x81\xe3\xe5\xa1\xfeE\x0e\xc5\
\xe5\xef\xf8\xbf\x96\x97\xb6<\xc6}\x0fm\xb3z\xe4\xba\
\x89\xd7\x0d\xcc\xbf\xef\xff|\xdb\xffQ\x9f\xf8?E\xd7\
\xb7\xe4:\xf6-\xff\x97WEI;\xa2\xb2\xef\xfb\xbf\
<x\xb8\xee\xef3\xff\x97\xbe\xa6/\xf9\xff\xf5\xbc7\
\xf7\xf6\xd4\xff\xe9\x08\xb2N\xccL\xd1\xdf \x18\xe5\x18\
\xaf\xf5\xae0\x9e1^?\xc6;\xa6\x7f\xec|\x14b\
\x9e\x07\xd3\xccS\xcc\xd8\x001\x88n\xd5\xd3\x88\x02\x82\
\xbe\xcd\x5c\x18\xcb\xd6\xe5\xbcR\x18\xc6\x8am]l\x1b\
\xfaCt\xef)\x14\x0a\x85B\xa1P(\x14\x0a\x16\xcc\
\xff\xfe\x8fD\x8e\xd4\x7f\xdd\xdb\x05AM\x88]zm\
\x13\xd1E;k\x00\x10\xec\x80\xc6\x0d%\x0c\xaf\xca\xe8\
\xf2:\xa1\xf3x\xf0\x5c\xf8\xcf\xfcp\x07\xf4\xd4F\xb8\
+z(_\x03\xf5f\xcb\xf6@\xe1\x11\x90\xab\x96P\
T\xee\xbb\x07\x14\xfb\xaf\x903\xfc{\x0f\xd3\x1eV\x22\
3\x0a\xf4skc{\xa2z^&~\xce\x9aH\xe8\
\x18\x8d\x9a/}\x81ArD\xcad$ \x92\x03\xd2\
n_4\x0a\xc0#\xd9\xf11/\xed\xf1\xb8\x1a+$\
\x02\xae\xc6=\xb3\xd5\xa7{\xd2\xccJ\xb9\x82q*\xba\
\x1a\xe3\x08~\xdc1\xfd\x89lW\xa7\x1f\xeb\xd6\x9a\xd9\
\x81\xc9\x07-\x88\x08:\xb4'\x7fm\xc2\xff\xcf\xde\x1b\
\xa89\x8f\xf2\xc8\xc2R\xce\xb9\x8f=\xf7\x7f\x91\xcd\xff\
% T\x12\x12\xe0t\xcf\xee\xfe\xcf\xa8f\xfa\x8d\x8d\
A\x08L\xd9\xa8L\x9c\xe7\xed\xfb\xeb<+\xff\xe1\x02\
\xa6\xb9\xbc\x15HoA9?&\x22\xfe\xc3C\xc0\xc5\
NT\xb7\x1e\xefv(\xcc#6E\xd8\xb4\xe7\x86\x5c\
\x9d\xb6=\xbd/\xc6\x0a\xc3_\xf1\x7f\x8f\xdf\xf1\x1fZ\
\xcdw\xab\x7f=\x8c\x10\xc8\xdf\xf9z\xcb\xff{\xdc\xf3\
\xa3%~~\xc7\xffU =\xd5\xef}8\xf3\x9f\xff\
\x8c\xffm=0\x076~k\xebd\x07\xfd\x8d\xef\xff\
m\xfe\xeb\x19\xf9\xd4g\xe9\xe3\xf0\xdc<\xe8\x03\xa2\xf3\
\xb9\xc9\xee\xff\x9fvpt\xedPD\xf7\x7f\x02\xffm\
\x1d\xb4\xbc\xca\xe2\x07l7\x99Pb\xae!j79\
Wp\xbc\x91\xbcN\xe3]\xa7\xac\xa5n\xb3\xf3\x95\xab\
\xd8\x9e!`\x83\xd4\xec\xff\xd5g\xa6\xcdL\xae>\xe5\
\xc6B\x0b\xbc\xf4\xfa\xfe\xd1n\xf8\x96\xd7\x85B\xa1P\
(\x14\x0a\x85\xc2\xbf\x0f\xf3\x1d\xd02\x03\xd7\xa0\xb3\x1f\
\x9e+\x88\xc7W\x10E0&\x13\xd4\xad\xfbS\xfa\x18\
\x823\x9bJA\x8c\x04\x11\xf9#\x02\x93\xac\x94\x91\xd7\
s\xa8\x1fs\xd5\x0e\xe1\x8a\x9a\x11\xb04\x14\xca\xd8\xd5\
\xa3\xe2\x8f\xf5N\x0f1\xe5\x82\x86\xef\xb2(\xe5i\xe0\
|T8 G\xb6\x0a\xcc\xa6=\xa9\xdb\x96\xd2\xdey\
\x16\xf8\x7fJ\x5c\x09K\xa4A%\xaf5=\x11\xa8\xe2\
|yY#\xa4\xd2\xb7\xc0\x80\xf9,\xb0m\xdbsu\
.\xb5^<\x96\x09~'\xe1\xef$\xec\xbdE\xa8\xe3\
\xfbz\x1f\xf3\x84\xae\xf3e\xe2\xc8\xaeO\x9f\xf6E^\
7-\xc2\x02\x1b\xf1\xf7\xce\xd6s\xfe\xdf\xe3\x8e\xff\xff\
\x1d\xf0\xa2\xd1\x9dNv;No\xed<\xc1o\x04\x22\
\x11\xb0\xf4\xdb<t\xe5\xd7\x8d\x10xJ[\x8f\xb5G\
c\xbe\xdf\x1a\xfb`\xfe\x9e\xff\xf6|[\x9e\xec\x85p\
v>\xec0\x85\xcb?\xe4\xbf\x11A\xdb\xa9\xee\xcbk\
\xb7-\xb9\x88\xed\xdf\xf3\xb1m\x8f\xdc\x8f\x19\xd3\xf3\xbf\
\xacu\x97>\x1e\xd4Ptj\xdb\x22@7\x11\x8f\xc7\
\xa7^R\xfb\xebfp\x88\x88\xc4\x1cY\xea\xaf\xa6\xa1\
\xf1\x0a\x0f\x9e\x82\xb5\xa9\xcb\xfb.\xf5\x92{\xf73i\
\xfa\xac\x83A\x8566p\x8c\x8e\x04\xb2e\x7fs\x9d\
)\x14\x0a\x85B\xa1P(\x14\xfe-\xf8|\xdf\xb5\xaf\
\xc2q_\x91\xd48\x00\xd2\xf4+\x92\x1fL\x1d\xd9\x07\
}#{\xb3+\x9f\xa6]\xd9\x98+_\x86\xb9ac\
Y\x1dD\x12\xa0h\x0d??.H\x15?\x8c\xf8l\
\xed\xcfld\x13\xd8\xad\x9e\x8d\xc1Z\x1a\x04\xcd\xdb\x90\
S\xfb\x81\x1e\x94\xda\xdbS[kp\xea\x83\xf3\x05\x90\
\x16H\x17W\xf5\x9f\x03n\x9ec\x80\x09>\xc1\xa7,\
\xb8\xce\xea\xc4\xcf\xf4\x0c|\x961\xb9\xf6}\x11\x1c\xda\
s\x95\x9f\xed\xd5/+\xd0\xeb\x83\x93x|\xe9\xb9\xc4\
zx\xb1\xed\xfb\xc5\xd7\xbb;\x9e\x9d\xabH\xc0\x12\xaa\
1\xfc\xd7\xd3\xf7+9w\xab\x19\xf1|g\xf9\xbd\xbf\
8\x8e\xbd\xff\xf8z\x06_v\xf5\x0b[f\xffz\xfe\
h\x9f(;\xdf\xdf\x08\x0d\xd3\xaf?\x12)X\xd5\x90\
\x05\xcd\x8d\xff(\xdfwb\x89\xed'\x15\xeas\xf8\x07\
(\x98\xee\x8f\xfbcK\xed\x9bs\xec\xcbGc\xf11\
\x9a\xbd7d\xb8\xe5\xbf\xcf\x83i\xe76\xbf\xdc\xf5^\
^!\x15\xf3\xdf\x5co\x1f\xf2_m\xd9k\x11\xe6\x8f\
\x80\xf7\xc5\x91\xb0\x8c\xfb\xff.\xfe\xe3\xd5\xcc\xd0\xdf\xc1\
\xdb=\xdf\xd3\xd6\xfb\xbf\xed\xa1\x18\xd95:u\xecp\
$>\x0f\x22\xac6G\xff\x9c\xff\xc1\xd5\x12lE\xde\
\xc8|\x0b\xbe\xb5\x96B\xee\xff\xb3\x88I'\xc2s\xab\
\xe7\xcd^\xaf\xed;\xa4\xfb\xfc\xf0\x05\xfe\xaf\xd7\xea~\
\xf9\xf3\x0f\x08\xb2\x9d\xe1\xc7\xa7*6\x0fL\x9a\x88\xe5\
\xcd\x16{\x1ff\xfe\x9b\xebx\xa1P(\x14\x0a\x85B\
\xa1\xf0o\xc2|\x05GCa\x98\xc6\x1c\xfc-J\x8f\
U!\xf8\x9bq\xef\xbc\xb2\xa6\xb9\xff\x82x\x7f\x97\xf2\
'@\xf8\xc1 PV$\xff\xe787\xd2U\xcc\x22\
Dj\xf00\xc5\x8c\x1fq\xece\x82H\x15\x5cx\x11\
\x8c\xe5\xd0L\x87m\x14\xc1%\xc1\x8aLt-2\xcc\
>\x0a\x845\xdc\xdf\x8b\xd8t\xcc'1\x0f\x07\xf9D\
\x18\xb0\xc1\xdc\xb3\x15w\xd6\x93<\xc5\x1c\xe5\xfb\xafa\
{{\x0c\xbb;\x01\xc3c\xb72\x18\x8fG\xf9f\xdc\
\xd8\xbe\xf9\xba\xfe~\xd5\xa0\xf71\xcb\xb7\x13\x09\xd5\x1f\
y\x0f\xf9\xf9\xfc\xdd\xf8t\xb3z0\x02'{'{\
\xcb\xca\xc3p\xbc\xe6B\xd7\x8d\xffX~\xf1{\x11v\
V!\xedi_D\xc8\xc6\xff\x13\xfe\xb3\xf3\xeb#\xe2\
`\x1a\xe4\xd3\xcbq\xdc\x9f\xc4(\xd8\xdc\xf3\xff[\xd9\
\xe4\x8e\xff\xfe\x1c\xb4\xad\x9d\x13N\xe7j\xc7\xff\xc8\xc6\
=\xff/\xb9\xd63&+A\xcfm\xbd\xe5\xc3\x99\xff\
\xab\xa8\xbb\x8c\x99/\xc6\xfcj/\x1e\xffO\xf8O\x17\
\xed\xed\xf9m\xfa=\xffW{\x22\x5c\xce}z\x8ex\
\xfc\xbb\xf7\xb8\xd3\xfd\xf5%\xce\xd7\xae\xfc\x97\xfa\xf6\xb6\
h\xfaw\x1c\xc3{Og}\xda~\x82\x8bY\xb3\xf5\
\x05e\xf1\xe8\xe7\x96\x88\xeb\x96\xa7\xb1\xe6,\xc0\x0f\x13\
b\x1aI\xdd\xcd\xf9\xd3\x16\x0f\xfa\xf9\xf8\x99ciy\
\x15\x08\xd9\xd7\x88t\xdb\xcd\xf8\xc5a\xcb8\xed\x9bB\
\xa1P(\x14\x0a\x85B\xa1\x90c\xfe\xe2\x0f\xae\xe8\xc0\
\x80\xe7\xfd#\x84\xac\xf3\xff\x8f(\x8d\x11\x1c\x0f\x91\xba\
\x8bm>p\x1c\x13~\x10\x9fE>\xee\xabT\xc8\xac\
\x84Qme\x04$,B\xb8\x1c\xb3\xaf\xf6 \x10\x99\
\xb5J\x0dD4(h\xae\x0cC=A\xd8\xb4\x13$\
\xc8\x06\x7f\xb8\xbaL\x82\xbd,(~\x12@\xb3;\xae\
\xf9_ \x86s(Pdu\xc1A\xb0\xcbD\x17!\
9\xda\xf3\xed\xcf\xf2\x89u\x7f|\xd7\xbf\xa6\xec\x128\
[_\xe7\x83\x0e\xf4\xa7\x1b\xd3\xdc\x1b_\xdf\xe8+\xe9\
\xd0\xae\xda\x8c\xc4\xaa\xc8\xe7T\xe0?\xb4S\xea\xd8\x9d\
\xaa\x1b\xf1,\xb2)eN\x22\xbepR\xc7S>\xbe\
3\xff\xb0\x8e\xc8\xc7L\x98\xf2\xbe\xfb\xfe\xc4\xb2+\x97\
\xd4\xdf\x9d\xf8\xbc\xdbO\xdb\x85\xe3\x07\xca\xca~\xef3\
\xdb>)\xf7\x1a\xfbr\xfe\x19\xecD\xdc0\xe7\x97\xec\
(\xf4\xe3\xd7\xd47\xf2?\xe5\xff\xf4\x0b\x04l\xffG\
\x81\x1ft\xc5\x7f?\x96\xd7kKk\xf6\xda\xbd\xf3w\
7\xee\xf0\xf8\xee\x1at\xc7\xff\xd8\xf6\x89\xff\xd2\xd8\xd7\
\xec\xcbs\x9bb\xfe\xe7\x17\x80;\xfe\xf7\xda\xd1\xa6\x94\
9\x89\xbe~\xec\xf8zl?\xac#\xe5\x09\xff\xe9\x11\
\xff\xf9\xc0\xfff\xecD0\xc2\x22\xec\xe3\xc3\xd0]\xb9\
,\x0d\xfb#\xe3\x7fd\xe7\xc9\xfd\xdf\x1f\x97\x1e\x7f\xdb\
\x7f\xf1\xfea\xd8\xce\x9e/\x13q?+\xa3>\xcd\xd4\
\x94\x13\xd0\x82\x91S\xcf\xc5\xea\x1a|\x0bn\xe6\xd2\x8a\
8\xbc*Q\xe0O?\xb6\xfa\xba\x8eM\xd9\xfe\xa1\x1f\
,J\xf8\xfb!8\xec\xf1Z\xfc\xfe`nW\xfc-\
\x14\x0a\x85B\xa1P(\x14\x0a\x8a\x97\x06\x822\xb1~\
'\xb7\x8f\xb0\xec\xa3\x13\x95y\xd8\xc4\x00\xd1\x0a\xe2.\
\x8e\xd0\x14\xb4Dh3\x93u\xd6\x8d\x19\x9f\x8e\xfa\xa5\
\xc26\xfc\x98B\x90\x94`\xdd3\xf3\x7f\x082\xde\xef\
\xb6\xb4A\x07\x19\xbfcQ\x8b\x5c\x1a\x88[\xcd\xad\x83\
I\x04\x8aU\x98\xe4\xe5x\x9e7\x0b\x1e\xad\xf3\xa1\xe8\
\xc9\xbb\x10\x92\x8c\xa8u\x0c\xda\x0f\xc7q\xdf\x9eS\x11\
\x0f\x888\x8e\x17\xaf}7+\x9c.\xe0\x85Kog\
WFWb\xc5>Dv\x16\x91\xca\x89\x88Am\xce\
\xaf{\xd1@~,\xcc\xb7+\x14\x9c\xf2\xda\xa7\xdfs\
\xdf<\xf4\xb9\x1b\x1bGa\x0e\xf2\xa3\x8f\x91X\x9e\xb5\
E\xcb\xaf<\xf2~F\x82\xe6\x1b+\xff\xf3q\xc1j\
\xc8\xd4\x84\xc20>\x84\xfa\xd8g\xb6\x97H\x10\xa2\x88\
\xf6\xd7\x87\xe7\xfc\xa7\xd0\xd6)--\xdb\xe2\x95\xa0\x0d\
\x85m_\xaeg\xd0\xed\x91/\xea\xb7\xb5\xa42#;\
\x9f\xbe\xcc\xe9Z\xb4\xd4\xf2k\xfe\xaf\xb8\xe5\xbf~\xdb\
\x87\xaf|\x14{\x7f\xcb\xff\xf8Zi{?\x1ek\xdf\
\xf1\x9f\x17{>\xbf\xf1\xd1\x8f\x95#\xff\xc9\xf1\x9fL\
\xd9\xd3\xf8\xd8\xf2\x9f\xd7\xb9HKV G\xdbb/\
\xda?]'s\xfe\xf7\xbf\x9b\xe1~\xc7\x7f<\xeb6\
_:\xd6\x8e\xf7\x7f\xb5,\xf9\xcc\x1c\x89\x98\xfco\x83\
D\xf5{?e>\xd7\xc0\xce\xea\x0b\x9e\x0b\x0a\xed\xce\
\xeb0\xab\xed\x8f\x8f\xae>\xa8\x99f\xcdk5\xf2\x96\
\xb8\xf1v\x0e{\xbf\xc1\xf1](\x14\x0a\x85B\xa1P\
(\x14\xce\xf8\xac\x80\xee\x81\x99\x06|\x9f?\x99\x90\xc3\
\xa4\xbc\x87\x13#\x11c\x0e\x9c\xb0\x0fQ\xad\xc1\xab<\
\xda\x8fn\x13s(\x10h\x006S\xc7\x84\xbfA\xc0\
\xb4\x06G\xbd\xac\xd6\x8d\xf8\x99\xc1\x11OW\xf1G\xd4\
<fl\xea\x82V\xd2%S\xd6\xc3C\xa4h\x0f\xc7\
\xe2\x19f\xf6B\xd6\x8d\x88\x92\x09(\x91\x0dW\x92(\
\x10\x80\xa2:3\xd1\xd0\xb6\x87\xc6W\xd1\xfd\xd7Z\xdb\
\xb1\x9f\x10>\x98U\x01\x827ygBxl\xd7\x8f\
\xad\xady\x10;a\x1c\x8d0\xed\x04\x87\xcf\x1e\x8c\xc5\
1\x12\x8f\xe7\xc8\x9e\x83S\xa0\x8bB/\xee\x1b\xf1i\
\x88\xce\x1c\xd8?a+\x5c\x80=\xdf\xf7\xb2\xca\x94\x81\
\xfb1\xff\xbd-\xb1\xf1\x82S\xcb\xcb9\xcb8\xe0}\
\xe9\xa5UHe\xa2E\x98\xf3\xe71\xdb\x8e\xea[\xfd\
\xcf9\x1b\xf9\x8a\xc7\xf1\xf3d+:~3\xb6N\xf9\
3\xfe\xebX\x1a}\x077\x0f/\xc2K\xfa\xa6f\xf3\
'\x5c\x91c\x9d\xff/\xc8K\x8b\x7f\xd1\xfe=\xff\xdb\
\x92\xc7xw\xc1\xffE\xc4\xa5x\x5c~s\x8e\xbe\xe3\
\xbf\xdd7y\xba1\xc3\x03\xac\xe7d\x7f\xcd\xb7\x9e\x93\
\x1b\xfe\xeb\xaa\xf1\x1d\xff\x1b\xd4\x1b\xa7\xe3g\xc6\xff\xe8\
\xee\xd1/\xc5l.\x00\xd1\xf9\xe0\xd7\x89\xff\xfe*\xb2\
^[=~\xcb\xff\xe6lEuY\x1b\xe7k@^\
\xa7\xed{\xec\x02\x1d\xe7:\xef\xeb\xe5\xdbTn%]\
J\x8cT\xb0\xe1z.\xbc\xff{\xfe7\xe3G\x03\x7f\
\xa7\x80\xdd\xe4H\x9b\xe2v\xcf\xa3~\x11\xac\xbcv\x0d\
\x9b\x86\xcd}sdc\xb6\x0fF\x9f\xcco\x0a\x85B\
\xa1P(\x14\x0a\x85\x7f3\xe6+8Z\xf3\xe2\x19\x99\
\x89\xf8L\x1f\xfb\x8dm \xa4A\xe1\x98\x98\xc3\x04\xdd\
\xc7?(&\xbf\xb3\xbc^\xd9D^\xd3\xdf\x81`\x1b\
\x01\x81\xc6\x0a\xfe\xf5\x17bV_\xf5a\x83\xc6<\x98\
\x5c\xfd\xb3\xc1[\x16\xc6\xed\x82\x8f,p>\xd5\x1b\xed\
\xdf\x8a_'\x7f\xb2`4*\xf7^A\xa6\xe5\xe2\xfc\
F\xec +\xe6\xcd\xf4\x83p\xb2\x13\x85w\xe2\xd1\xf4\
\x0f\x0b%y\xc9\xf95\xf6\xa6\x18\xb0\xeb\xb7\xe8\xf8I\
\x84\xd22\x1c\x8a\x98\xf1\x03\x10N\xd3\x22qm'\x9a\
\xa9,\x82\xe2^\x5c\xe7\x8d\xb8\x85\xf9\xbd\x1fK\xdd\xbc\
\xffZ\xfe\x22h\x9a6j\xc8\x8f\xf9e\x05hdO\
\xf20[\xae\xbe\xff\xfc*e\xac7\xc3\xa9\x7f\xa3\xbc\
\x11\xbc\xd0\xf4\xbf\x83\xffwu\xbfq\xc7\xff\xf5\xe1\x0b\
\xee\xfb\x87 \xd1\x15h\xc7%\xb5\xeb\x1f\xe0\xa8\x7f;\
\x1b\x1e\x8b \xfb\x0f\xf1_\x9e\xd3\xf2\xff\x10\xff\xa3\x9e\
N\xeb\xfc5\xff\xe1js\xc1\x7f\xb9Vs?\xb8\xed\
\x13\xc9\xfez\xf15\xff3\x7fq+m\xefg\xea\xf2\
9qv\xfe\x12\x0d\x5c\xca\xe7,r\xed\xa1\xaf\xf9\xcf\
)\xff\xe5~w\xc3\xa5\x91\xba\xd8\xd8\xd5=\xaf\x9d\x93\
\xffd\xfc2\xf9e\xbe\xe5\xf3H\xd71\x8eG\xb4@\
3\x83\xd6-\x82\xf7$\x8f\x13\x8f\xb1/\xc9\x5c\xef\xf5\
P/\xeb\xaf\x15( \x8f\x12\xd3\xcd\xcf\xef\x9cH\x9d\
~q\x05\xf7\xe3\xeb\xea\xf8\xf6\xe8>Q(\x14\x0a\x85\
B\xa1P(\x14>1\x92\x04\x8b\xf2'\x87\x82I5\
\x8fwCs\x7f/4\xcf\x1f\x85\x89\x82\xbf>\xc9o\
#@\xc1\x80d\xa2\x89\x00\xa0\x022\x9b\x95/>\xef\
g=\x8b\xf5m\x06\x01\x91X\xa2\xc1\x0cS\xfc\x95]\
\x91\xaa\xa3`/\x8b\x17w\xc2\x90\x07\x8a(\x91\x10\xc1\
\xb0\x8f\x82\x8a\xado\xad\xdb\x07\xed(v\xa1`\x82\xb1\
\xb3\xa4\xdf\xb6k'r-+\xac\xf8$\x88\x9cE!\
\xb1{\xb2\x03\x8e\x98\xfe\xdb\xe6%rA\xe9^x2\
}\x88\xe70\xd9\x17\x81\xf46(\x8d\xfaw\xe7\x0f\xe6\
\xdf\xf5g\x17\x04\xedJ\xd2[\xe1\xe6$\x90\xf8<\xb7\
\xe2\x9d\xe4\xd5O\xe5\x17\xee\xe3J\xb7EPjm\x8a\
\xc9\x1e\x22\xf6\xc8g\xe6o\xc4\x7fJ\xda\x95\xe5\xcb\xf2\
f8\xf1\x1f\xf7s\xfe\xe7\xe2\xe3\x89\xff\xde\xcei\xcc\
\xa3?\xf7\xfc\xa7e\xfb\xb3\xef\xd2\xbd\xbd)t}\xc5\
\x7f\xbf2\xf3\x96\xffv\xff)\xff\xb3\xfd\x1d\xff\xd9\x89\
`r\xfc\x9f\xe2\xbf=\xb6~c\xc0\xe7\x97\x07\x04\xf4\
'\xfc\xb7\xf7\xe7\x98\xffA\xdd\xc91\xdd\xc7\xeb\xc3\x8a\
\xc8>\xd6o\xb6\xe1\xde\x88\xd7\x22o+z%\x87O\
\xf7c2p\xec\x17\xfc\xe7\xb4\x0d\x9f\xbe'\xb9\xde\x9f\
\xf8\xcf&\xfdw\xfco\x07\xfe\x8b\x90\xab\xf5\x92\x99O\
\xd9\xf1A\xcd~\x83m\x15\xac\x19^\xbb\x86u\xe99\
kZE\xe0K\xd0>\x98\xaf\xca\x8fl\x8f\xa7!\xb3\
\xde6V9\x7f\xe6\x9d\xf2^h\xc66X\xbb\xa7\xfb\
@\xa1P(\x14\x0a\x85B\xa1Px\xcf\xa4\xff\xcf\x7f\
5\x11\x81\xfb\x04\xdb\x8a\xb3sr?\xe6\xe9\xd40\xb0\
\x86\x9cf\xbe\xcf&\xb8\xc3\x94u\xcb\x052?\x10L\
~\x16h7\x0a^\x220\xc5\xeb.J\x0f\xb4\xb1\x02\
\xabi0\x83\x9ez\x9f\xac7+z`\xf1\xa2\xe7\xa1\
\x05\xd3N\xc0\xe99\xb4\x8e\xcf~ \xc2\xa8`z\x0e\
rP\x0c0\xabE\x97<\xf4\xb4)\xb3\x83\xc5\x07\xad\
C\x0f\xcb\xd8\xc9|\x8c\x8e\xc5i{!\x82\xc0\x87\x9b\
\xba\xe2|k\xf0/}\xb7\xad\x9b\xc8\xfc\x00Tn?\
\xaf\xe3\x5cn\x8f\xac\x1c\xcb\xe3\xa0\x19O\xef\xeb\xffm\
}\xcfqg\xc3\x88\x1b\xa4\x97\x9d,\x9f\x17^\xf6\xe7\
\xfd\x19~c\xe3\xb6\xbf\xcf\xfc\xbf\xf3%\xe3\x7f\x94\xe7\
[\xac\xfco\xe1\xf1]\xd9,M\xaf\xe1m\x8ak\xef\
#?\x09'W{\xd8W*@\xd9\xfb@\x8c'\xfc\
\xff\x96\xc7\xbd\x9c\xfc\xe0\x99\xfc(\x1f=\xc6\xa9\xbe\xf4\
\xfa0\xef\xedpA\xcfl\x5c\xd8\xbb\xc3\xb3\xb1\xd6\xae\
\xebkF\xac\xfc-\xff[\xb2\x97\xda\xb8h\x96\xf6\xf7\
\xbe\xd8=\xff\x7f\xf6\xed\xb9\xe2?}w\x0f \xdb\xbf\
o\x13\xb8\x22\xdd\x1f\x87\x14\xfdw^\xc8\xfb\xb8\xd7s\
\xdd\x93\xd0\x86\xf2\xa2\x0d\xfe\x8b\xa5\x9f>\x7fy\xf9v\
4\xb2?r(e\x9a\xd6\x01^\xf5\xce\xa0y\xbf|\
\xfb\xfcy]\x1b\xcb\x5c\xb3\xa7\xf7}\xfa\xcc+\xdb|\
\x95\x87\xcc\xa1\xbe\xbf\x8e\x16\x0a\x85B\xa1P(\x14\x0a\
\xffV\xbc4\xd0\x91@H\x84K\x90ke\xae=\x02\
\x85\xcf\xaa\x11\x0e&\xe0\xa8\x13\x12\x16\x5cEF\x90`\
G\xda\xa8\xf7\xc5\xcb\xea\x9dp\xaa?\x82\xa95\xa0B\
\xd1A\x84\xebU(\x91\xa3\xbe.\xc4\xebR|\xc6\xd5\
fkZRFJ\xf0\xee+\xda{\xa1\xc1\xef\xcf\xc0\
\xf5\xe7\xc7H\xf64W\xfc~\x17\x80z\xdf\xc4\xd6\xdc\
\xe3\xb3\xc0\x14\x89_\xb1Pr\x16\x80\xde\x88V\x8b\x8a\
}9\xa6B\xd4,M\xe4V\x83a\xb9\xfd\x0a<\x9b\
7\xf2W\xf3\xd2\x92\xd7\x8f\xd5\xe8\x9cG\xd8\xf9\xa8\xad\
\xe2\xf9\xc9#Z\x8f\xc6\xc7\x0e\xb7\xed\x93v\xdc\x8f#\
;\x12\xa3:F\xe2\xe7\xe3s\xeeZ\x83\xc7M\x89U\
\xceW_\xdf\x88t\xd1vT\xc7\x0d2\x1fn\xb0\xe7\
\xff}\x9d\xc8\x7fy\xe7nT\xe6o\xf8\x9f\xd7\x9f\xa5\
\x9d\xf8/\xa3\xc4<|h\xf1\x03\xa0\xcfg\xb0ZT\
\xee+9\xff\xd17\xfa\x07\xf9\xbf\xe6\xed}\xdf\xfd\xf3\
\xe5~\xcb\x7f\xefOt\x9e\xb1\xeeS=\xc8\xd8\xef\xf9\
\xdf\x8eu\xf9\xb4wM\x99xj\xa1\xbf3\xf0\xbf\x97\
\xff\x81=\x8a\xeb\xb8\xe3\xff\xe1\x1az\xc5\xff\xd8\xaf[\
\xec\xf9\x1f\x8d\x15H\xe3Q7\xeb\xe8b\x10\x9a\xb5\x0e\
_\xde\xce%\xf1z\xe2K\xeb\xfd\xdf\xd7/\xdf\xd5\xb3\
\xfec\xb9\xcf\xbdS\xde+7\xe6\xb9}\x9f\xe7\xc5\x09\
\xaf\x19\xf4\xcd\xd3\xa3B\xa1P(\x14\x0a\x85B\xe1_\
\x8e\xd7\x1aH\xa8`\xdb\xe4\xab\x8as\xae\xcd0Q\xd7\
\xc0B\xc5h+(P \xc8v\x91\x81\xc8\x07\xa8\x18\
x\xf5wB[\x81\x1a\x0c\xd92,/\xd1\xe0\x19l\
\xd8\xd8\x00\xa2\x07\x936:\xe0\x95J\x5cR\xc9\xf4+\
\x13\x1b\x98M\xc8\xbeZ\xf2\x22*\xb4#\x0f\xe69\xb5\
\x91\x89=(Bi\xba\x1e\xf7v\xb6\xc0&\xb9DS\
\x07\xaf\xfe\xa1\xcf\xd8\xbe0xlX\x19\x87\xe5]f\
\xd3\x9eH\x08\xfb\xc1\x1f\xbd\x04\xf1\x1d\xf3\xf8~\xf2\xb6\
\xbc8\x86\xaf\x7fP1\xc9\xba\x86\x02X(\x9eMa\
\xac\xa5\xf5zD}&\xe3\xbd/&\x8b\xfb}\xd7\xb6\
]Z\xb6\xa2\xd0\xdb^\xcf7'\x7fk]\xd9X\x19\
\x19\xd3WQ\x9c\xecD}\x15\x95C\xec\xeaB[g\
\xfe\x9fm\xf8r\xf2y\x16\xdc~\xc3\xffg\x02\xe6\x0d\
\xa2\xf3\xff=\xff\x0fc\x1f\x05Q\xb8\x87Hz\xc4\xa5\
\x06?z7,\x99\xeb\x8c\x08[\xb7\xfc\x8f|\x0e\xeb\
m\xfa\x10\xe5\x86\xff\xfa\xfa'J\xf1\xcd\x98\xbe\xe3\x7f\
\x5c\xaf\xb9\xe6>\xe2\xffb\x89\xc8=\xf0C\x1ba\xbd\
\xa3\xcew?e\xd6Q\x00\xc4\xf3\x8bv\x9f\xf2\x9fC\
\xbf\xc9\xd8\xfa\x8e\xff\xd1\xb5[\xcb\xc9\xe7_\xf1\x9f\xae\
\xf9\xbf^\x9f\x0f\xb5/\xbe\xe4\xfc\xb0b\xf2\xa7\xda&\
\xbf\xc7\xa1\xe9\x1c\x8c\x8b.\x14\xb3\xa9\xf6\xc3\xd5\xd9\x16\
\xacQ\xda\xf5cg\x9d\x9f\xfb\xbf\xf7\xc9\xb8\x05\xcb\x22\
x\x1ao\xb0\x8a\x9a\xc0\xbfY\xa0\xa9\xff(\x86\xff\xc5\
\xf5\xb4P(\x14\x0a\x85B\xa1P\xf8\xb7\xe0\xb5\x06\xe9\
#p\x90\xaf!\xda/\xe4\x92N\xbe1\xc9\x06\x13(\
\xd0\xc9\xaa\x91\x1e\xd8\xda\xcag \xc0A\x22\xc5\xab\x9b\
9\xce\x0cI\xc3o8\xd4\x83\x1f\x17T\x82\x7f\x9a\xcb\
\xb5uFP4\xdb\xe5\xb1\x0b\xf4\x97\xd5rI9\x1b\
H\x9f\x83\x9aL\x14\xd0:Up\xd9\x05\xe5y\x05\xfb\
C(\x06\x09n\x82\xe8(o\xef\xe2\xb3\x00+\xdb;\
aH\xc5\x11\x14\xb6\xe3 |+\x82\x12\xa5\x8f\x13T\
\xe4\xc3\x9c]t\x96\xf2\xef\x15h\xd1\x0f\xb8\xedD\xc0\
\xec\xfc\xb4\x8c4\xe4\xc4\x22\xc8\x7f;N\xb1\xfcu\xfd\
!\x22\xfe\xdb\xed\xc8W)\x89}\xdd\x1e\xf2-\xf3y\
\xe1\x9e\x1b'~LD\xf0>\xff\x96\xff;\x7fv6\
wee\xdf\xf2\x9f\xb6\xa2\xef_\xa0\xfd\x19\xff\xf9W\
\xfc\x97\x15\xd1r\x8d\x7fue9<\x0f+\xff\xed\xe8\
\xbb\x1d[\xa1\x1f\xbf\xe4\x7f\xff\xb6\xcd|\xb4\x84\x15.\
\xf5\x0b\xbe\xe7?/\xf7\xe4\xb4\xed\xad]\xcb\x949\xff\
\xcf\xe7\xb9{5\xfa\xd7\xd93y\x5c;\xa2\x9b\xd57\
\xfc\x8f,\xfd\x0d\xff\xed\x9d\xa4%\xfe\xecl\xc2\x11\xea\
\xe3\xf4\xb5\xe47B9\xdd\xf2\xff\x8e\xb3aI\xe9?\
\x91\x8c\xe1\xc1@\xff\x17\xf9e\xd5\xdf6\xe7\x95\xe3\x85\
\x170\xe7\x8b\xce\x81n\xaf\xce\xcc\x07\x17R5\xeb\xea\
x\xf5U\xeb\xd6ll\xef\xa5\xc8<\xdf-\xa3^\x9c\
+27\xca\x1e\xfa\x15\x0a\x85B\xa1P(\x14\x0a\x85\
\x18//\x06\xf6\xc9;\x9bU\x96S\xac\xfd\xcc\xb1\xad\
X:\xe7\xech\xe7\xfd\xdf\x0bm\xf2\xdcnv\xfd\xc9\
(K\xa3\x12\xb6\xaf\xe0X\xe6\xf4\x12l\xd8\xa0N1\
\xc2\x9a\xd1\x0eL#\xf2\x81\xccZ\xd6\xd6\xc4K\xf0\x9f\
C\x83\xac( \x95Wb\x8c\x84\x8d\x9d\x16f\xd9\xad\
h\x92m\xb6&\x16A\xca\xfb\xb4\xb4 [-\x14i\
\xfc\xc1r\xa2\x93\x8f\xae6\xf3\xb7\x04oNd\xe1\xc0\
\xf78\xe0\x8bm\xfaU{^\xa0\x88\x04\x0b/\x84\xd8\
<*\xf0K\x1a~\xed\xf9F\xb8\xf0HW\xe8\x19Q\
|]}\xe8\xeb\x92\xe37uJ~\xbf\x9d\x89\x16O\
DF\x14\xe0\x16\xbb\xf0\x17\x95\xdb\x9f\xe3=n\x04\x81\
[\xc1\xc0\xaf\xce\xd3O\x0e\xd2\xc4\xf6\xcb\xe4{\x9b\xe8\
+\xf2u\xffd+\x16\xcf\xb0\xbc\x15C\xec\xc3\x96\xbe\
-~\x84\xfc5\x8a\x8d\xe4\xcf\xc4\xbc\xa8\xfc\xfe\xfaq\
#\xeege}\xb9\xec\xd8\xeea\x11\xbb\xe3\xaf\x90\xff\
hs/\xa8\xaf\xfc_\xdb\xf8\x1b\xfe3\xadc\x8d\x83\
v\x88\xed\xbf\xe7\xbf\xbdf\xfe\xd3\xfc?\x95\xfb\x9f\xe2\
\xbf\xb0t\xe4r\x5cE\x03\xb4\xb5\xed\xfd\x91o\xe4t\
\x15s[|\x96\xc9l\xea\xb8K\xf2\x8f\xed\xd7\xd5\xfd\
\x9f\xc3:\xe2\xbcq\xda\xbc;\x1b\x1f?\xff\x8e\x0d_\
\xbe\xd9r\xb6\xe8\xb4/\xf26\xbb9\xa7\x8a\xfa\x19\xff\
\x83\xeb\x83\xccA\x87\xad\xe6\xdc\xe9^\xbeO\x8c\xfa\xdb\
X\xe7\xa0\xad+\xe6d\x7f\xa4{\xf5\xb9P(\x14\x0a\
\x85B\xa1P(\xec\x01Ki\xda\x08\xc4\xc9\x09\xc5\x8a\
9'\x17\xbd\x95[(@~\xac\x85\xaf!\xd4\xe0I\
D\x00/\x86h\x80AK\xec\xd2\xab\x88D\x00\xf5\x81\
]1\x15lZ \xdeh9I\x9f\xdb\xb4\x0f\xbcV\
\xc4\xe2&[5<\x14\x14N\x88\x82\xea\xb9=\x84R\
i\xfb\xce\xbe\xf7M\xd2\xf0\x13\x9ab\xfdg\xed\xd9i\
\xd3\xc6\x81K\x9d\xb1\x80\xb1\x175L[F\xfb0\x1d\
\xcb\xdd\x08\x89\x91\x10\x14\x95Y\xc4Q^W\x07\xfb\xfa\
\xc4\x87\xcc&\xe6\xf1\xab\x02\xf1\x13\xf3F\xe8\xaf\xffP\
\xfb\x22v\x9d\x84\x9a\xddx\x0d\x1f\x94\x9c\x84\xb2\xb0\xad\
\xb1\x10\xd0P\x90\xf3\xc7@\xd0;\x09\x7fQ\xfd\xfe8\
\xf6\xc3.\x0f^\x0b\x22\xbb\xc8\x7f\x0b=\xee\xd3\xc8\x89\
\xc9XO\xe4\x93nc_\xc6\xb6\x08DgkG\x05\
c;\x06x97^\xbc^\xaf\xb7d>)|8\
d\xf3\xa2\xcd\x08O\x04\xcc[1;J\xdf\xf1?\xba\
~\xd0\x91\xff\xb6\xdd\xad\xad\xed\xf9\xef\xe3\x7f4f:\
\xfe9\xfe\xafuc\xca\xa9\xad\x91\x8f\xce\xc2\xa8\x0b\xff\
6}\xf0\x88\xff\xfd\xa1\xcb\x9e\xffq\xbf\x9b{i\xda\
6N\xef\x91\xbe\xbe\xe8\x81\x00\xeec\xf1\xdf\xde\xff\xa3\
1\x8a.\x9e\xef\xff=g6V\x8c\x7f#\xef\xc9e\
\x11\x8d\xfdJ\xed&\x93\xcb!\xf9\xf2\xfc\x97M\x15S\
+&^\xae\xa5\x92\xab\xf7\xc9\xb8OS\x06\xf7\xaa\xac\
!\x8c\xc7Wx\xc6\xc7>\x9f\xd7\xcc\xb5\xa5^}}\
\x0f\xa6\x9f\xee\x9b\x85B\xa1P(\x14\x0a\x85B\xa1\xe3\
\xa5\x81\x8d\x06\x16\x9fI\xb6\x04\x8b\xb0\x12D>e\xf2\
\xff\x09 \xe1\x07\x09!<\xf8\xec\xe8D\x9d\xb4\xb0\x84\
\x1d#\xca\xd0:%(\xc1 \xcb:+\xc1\x92\x1cs\
ZN\x22f\xc8\xa7\x0d\x9c$\x0c\xc2rFtta\
\x8a|\xc5:\x0bb\xb5>\x17\x00R\x1a\xab:;.\
\x10\x0b\x02\xf3H\xcc\xf0\xfb\xbbz\xe4\x5cc\x99%\x00\
\x0e\x9c5\x9e\x9d\xe3eS\xa7\xf8\xd8?_\xf4\x04\x99\
`\x13\x09\x98\x99\xb8\xb8\xb3+H%\x87 \xe0'\x8a\
\xc5\xa8\x9b\xf2>\x7f$f5P\x04\x19\x84CD\xf4\
\xf5\xfe\xc8\xf6N\x98:\x89\xbb\x98\xd7\xb5\xea\xb3\xa2O\
\x04:+\xca\xb0\x11V\xe4\xbd\xd9^tA\xffvA\
\xfcN\xc0\xc4\xb276\xf0:G\x81\xc0\xebEG\xcf\
\xc7o\xf8\x7f\x83\xcc\xce\xff\x18\xffS\xe0\xf8\xbf+\xb3\
\xf2\xff\xbb\xbe\xb9\xe3\xff\xfe\xbc8\xc3f7\xf6\xca\xdd\
/\x1e\xf0+*\xf3\x94\xff\x22\xaa\x8e\x1b\xae\xf1\xf1\x9f\
\xe5\xbf\xfd4\x9c\x1b\x7f\x9fo\xf4\x04\xe3.k\xaf\xf5\
\x03\xf9x\xe6\xae\xb9\x87\xfe\x09\xffW\xc4\xf7\x7f\x1c\x17\
\xfc\xf9\xad\x08\xbc>\xfc\x8e\xffp=\xfc\x15\xff\xf5u\
\x13\x91?\xcd\x95\xcf\xf9\x7f\xe6\x0c|_\x8d,c\xb4\
\xbf<\x93\xd4G8OaU^%fH\x1e~\x0e\
\x91\x9c\xc9~\x0b\xc4\xdf\xff\xf7\xf6\xdb\xfcw}\x98\x00\
yp>\xeb\x9e\x87\xe0\x1cy\xb6\x89\x9e_\xdb\x0a\x85\
B\xa1P(\x14\x0a\x85\x7f#>\x91\xac\x0d\x22G \
&\x81\x85\x7f\xbf3L\xe2g\xd0\xd1\x82\xaf\x8d\x93]\
\xe94\x01A\x8f\x06-6\xd8\x9f\x01\xc6\xf8\x87\x17\xbb\
m\x8aF\xb8\x02{\x0aL\x9bxJ\xfc\xfc\xf98\xe6\
=\x86=\x17L\xc7b\xea\xba\xca\xc7\x94u\x02C\x84\
P\xc8;\x00\x03\xf3\x93},\xb3\xd8\xc0\xe0iQ\x99\
y\xd6\x13\x05\xe8\xc4\xe7\xba\xad\xa8\xc1\xdb<Q{\xb2\
\xe0n\x0d\xf6x\x9b\xd7\x8bm\xfe!\xc1\x14N\xc3v\
X\xa12\x12\x062<\x11)^#8\x97w\xc1\x8e\
\x91~=.\xc2s\x94\xe0$\x9e1\x08\xb52\xce\x85\
o*\x82\xac\x02\x11\x07>yq\x04\xcf\xc3Z\xa7\xe6\
\x89\xb6\xbd\xdd\xacMk\x11\xf5\xce\x8b\x981\xd6\xd5\xc6\
\x99\x98\xbak\x0b_\xf3\xff\xfe<{\xbb'\xfbY\x99\
\x5c \x5c\xcb\xec\xc7\x16\xbe\xaa\xc0\xfe\xdd\x882;Q\
\xf0\x9e\xfft\xc5\xff\xc9s7n\xc9\xb5\x13\xdb\xf6\xdf\
\xc5\x7f\xf13~\xe82\xfas\xde1\xf3\xf3\xffw\xfc\
\x1f5\xf1\xca\x9b.$6\xf3z\xa0\x08g\xfe\xc7c\
e\xc7\x7f\xb9N\xe7\xfcgj\x17\xf7\xff\x1d\xe7\x98\xdc\
}i\x0a\xa7:O\xf9K\xfe\xd3\xaf\xf8/m\x0e\xc4\
w\x22\xf3@\xd0\xdb\xb0~\xe6\xed0\xd7\xbe\xe0\xda\xfa\
\xe9\xcb\xb1\xaay-o\x1f`\xe0\xcc\xb1\x8d<\xcdX\
\xd39\x07\xf65~#-\x1av:\xe7\xb2\xbe\x8d\xee\
\xa5\xa6\xd5\x9a\xf3\xfb\xd9\x1f\xc7&\xd7\xacCd\x7f\x97\
\xc4\xde_p<\x15\x0a\x85B\xa1P(\x14\x0a\x85=\
^\x1a\x5c4\x10\x8c\xa3`f\x04\x8aml\xcb\x8a\x1a\
\xb7\x12$\xde\xc6\xd5&\x18|\xfa`\xf33\xc5\x1fY\
p\xb5\x0ez2\x8e;\x1f\xdf_\xf9\xc5U)\xb8J\
\xc6\xb4b\xf8#+\xb0\xd0\xae\xd9;\x88`\xbbc\xb8\
\x8aJ\xfc\x89\xf3\xaf_\xf3\x8e\x84\xae\xd3\xca.\x14\x0a\
o}\xc4\xf4,\x88j?\xea\xcbM\xc0\xfd\x17\xf0\xed\
\xf7\xf5\x8f\x14B\x914*\xef\xfd[\xec\x19k\xab0\
\x8a\x82kfG\xd2vu{\xac\x82\x0a\x9b\x87(\xd6\
.\xcf\xd5\x8e;\x1bX\xe6g\xacN\xbcA&\xd4F\
\xe6C\xf1\x9e\xf98\x1ev\xfd\xd5}Xy\x86uE\
\xe3_\xd3\xd4\xd6{Uv\x9b\x22\x11\x0a\xe6DY;\
v\xfd\xf4\x17\xfc\xf7uF\xc7|\x9b\xbf\xe3?]\xb7\
%J\xcf\xf8/\xafQ\xf8=\xff\xd9\xfd\x11E\xdcE\
\x1fN\xe3l'\x5cG\xfe!\xe7\xbdp*\xa2&\xb3\
}\xf5\x8f|Z;\xeb\x0f\xc0E\xf7\xb2\x0c\xdb\xfbE\
\xc0\x1b\xcf\x7f\x5c\x09\xca\xa4\xa2\xb4\x94y\xc6\xffv\x91\
.\xe7]\x1e\xb8\x82m\xd6o9\x18\x1f\xbf\xe2\x7f\xfe\
\xca\x93\x90O\xcd\xae\x0a\xef\xf7\x7f\x14\xe1\xadM_\xff\
\x13\xfeS\xd0\x1f\xf3w1~\xc5\xff\xb5\xcd\xf4\x0f\xf0\
\x9f\x8e\xfc\x8f\xb3\xad\xfco\x11es..\xab\xa5\xf9\
3f\x08WM7\xfb\xad\xb7\x88\x0b\xbd\x18\x1b\x9b\xc8\
;\xa9\xad\x7f\xaci\x9f\xbc<k\x04\xdb \x86\xbbS\
,\xdf\xfc\xb3\xb7\x99l\xec\x16\x0a\x85B\xa1P(\x14\
\x0a\x85\x1b\xbcT\xf8\xf0A\xb9\x0b*z\xb4\xa0\xabQ\
x.\x0a\x1a\xe5\x9d\xb0b\xbe\xf6\x88\xa2\x83$c\xa0\
\xb1\xe6a)J\x10d\x19\x1b<?\x98mPaW\
\xcf\x04mY\x17\xeb\x90\x0f,\xa36\xf9\xbcY\xa0\xc9\
.(\x8fW\xf3\xdd\x05\xc2\xfe}\x9fZr\xb5\xed\xf3\
y\xbf\x16;Xo\xb3b\x0a\x93\x15\xc5\x9e\x8a+\xba\
R\x88\xe9\x06Q\xe0\x89\xc2X\xfcNQ[\xde\xf7\x05\
e%\xdc\x03\x02\x143#\x11$\xf3u\xb1\x7f\xd1_\
(\x1b\xb1\x09\x88\xd7\xf6x\xf1\xe1$\xbaEe\xf08\
z\xd1\xed\xd9\xfd(o(.\x05\xe2\xdc\xd3`<\x14\
\x1a\xd2<\xd1\xab[\x94G\xf8\xeeW?\x0e\xb2\xf3w\
#\xbe\x9d\xda\xb4\xe3\xbf\xcf\x97\x1d\xfb\x86\xff\x99\xed,\
\xdf\x15\xff7\xfb\xdf\xf1\xbfm\xf8\x9f\x0b@\x91\xa0\x1b\
\xf3\x7f\xad\xfb\xc4\x7f\xcc\x1b\xed3%\x0fA\x96\xf2\x92\
\xdb\xf2V\xfb\xeb\x19\x1f\xb21z\xcb\x7f\x14C\xef\xf8\
\xbf\xaf7\xc8i\xca\xcc,N\xa4\xbd\xbb\xd2\xdbzV\
\x1f\xf8\x22\x8f\xcd\x8d\x1c\x8a\xf9o\xef\xb9\xdf\xf2\xdf\xdc\
\x1d\x99\x97)\xc43\xfe\xdb\xfb\xff\xeae\xc7=\xff-\
\x8f\xbc_\xfe\xde'\xe9>_\xb4\xaf\xfd\xc5\xeb\x5c\x0a\
}\xf6s\xa7f\x13\xdb\xfcaB\xd9'\x98?\xae>\
L\x9e\xbd\xeb\xc7\x1fr$k\x97\x098\xc7\x98\xc7\xcc\
\x94\x9c\xddq\x9c\xdd\xcfb\x8f\xe9(\xc3<hf\xd5\
N$\xfb\x1c\xe6\xc9\xc8/\x14\x0a\x85B\xa1P(\x14\
\xfe\xbdx\xa5\x81\x0d\xb7u\x1e\xcf*\xd6}>Zs\
?\xd4\xa2\xc1\x01\x9b\x80\x08\xc4\xe8\xa6\x81\x87\x8dcc\
\xf1\xa0\x99\x0d\x9e\xdb<\x02\x8dfc\x9a\x11\xd0\xadV\
\xfc\x0a\x17Y\xf1\xad\xf5\x8b\x0f#\xccJV_\x11\xe5\
\x01~k\xfe'u\xd4\xa7xU\xd9\xda\xdeL\xa0\xf2\
6P\x04\xf1\x02df+KS\xa75\xe8j\xb4\x17\
\x85#\xa0\x8f\xef\xed\xf7\xea\xbdP\x10\x0b\xaa\x8e\x82\xf7\
x\x9b\xd3\xbaO\x82JKD\x12\x1c3\x8c\xfd\x00\x01\
xdoWW\xea\x0bpH\xd22\xd1\xf0FH\x92\
s.\xf9Q\x84\xda\x8br^@\xdb\x8cI\xf8\xc3\xf7\
\xbf\xa2O'q\xdc\xefGc*\x16\xa3\xf0:\x22\xe3\
=\x12Gh\xda8\x8d\x03\xcf\xa7\xe8\xbc\xe5\xfc\xa7\xe5\
\x01\x06\x05vL+\x86h\x1f\xa6\x1f\xd22\xfe\xa3\xe0\
\xd7\xe0B\xb6\xe3?\x13=\x12K\xfe)\xfe[\x8f\xfa\
\xa7\xdc?\xfa\xc3\x86\x06\xdbj{\x87[\xfe\x9f\xcaF\
\xfd\xd7\xa2\xbe^\xad\xc0\x18\xa5kQ\xf9\xaf\xf8/\xaf\
\xf0\x91\x07\x89m\xdc\x18s\xfe'\xad8\xe4\xc5\xf7\xbf\
\xa3O\xb3\xff\x02\xff\xa2\xfd=\xff/\xae\xe3xm\x86\
\xf3\x93\x8f\x03\xdd\xfe+\xfe\x8b\xab-\xf0\x11\x91\xd9\xf9\
\xdd\xfd\x7f\xdd\xee\xd7\xc5\x8d\xad\x9eH{\xe05w\xc7\
\x7f\x7f\xef@\x1f\x87\xcf/\xe8\x9c\xc0\xbe\xee\x13\xdc\x7f\
\xa3\x1f\xff\xf3n\xc3|\x92x\xbc\xcac\xf4\xd5\x98\xbd\
\xccW\xc5\x89\xb0M\x91/m\x8a\xcd\xf3\xb6/\x9d\x08\
}\xf9\x19o\xcd\xae\xa6\xf7\xf7\xa0'\x1c+\x14\x0a\x85\
B\xa1P(\x14\xfe\xad\xf8D\xf8=\xc0q\xb3\xf3\x11\
\xcc6\x11\x8d\x9b*\xc7\x1aB\xe8+8\x22\x81\xb5\xdb\
\xee\xfbS\xaafJ\x04Z&\xc2\xafL\x0e\x07\xc6\x14\
\x9f\x1aE\xc1\xddy\xd5\x15\xc6\x14\xe2\xa7\xb4\xa0\x7f\xbd\
Y\xde\x13\xd8L\xcb\xf0\xeb\xa7(\x18J\x9a\xf7\xdfx\
\xe5\x02[]\xbd\xe7\x83\x98v%\x90`=R\xd3\xfb\
G\x910=\x13'24R\xe1\xb2\x7fmu\x04]\
\xd3S[\xef\xac\xff(\x04\xe9W\xb5}`6\xfbE\
\x13\xd6c\xdb\xfe\xe0\xcd\xb1\xd5\xdfY\xff\x10(\xd0'\
\xdb\x0e\x156\xb1\x0e\x1c\x03\xf8\xb9\xab7\x0bF\xdf\xe9\
\xf2~g#\x9e\xd0]\xbf\xfa:\x22\xfb^H\xcb\x85\
\x03Z\xd2\x8d\x08\x03\x7f\x99\xd0\xfc\xa4Ov\xfby\x9e\
\xfb\xfe\xd8\xed\xbf\xb1\x08V\x03\xf8cn\x8bP\x86\xe7\
\xde\xf7\xb7\xd8r\xfb\xd3\xeb\xd6\xcc\xe7\xb4\x05i\xb2M\
\x81\xa8\x9c\xfd\xe1\xeb\x0eX|w>\xb2\xf3\xc3\xf8\xe5\
}\xbc\x1cw\xcf\xf8\xafy3\xfeG\xfbv\x9c\xf1\xb2\
\xed\xf1\x84\xff8v\xdb\xa6\xdd\xdef\xc4\xff\xdd\xc8<\
\xf1\xdfs\xe6o\xf9O4T\xb8\x99\x8f6}\xef\xd3\
o\x8fk\x1b\xc8\xec\x1b\x1f\x9d\xbf\xb4\xd9\xcf\xf3<\xe7\
?\xd3\x0d\xff5}\xc7\xff\xf5\xfe\x1f\xd7\x89\xf7L\xac\
\x0f?q\xf5~\xfc\xf0\xc1\xfa\x96\x8dl\xac\x17_\xcd\
b}d\xb2\xfcq6\xa0\xee\xfd\xb8[\xe7;\x22\xf2\
f\x1e6rc\xbc\xd9\x95\xc2K_}\xa6x\xa3\xfd\
\xc1<\xb25x\xf0\xf3\xc9\x85\xe3Y}\xe4\xc0\x07}\
M\x1c\xd8d;\x17t#\x95\xf0A\xde\xfb\xd0\x0f\x8a\
\xd7$<\xa5\xd9\x17O\xe6n\x85B\xa1P(\x14\x0a\
\x85B\xc1\xfc\x08a\x0f,\xdeB4\x06\x0d\xba\xb2i\
\xacLy\xaf\x1cf\xcd\xff)O\xf6\xd7\xd4\xd7\x10\xc5\
\xbe\xe7\xaf\xd7IV\x14\xc6\x98\xee\x07&\xf6R;\x04\
\x90Y\x10\x8b\x82\x99?\x86\xc1\x86\xae\x8e\x19*\xbb\x08\
\xa6\x14CV\xe2\xad:\x94\xf3c#\xd2I\xffD\xc1\
\xb6\xcf\xaf\xbe\xb9\xfa`\xcb\x0b\xd9\xd1*\xa9=x\xca\
\xfa<\xc4l\xf9\xf4\xaf>\xd9\x89\x146\x08\xb3\xe9Y\
\xe0.\x02\x18\xae\x90\x8c\xda\xde\xdb#%8\xb4\xb5\xc3\
\x14\x8c\xd8\x06\xd3>\xf07\xf9\x9dx\x85\x88D\xde\xa8\
\x8d\xabo<\xf8\x13\xe7\x15\x7fN\x22\x90\xdf\x16\x1bQ\
\xba\xda\x7fA\xbe\xfc}\xaa\xaf\xf1I\xd99cN\xc7\
\xc17\xc1\xb7\xf6/\xbb*\xf9\xb3\xca2j\x8b-\x97\
\x1f\xcf\x8eE>\xf8<8\xd2\xa6\x98;\xc6\x115\xfb\
\xc0\xeb\x05\x82$^{r\xfe\xc7b\xdb+\x18\xa7[\
\x81u\xf8\x02\x99S\xfe\xefX2W\x8f\x06\xf5K\xfb\
$\x1f\x93\x15\x84\x8c\x8dd{'\xdc\xb5k\xfe\x0bO\
\xed_\xfcZ\x16\x0a\xeb\xcb\xf9\xbf\xe6\xdf\x8e\xb3G\xfc\
_\xafYY}\x7f\xc5\x7f\xe8\x1d\x1d\xb7\xae\x0f\xa2\xf2\
(\xd4\xb7k\xfekm\x99\xdf\xbb\x1e\xb0\xa2p,\xfe\
F\x22\xe8?\xcd\xff\x08\xbb\xbe#\xf9\xa3\xef\xf9/\xe3\
\xc5\xdf\x1f\x8f\xdc\x85m\xcb\xff\xf5\xdef\xea$\xbd^\
E\x0fF\x86\xd5\xe0\xfe\x8f\x16V?h\xb9\xff\x93\xad\
w\x0e\x88~\xecMa\xb9\xbd\xbb\xaag\xfe\xd9\xa7\xe3\
\xfe9\xc77^/\xb0\x0e7fx\xce\xed\xe4!4\
\x5c\x9b\x18-4c\xb7\xb9\xc5\x0d\x8d\xda2/\xd9\x9d\
\xd7B\xa1P(\x14\x0a\x85B\xa1\xb0bF\xf1\x18T\
:mcN\xd4\xe5k\xbe\xef\xaf#\x12\xbe\xa2\x83\x5c\
@D\x04+\xf3\x88(\x14\x9f\x83\x1f\xe0\x91\x9c\x0c{\
M,J^\x22\xfdq\x9b\x1e\xb9\xcc\xa0\x82$(\xc0\
\xda0(\xf3B\x07\xa5\xe0 \x22\xda\x06\xb9\xc1\xf1u\
U\xd29\x10\x96\xfdU\xfc\x90\xb6\xac\xf9\xfdj\xa8\xc8\
\xe6\xea\xaf\xfa3\x85\xa5yB\xe8\x88H8b>\xb4\
\x01L\xbf\x8fe?\x98\x85\xc2\xe4\x93\xc0\x0e\xfb\xdd\xb4\
g\xc9g<\x09md\xe7\x12\xd3w\xe2\xdbl\x8b\xac\
\xc4z\xbd\x88\x83\x8e\x8d\x04\x00_\xd7\xf2Cd|X\
\x95\x07\xed\xb4b\xd1\x9d\xd0\xe2\xfd\x13\xe0\x8a\xc1\x1bD\
~\x8a_o\x01\xd1\xf2?\xf6\xf1\xa6\x9d\xbe\x1e\x9f'\
=\x06\xa2\x1d\x91\x1d\x09;\x91\x8bZ\xfe*\x17\xac\xef\
\xc4\xc1\xc8?\xd9\xcf\xda\x10\x89\x84_\xf1\x9f\x83\xf7\xc2\
\xb6\xb6\x5c\xa9\xa2\xfeAnyq\x17m\x9e\xc6\xda\x9e\
\xff\xf95\x04r\x9a=m\xc6\xbe\xffw}s\xcb\x7f\
\x12\xf1\x0e*\xe7\xd0~\xbf\x8e\xc9\xb7m\xa2\xfa\xfe\x19\
\xfe\xb3\xe8j\x87|\xfbcw\xfc\x8f\xaf\xf39\xff\xd7\
\x95\xe9\x99\x1f\xed\xc2\x7fc\x8b\xee\xf9\xbf\x1b\x07\xc7q\
I\xae\xd5\xcc\x7f\xc4\xff\xf8\xbe\xf7\x8c\xff\xeb\xb7\xb6\x82\
\xc6\x84\xb6\xd1\x8f\x83\xd3P\x1f-\xdbs\x8e\x17\x16\x1e\
s\xb6\x1fq\xc3\xfa\xaa\xfd\x88\xf7\x06\xa8\xba\x7f%\x8f\
\xbc\xf4\x0c\x97\xb1\xd9\x9e\xa6K\x18\xa6\x1d\x99'\xea\xbb\
>\xf4S\xba\xad\xcfqi\xfe\x18!sTO[\xc6\
r\xa1P(\x14\x0a\x85B\xa1P\xc81#\x97>\xd1\
\x87U+,\xe9\xba?\x03\x15\xb7\xa2\xd9\xafH\xe9o\
\xed\xe0\xb9\xca\x04\xde\xea7\xf2b`\xd9HW\xa0(\
t\xe5&8C#(\xe9\xebw\x86\xbf\x0d\x84,\xc8\
\x03\xfe\xf4\xd7U\x80\xe0=\x85.\xf4!F\x14\xc8-\
\x82\x80\xf1;\x0a\xa4\xf6bA\xba*\x8d(\x5c\xf1s\
*\x1f\xe5\x81\x03d\x82=\x8aC\xcd+\x01\x8b\xbdL\
\xc5\x890m\xbf\xba\x8e\x82\xcb*\xbe\xd9:N\x88\xc4\
\x05\xde\x96\xe7\xad\xd0\xb2[\xc5vs|6\xa2\xe18\
\xd3\x01\x1f\xad\x5c\xf3\x90\xf1\xb5\xfb\x01\xaa\xbco\x98(\
\x12s\x83\xbaPH\xcc\xfc\xc9\x04\x9b\xfdx\x8c\xec\xc1\
h\xbe\x08\xd8\xc3~\xa5X\xac\x8dDC\xcb\xff\xd7\xd2\
Vo;\xeb\xcd\xc8O\xcf\xff\xd4\xe6/\xf9\x7f\xb2\x9b\
\x95\x8f\xf2<\xc5\xcd\xf9\xf1+\xc0\x99@\x9ccNy\
\xb8\xe7\x7f<\xc6r??9Iy\x1d\x8c\xfd\xc0\xf7\
\xd5\xces\xfe\xb3\xfb\x14O:\xffm;\xbc8&\xdb\
\x7f\xcf\xff5\x9fh|\xbbv\xcb\xf6\xf7\xfc\xb7\xf7h\
\xb4g\xcf\x0a}\xc1\xff\xd56\xfa\x14=\x1c\xc0\xb1)\
\xfc\xb7\x0f\x84\x9f\xdf_\x04F\xf0\x9d\x19\xfb\xde\xdf\xf1\
\x9f\xd22\x7f\xc1\xffS\xcbw\x02v\x9f\x92\xf9\x07\xfd\
RP\xeaG_\xec\xf19\xa7c\x22]\xa0\xd0\xe7\x94\
\xbd)\xeb\x1c\x82\xdcLEde;&\xc9|\xcb\xc8\
\x97W1z\xe4\x93E\x14\x8d`\x9dCS\xae\xc0=\
\x9c\x9a\x9cKZ\xda]\xe2s\xa1P(\x14\x0a\x85B\
\xa1p\x87`\x05t\x87N\xbc\xf5\xef3)\xd7\x18\xaf\
\x07\x0c3[\x9f\x99\xab\x99(\x10\xd0\xb4\xb7(\xccF\
\xb8$\xad\xbf\xa1\xd8\x8dh3\xc8\x909?\xbe\x17\xb5\
\xb5UHx\xe7\xee_\xe9oP\xa7\x0f\x22@<\x00\
\x9f{\x00\xbd\x8aM\x8bhB\xb6\xdeE|eN\x03\
y\xc9\xe3aW\x0f\xedE\x19\x0c\xc2#\xfbj\x05\xc4\
\x93\x17oE\xb7g\xe2\x8f\xf5{nK&\xb7z\x0b\
\xdf\x89\x19\x09;\xe7\xf0X\xf1\x11\x030\x08Ms\xde\
\xd9\xcdD\x83\x9bU\x93\xb3\x96\xff\x8c\x19/R\x9eD\
\xd2]^_G\xe05Y\x11.u\xb4\x0b\xd1X\x92\
\xe3\xaf\x11gc\x12\xfd\x11\x8e\xa0\xb0\xa3\xa2\x1a\xfa\xb4\
r(\xeb\x1f\xd9\xce\xda\xeb\xcf\x0f\xda1+\x13a[\
\xde\xc1,B\xd4G\x94:\x094\xbc\x7f\x9fo\x96\xf6\
\x97\xfc\xcf\xfc\x8a\xea\xbe\xe2?\x8a\xa7\x9b\xf6\xdf\xf3\xff\
B\xf8\xc217\xb6\xcf\xfc\xbf\xc7\xfe\x87\x0e9\xf8\xdb\
\xe3\xb7\xfc\x17\x1b\xbc\xe5?\x87BV\x9c7\xae#C\
\xf6\xd0\xad\x1b\xa1!\xaa9_\xff\x11\xfe\xc7\xe5d\xeb\
;\xfe\xf3\x91\xff\xe1\xf6\x7f\xc6[#\xbfRXV\xa4\
\xc7\xe3\xe2\x09\xff\x87G}n\xf2\xc7\xfc\xe7$\xdd\xfb\
\x93\xf3\x7f\xadw\xfaD\x94>|\xb6\x0f\x0eW|\xae\
\xab\xc1\xfd\x7f\xa8\xd3`\x8c\xcc\xc3\x97\x06\xf31&i\
O\x93\xe5\x04*Nkq\xd8R\x01Y\xfc{\x99\x1f\
:\xd4\xf9\x1d\xd1\x81/\xe2;\xb6\x01\xea\x9e}8?\
t>)\xed>]G\x0b\x85B\xa1P(\x14\x0a\x85\
\x82\x85Y\x01\xfd\xd1\x97\xc7\x9f|+\xf2\xfd\x15D\xf3\
\xce\xe4\xa6\xef\xd43\x81NWa\xe7\xae\x847\xba\xaa\
\xa5\xa7F\x02\xb1\xd4?g\xfb\xe9\x9c\x1e\x03\xbb\xfe\x8f\
}\xaf.\xae\xcc\xe6i]\x17Fa\x90\x96Y\xd6\xbc\
\x12\x84f\x9e\x18\xa1+\x08\xba\xed\xca7\xdf\xee\x18F\
\xc8\xa23\xe6*\xb3D<@!_\xc33+\x0aG\
\xe5\xb2\xba\x14p\xbe\x02pb\xf3#\x02\xa6\x01\xf7]\
0\x97\x05\xf3q0Ma^\x9bg/\x06\xefV\x06\
\x8a\x98)\xa3\x1d\x03X\xbf:/\x12zNb!\xd6\
\xb7\xae\x08\xc3\xcf\x0e\x14\xf70'\xd6}3\xb6\x9a{\
h\x80i>=z\xc0\x14\xd9\xf2v\x8d\x8f'\xf1\xcb\
\xff1/Bs\xd6\xa6HT\xbc\xe1\xe1\x8e\xff\xdeN\
\xce\x7f\xdb\xde\xb3\xbdOi\x8a\xb3-\xbd0\x05\xbf#\
\xff\x93s\xf7=\xff\xef\xb0\xf4\xcb\x7f\xf8\x1f\xad\x9c~\
\x22\xe4\xdc\xf0g\x11\x92\xe6\xf6\xca\x9b\xdf\xf0\xdfoC\
A\xfd\xa3\x8c\xff\xd9y\xbe\xe1\x7f\x8c\x88\xffR^>\
?c\x86\xee\xce\xf53\xfe\x9b\x1a\x09\xc7(\x96cZ\
\xefo\xc7\xfe\xb4\xb9CNg`\x9d\x00\x18?b\x7f\
\xc1\xcf\x87\xfc\xef\xd4\xed\x13\xa8\xef\xf9\x7f\x97\xcf\xfb\xb9\
\xe7\x7f\xfe\xe3\xc7\x0d\xaf\x9f_\xf1\xdf\x8b\xf1\xfdm\xcd\
2?\xf8t\x07\x1e\xf7b\xbc\x9b\x99d\xf6Uz&\
\xd2\x09*9\xfe\xb4)e\x13>t!\x9c\x9e\xae\xf5\
\xbc\xe7\xb8\x0cy\xf1\xc24\xe7\xbfP\xb5\xfca?\x16\
\x0a\x85B\xa1P(\x14\x0a\x853\xdc\x0ah\xd9v\x99\
|\x14\xd1D\x00&\xea\xaf\xc8\x1b\x01\xfa\x12X\x10\x04\
\x04\x90\xcf\xd4\x09A\xde\x08\x8e\xe7W\x22\xc9H\xce\xd6\
))g\x02+r\xb6\xd7\xf4\x08Ly\xc0\x17\x06v\
N\xb4\x89\x82Y\xd1\x1e2\xe1\xe2\x14\xb8\xa0HA\xa1\
p\xef\xf3Yxq\x80\xfb\xce\x92/z\x9d\x80\xb7\xb9\
\xd8J~\x94\x11\xf3F\xad\xf3}\x85+\xe7\xa4\x8d7\
\x82\xec\xb2\x82\x929|\x800\x8f\x93\x15~|_f\
\xed\x95c\xd9\xaa3\xdd&\xf2\xe2ET\xd6\x04\xfd\xbc\
_a\x87\xab\x0bW\xe1\x9f\x92~tmi\xe7\x1f\x8d\
\xbb\x09\xa0wcD\x04-r\x02N\x86\x9d8\xca=\
\xaaW\xd1nc\x95\x03\xffo\xb63<\xe1?\xb6W\
\xdb\xef\xed\x11\x9c_oc'0\xdb|^\xc4\xcb\xf9\
\xef\xc7\xb0\xb5\x93=\xc0\xd0s\x1b\xd5m\xeb\xf4\x02j\
\xd4g\xbb\xbe\x9e\xe77\xc8\xcb\xe2\xb4\x17&\x83\xbc\x9e\
\xff;~\xe6\xe7O\xcf\xa3_\xa1\xff\x9c\xff-\xad\x9b\
\x99M\x1b\xa6\xf8j\xf8\x9f\x8b\x9f\x19Go\xf8\x7f<\
?\xe3^{\x12\xa3\xcf\xfc?\xf3k)\x87\xbe\xa0\x88\
\xdbnE=\xc6K\xc50\x93\xf3?fI\x5c6\xf2\
\x17\xb7\xdb\xf1\xfeO\xf3[Q\xec\xe6N\xb2\x7fw\xff\
\xd7\xbe\x22w\xad\xb4\xf9VD\x9c\xe5\xaf\xef\xff\xe4l\
\xb9\x03\xae^;\x03\xe0\xa3]M\x08\xdag\x84\xe4a\
\xf9\xa7\x0d\xbbC\xe0\xe6dnH\xe4\xfa\xbe\xdbh\x04\
\xe7m\xcea\x09\x16Z\xd8\xfa\xcd\xba\xea\xd6\xeb\xf5\xf7\
\xee\xec<\x14\x0a\x85B\xa1P(\x14\x0a\x05\x05\xd3\xff\
\xf9\xaf\x1e\x86\xb3N\xae\xf5\xa0\xfezx\x9f\xa9\x8f\xf4\
\xa6k\x5cf\xda'\xaa\xc2\x92\x12@5\x17\xe02\xc9\
\xeb<\xf4}\xd0=_\xff\x91C&\x1b\x12\xc3k3\
 \x8cT\x9f\xf4\xdd\x81\x22p\xd8|\x1a4.\xef\xaa\
&m\x00\x1f\xba)\xdf\xa3%\x18\xf1\x01[$\x86d\
e{\xe2\x83\xbc\x07\xf4~Y\xfd\xf9&`j-\x16\
kgp\x1b\x04\xc7\x8b\x10\x90\xf4?\x1e{\x7f\xe2\x0f\
\x94\x85b\x92\xb3\x19\x9d\x83\xa8\xbd\xd9\xb6o\x93oC\
Tw\xf73?\xb7\xde^d\xeb\x049\x7f\xad\x9d\xeb\
\x88|\xcc\xe0\xfb\xf8\xd6\xae\xf5\xeb\xbb\xa0\xdb\x9f\xeb\xd9\
?\xf4=\xb2q\x80\xc7\xa5\xbe\xe7x\xd6G\xbe\xae\xa7\
\xfc?=\x98x\x82H\x9c|f\xc7>h\xd1b\x22\
\xc4\xd0\x14\x81\xdaW\xfc_\x8fe\xfc\xa7M\x9fD\xe7\
\xe0\x19\xffm;%m7\xa6\xc4O\xd9\xce\x90\xf1?\
\x96 \xbd\x98-\xfco\x8f\xf8\x7f\x82\xedc+\x19\xde\
\xd8\xfd\xee\x1e\xd2\x96\xb2St\xa6o\xd1g\x22\xdd\xe6\
\xf9\x9a\xfe\xa9\xef\xda\xee\xa5\x07\x09\xff\x89U\xac\x94\xba\
\xbd\xf9{\xfe\x8fW?<\xec\xf2\x95\xff\xed<\x96\x92\
\x94\xcc\xd7\xcf4\x0cn\xff\xfa\xaa/Ik\xf3\xb5i\
s\x8a\xe7_\xae\xf1\xd3Di\xefSD\xd8\xff\x99\xfd\
\xa9\x9f\x22\xf0K\xfd}\x18\xc0\x8b2>\xbfp\xf8\xc9\
\xacc\x03\xda\xfe\x1f\xabd\xba\x93\xc1\x97\x8f\xcd\xf6q\
t\xf4\x98\xbb\x96\xbd\xe7;:\xee\x0a\x85B\xa1P(\
\x14\x0a\x85\xc2\x1d>\xcb_p\xb5\xcd\x04\x0a\xcb\x0c\xb3\
s\x82tIk\xfb\x1f\x93\xca\x82\x9ewZ\xf2\x8d\xe1\
q|\xca\x93\xce&\xacn\xb1\xb1\xde\x7f\x92\xf4\xdd\x8e\
Zv]\x894\xdb\x11'\x8f\xc0)\xf81 \xf0=\
\x16\x96\xd6\xaf\xdf\x9e\x02b\x9e\x1eS\x22\x92S\x18\xe8\
\xec\x05\x09\xf4\x96\xaf\xcb\xe5\xf9\x98\xbc\x90m\xb6\x9b?\
G\x14\x0aR\xae\x86\xf0X\xb4\xbah\x0a\x16\xe3/Z\
\xe1e}\x8dmO\xc1#\xa8\xc3#\xb2\xdd\xeb\xee[\
\x22\xc2\xda\xe0T\xdb\x80vd\xa5Y\x18\xc0'P\xc1\
\x8f\xef\xcb\xb5f\xfa'+\x93\x95\xdf\x9f3\x1dO\xa7\
1\x14\xf5G\xd4\x86\xf7\xfbYy\xf8}c#\xcb\xb3\
\x13\x0a\xe5x4\xfe\xf4\xdag\xff2\xfe\x1b\xdf\x13~\
?\xe5\x7f\xe4k\x96\xff\x94/\xca\x1f\xf9w\x03\xdf7\
\xebX\x5c_\x85\xf0\x8c\xff\xf1\xb1\x8c\xff\xe2\x09\xda\x8e\
\xf9O_\xf2\x1fkx\xa7\xed9+6\xbe\xe1\xbfj\
\xdc\xfe\xbc\xda1\x18]s\xbd\xfd\xcc\xb7\xec\xd8z|\
\xdey\xc8\xab\x8f;>\xedp\xcb\xff\xb9\x9a\xfdk\xfe\
\xab?r=\xce\xfc\xc5{\x08\xa6S\xe8\x7f^\xa7\xa4\
\x9f\xf8/\x8a\xb1\xbeo\xda\x96\x8f\xcafi\x0d\xa6<\
\xf3\xef+\xfe\xaf+\xfe3 \xcfq_\xb9Bs\x80\
F\xfd\xd5\xb7Q\xb4\xcd\xfcmd\xb4y\x9d\xf8\xcdW\
\xa8\xc9\xb5G\xd2>\xe3\x09\xe6$\xb6{\xe5\xd5\x1f<\
\xb7\xa7\x17\x9f\xed&\x1eIG\xd2\xf2-\x00qA\xec\
4{\xb0\xb5\x12\x9f\x0b\x85B\xa1P(\x14\x0a\x85\xa7\
x\xf9\xe0\xb9O\xf6\x9b\x9f\xcf\x93\xddm\xa4\xd3x2\
\x93\xffX\x08\x8a\x83\xf4\xb9\xe2\xc5\x1b\x99eh\x03|\
-\x05\x98\x98\x0a\x85\xe4\x99\xd6(2\xf7^i\xd3f\
a\xb0\xce\x04.\xc2\x8fh\x99<(\x9a\xac6\xf4X\
;\x8a@X>[\x11\x15\x09)Q]hc\x0a7\
\xfc<`j\xa18\x12\xa4o\xc4\xae\x18x\xa2\x88b\
q0.\x85e\xbc/\xbbs@\xae\xac\x17\xbc\xbc(\
%\xfd\x86\xde\xce7=\xb3}%J&\xb6\xe0\xb1\xac\
\xefoE9o\x83\xdd\xdf\x0b\xcesf7\x12\xf5\xfc\
\xb1x\x9c\xe0\xf9\xe2\xad\xd8\x18\xf3\xdf\xdaE\x9fw\xb8\
\x15\xb9\x221g\xb96\x04\x22\xf3\x1b\xb2\x82}Ww\
v\x0e\xa3<\x99\x9fg\xfe\xb7\xed\xb1\xdf\xf0\x7f\x97\x7f\
\x87\x9c\xff>\x9f\x1e\xb7\xe2\xd6\xcd\xb5\xe0\x9e\xffhu\
\xfe\xf8l\xd3w\xd8R\x8b\xae\xe4\xe7\xfa:Oi\xe1\
\xbf\xad\xd1\x96\xff-\xffQDd\x8a}\xf6\x02\xe0\xee\
\xf4E\xe7;\xb7\xb7\xe7\xffi\xf1\xef\xf7\xfc\xcf\xfd\xf9\
\xec\xd3\xfe\xf8\xc9\x8f\x1b\xceb]\x1fyr\xfb\xce\xec\
\xfe\x97\x89\xd1\xb7\xfc\xa7\x16\xbc\x8a\xe7\xf5-\xff\xf5\x1e\
D\xbf\xe2\xff\xe6\xbe\x13\xf8\x14]\xff)\xca\xc7\xde\xd2\
:\xbaq\xaf\xc97\xe4`.\x08/\xbc \x0b=\x8e\
\x0b x\xe1\xc7\xbeN\xe1\x1d\xfa?\xf9\xff\xc9\xd0h\
\x99-\xb2\xed\x0b\xe6|,\x14\x0a\x85B\xa1P(\x14\
\x0a\x85\x18/\x0d\x16Q\xb0\x19\x13\xf8%\x22|g\xd0\
\xf4y\xb8/\xf4\xb1\xef=\x5c\xd0H\x05V)\xaf\xab\
\x945\xeem3\xed\x13\x14`\xf5l\x1c\x19b\xf9{\
u\x19Y\x7f\xa8\x07x\xe8\xcb\xfa%_vF\xd5\xbf\
(\xd0\xf4\xab\xdd\x22\x81\xdd\x97}\x22\xaa.+\x80`\
;\xb2\xf3s\x0c\x9c-\xf2\xf3b\xf3\xc4\x81{\xdc/\
y\xfd{\xdb\xd1\xb1\x9f\xddRx)\xbf\xado/b\
\xed\xea\xc7 \xdd|\xf5\xdf\xe6\x0a\xcf\xad\x8c\x89L\xcc\
\xc9\x84\xa0\xbc/9\xf9t\xa2\xdb\xa1\xad\xf8\xe9\xb7\xa3\
<\xbem7\xc2x$\x88\xee\xc6\x19\x8an\x99\xcd\xc8\
\xc7,\x8f\xf8i\xdfc\xdaky\xa7\xbd\x8bg|\xc8\
lf\xf5\xee\xf9O_\xf3?\xca\xfb{\xfe\xaf\xf8\x1d\
\xff)M\x83\x9a\xa1~\xecs\x15\x87\xb2\xe2\xb7\xfc\x0f\
k\xf5\xa2\xaa?\xae\x06R\x072\xfe[\x0b\x0c\xf7\xc6\
\x7f\x86\xff\xf1H\xf5\xd7\xb7\xfdJ_\xa2\xbf\xe0?\xfd\
#\xfc\xf7\xed\xc0\x16O\x9b3\x17m\x1f\xf8\xca~\xcc\
\x7f\x1a\xfc?\x8f\xf9;\xfe\xd3\xd7\xfc\xbf\xbd\x02<\xe3\
\x7f\xd3W?m\xec\x98\x12\x0f\xf9\xbfrE\x8e5\xdd\
\x0fl\xbc\xcc\xf5\x16\xf2\x0b\xfd\xa2\xfe~\xff\x17\xd2\xdf\
sO\xf3\xe3\xc4\x09_\xf9\xb1\xd4+)n2\xa9\xed\
\xa4>\x0beyh$\xfb\xc3\xa0\xccm\x9b\xd8e\xe7\
\x1b\x1d\xee\xe7\x85B\xa1P(\x14\x0a\x85BA\x00?\
B\xa8+\x8eg\x9c\xd1\x5c\x9816q\xcdV#\x9c\
\xc8C &\xff\x9ay9\x06V\x1aH\xc0\x1b\x9d?\
\xff\xea\xfb\x02\xd9\x04B\xb2\xc5\xc6b\xb3+_ \xa0\
6\x01\x97\xf1\x83\xa1\x9dm\x1f\xc4\xf5h\x1c\xfc>\xbf\
\x17\x14\xf3J\xda\x12\xa0,\x82H\x1c\xd0\xa6b^\x10\
\xf0\xa2@r\x82\x17d1\xc0V\xfbLQ\xa0\xe5W\
\xb2\xe6\xab\xac\xac\xbf\xe8\xb3\xaf\x7f\x1b\x1c\x8boi\xbe\
<\xe8>\xd5\xb1\x139\xd9\x88%y\xf9L\xdc\xc9\x80\
c\xc8\xd6\xeb\xc5\xa632\xe1\x0b?o\x84C\xf5\xad\
\xa7\xd9\xcf\x1cG\xe1z\xf3\xd0A\xcad\xc7\xf7\x81}\
$\xd8`Z.\xea`Z(\x04zQ\xf3\x1f\xe0\x7f\
V\xb7\xb7\xf3\x8c\xff\xf7\x22\xc8\x1d\xff\xd7:#\xbf\xcf\
\xfcG\x91V\x7f<\xae\xb5\xd5F\xe6\xeb\xa9?\xd6\x1a\
?\x05{\xd9M\x1d;\xfe\xfb\xfd\xb8<\xfd!\xff\xd5\
\xf7\xd7m;\x7f\xcd\xff\xd5\xb7~\x1f\xed\xd7\xbf\xdb\xd5\
\xd0R\x9f\xef\xa3l<\xec\xf8\xcf\x04\xe7\xfc\xc2\xf7\xb5\
\x8e\xf8\x9d\xe0Q9\x1c\x1f\xb3t\xc8\x7f\xed\xcbo\xf8\
\xaf\xed\x00\x0e\xd0\xb7\xfc\xc7\xb9Z\xb3\x0fY.q\xe2\
?\xa5\xfc\xd7j,\xafx\x1e\xb735\x9e\x9b~~\
\xd9\x9a\xce%mu+\x9f\xd0-/\xeb\xc7\x8f\x9d\xfc\
\x8fT\xb3\xb9\xd5Mn\xe8/\x10\x92\xbcGZ\xf5k\
\x19\x838\x17\x90\xf9%\x15\x0a\x85B\xa1P(\x14\x0a\
\x85\x87\xf8\x08\xd08\xc1\x7f\xa3\xcf\xb9\xfb\x0c\xfb\x95\xbd\
/p\xc6\x158\xb1\xc7\xaf\xd9\xbb(E6\x9a\xd61\
\xcb\x0c\xa1\x1aB\xd9q\xdc~uU\xd7KC>\x5c\
aGk\xbc\x1c\xc7\xf1\xa3m/\xde\x04\xa9P\xb0\xed\
^)\x10\x97\xf7\x01\xea\x5c\xa55\x02Fko\x15\x0c\
N\x02\xd5\xea\xc7\x08\x96\x89\xcc\xe3\x01\xc2\xd5B\xae\x5c\
&^\x9c\x841\xa9\xc7c\xbf\x8aQE\xcdi\xe3F\
d\xf9D\xa9\xf0\xa5\xdc\x86\x01\xe0*\x90\xa2\xef\xef>\
\xdf\x89\x05\xd33/\xd4\xe0@j\xab\xdd\xd8\xcdXL\
\xda\x03\xc6\xee\xa6\x1d\xe4D\x12?N\xb0\xccIP\x95\
\xfaV\xb1\xb6\xbf\xa7\xd4\xf7\x85]]x\x16\xecD\x10\
\x99\x7f\x8c\x8f\xab\x9c(\xb3\xf1{\x15`\xd8\xfd\x91\xd9\
n\xed\xce?\x84\x8c\x0f\xf4#B\xdb\xf2\x9f\xc2\xf2\x19\
\xff\xb7\xc2\xdb\x1f\xf0\xdf\xfbs\xf3@\x08\xcb\xde\xf2?\
\xc2\xed*f\xcb\x7f\x7fN}\x19\x0a\xcf\x91\xff\xf4\xc7\
\xdf\xf8\x96\xff\xd8oq=\xeb8\xfc\x8e\xff\xb4\xd4\x87\
i\xb3\x86pL3\x88\xdf*\xb8\xdd\xf1?\x12\xf8\xd6\
{\xd0\x1b\x9f>$\xe0p{f;;n\xcf\xe9z\
\xfd\xdb\x09\xa1\x11\xd6\xf3\xe4\xaf\x1f+<\xff)\xe5?\
\xc1XU\xff\x9e\xf2\x1f\xcf\xa5\xb9\xac\x81M){\xe6\
\xbf\xe5+\x1b\xa3d\xec\x84\xa59~\xb8\x9a\xf3_\x8e\
\xd3\xf2\xb0D\x90\xad\xcaV\x7fH\xe7R\x0c\xa2\xb3;\
gP\xa2O_\xdcX\x91C6A\xd3g\xd7\xbe\xfa\
\xdctR\x04\xbcnmd\x9c\x0b/d\x1e\xca\xfa\x82\
9|H\xc0\xcd]\x8b\xf6+\xe2\x0b\x85B\xa1P(\
\x14\x0a\x85\xc2\x0aP\x97\x1a\x888\xd4'\xee\xe3?\xf2\
\xc1\x12\x06\xbeLK\x90 \x99\xbdx\xd0\x05)\xd8\x9e\
\xe9<\xfe\x85\x0a\xc0\x86I\x9a\x0eN\xaf{N't\
\x09\xde\x9aH\x16\x80|\xfe\xa0.\x14\xc5\xd7-\x1f\x18\
\xba\xaf\x85&A\xc8\x12\x18/\xc2\xf3*\xae\xac\xe2[\
\x8cU\x9c\x83z\xa9\xc1\xaa\x1d\xba\x0a\x90z\xdbT\x8c\
\xbc\xc1Yx\x81\xf7p;qc\x07\x06\x9b\x1c\x1c\xc9\
D\xecH\xd8<\xb5}\x11E\x98\xb6ve?\x12n\
\xbc\xcd\x1c\xbabl\x15\xc0\xf5\x9d\xe3L\xf9\xb9\x8b\xfa\
\xf3F\xf0\xc1q\x83A\xb4\xc7N\x18^\xd2)\x90\x0f\
Z;\xf6\xa3\xa6E\xbc\x88\xdf\xbf\xba\xfa\x9a\x8f\xf3\xb7\
(\x1a\xf9\xb1k[\x06/\x0c\xed\x04'L\xc7\xcf]\
\x1d\xdf\xf3?\xb6\x85\xfc\xb8\xe7\xff31\xe5Fx\xf5\
\xed\xca\xb9\xc1\xcb\xdf:6\xb4\xaeo\xf8\x9f\x8dS,\
{\xb2+\xfb\xbf\xe3\xffj#\x13\xbd\xf7\xfc\xe7_\xf0\
\x9f\xfe\x8c\xff\x11\x9e\xf1\xff\xb3\x15\x19\x99\xb6\xd0nf\
\x83\xdd\xfd\xf5-\x8a\xb6FG\xfe\xcbu6\x1emX\
\x86\xd2k\xd23\xfe\xe7y\x9f\xf1\xdf\x8em\xef\xcf\xde\
\x96\x9d? _\x90\x85;\xc4c/\x1b\x83\xfd\x9f\xbe\
\xdfV7\x96\x95\xd3~e\xb4\xe4j\xe3\x1e\x1d\xf1\xd2\
d\x9csS?;\xa2>\xc1\x05\xff\xf4\x87\xaae,\
`V\x82\x07\x9dR\xefiL\x16\x0a\x85B\xa1P(\
\x14\x0a\x05\x8b\x97\x06\x94=\x81\x99@$\x96Iz\x83\
<\xba\xca\xa5\xc1\xb2\xe5\xb9\xa2d\xa0\x0d[^\xe4\xb5\
\x80}\xc6|\xb4,\x8a\xf9L\xf8\xfd\x1a\xe7@8\x9c\
\x05\xa0=\x14\x08\xbdS\xc00\xa2\xb7\xcd\x83\xc02}\
5c\x0b\x83\xfaS\x10\xc9\xa4\xe2\xfd.`\x8d\xd21\
\xe8A!\x1cW\xe5\x98\xd7\x9a\x9c\xa2G\x87\xb7\xf0|\
\x0c\xa4\xda\xba\x1a7\xf7\xd9\xe69\x05\xd6\xb3\xef\xc66\
'\xf64\x18\xbc\x13yvu\xe1\x0a_\x19\x0f|\xd1\
q\xa7\xf6\x9c\x03\xfeX\xc4%\x17\xd0G\xe3\xd0\x97=\
\xadR>\xd5\x9d\x09:\xa9\x985\x8eO\x81\xdc\x1d\xdb\
\xf9\x1f\xc3\xaf\x86\xf5<\xda\xaf\x96\x8f\xce\xc3N\xbc\xf3\
\xe2L\x843\xff\xe9+\xfeGyv\xf5\xfa\xfaW\xfe\
\xdb\xbaw\xb6O\xb89_\x91 \xb9\xf3\x19\xf3\xdc\xf2\
?\xaa\xa7\xa7}J\xd3_\xf0\x9f\x12\xfe\xdfbm\x8f\
\xe5\xd7\x8d\xadL\xf4E\x7f\x16^\xa9\xfa9\xf3\xad\xfc\
\xa7Gu\xdf\xf1__\x1b\xc1\xc4W\x02\xdc=\xffW\
\xf1\x12\xef\x1d\xef\x94\xd7\x7f3\xffi\xcb\xff\xb5\xbe'\
\xfc\xd7y\xcb+\xf4-v'\xe2?\x19;\x0d\xd4\xf1\
\x7f\x8e\xffk\x99\xe5kgf\xbe\xe8V\x097\xcb\x97\
\x16\xbc\xe2\xad\x97mp\xbc\x99\xba\xe5\xfe\xfc\x03sK\
\xbcg\x9by\x22KJ\x0b|l\xf0\xcej\x98\x072\
\xe9t\x90\xad?\xcc\xcd\xcc\x83o\xc7w\xa1P(\x14\
\x0a\x85B\xa1P\x18?B\xd8\x81\xc1[\x9f\xd0\xeb\xea\
g\x1031\xe8\x92\x7f8\x10\x19\xd0f\x0b\x82\x8d\x91\
\x82uF\xc08j\xca\x83\xce\x97Y\xb6a9\xfcj\
\xbad\x12\x1fU\xaci\xe65\x1f\x22\xe8\x92\x11\xd2\xb0\
]o\xf4\xaf\x9a&\xe2\x5c\x12p\x1a\x89\x22\x08\x94)\
8\xe6\xd33\x11GC(\xd3Y\x8b\xfdL\xf0Pa\
\x87([)\x16\xf9NA\x1a\xea#>@\xcfD\x0a\
\xdc\xc6z\xd6\xd5M\x1c\x8an\x91\xbf\xfe\x98O\x9b\xe5\
\x7f\xc4\xe1\xfe\xe7\xcf\xf5o\x03\xcc6\xc7\xddl\x85\xf1\
\x01e\x97\xf0\xdc\x06}\xe0\xd3\xf31\xc4\xa18\xe6q\
#\x08.e(>\xbfw\xa2*/\xdbY]\xa7\xf1\
\x86eS\xf1\xce\x097\xb2\x9fq6\xb2o\xf9\xbf\xbe\
j\xe2$x\xa5\xf6\x93c\xfe\x8c\xdd\x88\xb8\xa7\xbas\
\xfe\xb7\xd4\xc6\xe9\xb8O\xf3\xfdL\xce\xff]\xd9\xe5Z\
\xe0\x04\xd0\x98\xff\xfd\x98\xd6\x8f\xd7\xa0=\xff?W|\
9\x97\xd2\xce_\xf1\xdf\xb0\x99\x94\xf7\xeb\xb7e\xc4\x07\
S\xfa\xc0\x7f\x06\xbfc\x1f\xc7]`s\xfd\x08\xbd~\
\xc0\x7f\xbc\xc7|\xcf\xffS]y\xfb}\x1a\x96\xcd\xf9\
\x8f\xd7\xe1{\xfe3\xd8\xff\xcd\xfd\x7f\xc7\xff\xe6L}\
s\xff\x1f9\x16\xbf}\xddg\xfe\xf3\x05\xff\xb5>2\
\x9b\xfd\x06:\xf36\xc9\xeb\xaf\xc1m\xa6Iz4\xf7\
x\xb1_ \xd0\xd3\xe6\x9cm\xfc7\x17@\xa0H=\
9\xe7\xc5\xedf\xee\xc3o\x07\x7f>\xbf~\xd8\xfa\xbb\
\xa0G\xd9Yg\x13Q\x1f\xcc4\x19O\xe4\xdaP(\
\x14\x0a\x85B\xa1P(\x14N\x98Kp\x981\xb8\x18\
A\x97L\xf0m\xcc\x10\xacZ\x91U(\xe4V\xae\xa8\
m\xcd+9g\x89\xb9\xc5\xb8o\x04\x06\xf5\x09\x8f\x11\
\xf9\x80\xb7\x19\x1f\xe7\xb1\xa6N\xccUL\xac/\xfe\xb0\
qY\x9bN\xfb\x80WW\x1c\xc5\x02U\x14\x08G\xf9\
O\xc7N\x01\xbb\x15\x1c\xd4\x8e\x04f\x99}\xbfRN\
\x8e\x9f\xfc\xeb\xb6i\x91/#\xb1\xb7\x9b\xcaWwg\
\xe2\x01\x11\x05\xfd\xbd\x8a\x12\xfeX$\x1eD+T\xc9\
\xd9\x16\x8b>\xc8\xf5B\x99\xaf/\x0b\xe8\xe7\x03\x8d\xe0\
\xdcg\xc2\x0c\xfa\xe1\xeb\xcbp\x12\x14z}d\x03\xed\
\xa8\xceKa\xcaJ\x80\xb1\xb5H\xe8\xf5vP\x8c\x8b\
\xace\x22P\xd4\xde[\x81\x0dm\xb0\xe3\xffId\x8c\
\xea\xc8\xc6\x9c\xae\xee\x9b\xcagj\xeb\xb3\x8f\x7f\xf3:\
\x04=\xd2\xf4\x9a\xe8\xf3\xa3\x1fK\x1d\xadm\xc5\xb4\xdf\
\xf0?B\xcc\x7f\xcbS\x9f\x7f\xc7\x7f\xac\xf3|\xec\xb3\
\x07\xf6x\xeeG+T}y\xdc7\x16\xf0<b\xfe\
_\xf3\x9f\xae\xf0\x84\xff\x9f\xf3\x1d\x94\xd7\x87\x8a\xdf\xd7\
s\xcac\xbe)\xd2l\xdd\x99\x9d\xdd}\xed\x96\xffL\
\xdf\xf0\xff\xbd\xad\xf7\x84\xbf\xe3\xbf\xbd\xbe<\xb9\xff\xdb\
{\xdd\x99\x13\xa7\xe3r\xdd\xcf\xfa\xf1\x8d;\xfe\xf3\xe6\
\xb8\xf7S\xe7\x89\xcb\xdc(l\xd7\xda^\x15\xa5I\xbf\
'\xc7x\xac\xd7\xdb\xd0\x1fb\x9d_\xc2\xf5Mv?\
\xef~\xa6\x88s\xb0xa\xce;_d*'{\xf9\
\xb6s\x03\xdf\x8eB\xa1P(\x14\x0a\x85B\xa1\xf0\x04\
\xcc\xff\xf7\xff5\x0d\x90\xe3\x15\xa6F\xc8]$\xce\x91\
\xf6\x99\xf3\xf3\xc8$A\x01\x06\x07#\x90\x91\xc9}\xd3\
`\xe2\x93\x83\xc9\xach\xe9?\x0e\xa3v\xd8\xd9\x1cN\
\x0e\xd1\x1b\x85\x04\xb5a\x82\x07B!PrJe/\
u\x8a\xd6\xb2\xd8\xce\xc7\x18Kf\xd0\xcf\x9e\x1c\x8bY\
\xb6\xe8.\x0f/[\x8d\xd6\xfc\x99\xe8\x93\x05\xacy-\
\xc11f\x17|\x7f\x17\x94}\xefA\x0c\xdf\xe6T\x00\
n\xb6\x0d\x9f\xda\xf8\xeek\xe3q\xbf\x12\x04\xb8\x9c\xe6\
\x13\x96h\xae\xfb:|z\xdf~\x11\xd1\xbe\xff\xdf\xf9\
\xde\x02\xc4n\xe5_R\xf0\x97\xc1\xb6\x15rP\xa49\
\x8d\xfd\xdbzo\xf3\xb6_\xb7%\x86\xbd\xea\xe5u\xfa\
\xedO\xd9+\xfe\xcb\xf9\xdd#\xb2\x99\x8a\xbe\xcc\xbf\xee\
\x8f\x95\xff\xff;\x80\xf73\xbb\x1f\xe5\xcb\xf9\x8f\x1cm\
I\xd9o\xd2\xc8X?\xb5\xe3\x86\xff|\xb0\xd6\x05\xe9\
\xb70\xaf\xe2\xf4_r\xa6\xd1\xcd\xd9\xff\x8e\xff-\xa8\
-\xcb{\xf0rcs[\xee\x179n\xf8o\x9f\x7f\
\xef\x1f\xb8m\xbd\x98\xf9\xd5\xab\xfd\xfd\xff~l6\xb3\
%\x5c\x91k\x09\xcd1e\xf3K^\xd9k\xa4\xcf,\
\x9a\xf94\xed&\xf7:\xb6\xb9?\xca\xb0\x96i\xce\x9a\
\xb4\xaf\xbf\xd2MM\xf7\xa9g\x9b>5\xfa\x19\xeb\x12\
\xc6\x83\xfb\xf7\x8f\x0f\xf2\xcf\x9c'N\x0c\xf7\xed\x08\x7f\
>\x86\x0a\x85B\xa1P(\x14\x0a\x85\x02\xbc\x82\xa3\xb5\
\xe0\x07\xd1\x9a\x08\xb7d\xa2qY]\xec\xc3\x8d\x10\xad\
\xdb\xee6\x87\x01\xd2\x15;\xcd\x18W0\x83i\x5c\x9d\
B6@\xeb\xbe\xac\xd5\xce\xe2P\xde\xaf\xacQ\x7f\x9a\
)u\x12\x9f\xbd\xd8\x92\x89/\x1f\xa9\xbbGi\xd4\xbe\
\x08,q\xf5Qk\xf6\xab\xb2\xf38\x1c{\xfdG\xa8\
\xbaYIv#:3\xd1v\xc5%\xa6\xdf\x06\xf6\xa1\
\x9dT\xb8\xea\x1e<\x11\xea|^\xff\xa9\x96\xe5U.\
\xf6xk\xedZH\x0bW\xb5\x0d\xd1+3a\xfcl\
{\xd1b\x97\xb6\x8a\xcfRoK\xcbK\xfa\xae?\xd9\
\xa5\xcb~\xbe\xe2\xaeE\x16\x88`M)\xd6\xe9\xdb\xb0\
\xeb\xef\x9bsr;6\xa2\x87j\xf8\xb9\xd4}\xf8\xfb\
\x88\xf2d\xf9\x91y\x10\xb53\xf7\xdb\xd6d\xf9\x8f\xd7\
+=.\xe3\xad\x0b\x8c/\xd2\x1f\x10\x95</\xf2c\
R\xae\x1b\x0c\xb5F\x1e\x80\xc3\xe6\x98o\xc7\x13\x01\xf0\
&-:\xfe\x9c\xff\xc8\xef\xb8\xdc\x89\xff\xbe\x8f\xcc~\
\xc8\x7f;\xbev~\xee\x9a\xfd\x8c\xffr\xcf\xa29.\
)\xad_\x0fe\xfd\x19\xdd?\xce\xfcg\xf3\x9f\xf7\xfb\
w\xfc\x8f\xfb\x03\xdb\xf9\x9c\xffz\xec\x06\xd9\xb8\x1f{\
\xdbsy\xcb\x7f\xd6\x02\xa6\xec\xee:\xe8\x8fu\xfe\xab\
\xb7\xef\x7f__\xdc\xff}\x8b\x1b\xf0\x1f1m\xb6\x9c\
c\x84+\x0e\xc6\x9c2<\xec\x12\x18\x1f\x1e\x11\xbb\xbe\
b\xb354p\xbd>\x8e\xfb\xf0\x8e\xff\xba\xf8\x81>\
\xe2\xb3\x0a\xcd\x04$\x0f\xfcu\xf6\xb29F\xa1P(\
\x14\x0a\x85B\xa1PX\x01\xdf\xc9\xecJ\xad\x08\xc2c\
\x0eO\xf2\xa1+Uz\x82\x0d\x86\xf4\xdd|\xb2\xad\x01\
\x15\xe9J\x19'\x16\xcbW\xa5\xbbA\x0aV\x99\xd0\x22\
\x1aOo\xdb\x94X \x00\x8cD\x01\x1a_\xc9\xb4\xc7\
\xb7Ak(\xa4\xe6Qf\x14\xa4[\xfb]\x08\x92$\
\x0c,\xa7\xf5\x83\xa8\xade\x183\xe9\xb1\x17\x93}\xed\
\xc9*RX\xbf\xee\xdf\x15\x8aAt,\x8e\xa08\x96\
\x0b(\xa6\x8e1F\xa2\xaf\x05G\xe7i'\x16dA\
\xa0\x1f\xa3\xfd\xdf5\xb0\x96ve\xe2}\xd6O'\xf1\
D\xb6#a\x5cD@\xb1\xe3\x8f\xedlJ{P\xf4\
\xc7r~<\xfac\xdb\xfe\x1a\x7f\xec\xea>\x8dOL\
\xeb\x9f\xb6\xbeHt\x89\xcf\xbdker\xfe#A'\
+\x9f~\xf5<\xcaO7@\x91G\xdag-X\xae\
\x0a\xff\xf3s\xec\x9b\xa0}x.\xa3}\x0c\x1e\x1e\xf9\
oE\x98\x17{\xf1\x10^\x0d\xd2/\xe0V\xccs\x8e\
\x9c\xce\x87\xf7C\xf2\x9c\xc6\xc0\xdf\xf0\x9f\x83?\xbdf\
}\xcb\x7f\xfa%\xff\xd1\x8f\xe7\xfc\x0f\xce%\xfak\xf8\
\xff\xba\xe6\x7f&t>\xe1?\xf9\x87\x1d\xbf\xe6\xbf}\
}\x0f\xfb\xfa\xdb\xfe\x01P\xc6\xff[\xb6\x7f\xaaH\x8f\
\xac\xdcS\xfbv?;\xc7\xd2\x1e,\x11\xd9\xcb\xc6\xb7\
\xefc\xa2u\xd55\x07~\xa5\xe3\x9a\xd6\xba'\xc7\xdb\
\x9aO\x1f\xa8@\x9dD\xee^K\xe6~%\x1f\xef9\
\xa0i\xf7R7\x18\xa0\xf5\x9c5B\xee\xf4\x94y\xe5\
jx\x15#\xf2\xdc\x97\xf7>7jS\xe8F'x\
\x88\xd9\xeb\xbd\xb5\xd7%}\x1e\xf1\xa3P(\x14\x0a\x85\
B\xa1P(\xac\x98\xaf\xe0\xd0I\xba\x15\xae\xfa\xbcz\
\xbc\xe7\x8f\xdf_U|\x8d}\x15TeBN \xc2\
h\xa8H$_k|a\xd0\xd7P\x84\xe3i\x80\x1b\
\x83\x85q\xbc\xf5 Z\xf0^\xe9\xfb\xfe! \x11\xb0\
\xdb\xc7\xd6\xc8=\x83\x0e\x11\xc3\x09\xeaEA\x02C\x19\
\x17,JO\xb4\xf68P\x8d-\xae)\x91\xe0\x81\xc7\
>%x\x15(\xc4RZ\xfe\xe8\xaa\x0dL\xf7\xb9(\
\x14\x0e\xe2\x9c9\xb0.\x1f\x10\xdb|]\x94x\xff\xc8\
[T\xdf\xa9\xcf\xf0\x15\x13\xb6\xbe\xf1\xfe\xcf\xa0\xcc'\
}\x09\xe0\xe3\xbaV\x11\xcd\x05\xd5\xb4\x9e+\x8f\x9b\x91\
\x84Amlko%j\x8b\xa4?\xb3d\xcbN\x9e\
C==\x0f\x1d\x11\x09\x90\xbb~\xda\x95}o\xe3\x18\
\xd9\xda\x02\xa7\xf5\xaa\xa0\x9f\xfbz\xa5\xe8s\xfe\x9f\xf0\
\x8c\xff\xe7\xb1\xf8\x97\xf5C.\xbd\xfe\xdf\x9e\xab\xb8\xb2\
y\x0en8\xfc\xf7\xfc?\xf53}\xc9\xff\xf5\xf5\x17\
\xbf;/\xcd\xda\xfd\xd2\x16\xb6\xa5\x9f\xbe\xf9\xa4b\xa9\
\xeb\xe8\x91\xe1\x7f\xfc0#\x13\xdf\xfc\xb7\x95\xfe\x86\xff\
\x0d\xf8\xdf\xe7\x22\xd1y\xb8\xaf\xa7]\xd6{\xca}\x9f\
ck\xbb\xd9q\x99\xe6\xbd\xee?\x18\x07\x8f\xcb\x07\xab\
\xc7\xdd\xf1\xfd\x16\x8eg\x92%\x0e\xe3\x5c5\xeb\xdf\x10\
\xb1\xdf\xa7T\xf8o^\xbb\xf1\xc9\xf3\xd3ueF\xdf\
\xa4|/+v\x88\xd5n\x9f\x16\xe2\x95\xdf\xbe\xe4C\
\xe6#\x9f\xb2\xd3s\x10\xb2\x19\xebb\xb2s\xc9B\xa1\
P(\x14\x0a\x85B\xa1p\x8b\x8f2'\x22\x9a\xc4#\
V\xcc\x1d\xc7?\xf3p\x10z\x878acO]A\
\x82+b\x88\xd6\x00QV\xab\xcc4\x13\xc5\x8f\xb2\xcd\
d\x1e\x86\xfb\xaf\xd0k\xf0\xc4\x10W\xb7E+\xe2\x11\
|\xb4v\x170L\xab|^\xa5,\xf9\xfc\xfeN\xe6\
\x8b\xc4\xa5\xc8\xa6\x0d\xf4\xd5\x0a\x8a\xcf&\xa0\x1fm\x8f\
V\xaa\xd9\x95\x80\xfb\xe0\x93\xc9v\xe1\x13\x01$\xeb\xe3\
H|^\xf3\xf2qEQtN\xf0X$\xb4~^\
K\xd2+_|D{\xd8O\x91X\xe2\xeb\xe8\xfb\xea\
;\xda\x5cR\xe7\x8a0\xba\x1a\x87\x91\xd8\xd3\xa6\xb0\x1d\
\x7fu\xdd\xfb\x8f\xfbf\x05\x97\xfb\x93\xfc;_p\x85\
\x19\xbe\xe2a\xe5\xff\xea\x0b\xda\xd9\xed\xfb\xf2\xf8\xe9\xcf\
\x85\x17(\xb3\xb6\xf1pZ\xce\xbf\xc8\x074?9\xfd\
\xd3v\xaf\xe3\xe0\xdbvEm\xba\xe3\x7f,>Ec\
t\xcf\x7f[\xfe\x0c\xec\x83\xb0wW\xbbK.x\xd0\
\xe8\x84\xe1\xa5\xb6\x7f\x80\xff\xbe\xbe\x98\xffv,+\xd7\
t\xdf\xd7\x81\xb6O\xd7\xcb\xe8aP\x0c6\xf5d\x82\
\xed\x13\xfe\x0b\x07h\xf1K\xcf\xe1\xce%\xcb\xffu\xcc\
E\xed\xd1\xbay\x8ax\x7f\xc7\x7f\xb9\xff\xeb{\xd1\xa3\
\xf3\xe0\xeb\xc9\xfb=\x1e\xcf\xd9\xfd\xdf\xe7\xfeK\xfe\xf3\
Rw\xdcw\xcf\xf8\xaf~\xfb\xf2g\xf0e>\xebC\
j\x03\xa7gA\xd6\xcf\x5c\xad\xe9\xa7\xcd\xda\x0b\xdb\xfb\
\xab\x9e\x09\x9es\x1f\x96\x0b\xffHgS\x9f\xb9'\x8a\
o\x83\xfbs\x0e\x85\xe5\x08x4\xe6\x9a\x1c\xd9/\x14\
\x0a\x85B\xa1P(\x14\x0aG|\x04h\x0d\xfa\xdf\x13\
jx\xa7\xa1\xce\xc1'tE\x09`N\xfe\xf5}}\
vb\xce\x8b\x1dM\x97\xe8\xbe\x91\xfdzg3\x13}\
\xc9\xdfm\x8b\xb1\xb6\x1amaE\x14d\x82 \xf0'\
\x0c\xf2\xfcv&.\x98\xc0\xcb\x04aq`\xeb\x85\xc1\
\x9d(1\xc5\x8f\xc0\x0f\x5c\xc7\x83\x22\x01\xd6e\x83\xd9\
n#\xfaJ\xf2I\x84t)\xd4\xcf\xc5\xeb\x90\xcf\xda\
g\x10\x9fO\x81[v<\x13\x83\xc3rmM\xc7r\
\x99\xd0\x11\x89\x0a\xeb1\x7fn\x07\x7f\x88\x16!$\x12\
\xc4\xa26E\xe2\x96\xd8\x16~\xa2\xf8\xb0\x13j\x0c\x07\
Q89\x88\x19'\xa1&\x13:LN\xe6m;3\
\x9cD\xeb\xcc\xf6n$\xa94\xc5 XXa'\x1a\
\x8f\xcd_\xf3\xe8\x8e\xff\xa76>\xe7\x7f~\x1d\xf2\x0f\
\x19\xf0\x13\xed{\xa1\xea\xf7\xfc\xc7t\xe5\x83\x7f\xff4\
9\xf1\x9eA\x88~1[!\xef\xb2\xce'\xfc\x0f\xc5\
\xe2-\xff\xa5\x1d\xd6\xff\x98\xff\xae\xde\xd1\xae\xdf\xf3_\
\xeay\x19K\xe2\xf7\xdf\xf3\x9f.\xf9\x1f\xf9\x1a\xc3\x8f\
\xb9\xd9'\xff\x10\xff\x97<\xb4\xbf&x\xfb\xbdOs\
_2\xfe\xcb\xbd\xcc\xe6\xa5c\x9d;\xfe?\xf1\xe3\xcc\
\x7f\xfa\x03\xfe\xaf\xe7\x12\xdb\x82\xe9\xdew\x86\xf9\xdd\x1c\
\xda\xcc\xae\xbf{\x1e\xfb\x10\x01\xe7xr\xdd\xee[\xf3\
!\x00\xe3*j^\xd7*\x10\x88\xca#\xbf\xf8\xd8F\
{\xe7zgn\xa6a\xacn\xcf\xb24\xfb\x5cEr\
\xa2\xfd\xbd\xa1P(\x14\x0a\x85B\xa1P(X\xbc\xd6\
\x153\xee\xb5\xd0\xb0=\xf5aY\xa5\x02\x13w\x15E\
\xe1_\x1f\xd4\xb0\x0f\xd0D\xb0\xb66t\x05\x0b/N\
\xf8u\x8cm\xd1\x9f\x9d\xd3\x92\x13\xebh\x1a<\xf6\xb4\
\xd7\x0clV\xac\x82\xdd\x92\xc3\x04Ok\x19_\x0e\xc5\
\x04\xdc_k\xb6\xe2q\x0f\x84\x88\x02\xed3\xac\xa7\xd7\
Aa\x1bN\xc1~\xbc\xb2\xcd\xda:\x89\x15\xde\xbe\xf4\
\xf9*\xe2\xee\xfb+\xdb\x0f\x83>\xe9\xd3\xf7\x7f/N\
}\xc1\xf2\xbb\xb6\xc7\x82\x8b+\x07A\xf1\xf4M\xca\x04\
\x22XT\x8f?\xae\x878\xf4\xdd\xb7_D\x85\xe5a\
\xc8\xa1\x1f}z\x1cH\xf3R6\x1b\xb3\xbb\xbaN\xa2\
a(\xa2P<\xdc\xbd\xa8\xc5\xa6\xceuL\xed\x04\xc8\
\x9b\xb6dmB\xdb\xb7\xe5n\xf9\xefm?\xad'\xe2\
y\x96~\xc7\x7f?\x96fi:a'\xf6\xfb\xab<\
\x1a\xb7\xe7\xd5\xfa\xb2\x13s\xdf\xc8\xde1\x9c\xf3\x7f\x1d\
\xe7\xb2\xb9;\xef\x9108\xc7\xe6W\xfc\xb7?\xf0\xa7\
\x9f\xfc\x88\xff\xe1\xf9o\xf1}N\xb2\xf9\x87\x8a\x99\xbf\
\xdf\xf0\xbfO\x1a\x9e\xf1\x7f\x8f\xf5\xfeO\x07\x1e\xe5\xfc\
\xef\xf6N0\xfd;>_\x8b\xbf\xebU\xeb\x09\xffq\
\x1a\xf4;\xfe\xe3\xf5\xd0]3\xff\x94\xff\xe2\xafk\xb3\
\x9b\x7f\xe9\xfd\xdfX!\x1c\xef\xcd\xd4\x05\x13\xce\x86G\
W\xfe\xaf\xd7\x89F\xf1Pf|d\xd6\xe7\x82\xf8\xda\
7\xd75\xcd\xd9\xd5:\xdb\x17\xe3\xb5P(\x14\x0a\x85\
B\xa1P\xf8wcN\xd1u\x82-\x81@\x10(\x8e\
 \xad\x8d\x80\xe0EQ\x10\x8a\x81\x83+\x0fb\xb3\xa4\
\xf4\xd5(\xbaZ\xc5N\xfe\xc5\x96\x0a\xa9\xec\xe4\x0ao\
o]W\x17\x04V\xec\x03W\x08~\x16\xd7\xed\x8a3\
/j4U(\x5c b\x83\xcfL\xac\x10\xacv\xb3\
\x16X,b\x8e\x131\xc3\xe3-x\x15F LH\
\x90\x1c\xf9|#@\xd88\xd3\xdb\x88W\xd3f\xfd\xf3\
(\xc8k\xee\xd3\xd9\xde\xd9\x93s\x15\xfb\xa1\x22\x10\x05\
\xbe\xbe\x5c@\xfa>\xa7X\xfe\xfd\xea\x88;\x01\x93\xdd\
\xe7\x9a\xdf\x9f\x8b\xb7mc\xab\xe9\xb8\xdd\xf5\x9d\xb6\xc5\
\xd7\x8b\x7f>o\x9b\xed;\x8d\x81\xac>\x84\x11\xea7\
\x029z\xa3\x82\xd9n\x9c\xc4\xfc\xbf\x15|1\xed\xc4\
\xffL\x10\xf5\xc7\xee\xf9\x7f\xd7\xaf{\xfe\xb7\xf0x\xe4\
\xcfN\xa8\xfe\x96\xffP\xab^\xbf\xdd\xf5I>Q\x1c\
\x13\xe1M\xae\xf4\xb8O\xb4\xbf\x1e\x8a\xdf\xf8\xe9\xd3\xc5\
\xff\xacl\xce\x7f[\xd6\xe7\xe1\x84\xffs\xcc\xbe9z\
\xc5\xff%\x87\xd9\xbe\xe1\x7f;\xf0\x9f\xa1\xec(@|\
q\xdd\x11\xdb\xd2\xbe'c\x80\xbb\x91\xe5\x08\x8e\xb1\xd3\
\x032\xbf\xbf\x1b\xff+\xfbo\xf9\xbf\xda\x8c\xf8/\xe3\
\xb5\xd1\x89\xff\xf4\x98\xff\xf6\xe6u\xbe~G\xfb-\x98\
\x93\xf4\x87\xed\xb4\xdc\xff\xf7\xfc_m\xdf\xdd\xff=\xd7\
\xddXl\xf6\x98\xee\xd8w~\xd3<\xec\xeeOY\xf5\
\xcb\xfd\x1f\xefq\xfdb\xc3\xa8\xf2\x8f\xe4\xf7\x82\x8a\xfe\
\xee\xe7\xbe=\x0f\xe3\x9c\xb4\xe9\xb7\x05\xb1\xef\x9e\xde\x07\
\x0b\x85B\xa1P(\x14\x0a\x85\x7f#^6\xa8\xc83\
\x9a\xd5,2\xa1'\x5c52\xf6L\xf0N`\x9bS\
\x8d\xa9\xff0M\xb7%_\xcd\x1e\x8a\xb4\xd6\xc8\x9aW\
\x02\x16\xb4\xa3\xc1T[WAc\x80#\xab\x81L[\
Y\xff5\x81\x05\x996E\x01\xb7\x062\xbc\x15k\x88\
\xce\x22UhW\x1c\xe3\xb8\xcc.\x80L\x83S\x08>\
\xe7W\xe1\x83\x802\x13/\xa4^/\xb8\x98\xb2\x9ay\
\xda\xf7G\xa3\xf2\xd8WO\x82\xba\xd6\xf4<\xfb \x5c\
>\xbd\x9f\x91 \x95\xb7i\xb5)\xa7E\xf6E\x04\x8a\
\xec\xa3 \x94\xb7A\xeb\xd9\x05\xf8\xe1\xb9v\xf5\xd0Q\
\xd4\x8a\xfbX9z\x16\xef2a\xf5$X.\xfe7\
} \xc2\x93\xffd.\x14^\xb8\xb4BQ\xdf\xce\x86\
\xcb\x0d70\xaf\xf7\xf3\x86\xff\xfcO\xf2?\xc1\xb7\xfc\
\x8f\xfc\xf9k\xfec^\x9b\x87\xe7\x9f\x9cC<\x97\xf8\
@D\x84i\x22:H\xa3\x94\xf6\xfd\xdf\xf2_\xc6Y\
#\xbc(\xdf\xf0\x9f\x80\xffY[\xbc?9\xff)\xc5\
\xcdu\xc6\x18j\xeb\xfb\x81\xe5\x10\x05\xe9\xe2\x1b\xd6\x85\
\xc7\xf7\xfc\xa79_`\x94'\x83\xb1\xe4\xafM'a\
u\xc7\x7f\xdfFo\xcfe\xfd\xea\xfe\x9f\xf3\x9f\xcd\x98\
\xfe\x9e\xff9\x0f\xa3\xf2\xab\x0d\xfc\xa6\x99\x96\xff\x86\xff\
2G\xda\xf3\x9fGF\xad\xb3\xf9\xb9\x18[\xbf$\xdf\
<\x97\x83g\xcd\xb6B\x9d@\x97\xe0\xfe/vg\xfa\
l\xebH\x97\xaf\xf2\xf1(\xc3c\xfe\xd9\xe0u\x1f\xcd\
\xcd\xbf|]\x85B\xa1P(\x14\x0a\x85B\xe11^\
^$ks\xc1\x09\x07\xa2\xf3\x08*>\x09l\x17\xa7\
\xd0^di\xa0&|\x8a:\xf1x\xe6\x13\x819\x0c\
~T\xe4\xd6U2\xecVs\xa9_3\x18|\x81\xdf\
\x0b\xd8X\x8f\xa0+\x81Z\x98\x06\xf2\xc9\x0cR}^\
\xf5/\xb6M\xa6\x0d\xa1{K $\x01\xa2\x04\xc7>\
c(\x22B0\xee\x03\xccL(\xdb\x89\x19^X\x8c\
\xda\xbd\x22\x0f\x96\xb1\xafnD\x14\x19\x01L\xc9J\xbf\
@t\xf2\xe7\xc3\xfbm\xad\xf7\xcf%8wuD\xe3\
\xfe\xe4?\x8a\x14\x22N\x98q\x15\x08i\xdeoH\xfc\
\xf8\xf4~\xa0\xf0^i\x19\xd5\xecm\xf4?}\xd7\xec\
N\x90\x08\xeb\x0c\xda\xb2\xe3\xbf\xa4\xbf\xc6\x05`\xf2f\
9G\xe4|\xb3\x7f\xab\xf8\x84>\xacBw\xf6*\x86\
[\x9c\xf8\x8f\xf8s\xfeo\x90\xf3\xdf\xd6\xbb\xab\xeb\x7f\
\x86\xff\xb1\x9d^\xc6\xfb\x16\xd7\xcd\x1b\x1b\xbb\xb4g\xfc\
\xb7\xe5\xe2\xda\xed\xaa\xd2\x93?ha>t\xe9\x15<\
\xe4\xbf}m\x04\xf2\xd6\x0b\xe1\x99\x0d\x7f\xfeW\xfeO\
OI^\xcd\xf1\x17\xfc\xd71\xc3\x09\xff\xf7\x22\xfa>\
\x1d\x1ft[\xfe\xdf3\x0bs\xb7\xeb\xfb?\xd3\x8e\xff\
L\xa1\x96\xbb\xe3?\xf7\xae\x91?\x22\xcb\x87\xe7\xfcW\
_\xe4:\xfa\xfa\x92\xff\x1c<(\xb5m\xb1\xdff#\
\x9aw\x19gI\xb8h\x1f|\xf4S\xc9\xa6.[\xc6\
\x1fc!\x92\xads\xcc\x15\xf5\x1eGs^\xcb\xa3L\
#\x9c\x9f\x9aI-\xba8\xfd\xd2sQ(\x14\x0a\x85\
B\xa1P(\x14\x9e\xc0D-\xfa\xfeG\xf9*\x22\xe7\
\xf3l\x09:\xe6W\x15\x1b\xbc2\xc3d\x11\xeb6l\
\x97\xf7\xf3\x0e\xb1Ywv\x81\xbb\xe6\xd3\xc0\xc2\xd7\xd5\
\xa6\xb9i\xa7Y\xbf(\x0a\xa2M\x90a\x83z\xbf-\
\xfbS\xf0k\xd6\x0f\x0e\xc4TS\xd5F\x04BQa\
q\xb1\xc5\xefn\xf5b\xe18\x12\x0b,\x1bA\x06m\
\xa2\x1d\x22+\xec\xcd\x80>\x10)\xa5_$_\xbc\x92\
+\x16(\xb0n\x0cj#1\xc2\x8a\xb7g\xa1\x0bm\
D\xb62\xe1\xc4\x0b<\x22\x9cF\xf6}[\xee\x84\xc5\
U@\x8a\xfam\xe9k\xb2\x02\x16o\xf2\x8a/(\xea\
E]\xe6\xdf#{+\xe8E\xdb\xd1~V\x97H\x09\
\xda\x17tD\xe6\x87\x17\xba\xf0\x98\xcf\x9b\xa5\xdd\xf2_\
>}\x1f\xfc\x8e\xffy\x9f=\xe3?\x85\xfc\xe7\xc7\xfc\
\xb7y\xdf8\xf1_\x10\xf3\x9f6\xb6q|\xde\xf1\x7f\
\x8a\xb7D(E-\xf8\x9e\xff\xb6\xbe\x93\x00K\x81\x00\
j\x8f\xef\xed\xdf\xf2\x9f\x5c\x9d\xa7\xbc\xbe\x1f\xa3vL\
\x113\x1c+\xe7\xb1\xfc\x1d\xffi\x11\x18o\xc6\xcco\
\xf8O\x8f\xf8\xdf\xff\xfe7\xf0_\xc4p\xef\xc7w\xfc\
\x87{\xd4c\xfe\xf3\xf8\xd6\x9a\xab\x97\xad\xc8\xfe\xce\xb7\
<4\x0f\xef\xfd\xef\xbf9i\x9bi\xb3N\x86\xb6L\
\xf1Xf\xa9wB\xb7\x9c\xcaq6\x09\xb3\xbcW;\
\xeb\xe3\x10\x8e\x8c9_\xad\xfd\xe8\xfaT(\x14\x0a\x85\
B\xa1P(\x14V0\xff\xdf\xff\xd7\xa7\xd3 \xe0~\
D\xdc\xb76\xcd2)\x1f\xd3\xfe6f\xf0MW\x1f\
\x8fW\xea\x8dt\x11\x0500n\xbaZ\x06W\xef\xcc\
P\x805\xeb{\x0f\x03\xd2&\x01\x0d\x07i\x18 \x92\
\xa9\xa1\xfd\x10\x94#\xf0\xc5y\xc7\xfe5\x1eL\x1aX\
\xacA\xa1\xff\x0a\xae\x0bIi\x87\x93\xc0\xf1v\xb8\xfd\
\x8c\x95L\xd6\xa9sY\xe7\xc7Q@\x0c\x02\xce<\xf0\
=\xb7\x0b\xedl$\x9c\x07u&\x16\xa4L\x8f\x16\xfb\
\xd8cN}\x8a\x02\xff]p\xcd\x10\xfc\x86}\x17\xe6\
\xcd\xfbz\x8f\xfc<\xa1 \x16\x89'\xdf\x04\xbb\xbdM\
Z\xaf\x17W3\x11%\x12q\xda\x17>\xec\xc7E\x0b\
sD\xf5`\xbf\xdc\x9c\xcb\xadO\x97c0\xe3\xff\x13\
\xdc\xf8$+\x193\xf1\xf0I]od\xfco\x8f\xf8\
\x7fWWV_\x86\xdf\xf0\xbf\xf7\x07\x8e\xe9\xc4'\x10\
\xa9\x1b=\xe1\xff\xbe\xbf\xef\xf8\x7f?\xaeT\x5c\xa3\xb9\
\x9f\xf1\x7f\xef\x1b\xde\xbb\xda\xd6\xe7[\xfe\xd3\xc2\xff\x96\
\xf6\xfbo\xd0(\x16\x85\x7f\xcf\xff\x96\xd4\xf7\x0d\xff\xef\
\xc7lK}\xda?`:\xf1\xdf\xce\xd3r;o\xec\
\xf9o\x85\xe3\xbbv\xb5eKm\xa1\xd8\x0cc\xc5\x97\
\xe7\x91\x0a~\xa0\xa0\x1b\xff\xdb\x8c\xe0\xfd#v\xde+\
\xfd\xa1N\xf4I^\xeb\xd6\xd0\x17\x99\xbf~\xca\xf7y\
\xc4<\xca\xe3\xdd\xcf\xef\xb2\xdc\x0f{\x1a\xb5\xf9\x0d\xbc\
\xf5\xbd\xd8\xdf^?\x0b\x85B\xa1P(\x14\x0a\x85\x7f\
\x13\x98\xfe\xcf\x7f\xc9Tz$\xe9\x0a\x93O\x90\xf0\x9e\
\xc8\xcf\x89\xfb\x08\xe8\x9b5\xa1\xb1\xde*4\x93\x99\xa8\
\xb3\x93\x81m\xfe.`2\xcdw\xf95\xb5\xcf\x84_\
\xa3\xc5\xaf\xee6\xb4\xd0\x05:c\x9b\xa6\xa0\xf8\xfe\x8c\
\x7f\xb1\x1e=k&\x1d\x81\x81].Oj\xdeT\x1c\
eZ\xc4\x00\xf1\x11-=\x15\x9e\xc4NT'\x8a\xee\
\xfe\xd8\x9a\xfe\x9d\xba\x90\xca\x22\x8d\x1e\xb5\xc3\x96u}\
0\xd4\x0fv\x0f\x08\x9e\x8a\x92\xd8n\xbb\xfdL|\xf6\
6w\xfb2\x96\xfb*\xaa\x07\xe7V\x14\x9f\x87\xe3\xc1\
\x17'\xda\xf9v\xdb\x86;h\x7f}\xfe\x05\x1b\xc8\xb3\
\xb5\x1e<\x1f;!%\xc3\xb7\xa2\xd5\xad\xed[\x7f\xb6\
\xfc\xa7\x88\xff\xb9\xdf\xb7\xc8\x04\xb5\x9dH\xfcM\x1f?\
\xc5o\xfa\xfdf<\xda>\xcc\xed\xd0\x15\xff\x9f\x89\xcf\
w\xfc\xb7\xfd\xaf\x22\xbak\x07\xd9k\xa8j\x8d*\xd8\
\xdd\xf5\xe3Y\xb4\xbe\xe5\xffOZ\xe7\xa5\x10{9\xbe\
f\xbd\x0c\xe3\xd5=H\xb8\xad\xcf\xd6\xd5\xe0\xf2\x09\xe7\
\x8e(\x90\xe9\xcf\xb6o\xdd\xf1\xe3-\xb3\xf1\x94\xff\x96\
\xdew\x0f\x92\xce\xfc\x1f>\xd0\x0exT\xfa\xb0\xc11\
\xedM/;\xffL^\x82\x00\xed\xac\xb6\xf6\x03\xfbj\
\xe7\xe3\x1e7M{sg~Q\xefg<X\xea\xfd\
\xd9\xeb\xe9\xbe\xbcej\xf4e\x8e\x01\xd9\xe7\x9f\xa5\x1d\
]\x93F\x166\xb3\xd9`n\xc8La_\x17\x0a\x85\
B\xa1P(\x14\x0a\x85\x1c\xf0\x0a\x0e\x17\xbc\xf7\xd9\xfa\
\x98\xf77\xb3\xddX'\xe2\xa3h\x0eV\xf1Y\xcb\xe0\
>x\xd0V[=~\x1f\xc1M\xc3\x80G>\xd9\x96\
'_\x97\x1e\xd3\xf6\x81@\x0d\x81\xe0R\xafo\x0a\xdb\
\xf7fj\x91{\xe1h\x8a\xec\xb0\xdf\x03\x1a\x0e\xf3\xde\
#\xfe\xea\xf7\xac\x93\xf3:T\xf8\xebv\xbc\x8dSP\
;\x14UJ=\xbblGT\x8f\x15\x9f\xdf\xfb/\xe2\
\xcb\xd5\xb2h\x13E#\xd9\xd7\xbf\x17\xc9\xfb\x86\x17\x1b\
MWFI\xb9HT\x89\xea\x8fD\xfd\x9f\x9f\x16\x1c\
\xb3\xbe\xfa\xed.\xb8S\x98\xdf\x96\xf19PP\xdf\xf9\
vN\xf7\xf5f\xf05I\xff\x06G\x96z}{0\
\xfdT\xef\xe9x6>\xfc\xb8\xf0\xe9>\xcd\xf2\xbf=\
\xaa\x0bm\x90\xab\xe7\xf7\xfc\xa7\xb4\x9f\xee\xf9\x1f\x8f\xbf\
\x13\xff\xa3\xf3\xe6\xebx\xe2\x7fV\xf6\xee\x01\x93\xfdS\
\x0dsph\xf0\xd9\xf2?\x7f=G\xf40\xe49\xff\
A\xd0\x1d\xefg\x0e\xdb\x11\xf49\xf7\xcc\x94\xb59>\
OZ\xaf\xf2\x9f\x12\xdf\xf6\xe9\x11c{=\xd8\xcf9\
\xb2q\x17\xe5\xfb\xd8\xfdh~\xf8\xcd\xa8\xdf\xf2_\xef\
\xd5\xfa\x8a1Z\x1e\xc8\xfe5\xff\xe9\x1f\xe2\xff\xd0\xe8\
eo\xad\x97\xbe\xe7\xbfp\xc3\xdb8\xf3\x1f\xc7\x84\xc9\
5W\x9a\xaf#\xc9\xfd\xb8 s8\x9f2\xb7\xffn\
\x8c\xf4\x9bj\x9e\x7f\xa6V\xd9\xb1vd\x9f\xe4\xdbv\
\xd4\x7f|p\xbe\x02\x84LF\xf9\xe1\xc4f\xe6\xc7\xdf\
\xbf\xb7\xbfP(\x14\x0a\x85B\xa1P\xf87\xe3\x13\x91\
\xb1\x9b\x9d\xcbJ\x916W\x80h\xd4\xf3\x89\xaddE\
\xf4\x5c\x99\x02\x81\xfe\x22\xfa\xaam\x17.u\xbbC\xd4\
\xfe\x04VLKP2\x8c\xdaO\x1f\x5c\xcc\xfc\xf6\xb8\
\x8a\xbb>\x90\xd1Z\xde\x82 \xcf\xb2\xfb\xa0\xcb4L\
\xbd\x9c\xf9#a\x22\xb7\x07\xa2\x07\xfc\xd1!\xc8\xde\xb9\
\xb3\xab?.gE\x95\xdeO\xeb\xd7\xbfo\x82c\x0c\
\xcam y\xd3\x17t\xce\xd3\xe2t\xf1\xf5\xae\xcfc\
\x81)\xf5\xa7\xb5P \xd8\x89u>\xaf\xd7\xe6\xbdh\
\xe5\xcbI\x8f\xf9\x1f\xeaC\x81\xcb\x8b\xe8\xabm\xed\xf7\
\xddX\x88\xfar\xb7O\xce\x0fi \x0a{6\xefy\
,\xeex\xe3\xfb\xfedk'\xeed\xfd\x9e\x09\x82'\
1\xfbI;\xe22\x1c\x9c/\xfb\x10\x88\x96\x87i\xbc\
\xd8 \xf3\xe0\x09\xed\xc6yu;\xe2?\xff\x11\xff\xbf\
\x11\x0a\xf7y2q\xed\x8e\xff\xc1\x98\xc0<\xed\xfc \
\xe1{\xfeGb\x95\xf4\x15\xa5\xe5D\x10\x9c\xbe>\xe2\
\xff,E;\xca\xdc\xf2\xdf\x8c\xa6\x16\x7f\x93\xe4\xeaZ\
\x91\xf8\xf0?\xc9\xff\xf6\x15\xff\xe9\xd8\x0e\xcb\xb4\xa8\xd0\
\xfd=\xcbf \xb2\xa3\x9a\xff\xe8\xfeOV\x88^\xf8\
\xef\xcf\x0d8D\xba\xc2Y\x1e\x22\xa8\x87\x0d\xf21\x88\
\xd5r\xbfh\x1b\xdf\x80\xab\xd3\xcc:/\x08/w\xe4\
\xe7!\xeb\xa6\x98k\xf2J\x0et\xf7\xbd\xf9y-\x07\
\x9b\xb9\xef\xc7\x043]vq\xa1P(\x14\x0a\x85B\
\xa1P\x00\xbc4\xd0x\x7f\xa2\xb0D\xba\x12iL\xcc\
eB>\xbf\x1a\xf9\x11\xa2]@\xefV\x87\xbc\xdfk\
lE\x15\x0c \xda\x12\xdct\xb1M\xf2\xb9\x1f\x98i\
\x04\xb5\xd8m\x0c\x0e\xd6\xa0\x98Mn\x0c\x1e\xac\x98\x80\
\xc2@\xf0\xaeT\xf9K\x04\x99\xd3j&#Dtg\
(z\x95\x84lcY\x8f\xe8x\x18x\x06\xc2\xa0\xf5\
\xc9\xf6\xd3[\x90\xf3\xf6N\xc2\x84\x17>b\x01\xcc\xd6\
\xbbKGQ\xc9\xbc\x9e\x85\xe3\x1f\x83\xca\xfa\xe7\x1c\x88\
3eB@v\x9e\xb1N\x11\x1d\xd0\x87\xf7\xbe\xacr\
>\x89\x0c\xa1\x90\x9b\x1cG\xfb\xf3\xc7\xc2\x5c;0h\
\xbf\xc5n\x9cE\xc2\xcd\xdco\xcd\xf4\xd1*\xac\xf5\xed\
\xf7x\xda\x89*\xd1\xf9\xcb\xc4\xbd[Qx'\x8aI\
\x9d\xb8}+v\xae\xe5\xad\x9d\x13\xffi\xf6\x0b\xc3u\
\xce\x8d\x81\xd9\xbfX\x16Wn\x8e~^\x1ejp\xe0\
\x17\xafu\xc0\xb1\x95\xff\xf4\x88\xff\xb6\xfe|\xdf\xe3\x09\
\xff\xf1\xd8\xef\xf8\x1fq\x9c\xed\x18N\xfc\x89\xfc\xdc\xf3\
\xff'\xb01\xaf\x96\x93\xa7\x96\xfe\xeb\xf8\x8d\xf8O!\
\xffW\x1b\xd8J[?\xa6\xfd\x8e\xffZf\xff\x80\xe7\
;\xfe\x8fkY\xa3\xd0\xae\xc7\x1d\xff\x93~}\xcc\xff\
\xb9EQ;\xfcx\xe2Qh\xe5\x91\xb5qu\xff\x9f\
S\xae\xbb\xfb\xff\xa9\xef\xed\x03\xe3\xf1@\xee\x11\xff\xf1\
~\xcf\x924\xb7\x99\x92k!\xb6\xa0\xe9kRx\xec\
/\x22\xaf\xb4\xfb\xf3\x8fm{\x9f'\x98\xac\xd3^\x0a\
\xe9{\x1e>6r\xca>\xaf\xe9X\xbc\xc5\xe3\xbdP\
(\x14\x0a\x85B\xa1P(\xe40\x91\xac\x8bs\x14\x22\
\xee\xca\x84}f\x84\xd5.\xcc\xb0\x09\x01\x0c\x04L(\
\x14\x93[\x85\x87\x13z\x0c\xf0$(\x91\x15:\xc6'\
\x08>\xd0\xa5\xf8\xc7\x820 \xc2\x00K\xea\xc7:]\
@g\xc4\xc1@8\xa25\xe8\xf6i\xd3\xdepV\x84\
\xfa(\xd0\xf4\xe2I\x14\xe0t\x11\x02\x05\x8d\xb5\xb5\xbb\
\xf8\xcb\xd6\xa9v\xa2 \x16\x05\x8f\x93`\xe8\x7fD)\
\x0b\xaa\xcf>\x91\x1dw\x1b\xec\xc4\x9bX\xac\xc9{G\
\x02\xe0\x1dP`Z\xca\xffG,\xd4sC\xc6\x97H\
X\x9a\xdep\x9e\xdf\xdag\x10\xb8m:3?\x0a\x86\
3\xf1n\x97_\xfc\x0d\x8e\x82\xb0\xc6\xc6\xfen,g\
m\xf4\xdb\x19'\x22\xf1\xe5\xf6\xc7\x02Q\x1c\xc4\x870\
^Tk \x1c\xaf\xfc\xd7t\xb9\xb6\xb4\x9f6\xc5\x0b\
\xc6\xff\x98\xed\xc8\x1b\xc6&\x03\x99\xad\x00C \xc8\xb8\
\x1a\xdfm\x8c\x8eG\x7f\x9b\x1ep\xfc\xef\xe3\xd7\x97\xfc\
\x9f\xe2\xffm\xfe{\xfe\xe7=\x83}\xfb;\xfe\xf3r\
\xcd\xc9\xf9\xef\xefEq~\xf4\xf1\xc3\xf1\xa0\xfe=\xff\
\xd9m7S\xe6\x16{\xfek\xb7\xfd\x0d\xff\xc1Fp\
o\xfa\x8e\xff\xf6\xdc\xdb\xf9\x04<T\xdd\x08\xb0*\xd8\
\x9a\x11s\x7f\xff'r\xb6\xda\xe2\xcf\xd5\xfd\x9f\xe17\
1\xc0\xc6S\xd8z:\xff=;2\xfe\xe3\x9chl\
\x11\xbf\x98\xe4[mj\x93]>\xe3\xc1g>\x84\x16\
\xf7\xf9\xa5\xd4\xc8C\xf1k\xa8\xa6\x8f\xaf\xe9\xa53\xc0\
.\x99\xc9\xfe8\x22\x19A\xda\xceA\xf4\xdbbO\xf8\
S(\x14\x0a\x85B\xa1P(\xfc\xdb1#\x0bY\x08\
$\x9fM\xa2\x90h\x11\xd1\xc87\xd5\xe1O\xba\x9b\xb4\
\xd3\xbaRF\xeaY2\x12\xc6\x03\x0dD\x9e\xb6\x1c\x97\
\xa2\x22\x1e\xcfj\x9b\x96\xef\xf99\xb4\xdf\xe1V8\xcd\
\xd56\x8d\x88N\x82\x18]\xe4\x89\xb7G\xca\xe8\xe08\
@\x972\x99\x98 \x01\xb0\x88\x90K\x9efW<\x9f\
|\xc9VR\xe3\xea\xbeEP\x22J\xeaX\x85\x82\x5c\
\x14q\x9ex\xdf\xceE\xae\xec\xfa\xe0t)\x02\x03\x88\
\x03_v\x02\xa9\x0f\xdee\xcc\xe2\x0a\xba\xa8\x7f\x8d\xed\
@<\x93\xbcYp\xdb\x93\xe3wvgeN\xc2\xcf\
.\x90f\xf8\xb4}\xc4.5\x16\x03o\xeb\xc1r;\
\xff\x22Q\xd3\x7fF\x9c\x8a\xea\x91c(z\xf9\x16\xa7\
\xdc\x86\xbf\x17\x882{\xce\xd96|\xc7\xff\x96\x8a\x5c\
K\x19\x10\xb2\x17\x01\x9c\xe8\xc0\x7f\xe4o/\x89b<\
Q\xc4\x83\xbf\xe1\xffSn\xdf\xe4\x89\xc6\x95\xd2\xdfq\
\x8fP\xdc\x8b\xafw\xbe\xdd\xd1X<\xf1\x7f\xed[\xf0\
!\xe5?\x1b\xdf\xb0\xce\x7f\x82\xff\x89\x13>a\xd8\xcd\
\xeb\xb8\xad\xe7\x7f\x8a\xff\x99gg>\xf3\xf1\xfeo\xaf\
,M\x1f2-\xd7\x9eK\xfe\xbf\x7f\xb4\xef\xa3\xf5\xda\
9\xd6J\xff\xbd\xef\xcf\xee\xff\xeb\xb7\xc5z~4h\
\x0e-\xed\xd8\x8d\xe9\xcc\xaf\x95\x81\x92j\xdbn\xf3{\
;\xfa\x8eqke\x8c\x1by\xddF\x93\xd7nH:\
\xd1:\x17\xe1p\x8c\x16\x0a\x85B\xa1P(\x14\x0a\x85\
=^Y@\xee\xe7\xf63@\x18\xb1R\xa4K\xb3\x1c\
\x97b\xccp\xa0Q(*\xb2Zh(n\xfb\xc3\xb0\
\xf3\xb1;~\xed\x5c\x02\xba\xae\x85\xc7\xab\xa5\xa60\x8a\
\xfeNaa|\xd5\xd2H3Y`!\x01\xda+\x08\
\xce\xe2\xa0w\x09T@x\xf6\xbe \xf0\xab\xf0\xde&\
\xb3\xdf\xe7e;\xb2\xbd\x13\x04\x16\x919\x09\x829\xb1\
-\xaf\x09\xd8\x05\xfe;\xf1\xc1\xd8\xa2\xd5\xa7\xc8\xef\xc8\
\xf7\x1c\xab\xd8g\xc4\xc2\xcb\xc08>\x9e\x0b\x09\xa9\x7f\
A\x1f\x9f\x04\x82\xa8\xee\x9b\xe0\xfe\x94\xf7&\x98\x96\xb6\
\x81^\xbf\xf8\xb9\xf4/s(\x16\xadv\xad\x1f'\x91\
\x22\xe3ET\xe78j\x84>\xf5\x1f\xcf\xd7\xfa5\xee\
\xa5\x0e\xac\xeb[\xfe\x07y\x9f\xf3\x9f\xc3\xfd\x88\xffN\
\x11\xd4rX~\x1cc\xc8\xf7\x9ac\x93\x96+$\x1b\
\xbf\xed9Q\x0e\xac\xe7\xea\x96\xff\xbb4\xb4\xf5\x8c\xff\
q\xff\xc4c*\xf6\x99\x13\x9b'\xdbY\xdbb\xfe\xdb\
k\xc8\xa9\x0f\xf0\xbc\xdd\xf3\x9fIW\xba\xcb\xc3\xb3\x1b\
\xfeC\xbe\xe0~j\xaf\x81<\xee\x93\xf4'\xfc\x97o\
\x10\xf82\xdeN\xcc\xffH\x80\xefV\xc3\xb6\xd2\x1eX\
\xc7\x13\xfe\x9b\x91\x14\xf2_\xcf\xfd5\xff\x09\xbeY\xc1\
\xeb=\xe8\xbb\xfb?-c\x13J\xd8|\xd3\xce\xf0\x86\
\xd9\xe63s\x15\x7f\x9f\xa7\xd47\x11\x83!\x87\xa4\x9a\
\xd2<\xaf\xed\x8d\xec:\xea\xa4\xad\x8e\xe6\xb3\xccgz\
\xda$\xd1\xd6\xc2#\xc3\xf45\xf7\xbbP(\x14\x0a\x85\
B\xa1P(\xe4\x80\xef\x0aK\x10\xdc\xf7\xe6\xc4\x9e\xe7\
!\xb3\x82\xe4\xf3C\x84M\x8f\x99@R\x7f1\xc6\x94\
\xc7\x89\xbd\x0b\x07G\xd0\xa3y\x98W\x91k\xfa!\xff\
4+\x82\xe0\x8f&z\xc1\xd9\x07\xf6{\xa0\xa3\x0d?\
\xd4v\x10\x0cg\xc1\x88\x089O\x90\x8b\x09\x12\xdc\xc7\
\xc1\xee\xce\x0f\xc1m \x9a\xe5_\x05S\xad\xdb\x7f=\
]\x02\xf0\xa3\x90\xf2\xc9\x0c\x01!\xf3\xb5`u\x16\xb9\
\x0e\xe7\xbd\xb5m0\x9c\x14\xb9\xb3M\x1b\xc1d\xe9G\
\xa2h%\x9f\xf5'\x1f\xc7\xb7\x22\x92/3EHW\
\x8b\x11\xb7 o6\xfe\xb2:[\xd0N\xef\x83\x1c\xf7\
BR\x94\xef\x94\xa6\xe9\xd8WVy\xf0\xa9r\x99Z\
J4\xfd\x91E\x93\xf6\x98\xff\xcf.\x00\xbb\xb1\x1f\x1d\
\xff\x86\xff\xa6\xad\x93\x83V b\x8a\xf9\xcf\xe4\xf9?\
>\x7f\xecX\xed\xdc\xa7\xed\xf5/\xba\xf6\xfc-\xff\xf7\
\x10\xdf\xe5\xcf\x8f\x1d\xce\x0b]!\xe3\x7f;\xf2\x9f\xaf\
\xc7\x8e\xe7\xeb\xad\x1f\xf3\xbe\x1b <\xefn\xdc/\xe3\
'\xa8\xf3\xaf\xf8O\xc15w\xcf\xff\x1b\xf065\xe2\
T~\xff\xa7\xd8\xd6?\xc9\x7fT\x80\x1f\xf2?\xb2g\
\x1eR$\xf9\xcd\xbdi\xa6}\xfe]_O#\xe4_\
\xe6\x89:~>\xae\xab\x91y\xb8\xe7m\x90\xbf\xd9\xb9\
%\xcc\x15\xda8\xaa>\x05c=I\x90Wo\xf4\x95\
\xcf\xd0^7_\x8dNI4\x0e\x0a\x85B\xa1P(\
\x14\x0a\x85B\x8c\x8f\x00\xad\x93hx\xa5\x057\x13\xe4\
t\xd1\x81a%H#\x99\xc1\xcf\xf7\xf0E\x93q\x1b\
S\x10-\xb2\xb0+\xd3\xec\xf1\xe6\x8dHzCS\xf2\
\x03\x8a\x0c\xa2\xf4\x1a\x10\xcaJ\x19Y\xe1\xb3\x02\x8c\xba\
\xa0yv\xc5\xc3@C\x83\xb5\xeegT\xfc\x9b`\x19\
E\xdd\xb9r\x8c\xac\x8f\x18(\x1b+\xa8\xf4\x87\xc7\x82\
\xb4\xc0~d\xc7\x0bave\x5c\xd2\xd6!<G\xab\
\xe1N\xd8\x05\xd3\x9bBF@\xbb\x15Sm\x9e\xcf\xbf\
t\x83\xc5~\x92.i\xb6I\xbaZ1\xea\x8e\xfc\xfc\
\x9e\xf3H\x1f\xc89S\x09\xce\x97\xe3\x0dg\xd6s\x15\
\x09j;<\xcd\xdf\xf3\xcd\xd2\xb0\xaf\xd7\x80q\xd1\x8a\
\x0b9\xd1\xdd\x7f\xa2\x1f\x8b\xe0\xf65\xff\xef\xc4\xd4'\
v=\xcf\x04w\xfc\x8fq\x12K1\xcf\x8b\x83\x95\xd1\
 \x84Q\xd3k\xad\x5c+\xfc\xd8\x16?}\xdd\xff$\
\xff\xb3s\x1b\x97\xb7\xac0\xed\xbc\xc4N\x9c\x8d\xd2\x9a\
\xbd\xb9\xc1\xf9\xbc\xb7q\x9b\xa7\x9f\x9b\xd7\xd1v6\x96\
\xa6cm\xf7\x0a\xa3}_=\xe1\xbf\xac\xc6\x8f\xef\xed\
v;\x13N\xd7\xb6\x04ber\x8f\xc8\xc7V\x17H\
#;\xbe\x1c'y\x9e\xc0\xf0\x1f\xe6b\xefj^/\
\x1d/\xbf\xe5\xbf\xf4\x81\xfa\x88\xe2;-s:\xd4\x8c\
\xc7\xb0@\xd2\xb8\xf1\xe0\xc6\xf5\xac\xbb\x11..\x08<\
\x22\xe9o|\x98f| \xfbC\xd5\x98\xa79Sl\
\x9c\x185\xe2\x02\x8b\xf1\x17N]\x92\xb1V(\x14\x0a\
\x85B\xa1P(\x14V\xbc$\xb8\xe8\xc1\x82\x0a\xa4,\
B0.@\x91\xfdfC\xad)\xe6\xc8J\x97p.\
.+\x87\xd5\x5c\xcf\xdeH\x03\x93O\xc5X\x84\xc4\xac\
uF\x02\x9d6W\xc9H\xd0\xa1+g\xd0\xd6\x08\x90\
\x19\x8c\x82\xbb}\xdb\x05\xfd\xef\x1f\xdei\xd8\xf8~\xec\
\xbd\xc2'\x0bl\xa3}\x11^\xe4\xc7}\xe8BD\xb8\
\x11_\xd8\xad\x16\x8b\x82Z/\x1c\x91\x13Svu\xa1\
\xa0Mi O\xa9o\xd1\xb6\xdf\xf7\xc1\x9b/\xb7\xfa\
\x1f\xf8\xc8\xd9J\xd9\xb5\xadDdD\x85\xd3\x8f\x89\xa9\
\xadL\x94:\x8bf\x8bxG'hp.\xafz\xf1\
>M\xc18i\xbb\xef\xd7\xed\x98\x1d$XE\x89\xb8\
\xff\xa2\x80\xdb?`\xc8\xce\x99\x17~N\xe2\xa1?\x07\
K\xbe\x86\xfcb<h\xc5\xa3nd\xe1I$Z\x09\
\xb2\x1f2\xfb\x8e\xff\xf4H\xf4\xf9\x86\xff\x1e\xd9\xf8\x88\
\xf2e\xfc\x8f\xb6q?</d\xafG/\xd7\xe7r\
\xbeP\x8c\x9a\x97\xfe?\xe5\x7f\x8e\xef\xf9oED\x1c\
c\x92\xf7\xc4\xff'\xd0\x87Qv\x8c\x9f\xf8O\xc8m\
\xda\x8fY\xf1y7>\xb3r\xe8\xe7,\x8f\xf5\x07e\
\xff\x19\xfe\xc7\xe5N\x02\xba\x1d\xe3\xd6\xbe\xf0\xdf\xf7\xca\
\x9e\xff\xbc\xd8J\x1fr\x10\x85\x82\xbd\x94?\x0d\x99\x90\
\xff\xee\x14\xe8\xf8\xc9\xb1\xe7?\xaf+\x93i}\x0d\x93\
oY\xe7?\x8a\xd4\x8b\xf4\xabu\x93<<\xc7\x87\xf3\
\xac\xf3\xb8\xe1\x87\xadI\xe7\x1fa\x1b\x07g,[i\
\xd9\xeb\x5c\x91\x14;\xdf\x9d\xc3\x99\xed\xfd\xdf\xd3\xc4\x8c\
\xfdB\xa1P(\x14\x0a\x85B\xa1\xb0\xc5\x0b\x03\xb3\x19\
\xc7|b\xbbfW\xb2\x10M\xb1\xf8\x93g\x04\x09=\
C/$s\xf9\x1e\x18\x8c\x1dU1{\x9e$\x22\x9a\
\xb1\x06\x06\x1b\xcd\x07\xf9\xbc\x16\x82t\x1f\xe8\x18\xe9\x83\
Q4\x94$\xde\x04\x81\x18\xb0j\xd0-\xbf\x08\x7f\x1b\
(\xcf`-\x08\x5c\xa5l$Zd\x82'\x05\xa9&\
\xa0r\xbe\xa3\xe0\x93!\x0a\xa0P\xbc\xf3\xfex1\x06\
\xb1\x134\x96v\xca\x7f\x81x\x99\x05\xee\xa1\x8f\xa1\xd0\
n\x85\x92v\x13\xd5\x07\xbe\xdas\xcb\xcb\xb1\xbc\xcf\xad\
7\xd3+'\xfc\xd8:i\xa93\xea\x1bI\xdf\xbd'\
\xd4\xfbc\xce'V6W\x92\xe1\xd1\x95\x0b\xfe\xbc\x9e\
D\xcfL\x18j\x07A1\xda_\xf9oms\xf0G\
\xbe\xc4A\xa0\xda\xf3_\xd3\x9e\xf3?\x17\x01\xa5\xec\x99\
\xffw\xb8\x19\x8b\x11v\xfc\x8f\xfc\xd9\xd9\xcc\xf8/c\
\x0e\xcf\x8f=7\x0c\xc2\x9b\xae\x98\xfe\x8e\xff\xd6\x1f\xf4\
\xeb\x161\xff\xe5\xd8\xf0~\xdc\xb4\xa4m\xaf\x8b>\xdf\
\xf3\x7f\xads\xe5\xbf~\x1ba\xc7\x7f\x82\xb2/\xde\xff\
6\x80\xee\xff\x93\xfc\xbf{\xa0\x10\xedg\xfd\xa9\xfcg\
:\x8d\xf2\xdf\xf0\x1f\xef\xaf\xff\xfd\xfc_\xcfG\x06\xb5\
3|\x7f\xff\xff\xe2\xa3\x09~|\xff\x9f5\xc2\xbf\xea\
\x03\xdc*\x9d\x7f\xd1\xbd\x91\xcd|s\x7f\xffo\xc1\xc3\
,\xe9\xc3\xa56\xfbq}\xfbWq\xfb\xd3\x7f\xad\xf7\
\x9f\xf2\xf6]_?\xb8;\xef\x85B\xa1P(\x14\x0a\
\x85Ba\x05\xd3\xff\xf9\xaf\xa6A\xd0\x08\x06\xc6\x8a\x14\
\xc8E4&\xe2\x1f|\x8e\xbf\xe6\xbeL\xd2\xfb\xd7\x16\
[\x18d\xd8-\x1e3\xfc\xd7\x08\x96\xf5k\xa3o\x1b\
\x18V\xce\xedQ\xc4\xbc\xb2c\xfcD\xb9l\x8b-)\
\xfdy' \xe9\x0f\x06\xb2i\x90\xb6\x05\xf7M\xa05\
\xfe\x8d\x04\x95{@\xbd\x1b\x13>h_WU\x05>\
\x04\x01\x7f\xe6\x83\xd8@\xfbi`\x9f\xf8\xd6\x83/\x9b\
c'6o}r\xc1\xe8.\xffM\x1d}\xfbE\x14\
\xbdb\xa5\xd9\xd5\x82su\x1b\xdf\xac\x10\xed\x9f\xbe\xdd\
W\xd8\x9c\x9fUl\xca\xfb#+\x7f\xdb\x7f\x9d%\xba\
\xbdl1/c\xe3[\xdcr%\x1e\x8b\xf3\x02\xa3\xbe\
\xcd\x8b\x8c\xbe&D\x18{;\x9eO\xc7\x10_\x8d\xe5\
?@\xce\xff\xf5\xb8O\xfb]\x9f\xdf\xfbv3\x0eO\
\xe9\xd1qYe\xf9\xa9c\x9b7\xef\x93\x1d_\xda\xaf\
\xf8\xbf\x17AG\xae`\xeb\xdcohw\xc7\xe7\xbc\xdf\
)\xcc\xbf\xf7p\xc5\x9e\xff\xcf\xae\x05ms\x1e\xd5\x9e\
\xaf\xef\xe78\x163N\xf4cz\xfdl\xc9k0\xee\
\xf9\x9f\xe4\xf9\x8a\xff\xed:\xc7\x99\xff?\x8f\xf8?\xaf\
\x91\x9a\xd9\xf2\xec\x9a\xff\xfa\xe0\xe1g)\xd3\x5c\xdf\xb8\
\x874\xaci\xf8\xee\xe6\x86\x17qy\x81\x08\x88\xe7>\
\xff\xcf\xac\xe3g,r\x10Q\xbf\x0d\xf1\xba\xf7\xcf\xb4\
7\xf2\xcb\xabI\xa4\xf8\x1c//\x1e\xf9\xed\xabET\
hf\xeb\xc7\xd2<=\xfe\xdb\xfbe\xa1P(\x14\x0a\
\x85B\xa1\xf0o\x02\xf3\xff\xfd\x7f\xcd\x8a\x9d\xcdl\x8a\
\x004\xe4\xe9y\x08W\x9d\xcc\xa0d\xac2\x99+\xc1\
\xa6\x08\xccP\x9a`\xfb5\x03\xa2\x19|5\x86\x1cv\
\xbb\x8bNcE\xcep\xa4\xffX\xa2\xa4\xb1S\x00P\
8X\xdf%\x88\xfe,\x1dsH\xb9\x09\xe0\x9a\xc4.\
\xe0o\x84,\x88i\x8dr\x91\xf1R\x0c\xf2\xa2\xf1\xc9\
ov\xf6\xf0\xc8\xad`u\x83h\xcd\xda]\x9ffy\
8\xa9gog'\x04I\xdf\xe1X\xcf\x04)/\xf2\
\xcaj\xb9\x1b\x81\xfb\xf5:\xafj\x9c\xf5p\xbcbN\
Wh\xd91\x22\xc7\x03K\x14\xfbs'\xea\xe5c\xf6\
\x99X\xbb\x8a\xcf{\x0f\xffR\x04\xfd\x0dn\xc7\xea\x1b\
\xdf\x88kQ\x1dw\xa2$_\xdb8!\x1ag\xff$\
2\xf1\x12\xb9\xa5\x17\xd5?\xaak\xcb\x7f\xbd7!\xbf\
0\xbf\xb3:=\xfe\x94}\xdd\x09\xdc(\x88\x7f\xc7\x7f\
\x0a\xf9\x1f\xf9z\x92\xca\xe21\xd6\xe0>\x92\xfb\xe1\xcb\
\x9bt\xda\xd5G\xd78\x8d\xf1\x06\xd2\xeb\xf7\xfco\xc7\
\xd4g\xfc\xdf\xe4\xa1\xdb\xbel_\xf3\x9f\xe0~`\xf2\
\x18b\xe5\xfeOO\xc3\xf3\xda\x96\x14\xff\xaf\xcd\x87\xe2\
\xf0\x94\x9fi\xae~f\x9b\xdf\xe7\xfb\xe4y\x8d\x94f\
\xeb7\x22w\x98\xae\x82\xf2\xa7\x1f\xc6\xfct\xceQ\xb9\
\xa9\xc8>l\xf3\x98c\xfe\xfc\xe7\xbf]_e\xe7\xb0\
P(\x14\x0a\x85B\xa1P((^q \xd5\x96\xc9\
\xb6_\x11\xed\xe7\xda\xb2r\xc4\xac\xca\xa26\xc4\xeaa\
S\x0a\xcb\xd6\xd4\x9d\xf4]\x97m\xb1\x09>\x11\xc4R\
\xdeVW\xa3g\x12\x93\xff\x1a\xeb\x0e.\xa0\xf7G\xbd\
\xd0N\x17\xa2\xd2{\xed5\xcb\xfb\x10\x0f\xb5;qC\
\x1a\x92\x09G\x9f\xa3\xe3\xab\xc0\xa6\xceee\x93~\x95\
\x1d\xf3\xa0\xcd\xb5n/\x5c\x8c6<\x14\x09v\xfbL\
\x1c\xa73\x1f\xcb[\xffi\x0b\x0ely;\x220\xf9\
t\xddfS\x0f\xe6o\xaaJ\xc3\x82.\xbb2j?\
Nx\x88N\xf99\xf0i\x99P!\x9f\xde\xff\xd7\x1c\
'\xec\xfel\xb9\xe6\xfc^<\x8d\x84\x8d`?jo\
&\x80\x7f\xde\x8b.\xe3\xb3\xb5\xc5\xc3\x9d\x1f7>~\
'>\xad\x88\xdavc\xdb\x8f\xad\x93\xfd\x8c\x0fr\x0c\
\xf7_W\xfc\xdf\xf7\xc9\x1d\xff\xef\xdb\xe1\xcbg\xfbY\
\xbay\xb8Fv\x1c\xcc}\xd6#r\xcfx\xe2\x8b\xaf\
\xeb\xcc\xff\xf5\xfa\xe3\xd3\xf1\xbam\xee\x15-\xf9\xa1\xc6\
\x99[\x1f:\xf9z\x9e\xf1_\xeb\xce\xf9\xafuFu\
\xec\xf9\x7f\xfb\x0a\x8f\x84\x17\xc9\xd8\xc1\xfbJt\x9a\xbe\
\xe1\xffxLm\xf2>G|\x9d\xc4{\xf93\xfe\xf3\
\xb6&\x19\xdf\xb4\xe5?}\xc5\x7fbXB\xf0\x9e\x22\
\xc1+9>\xe7\x9dn\xf8\x9f\xb7w\xda\x86\xcfxn\
\x88%|>\x9e\xbe\x12\xf1\xe6\xfa\xb1\xce\xe9\xd6\xf7K\
\xb7`\x0e\xe9|o\xecx\xf8n \xcc([\xff\x87\
C\x8bD\x94<</\x14\x0a\x85B\xa1P(\x14\x0a\
{\xcc(\xc6\xc6\x17<W~\xd8\x95E\xb2\x85\x8a\x1c\
IlC\x94,\x11y\xc7\xd7MV\xb8\x90\x0dt\xa4\
\x9c\x88\xd4~\x95\x15Y\xb7z F\x1a\x02H`\xf6\
\xf1\xea'Z\xf5\xd2\x1dd4B\xec\x5c\xe5i\xab\x97\
U\xff$\xe8\xc9\x82\xff\x18w\xaba|\xd0\x87\xab\x9d\
\xfc\xf1\xa5/6\xa2U\x14L\xfaz\xa5>\x14b\xa4\
f\x0cnQ\xf0\xb9m\x8f\x17\xb9\x08J\xf3F\x0c\x8f\
\xd2\xa3\xfd\x93o\x18\xcc?\x17!\xd4\xd3\x9d \x88\xfb\
\x1f\xa1\xc7\xf7c\xdb\x89\xcaj?\x13\xc0\xbc\x98\xe0\x85\
\x85L0\xf0=\x12\x06\xe0A]\x99\x0f;\xc1'\xb2\
\x15\xe1-\xb0w\xfe\x7fr\x12\x0a;\x22\x19\xf9q\x18\
\xd9\xc4\xb1\x1d\xf5\xcb\xeeG\xe5<2^D\xfb\xcf\xf9\
\x7f'H\xe4\xfc_\x8fg\xc7\xfe\x9a\xffo\xac\xfc\xbf\
\xc3\x8e\xff\x11\xbe\xe5\xff\x1c\xe3F\x8c\xb2\xdb\xedk\xfe\
S\xe8\xd3\xce\xaf\xf0:\xba\xe1\xbf\x08\xec\x7f\xcf\x7f:\
\xb6\xe1\x93o\xe3\x7f\x96\xbe\xbb\x8e`\x99\x08M'\x00\
\x81o\xbc\xd4\x99\xd9\xbc\xe5\xff\xf9\x91\xef\x13\xfe\xc3\x0a\
xw/\xbb\xb7\xdf\xb6yp,d6\xbc\x90}\xcb\
\x7fj\x0d\x1e\xd6\x0b7\xdc\xd8c\x10\xa6)\xbb\xff\xe7\
\x98\xb2\x7f\x932\xa6z[\x9eu\x9fY\xef\xd5\xea\xf2\
\xfa\x8d\x18\xb9\xaf\xd9~\xdc\x5cWF\xbdZ\xb5\xcf\xdb\
V\xb24\xbc~t\xe7\xe6\xabB\xa8\xeb\xd3\xd1\x18\x8f\
\xc6m\xa1P(\x14\x0a\x85B\xa1P\x88\xd1\xbf\xcc\xf8\
\x09\x00\xe2\x09t[\x82.\x1e\xaf\xc9pj-\xb3\x11\
n\x9b\x13x{L\x81\xe2\xd3\x0cCH\x05\x83\xb1\x8a\
\x8b`\xd5\xe9\x0c\xda\xe1k\xd0h\x99U\x84\xb65\x82\
\xff\xcd\x9a\xf2\xed\xc3\x00^\xfd\xda\x07\xc3\xb9\xb0\xe2\xf2\
\x91S\xcc\x8d\xef\x91}\xcd\x9c\x09/\xde\x86\x04\x93\xb6\
\xdfW\x1b\x18\xbcg+\xe3\x98\xbcPj\xcb\xee\x10\x89\
\x95F\x9c\xa1\xdc^T\x96\x82\xfc[?Z\xdb\xd6\xb1\
\x83\x1f\xaf\xe2S, \xdb\x01\x85c\xc8\x8b\x96h\xbf\
\xbf\xa3z]\xd9\x9e\xf9\xb9\x1b\x7fY\xbe\x86\xfe\xd1\xed\
\x98\xcd\xf1D\xc8k\xa6?\xa6w\xb3<;e\x82\x93\
\xb2\xd9g(\xa6\xf1\xf9\xfd\xcf\xbb\xb1c\xf9\xcf\x81\xe8\
\xb3ng\xb6\xb2\xfa\xc1[\xb2\xbe\xbf\xc8\xf2\x14\xff\xe4\
8\x96\x8b\x04\x90\xd7\xbc\xfeY\x8d\xaf\xdbaw\xcd\xed\
i\xafp\x05\xa5\xf79\x14O78\xf1?\xaacW\
\xf6\xe4\xd3b\xb5\xd9\xfb\x94\xb4\xf7\x06\xbb\xb1\x95\xf9\xd0\
\xae\xf8\xaf\xa2_(V\xd9\x93\xb6\xd4\x1fm\xe7\xf9\xf0\
<\xeb\xbe\xf7\x1f\x8f\xe4#\xcb\x96\x89\xc5\xfe8o\xc4\
U\x19\x07\xac\x99\xf1(\xdc\xff\xff\x86\xff\xf8-\x9b\x7f\
\x82\xff\xfe\xfa\x95A\xc7\x00\x85\xbe\xfbm\xec\xdd\xf8\x9c\
\xf3b\xc3\xde\xff\x83~\x07\x9f{\x1a}\xc1\xff\xa8\x15\
\x11\x87\xd9\xcd\xa1\xfa\x9f/b\xfc\x9cJ4\x0e\x0b+\
6\xb7\xa5\x5c0\x0e\x9bKOx0\xf7aH\xeb\x8f\
n\xeb\xbd\xfd3\x17\xe2\x9e.\xf7U\x9e\x82\xb6\xbd^\
}so-\x14\x0a\x85B\xa1P(\x14\xfem\xf8D\
!=p\xd0\xe0\xa4\xef\xbaI\xfaD\xeb\x93r\xdd[\
\xe7\xf3\xac+\xa8%\x97\xc7G\xec\x05+2\xb1\xe7a\
\x931\x82\x01\xe3\xb8jG,w\xe1\xb8\xcdO_\x8f\
mC\x8b\xed\xb9\xea2\xac\x019\x0a\x92 !\xcd\x80\
2\x17\x01\xb4N\x15\x0e\x22\xc1\xc3\x04\x91\x01\xde\xc7\xfb\
\x0f\xf2\xbc\x8c\xe0\x94\xd5\xf3\x86\xae\x163q\x98\x11\x1a\
|\x80\x1c\xb5\x1d\xfdL\x03\xf9\xa5\xa6D\x8c\xa1X\x04\
XE\x81\xb8\x8d\xde\xdf\x9d\xf8\xe5\x85\xc1\x9e-\x17V\
\xcc\xb9`]\xb5\xcbD\x94\x89C\xbe/3\xd1\x8d6\
62\xb0<-\x995\xe0\xa7=\xab\xe2\x7fv\xde\x9e\
\xd6\x1d\xd9@;}\x1cZo\xd0\xab\xa8\xcf\xb2\xfd\xec\
\xd3\xe7E\x11\xc6\x1f\xcb\xcaD\xc7O}!\xe6-\xff\
\xf1\xd3\xfbkE\xe4\xe6E\x92\x99\xc7\x0bH*\xcaY\
N\xb3\xfbC\xfeG_\xf9\x8f\xf9\xfc\xf3\xf3L\xf4\xfc\
\x0d\xffw\xf5|\xc7\x7f\xc8O\xd15\xd7\xf3\xdf\xfbK\
[.zD\xfc'\xda\x8fI\x9f\xee\xe8\x1a\x1c\x7f\xce\
\xff\xb8\x8f\xd9}R\xca\x7fq\xe8\xc5\xecJ\xdc\xc3\xea\
\x881\xa7\x22\x0fs\xfe\xefy\xff\x84\xff\xf2\x0d.\x0e\
\xda\xf7\x8c\xff:\x86<\x07\xb8'\x9aco\xac\xfev\
\x1b\xd1)\xd3\xfb?\x8c\xb3\x9e\xe0l\xc4\xe8\xfc\xff\xd9\
\xf6\xbb\xef\xf3\x94\xff\xaf\x8c\xffc\x8e5\xb6\x11+\xff\
\x89R\xfa\xb3k\x93;7z\x0e9\xb0\xc5Py#\
Z\xdf\x13G$\xeft\x1eY\xd9\xe4\x97\xad\xde\xcf\x8d\
\xec\xbc\x0d^\xa4\x05\x8d#3\xdf\x95\xf3\xc8\xbc^\x0f\
\x0a\x85B\xa1P(\x14\x0a\x85\xc2\x1ef\x19\x8c\x88F\
\x9f\x00]g\xe5\x84+>\xba\xf0\xd5\xf3\x0fy\x84\xf0\
u\x17\xec\x02_\x0c\xbc\xf0\xfd\x8cDk\xc0\xdb\xeb\xd5\
Owt)/\x01\xd1\xf4\x8b\xf2@\xd5\x8aD\xa3i\
\x0dW\xb2\x90\xb1+\xb9vB\xcaI\xc4\xc8\xc4f\x0c\
8\x09\xfc\x90c^\xec\x88\x84\x9dPhO\xea\xde\x89\
\xde\x1e\xfe5\x06QP\x9d\xb5;\x13\xac\x221$\xb2\
\xef\xed\x89?Y\x90\xb7\x8a\xdc\xeb\xb1\xd39\xc8\x04\x9b\
\xc5\xbe\xb4]\xbeNN7\xfd\xcaD\x17\xb2N&&\
\xed\xfai\x8alD\x8b\xf8\x1c\x89;\xbb\xb4\x9bs\x1c\
\xf9\xba\x8aZ\xca\xff\xfe\x83\xa0\xb0Jp\xc3#\xcd\x92\
\xf7\xeb.\xbf\xf8\x15}\xeel?\xdb\xf6=\xedW\xd8\
\xf2Fl\xb2\xbc\x88\xf9O\xbf\xe4\x7f~\xed\xc9\xc7\xe9\
\xfa\xe7\x85\xa9\xbf\xe1\xbf\xb5\xf7O\xf0?88E<\
\x19\x91*\x1e\x11\x9d\x04go_\xf2\xbf\xfd9][\
b\xd8\xb1\xe1\xc7\xc4\x14\x1b\x03?\xfc\xf6\xa9\xae\x85\x93\
\xff\x08\xff\xd7wN{\x1c\xfd\xa7\xa8\xbd\xed\xe6RA\
\x99\xdf\xcb\xa7\x5c\x91\xda\xde\xa7\x9bm\xef\xf1\x13\x0eb\
\x1ey(\xb5\xe3\x7f\xa3\x7f\x86\xff\xd9=Bpw\xff\
w\xd6\x98\x17\x9bl\xa7j`/\xbf\xbe2\xad\xd7\x91\
\xf6\xa3b2Qt-\xf6\xb0\xaf\x03\xa11\xa6>\xe3\
\xd5\x95f\xff\xad\xbfq@\x84h\xecbq\x09\xc7h\
v\x8d+\x14\x0a\x85B\xa1P(\x14\x0a1\x8c\x00-\
\xc1\x81\xac\xeeP\xddy\xbcc\x99\x1b\x08\xc9\x8c\xd2\xcb\
\xa7\xb0\xfc7\xc1boL\xd6\x93\x95\xd0\x1a\xc8\xf4J\
\xe3 \x98\x8d\x8f=\x7f\x10\x0c\x06\x81&\x13\xd3\x22\xd0\
\x82\xcd\xd5\x0fv\xdbj\x13\x03w\xfb\xc9A\xdbb\xd1\
$\xf2?*g\x05\x14\xad\x7fW6\xaa;\xea\xa7<\
\x84\xd3#7\xc1\xd5Q\xe8\xa5\xb5\xaf\xa2\x15_\xe7z\
\xbao> \xef\xa9\xab?Y\xffxA\xd1\xd7\xef\xfb\
\x18E\x00\x1e\x91p\xd4\x9fy;\x9e\xbd;\x18\x11\x9d\
\xc3\xde\xa7KN\xea}\xf3\xda\xdaC_3\x11Y\x8e\
E\x82\x86?\xe6\x05W/\xa2a\xbf\xdd\x88e\xden\
&`Fe\xa3\xf3\x98\xd5\x03\xa9\xee\xb8\xd4/\xaf\xc6\
`\xc2\xd7d\xec\xf9\x1fX\xff%\xff%?n\xff\x15\
\xff\xf7@\xa1\x89\xb7\x7f'\xfe\xfb\xed\xef\xf9\xbf\x8ap\
Y\xffF\xc7\xe6\xd9m\x8d\xd8\xf8\xbf\x96\xdf\xf1\x9f\x1f\
\xf3\x7fw\x8c\xc3\xbd\xe9\xdd\x86\x1b\xa1\xb5\xad\xf8\xcdW\
\xfc\x1f7\xd8/\xf8\x1fs\xee\x86\xffx\xbd\x90k\xbc\
\xb8\xe2\xf1\x1d\xffu%<\xd3\xfdu(\xaa#\xe3\xbf\
^=b\x9bh\xe3\x86\xffx\xcf\xf7\xf5\xdf\x5c\xeb\xb7\
m\xd0#\xees\xf55\xb1\x0ey6y\xc1\xac\xae\xb2\
g\x10s\x09Dj\x99;\xb6\xd0\x88\xcc;\x99}]\
\xf1y\x8f\xfa\x96\x09\xaeix|\xfe\x00!\xc3\xf5a\
\xde\x01>B\xb5\x08\xce8O\x8c\xee\x93\x85B\xa1P\
(\x14\x0a\x85B!G\x12\xc5\x04+\xa6\xc6D\xfc\x8d\
\xcfW\x12?\xb3\xf3\xf1\xd9\x97\xeb\xd0\xddT|\x0dZ\
5\x18\x96\xf4\xf1\xe3dQ\x10a\x92\xbc\xa4=\x9c\x09\
D\x05)\xebW\xe9\xf8`&\x0b\xfcz\xfe\xdc\xe7\xa8\
\xedMDy\x174\xdf\x88.\xd2\xadX\xff.\xf7\xa5\
\x8ec\x82[\x0f\xbf\xaa\x07\xc5\x975o,\x8c\xa9G\
\xd1j\xf850\x8e\x84\x0ece\x11%\x9dhA\xb9\
(\x11\xc3J\x05\x8b\xdf\x81\xa8\xf1Ny\xf1\xfa\xae\xd1\
U\x8c\xb2u\xf4\xf2\xb6\x0d\xd1\xb8\xba\x15\xe1D@\xd3\
\x8f\xb3\x10a\xca\x07\x22Vt~c\xde\xf9\x15\x93L\
\xd8\x97L7}\xbf\xc2\x8ba7~\xdc\xd8\x8c\xf6\xb5\
\x0d\xd2\x0f^d%\xa2@L\xdb\xf3\x7f/<b^\
\xb1q{\xbe\xd1\xce_\xe4\x91\xfaw6\xd4?\xbe\xe4\
\xbf\x883*\xd4g\xb6}\xfdg\xfe\x13E\x0f%v\
en\xc7\xa0\x8a\xbc\xb2'\xe5_\xa9\xdd3\xff\xf3q\
\x876\xecq\xbf\x92~\x0f?\xee\x9ep\xce\x0b\xbc\x91\
O#1\x14S-\xff3\xfb\xcf0E\xed\xbe\x83\xd6\
\xfe\x11\xfec\xc3v\x5c\xdc\xf3?\x17^\xd9\xd9\xc8\xf9\
\x7f?N\xa9e\xef\x9b\xd6\xeb\xd6S\xfe[\x11\xda>\
\x8c\x90o\xbf\xbd_\xc7\x91\xf3\x1f\xb7\xf1\xc7\xa3\xa1\xad\
\x81\x7fF\xf7\x85\xf9X\x0b\xecN\xf7Dx^\xeaZ\
\xaa\x1c\xfeG~x\x9b\xd6\xbe\x16\x911b\x17S0\
=;o\x85B\xa1P(\x14\x0a\x85Ba\xc5\xfc\x11\
B\xbb\x9a\x09\x82\xa6\xcf\x9c\xbb}\xfe\xfa\xbb\xf0Z\x17\
\xa2?\x9b<\xf4\xde\xb6L\xce\xc5\xdc\x1a/\x82\xc8k\
\xf2\x8e\xafFC\xbe\x91Jk|l\xc5\x22\xb4M\xcc\
K\x9d\xa1\xc8\xd8\x021\x03\x84\x00\x1f\xa4{\xf4\xc0\xcc\
\x8a\xa1\xd6\x93x\xc5\x1c\x96\x85\x14\x8a\xe0\xc5\xd58\x87\
\xda<\x05\xe7\xbc=\x92\x0b\xa5'!\xc0l\xd3\xba\xea\
\x19\x11\x05\xf6\x91\xdd6\x97Gm\x82\xecDhX\xed\
PZ\xcf\xae\xcf\x96c\xa8<@\x9d\xba2\xeeSj\
\xa6\xdf\x88};\x1fL{\xc0\x05<W\xa7\xfe\xdc\x8d\
\x9fL<\xcbE\x99\xb5\x5cV\xe6\xa6\x7fw\xfe\xecl\
?\xb5\x83\xa2\xb3\xf4\x9d\x9c\xca\xac\x0f\xee\xf8\x1f=x\
\x99\xc6>\xc7^\x8e\x97,\xf6\x82s\x1b\xc2\x89Ox\
\xe5\xc3m\xa9\x87\xdd\xb1'\xf8\x0b\xfe\xfbk\x92\xf7\xfa\
\x19\xff-\xda\x86\xef~\xff\x96\xff\xaf\xf7\xfb\xca\xa7\x8f\
\x1c\xe6A\xfbm\xcb\x7f;\x96~\xcb\xffHx\x8c\x1e\
\x86\xf8cQ\xfe\xd1\x22\xb3\x8d\xbchVQ\x9c\xb9\xd9\
\xf9\x83u\x07\x87\x9c\xedg\xfc\x8f\x84o\xa2\xfb\x87\xab\
j&?\x8f\xf3\xc1vp\xff\x7f\xc6\xff\xf5\xfa\x81\xc0\
1\x11\xdf\xffq\xbe\xb4\x1f'g\xf4\x07\x91\x8f\xfa\x9a\
\xc8=><\xf1\xbf\xff\xd99\x9b=\xce~\xc4\x0c!\
\x17w\xe5\xfeEc\xbb\xc1<\x0f}\xd0\xfb\xbf\xa2?\
\xa8\xb8\xeb+\xf1\x09\xeb\xd0\x8c\xe6n0\xb7\xf0c\xb6\
\x87\xa5H\xf7'\xe3\x7f\xa1P(\x14\x0a\x85B\xa1P\
8c.\xf7Rq\xe9\xbd\xcd\x8b\xa8\xd0uh&T\
\x89\x1b\xaf\x01\xa9\xae\x0c\xd2\xc9\xfd\x9c\xa4\x9b\x80-\xfa\
*4\xc3+\xa7\xc7\xb1Q\xa5\xc6\x10\xd1k\x13\xec\xb1\
\x8d\xe4F\x12D\x84\xc1\x1a\xaf\xaf\x099\x89\x1cL6\
\x08\xc9V[\xf9\xf2\x18\xd4y\x0fM\xcf\xf3\xe9+\xeb\
k\x00\xed?%W\xa3<\xd4\xcd\x82\xf6\x93\xa8!\xc1\
\xbc\xd4\xd2\x92|\xb2\x8f\xed\x91@7\x16\xa2\xd6\x15\x95\
\x99\x8f^\x0cD\x9b~\x1c\xfbvmE-/\xfe\x1d\
\x848\xba\x10\x9foE\x82)*\x12\xf6\x02o\xc5\x15\
u{\x15R\x221\x0d\xdf\xf7\x89\xf9V\xd1\x84\x81\xbb\
\xf0\x88a\xf4\x0f\x07u{a\x0c\x85\xba\xa5\xad\xbc\x0a\
\x93\xde\x9f]\x90\xbfjg\x1c\xfc\x11\x9d\xce\xcf\xa9/\
\xfd\xbe\x19K\xa3/\x9a\xf4\x09\xf3\x22\x16G\xc7\xa3<\
\xe6\x0f\x84ej\xb0Z\x14\xca\xb9\xc6\xeb5\xd0\xf1\x7f\
\x87\xdf\xf0?\xbe&\xad\xef\xc8~\xc6\xff\xf3\xf9y\xce\
\x7fJ\xf9?\xcfEk\xce\xff\xbc\xfe,\xed{\xfe;\
\xb6K\xfb \xf5o\xf8\xcf\x83\xffq>\xcf\xff\xc9\xf5\
\xe0\x1a\xe2\xfd\xd7\xfb\xffs\xfe\xb3\x16\x08\xf8O)|\
]G4\xcbO\xf4cg\xdb\xee3\x88\x9c\xc9\xfd\x7f\
\xe3k\xf4p&\x829\x17\xad\x1d\xae\x83\xf9\xfd\xff\x84\
\x94'\xc1w\xcch\xe1\x7f\xcf9\xbcX\xfc\xd1}\x9d\
\xd6\xf5\xb24\x1e\x04\xd8\xf2\xf2\xf0\x9e\xdc\x95\xee\xf3-\
$Z<_\x1f\x064\x9c\xcf\xfav\xbd\xffis\xad\
\x81\xfa\x08\x13\xd7&y\xdaL\x96\x07\x17\x9fi\x1d\x93\
i\xff\x9e\xd3\x85B\xa1P(\x14\x0a\x85BA0\x05\
hf]\xe1\xc1\xec\x83:2\xc1\xe1T\x89!\xd8\xe4\
\x11M\xf8\xb9\xf8\x5ci\xf6\xfeu\xf5\xb7]\xf3#W\
\x0d\xca\x93)?\xfd\xf8\x99\x11\xc0,#ay$~\
\xad\xc1\x00\xbb C\xe4\xb3x\xf5\x22\xdb\xca\x16\xc1B\
\xf7\xc9\xe49\x09\x0e\xa7\xc0\x94\x5c;\xa2\xfd]='\
\xd1\xc1\x0bW=M\xb7w?>\x94\xd6\x03\xf5\xe1\xfa\
\xa7\xac\xac\x17\x9c\xb2\xf6D\x22\x06\x0aD\x1c\xd84\x82\
I\xd8GL;1\x91L[T\xfc\xcb\xf2i=}\
\xf5Y4fNe\xfd1\x1c\xcf(t\xa8 \xb6\xfa\
\x7f+\xde\xa1\x08$y\x22\xe1\xb7\x0d\x01N>\xe76\
\xaf|\x8b\xea\xcc\x84\x8c\xd7\xab\xaf\xd0\xf3\xe3L\xea\xf5\
\xe5%M\xf2G\xbc\xf6\xde\x18\x11\xc2\xd9\xdf\xf9\xbcC\
\xce\x7f\x15._\xff\x0b\xf9\xcfd\xc7\xf2\x14\xbe\x89\x9c\
\xd8:\x8e'\xfc\xe7\xa0\x9e\x93p\xb7\x1f\xf3\xfa\x90 \
\xe7\x7f.\xa0-\x9c\xb9\xe6?=\xe2\xbf\xda\xc9\xc5\xcf\
\xd3\x98\xcf\xea@\xbf3H\x1f\x05\x89\xc6\xf6\xdf\xf0\x9f\
\x17{\xfe\xba\x80bx\xd6\x1e[\xb7\x5c\x1b\x7f\xc7\xff\
f\xf8\x8f\xb6ik\xc7\xa7\xc7>\x9f__t\xe2\xbf\
\xa4-\x82\xfd\xa1|\xe0=e\xfeb\xd9\xd7/\xee\xff\
\xbb2\xfda\xc4y\xdcF\xc9\xd6\xa5\xe8\xdb]\xe3O\
\xe6\x95\xb3=\x14\x9f\xca\xe0\xfe\xdf\x93\xa5\xac\x8e\x03\x15\
\x9f\xa5`K\x07\xe9\xb4\xd7\xdc9\xb4\x939\xf0|\xf8\
<W?[\x07\xfd|\xa6P(\x14\x0a\x85B\xa1P\
(\xec\x01\x11\x98\x06\x8c\x910\xa6\x1bv\xf2?\xb6\xba\
0\xc8k\x808\xc5e\x89\x0b@\xc0\x9d\x12\x1b\x96\x03\
\xad\xb8\x0b_\xe4|a\xcd@k\xe0\x8f)\xb2\xb2f\
\x09\xfa8\x0e$\xbd\xadi\x13\x82u\x15\x1dm~\x13\
`\xb2M_\x03\xe3,\x08\x1d\xad\xda\x08\x1a\x91\x8d]\
\xe0\x1d\x09F\xd6n\xf2*\x01\x10\x0e\xc4\x96\xa4\x9f\xc4\
\xb6\x93\xc8v\xea{\xcc\xc7\xd0\x16\xac\x7f'R\xd9t\
\x8dr\xa36.\xe2U`\x07\x03M+\xd8\xd0\xd9\xff\
C_\x88!v\x81o$\x8e\xdc\x8d\x0b{\x1c\xfb)\
\xf2\xc7\x0bw^\x94z\xe3u8\xdf\xd9>\xd6{\x12\
p0\xbf|f\xe3\xday1?}\xfb2\xd1\x07\xf3\
\x85\x02\x1e\x91\x15qE\xf8\x91>\xa4\x5ct\x8d\xd2\xef\
\xdaa\xfd\xdb\xed{\x9c\xf8\xbf\xab\x87\xa1<HE\xba\
\xfa\xfe\xf52b\xf5\xa7\x1f\xfe\x8c\xff\x9f=\xf7G\xa4\
|]\xdf\xc7\xfc\x9c\xffk\xbd\xb8\x1f\xf5\x9d>z\xe9\
N\xf6sOF<\x1f\x87\xb6\xb8\xe5\x7ft\x7f\x88\xee\
\xa5x\x8ed\xffT\xff\xf7\xfc\x8f\xf3\xec\xd2s\xfe\xbf\
\x1e\xf3\x7fv\xf6bs\xed\x17\xef\xbf\xb7\xb5\xe3?]\
<\x5cX\xef\xff\xb4\x9c/q\xfb{\xfe\xdb\xf3\x10\xf9\
\x92\xb9\x8b\xf3\x92\xa8\xee\xb4\xc6\xd9\x07\x9b\xfb?\xe3\xfd\
\xbf\xcf\xe5l^\xb8\xcf\xb2\x94\xa5\xe0\xb81>\xae;\
\xe3^\x07i\xde\x07\xfc\x16\xdd,\xcb\xca=\x99\xe3u\
\x0f\xa0\x0f\x96vc\x1bU\x04\x9fsA\xf1}\xce?\
\xb5^}=H\x1b\xc32\x1e{\x85B\xa1P(\x14\
\x0a\x85Ba\x8f\x97\x0d\x08U`\xc3p\xa0\xaf<\xf1\
\x81i\x9b\x93\xf4\xa1\xc8\x8c\xd5-\xe3\x18y\x11p|\
\xb66EVY\x89\xdc\x03%\xa8\x8b \x00\x0c\x02\xcd\
f\xb6\xac\x18\x8c\x81\xe0\x14X\x8d\x0fD\xf9W4U\
\xfd\x16\xdf\xdf+\xb60\x88\xd4\x95\x81\xd6\xb3)\xd4F\
\xef-\xe4u\xa5L\xb8\xcai#\xaax\xf1\x13\x11\x05\
\xf5\x92\xfe\xa9\x9b\xf6\xc8\x82'\xf4y\x09P\xc7\xbfL\
\x81x\xb0\xc1>(\xee\xe7k\x11Z\xc8\xb6\xf1\x89\xa8\
y#rG\x22\xbd\xb7\xdd\xfb\xf2E*\x8a\x9d\xdb}\
%\xb0\xcb9\xfa\xac\xf4\xf3\x22\xc2>\xa8=\x09\x1b\x99\
\xc8\xe3}\xd0\xfc\xf4\xa1\xc0kr\x8fT\xa0\xa4s{\
Nc\x1c\xd3\xbcPd\xf3r\xd8\xcf\xc6\xcf\xb4\x0dV\
\xa8\xcc\xfc\xa4\xc0\x0f\xd3\xfb\xc2\xc5\xf7yA\x11\xa9\xb5\
5/\xad\x0fj\xb0\xae[\xfe\xb7+\xfe\xaf8\xf1\xff\
\x84\xdb~2|\xa4`\xa4\xfe\x9a\xff\xdd\x92\x15\xd3\xac\
\x18\xfdO\xf1\xdfz\x10\x8c\xd3\xf1\x10\xe2\x15\x08\xc3Y\
\x15O\xf8\x1f\xad\x0c\xb6\x1e\xf9\x1e\xa7P8\xcc\xea\xbf\
\xe5\x7ftM1\x0f\x85\x88\xb6\xf5\xadc<\xb6\xb5\xe7\
?\xde\xff\xe3zp\x16\xf0\x0d\xff\xad\x1f\x9c\xd4\x91\xdf\
\xff=>\xdf\xf0\xc2\xfa\xd5\xd0\x03\xfe\xc7\xc7\xd0\xe7\xa8\
E\x7f\xc1\xffa\x81\xfc}\xed\xd4O~^e\x8f\xac\
W\x89O\x0bb\x15=\xf0\x07,I\xfd\xf3\xb9\x04\x9c\
\x0b\x99\xe7\x8d\xb9\xa7\x9f/\x88\x0d\xa8@\xfd\x9bSV\
\xfe\xbcR\x0ef\x80CS\xe7^-\xc7\xc2\xb3\xba\x7f\
\xbe\xf6\x15\x0a\x85B\xa1P(\x14\x0a\xffv\xb8e\x96\
\x10|\xb0\x0d\x08\xde\xfb}5\xccx7\xde\x0c\xcc\xdd\
\xe4\x1b\xf7Y\xfei\x9a\x0e\x82^\x9b\x022\x8a\xc8\x9f\
%)c\x7f}'\xb3\x04\x18\xe8\xafV/\x22\x11\xcf\
`\x1a\x8f\x11\xe5\x01\xe9*y\x8e\x0e\x1a\xc2\x92\x06`\
\x81\x0d\x86\x80%YI\x84\xc1`\x14\xe4O1\x82\x02\
\xf3 Tx\xff|\xbe0\x98'\x0c\xc8v\xc1\xe4j\
O\xb0\x06\xd0y\xdeh_ldb\x01Q\x1cD\xef\
|\x8aDi\x9b'^\x11Gd\x05\x02\x0a\xb6\xbd\xed\
9\x8e\x0f>\xf9z\xb2<\xd3\x87_\x04\xae\xd9\xf9\xf6\
yv\xe8E{\xffs\xf4$\x07\xea\xd9\x89\xac>\xaf\
l\xfb\xf4\xf5\x1c!78\xdc'#\xc0\xf1\xb6\xbf\xb1\
OR.\xf8\xed\x96\x7fK\xc0\xf2?G\xd4f\xdc\xbf\
\xe5\x7f\x84\x95\xff\x94\xe6\xcb\xc6\xc3\xae\xee\x9d=A&\
\xa0\xcd\xb3\xf2k\xfe\xdb4\xe7Ih\xf7\xcc\xff\xb3\xed\
L\x14\x5clK\x1e\xa2D\x1c\x8bmz{\xbb\xfa\xef\
08 6\xe1!\x01\xe68\xd5\xbb\xd6\xcf\xe9u\x18\
\xf9\x8f|\xe1\xc5\xc6\x89\xfft\xe0\x7f\xbcO\x14\xb5i\
\xefk\xc6\xff\x10-\x9f\x1b\xdc\xf3\xbf{i\xdaA\xdf\
\xf0?\xb8O8\xfeg\xb3\x00\xe9\xe3\xa8\xc97\xfc_\
d\xdf\x94\xffm\x15\x9b9\xae\xcf$7\xd7\x8f\x22\x18\
3\x18pv\xe5\xf5\x17\xf2\xd7\xb3\xf5L\x22\xfa\xd3|\
p2Z\xa17\xf7\xcf\xf6\xb2\x8a\xba\xd9\xf9+\xa8\xce\
sG\xb8\xd5F9n8>i\xda\xbb\xb9.\x17\x0a\
\x85B\xa1P(\x14\x0a\x85\x8eOt\x15\x06>\x18\x93\
\xbd\xe7\xeb\x0dE\x87\x11\xf8\x8e\xc9\xfd.p\x99\xb3\xfb\
1\xe7\xef\x01\x01}\xde\xed\xbc\xca\xadm\xae\xc4YV\
9I:\x98\xd5\xd5\xd2#I|d\xf5C\xbeJ>\
#\x8d\xd6\xc0\x0a\xef\x032f\x13\xa0O\x9f\x1e\x8b\x06\
R\xbf\x0ah\x8b\x18\x0aA\xbb\x17?V\x91`\xf5\x13\
\xb7\xf1\xc7\xeb\x98\xd6\x00\xfd\xe7'\xf7\xdf\xaf\xf4\x92O\
y\x87\xe7H\x5c\xfc\x90\x15|\xbe\x5c\xe6\xe7\xba\x1f\x0b\
x7\xf0A`K\x04\x05\x93\xa7g\xeceio\xbb\
\x8b\x10\xdd\xe6m\xbb\xfc\xb9\xc3\xe07:/D\xb7B\
\xd1\x0a\x11INhF\x00\xb0\x9c\xf7W\x80]\x9b\x8e\
b\xd1F|\x94c\xfa\xceQv\xb5;\xb1 m\x8b\
\x1d\xd3\xd2@/D\xfa\x1fr\x8c\xc4\xf3;\xfe\xd33\
Qk\x03oWl\xcb\xb1\x9c\xfft\xc5\xff\x9d \xda\
\xf9\x9f\xaf\xb6\xbd\xe1\x7f\xdb\xf0_\xc67=\xe6\x7f\x9e\
6\x0c\xd3:V\xb4\xcc\xca\x7f:\xda\xde\x9d{,c\
\xf85\xef\x81\xde\xae\xbf\xbe\xc3\xfd\x88\xe2\xeb\xe2\x93q\
\xb4\xe6\x85s>\x84\xe1\xb5gV\x1bw\xd7W\xfe\x07\
\xf8O\x8e\xff\xbb\x15\xdfn\xcc\xbaO=\xde\x86\xaf\xeb\
\xea\xf8\xcc\xb7\x8c\xffQ\xdf\xfd\x15\xffOv\xc5v?\
F\xd0\x1eJ\xf9\x9f]\xab\x7f\xcb\xff~O|\x91N\
u\x90\xff3K\xc0\x7f;7\x9a\xe3\x1d31\xd9\xeb\
\x82W\xa7)\xe7?\xb2\x0e\xbf9G\xcb\x83\x7f\x5ct\
`g\x8dV\xfc\xc6y`\x9b5\x10\xe3\xa4\xb7\xd7\xf4\
^x\xe1\x17BD\xfd\x5c(\x14\x0a\x85B\xa1P(\
\x14\xf6\xf8D:\x1a\xcc)\xfa\x0a\x10+X\xcdI\xb8\
L\xf8\xcd$^\xf3\xca\xaa\x15\x94A\x1b\xe1\xaa$\x82\
\xe0C\x02\x16W7\x8d\x15S\x84\xc2\x02\xd3\x5c|\xc3\
\xf6\xd8,\xc7\xec\xc4&+\xf2\xf5`\x93M\xdd\x08\x14\
\x0dl\xa0\x06\x81\xed\xf8AE\xf9\xbb\x0dHw\x81$\
\x06\xf8K\x9b g\x14\xb8\x9e\xd2\xd0\x06s\x1c\x00\x93\
\xf3\x03\x83x\xb1\xa9i\xf9\xfb\x89\xbd\x10t\x16l\xc5\
\xbe\x1e\xfb]X\x97\xffh\x98\xcd\x15\xa4\x05mx\x03\
\x7f\xa0)\x13Ww\xb6\xc2\x95W\xd3\x0b\x15\xad\xbe\xc5\
\xee\x07$\xd7\xb1\xd1\xebeS{\x0e\x7f>\xa3q\x11\
\xe5\x8d\xa0\x82\x0a\x1dE\x12\x9f&\xfb\xa1\x08\x06\xe5L\
{<\x97\xe8\xc6\xc7\x96\xf0?\x1f\x1f\xbf\xe1?\xee\xef\
\xf9\xbf\xda\xf0\xfefi\x91@\xf5;\xfesXn9\
6T\xd8e\xc4o8\x94\x9f\x1fN\xf6\xd7\x11\xfcT\
 \x9c\x16S\xfe\xff,yL\xcd!\xff\xe5\xf3EJ\
\xff\xfd\xc3\x8e/<\xfe\xfc\xb5\x9f\xf5\xfcG\xdb\xd1\xfe\
\xc9\xf6\x89\xffx~\xef\xb8E\xbf\xe2\xff\x1cS\x8c\xe7\
=\x1e;\xe7{\xcfrt\xda\x7f\xe3;\xfeo\xae\xa8\
W\xfcG;\x17m\x02\x7f1\xcf:\x9f\xd2\xed\xbf\xe2\
\xbf\x08\xc1=m\xa4\xe0|\xd1M\xbf\xe2q\xc2\xb8\xf0\
xdZ\xb9\x9e\xb0f\x1c\xf3}D\xb0r:9\x17\
s\xfcj}\x8c}\x0e~\xff\xd0\xcfj\x1f8\xbd\xe3\
u\xa1P(\x14\x0a\x85B\xa1PP\xcc\x15\xd06H\
is\xee\x1e\x0a\x19\x22\xd2\xce({$\xb7F\xba\x22\
\x9aI\x7f=|\xa4\x7f&\xf6]\x04m\xaa8\x92\x08\
\xda\xf8U\xc9>\xa9'\xa33\xf4}\x5c\xd1\x0c\xc2\xc5\
\xf0\x0b>\x5c\x90\x8aGhm\x13\xecG\x81\xa6\x04[\
\xbe\xaf$\xdf.\xb0Gq\xd5\x94#\xda\xda\xc1`.\
\xb6\xdbR1\xc8\x07y= lS\x04\xcc\x82|L\
[\x84\x8c\xd6\x82`/o\xb7\xf7\xc3\xfa\xab>\xbd?\
e\xa5j\x1b\xef\xdc\xa4\xa4\xbd{\xc4A{V>\xcf\
Gi\x00\x7f*\x8b\x98_\xdf\xc62\x1b\x11\x826\xfe\
\xde\x086\xd1~\xb8\xdd\x1a\xb5M\x9d\x99\x80\xe5\xcfe\
T6\xb6)\xe5U|\xda\x9d\x0b\x0c\xea\x91\x8b\xe6\x8f\
\xac\xf8\xc7\xae\xfeL\xe8\xf4\xb8\xe5\xbf\xf8\xf5=\xffe\
\xa5\xe6\xcaK\xb5\xf3\x9ay\xb5~\x0e\xca\xa8]\x9b\x87\
\xa7\x9d\x98\xff\xeb\x03\x80'\xfc\x7fr\xce\xc5\x7f\x15\xab\
h\x0a\x87\xc6\xdbQ^\xde\xad\xfc\xf3\x88\xffQ\xbf\xf0\
\x1f\xf0\xff\xd9\xaas\xd4\xce\x18\xb6\xfc7\x13\xf2\xeb;\
\xa5~dy\xb7v\x98C\xb1ow\xce\xd1\xae=\xef\
\x9f\x92D\xb4_e.\xfc\xe3\xc4\xa6\xd4/\x1cB\xbb\
r\xcc\xfb\xb0\xe3\xbf\xb5\xcd\xe0+-\xed\xdd\xc1\xe6i\
\x7f\xc8\x7fw\xdf\xa3\xb3?\xf1\xf8\xf0\xfc_\xfd\x89\xec\
D\xd7\x85\xe8\x01^8\x16\x84\xff\xae.\xcd\xea\xc7\x07\
Q\xe4\xe3gj\xc7\xd6,\xde\xff\xcd5[nM?\
\xd9\x0asv'\xb8\xcf\xc7\x88\xd6~\xefSJdc\
0>\xfc\x5c\x06\xef\x8dr\x7f\x14\xd7\x1a\x9b,\xb2}\
\xec\xc7B\xa1P(\x14\x0a\x85B\xa1`\xf0\xc2\x80\x93\
Y\x84\x07]\xb1\x8c`\x82\x88\xa2G\x0f\xba\x02z\x06\
-\x8dry\x8bg\x1ca&\xeePV\xea\x99\xabP\
\xc4\x14\x083\x82)R\x93\xacz\xa1\x11X\x80\x8b\xf0\
\xea\x845F\xf0\x01JK\xc5b\x1f\x8c\xe1g\x94\x1f\
\xeb\x88\x8e\xbd\xd8\x06\x85\xde\x8e\xa6\xe5A\xeb\x22\xee\xf6\
\x8d g,\xbcd\x01\xac)\xd9\xf4\x9c4\x97\xf6i\
\xc7\xebu\x1d|\xad\xab\xbcVQv\xa6%\xe5\xedq\
\xfc\xe4\xf0\xbc ^\xa3\xae}\x8b\xb1.\xb5\x1b\xae\xc6\
;\xa0y\xe5\x15|\xa5\x0b/\x22\xb1#\x13A6V\
\xe6\x1f\xd6\xcaA]\xde\xf6\x8d`w\xfbP\x00E,\
\x1f\xb8/\xc21\xf5s\x85\xc7\xa6\x88\x03\x16#\x01`\
'^\x9e|\xb5\xd7B\xcb-\x9f\xaf\x7fj\xfbv\xe7\
\xa3\x1f\xb3\xe2\x89}m\xc0j\xa7-\xd7;\x7f\xf6P\
d\xf2>a\xfe\xe5L\xcfrV\xc0\x8eq\x12\x9d\xbf\
\xe3\xbf\xbb\xde\xcdk\x0cm\x85\xbaL\x18T\xbf\xec\xe7\
(E\xd8\xb7O|U\xbb{\xfe\xfb\x1ed\x97'\xb8\
\xc4]\xfbp\xcf\x7f\x14\xdc\xbe\xab\xeb\xb7\xfc\xcf\xae-\
Y=R>\xea\x1b\x0e\xf8\x1fT\xee\xf8\x12\xf1\x86\xa0\
\x9e\x13\xff\xb5\xfc\x1d\xffO\xf7\xffu\xbc\xb2\xcb\x7f\xbe\
\xff\x7f\xf6(B\xe4c\xfb\xa3\xfb\xbf\x8c\xa6\xa4\xdb\x87\
\xd56\xf8O\x09\xd8^\xf5\xd8\xb6\xb7\x8d4\xfdJ[\
\xd4_p\xed\x84\x01\x16\xf9\xde\x86j\xdc\xc6\xbct\xbd\
\xc7\xe1m\x98\xfd\xcdD.>c\x9a\x0a}\x0b\xdf\xd2\
\xd3\xf9&\xdc\x97\x1e\xdd\x8f\x0b\x85B\xa1P(\x14\x0a\
\x85\x7f/\xe6\x12-YI\x84\xda^\x17\x9cg\x0e\xf3\
1E\x90\xf1Z\x0c\x04;aw]1$\xe5\x09\x84\
M]\x91\xd2|\xc0\x91@\x02\x8a\x197\xb8\xc0AV\
\x82I\x90\xf0\x0a\x82\xde5\xc8\x8e\x83\xd5n\xdf\xb7c\
\x0d\x16}@\x9c![\x89d\x05\xb0\xfb@\xfa\x13\xb0\
\x13\xed\x85\x09\x8eW\xe0e\xed\x92my \xf0b\xfb\
\x83L\xbe\x0dY;\xf1\xd3\xa7SR\x1e\xf3\xef\xc4\x1f\
/f\xcb_&\x9c\x9d\x05\xf75m\x17`f+\xd0\
\xe66\xa9\xa8\xb6k\xe7I\xfc\x8c\x8e\xeda\xa2kc\
#\xf2!\xea\x9b\x9b\xbav\x0f^\x88n\xc7\x17\xf8\x02\
\xdb\xfe]\xe6Q\xdd\xd8/\xbe\x8f\xbd\xd0\x12\x89>\x91\
\xc8\xd6\x85\xa8\x1b\x9e\x0c\x9f\xa7\xe8\x85\xc2\xb2\xa6\x8d\xdc\
\xa6\xec\x1d\xffW\xec\xf8\xbf+\xa7m\xf3\xedbs=\
\xf66\xd0\xae\xaf\xe3/\xf8\x1f\x8e\xbb~@{\xafY\
1)\xbb6X\xfe\x8b%{\xad8\xf3?\xee\xdbo\
\xf9?R\xc2\xfb\x07\xd6\xf7w\xfc\xe7`\xcb\xda\x8a|\
\xb8\xe3\xff\xca\xc4o\xae\x11\xd1\xf8\xba)\xb7x\x02\x8a\
\xa2\xe5\xbf\xed\xab\xe7\xfco\xd4_-l\xc7\xfb\xb3\xfb\
\x7fCO\x17\xdf\x9f\xf1\xdf\x8e\x87\xe8<\xbe\xb6\xfc\x17\
\x9e\x7fw\xff\x97O\xbd^\xc8\x85/\xbb\xa7\xc2}G\
o\xf3\xe3\x88o/\x19{\xb2\xa1~\x8a\x8df\x8e\xe9\
<\x8d\x08\x7f\x0bd\xfa9\xabn\x81\x80\x1c\xf7Q?\
\xef8\xa1\xe8\x7f\x0c\xf3b\xdf\xf5\xbeO\x0b\x85B\xa1\
P(\x14\x0a\x85B\x0e\xa6\xff\xf3_n\xc6\xed\x02\x94\
9\xf9\x7f\x99\x5c\xe4Df\xcd\xd3\xe6\x8a\x96\xd7\x08\x06\
?\xa2\xcc\x8c\x1fT\xf0\xc0@a\x8a\x9b\x10\xa80\xbd\
L\x1dm\x04\x85\xfc\xc2 \xbb\xdb\x98\x81E\x1b?\x1a\
#\x82\xba\xf3\xba\x0b\x9e\xba\xfa\x10\x83\x9feE\x0d\xa9\
@\xb6\x135\xdf\x90\xaf[\xdb\xc0\x92\xd7z\xc4\x1b\x08\
\x9ec\xf0Q\xdc\x99\xb6\x896\xc2\xab\x0d^o\x04\x83\
\xd5\x93\xbb2g\xfbI\x7f\xb4X0\xd8\xdb\xb7\xed\xc2\
\xf2\x89s\xc7<3H\xe6g}6\xf3\xb4\xbe\x22\xec\
\xa7\xb5Er8\x9eng\xebF\xd8S\xa1\xcd\x97a\
\x15\xf6Y\x03\xeb'\xe7\xfe\xbb\xb1b\xc5\x05\x14/\x22\
\xc1\x91\x1f\xfa\x96\x9dg/\xe4\xecV\xe5\xfa\xbc\xf1\x98\
\xe3\xc0\xd7\xf8\xfc\xed\xf9O\x81m\xb2m\xdf\xe0v\xec\
\x89\xbd\x93\xcd\xef\xcei\xbf\x8e\xc6\xe9\xdf\xd9\x8f\xfa\xe7\
\x8d'\xfco.\x1d\xcbguj\x9ev\x91g\xads\
g[\xfa>\x1d{P-H\xe2[[w\xfcW\x9f\
\xc3\xf1<\x84:P\xdf\xaepn\xf7~\x9c\x89Oc\
c\xcb\x7f[\xd7\x03\xbb\x98n\xf8\xaf\xd7\xc5\xc8\xc6\x99\
\xff>o3m\x88|\xba\xe3?N\xb5\xfa\x05ew\
\x05X}\xca\xeb7\xd7\xfa\xad=z\x84\xac\x1f{j\
33\xc6)\x0c/\xb9\xda\xb2\xd7\xf3\xb5\x9e\x02Z\xbd\
\xf6\x1fM\x01YJ\xf5\xf3\xfc\x99B\xce\xfa\xdeoh\
\x16\x11\xda\x96\x91\x7f\x7f\xba\x05i\x07\xab'\x9f9\xd6\
\xb0?\xeb~wc\xffg\xccM\xed\xc2\x88~\xdad\
^[\xe2s\xa1P(\x14\x0a\x85B\xa1\xf0\x04\xaf(\
Q5\xd9\xf7\x84|\x84\x19\xdc\xcc1A[&\xf5\x22\
\x86\x90Yy2,\x9bO\x13<SK\xd7n\xcd\xf8\
d\x04\xd4\x9aK\x82C-#\xa2\x9c\xad\x13,C \
\xc8\xf8\x17Df(<\xcb\x9f\xf8\xedW\x06\xbd\xd3\xe4\
G\x8b\xfc\xbb^\xcd\x8a\x229\x02\x81\x0b\xda\xf5u`\
\x80\x1c\xc1\xe7\xd9\xae\xbcr\x01\x93\xdf6~J4\x07\
\xd5\xa2\xfd\xb0\xbf\xd2\xe8v=\x07\xd8\x0f\xcfE\xab\xb5\
]\xd9\xf9\x9b\xb5s\xbe\x8a\xb1\x8d\x07&Y\x9bv}\
\x16\x09*\xbc\xd86\xa7{\x1b\xb4\xa2-\xebcK\xf2\
\xade\xccxn\xf1\xea\xd1\xbc/\xac\xa0e\xc7\xd4\x0e\
\xee\xfc\x06\x02\xe3\x92\xb3\xb5\x94{a\x0d\xcc\xc7q\x87\
~g6\xac'\xfdo\x0a\xf7A;\xba=z\xc0\x7f\
\xde\xd4I\xd3\x86\xdf\xfe[\xfe\xc7y\x9f\xf0_\xda\x8d\
y\xec\xf81\x0csi\xb4\xf5#\xab7\xc3\xe2\x1fA\
\xed\xac\xdfn\xd9\xd5i\xaf\x1f\xe8CO\x8b\xfc\xff\x86\
\xff\xde\xef\xbe\x01\x1f\xad_X\xa3\x07{\xcf\xf9\xcfa\
\x19\xe5?\x91\x5cm\xf1\xbe\xf3{\xfe\xe7\xfd\xbd\xf0\xb4\
\xdd\x0b\xfeD\xf9\x18\xda\xf1\x1f\xc7\x82ru\x7f\xad8\
\xa5+\xb7G\x1b~\xc5\x7f\xd7\x07 >\xff%\xff\xe9\
\xc8\x7ft\xe1\xcc\xff~\x8d\xc6\xeb\x0b\xd4K\xe3[W\
\xb3LZ\xb3\xf3C\xd3[\x83\xfdF\xe1\xccO\xba_\
\xe6y\x967}Nh\x7f\x18\x19\x84e)\xc1\xee\xbc\
\xc0\x5c\xb2sr\x9c\xcf\xc6\xce.\x7f\xe6\xc04_O\
\xa7\xc5\xef\xee\x8b\x85B\xa1P(\x14\x0a\x85BA\xf0\
\xb2A\xb9L\xac%\xa5\xbfb\xa3\x07\xae#\xdb\xd47\
\xdd\xe4\x9b\xd9\x1e'\x0d|\x15\x12a\xac\xc1\x98Jg\
Ae\x10\x94m1_\x07\x02+}\xa2\xfa\x88\xe9:\
vh?su\xd3\xfbs\x17\x10\xee\x84&\xec\x89\x93\
\x98\xd0\x832+*\xdd\x884j\xebI^\xddn?\
?\xe8\xf8\x12\xf0\xe3\xfe\xee\xc7\xc2\xd0\xef\xddq\xefC\
\xe4\xd7\x9avXu\x04\xc7P\x98\x88\x81\xc2\x99\x96\xc9\
\xeb\xa6\xb8?B!u\xb5\x9d\xd5\x91\x89\x91\xf2\x99\x09\
/jk\xfcM\xb1\x89\xd2:o\x04\x0d\xdc\xde\xd5\x0d\
\xd2\xc3\xe2\x7f\x86\xcf8#\x0aE\xf1\x0c\xed\x92\xff\xcd\
\x9d{\xfct^\x04\xfc\x8f\xb9\xdbWT\xfe\x9e\xff\xbb\
\xb4H\xcc\xfa\x1d\xff\xef\xe0\xcf\xf5\x0f\xf0\xbf\x1d\xf9\xdf\
\x02\x91\xcf\x8a\xba-y\x08(\xf6\xbd\x0f\x91_Q\x9a\
9\xcf\xe4Fa0\x06rx\x8er\xc0\xe13\xff\x9f\
\xb4E\xae\x13\x86\xa7M\xeb\xfa\x8e\xffd\xca\xec\xf2\xc9\
5\xd1?(\x8b\xec\xdd\xf3\x9f\xae|\xf0\xf6\xf32\xb1\
\x88\x7f\xbe\xff\xdf\xf2\xffN<\xb4\xfc\x7f\x7f\xf3\xea7\
\xfc\xb7\xdc H\xbd\xe7\xff\xca#S?\xe9\xf9\xbd\xc1\
\x91\xff\x83\x0f\xcd-,x\x03\xef\xffQO\xc6\x0f\x01\
\xd6{\xf8\xe7\xf6IJ\x81\x06~1\xcc\x0a\xd5U\xb9\
\xee\xf8\xd5\xdc\xe6\x09\xcf\xd2\xbe\x14\x8c^A\xdf55\
\xd9_3'\xe7H\xe6\xc8\x8e\xd7\x0f\xae\xbb\x85B\xa1\
P(\x14\x0a\x85\xc2\xbf\x15\xafu\xc5V\x9e\xd9\xaej\
\xfa\x84\xb1>C\x10\x1fa\x9e`\x92\x0e\xd1\x85\xae\x09\
2\x92\xc2|\xe5\x06\xae\xea\xd2\x0d\x08\x1b8h\x87\x0b\
\xf6$\x91MT\x13\x09\x07\xf4\xf9*/\x06K\x12t\
\xdd\x07\x9a\xe7\xafQGx\x14\xcc\xb4\xfd\xaa\xe7L\xec\
\x92ms\x9c\xf1\x91\xc1>p_V^\xa5\xc7\xa1>\
\xfc\xe38\x80;\x09v>8'o\x8by\xbe;\xd8\
\x0b\x92*d\xc4\xe3\xfcN\x1cY2\x1c\xfb\xc1\xdb{\
*J\xaee`\x8c\xfd\xecW\xa5\xdf\x08-\xb7\xf9\xad\
\x08\x22\xfc\xbf\x0b\xc4}\xc9\x9b2\x02\x11\x80O\xf9\xf0\
\x9b\x07m(\x1a\xad\xc5\xb5\xef\x855[\xef3\xfe\xdb\
\xb4\x7f\x9a\xff\xd9x\xc2\xe3\x99m\xcf\xff\x9bz\xef\xf8\
\xcf!\xff\x8d\xd4\xf3\x0f\xf1\x9f\x81\xff\xf2`H\xd2\xa3\
\x95\xa6\x91\x0f8\xbe\xcf\xf4\xff\x1d\xff\xe7\xbd\xcb]\xc3\
\xf7\xfcW\xa0\x10x\x1e\x97\x1cl\xd9\xfd3\xff))\
\xc9\x9b<D\xbb\x91\xb5\x96\xb16\xef\xf9o\xef\xbd\xfd\
3\xcf\xfb\x94\xffr\xad\xfd\x9e\xff\xec3P\xe6\xdb\x1e\
\xb6\x9d\xcf\xf9o\xc7\x96=\xb6Vc\xfbU\xd3\x18x\
&\x05PX\xee\xc5\xb0\xfe\x16\xda\x94\x15\xca\xfd\xc6\xac\
e\x96Wt\x8c,\xbd(\x7f\x1e\x82y[\x1fA\x99\
\xed=@\xfcA\xc1\xdc\xce\x0f\x83\xb1\xcbz\xad\xe8\xc2\
\xb8\xbc~C\xfc\xf7\xf3\xe6g\xf7\xd9B\xa1P(\x14\
\x0a\x85B\xe1\xdf\x08\xf3\x0e\xe8>\x01\xef\x13~\x11!\
\xe7;\xf0\xc6R\x15\xb3~q\xa4\xbd\xf1b\x9e\xb1\xc3\
\xfa\xe6e\x5c[\x22[\xfd}\xd1\xbd\x9c\x042\x9a\x8f\
gN&o\xb1\xfbC\x81M6\x0b\xb3\xedWD\xd1\
2-\xfe\x094\xc0\xc9_\xf9\xb0\x87\x8a\x116\xc8\xca\
q\x0cT]\xde\xd7V\x08\xf8%\xdaM\x00|\x0b\xdb\
\x17\xcf\xfa \xb6u\x93\xd7\xf4$\xfb\xaf\xd0k\xda\xee\
]\xc17\xfe\xad\xe2\xd6_\xf5\xdb\x0e\xeb(>\xf7\xdd\
\xf7\xe8\xb6_\xc7<\xd8\x97S\xcc\x22\x91\xf1\xf2\x9e\xf1\
\xc2\xe0\xb3v\xf8\xbc\xbf?\x07\xe2\xc3o\xfb\xf4I\xf9\
\x7f*\xef7\xf8'\xec\xe76\xdbE\x9e'\xf6\x02\xa0\
jD\x22(=\xe1\xffyl\xfak\xcc\xb7h\xc1\xd6\
U\xb9_\x9d\xb3\xb6\xd9\xbb\xb3\xdd\xfb\xf2y\x1f|\xd8\
z\xe4\xffw\xfd\xda\xbe8\x82>\xec|\xb9\xf1\xe8\xdc\
o\xeb\xd8\x7ff\xf7\xf2\xbe\xf5\xf0H\xd6\xee\xfc\xd4\xb6\
p\xdc\x1a\xd9\xb9\xfd\xcc\xcbr\x7fe\xdb\x98g\x8a\xc0\
L:\xefj\xa0\x0c7/D\x8f\xeb\xbb\xbc\xf6\xedc\
\x17\xd2\x9a\x13\xbb\xfb\xf8\xb2?Th\x05e\xff\x00\x1e\
\xbf\xd5\xd1\xcc\xcd\xebS^g\xca\xa6\x95\xbb\x87g\x85\
B\xa1P(\x14\x0a\x85BA\xf1\xf2\xab[\xfc\x1cZ\
Wh\x8d\x0f\xa3|i\x9e\xb9p\xa5\xf9\xb2\xf2\xe7`\
V\x81\x05\x87\x97\x14[q_0\xd3\x96\xdc\xcd\x95\xb4\
B\x1d\x05p\xa2\xe2t9\xf7=Zu\xe4W\xfb\xed\
\xc4\xe7e\x15\xdc(\x8b+v|\xfe\xc8n\xb4\xe2.\
\xab#\xca\x13\xa5}+d\xacu\x81M\x22\xb3\xc2\x0e\
\x05\x87\x93\x1d\xb4\xb5[\xe9\xe7\xeb\x91\xe0RV\x08\xe2\
\xca\xad7>?\x16\x88\xaf\x1c9 \x13\x9f\xd5\xaf\x5c\
Hy\xb2B\xed\xca\x17\xda\xfbv\xc2\xae\xff\x97\xba\x9c\
\xf8\x9c\xad\x1cmz\x924\xdd}~\xeb\xc3Z\xb6[\
]\xcb\x9e\x85\xb2\x13p\xe5\xe9\xce\xce\x897O\xca\x9f\
\x04\x8c\xff\x7f\xf2?oK\xbc:\x15\xaf\x81\xb1\xed\x13\
\xff\x8d5Y9<\xf9?/\x00\x9f\x8f\xdf\xf2\x7f\xe7\
\xdf\xb7\xfc\xb7w\x8c\xe4\xbe\xf9\xd0\xb7]\x9dO\xf8\xe0\
\xcb\xfa<\xca\xc9\xfey\xe3\x03\xd3\x8d\x0fk?\xdc\xf8\
\x1f\xf5\xde\xef\xf9?\xac\xbayN\x94\xff\x1b\xfe\xd3#\
\xfe\xe7\xefs\x8e\xeaX\xf3\xc4\xd7\x9cXt\xdf\x9dO\
\xb1C\xe4\x1f\x12ky\x8a\xfd\x18e\xe6\xb2\x83\x16f\
\x9f\xf9\xec\x17\xe4\xc4/xE\x08\xc1\x02\x86y\xffw\
\xef1\x1f.\xbe\x8c\xf8\xac\xfe06k\x99\xcb.N\
\x15\x0a\x85B\xa1P(\x14\x0a\x85\x07\xf8\xa8K\xcb\xd7\
Qy\xfe\x03\xb1\xf0\x98\xe4\xfbU 8/\x97\xf8l\
\xce\xe7\xe3 d\xe8u \x5c\xf5\x84\xe0\x1b\x90\xb3\xbc\
]]\x09Ab\xc3wY\x8a@A!4\xcekA\
\x1e\x06\xeb\xfb\xd5\xbakP\x9e\xc4\x8e\xe0\x9b\x0f\x22\xa3\
\x00u\xb7\xc2\xceW\xa4\xa2\xa7\xe4Y\xcbx\x11$\xac\
\xd3\xfc\xb1\xc9{\xbf\x22\x91\x96\x15\xdc3\x90\xa7\xbc=\
\xfe\xab\xf3>M\x82Z\x7f\xac\xd9\xc8\x9bV\x7f\xd6\x1f\
Kc\xb6Y\xdf\xe2S&\xfc\x9d\x84\x0d=\x07\x92\xb2\
\xfa\x8e\xe2\x96|\x95;\xb4w\x5c\xf5=\xde\x09n\xce\
\xd0\x9d\xa8\x95}U<\x17Y\x022\xd3\xbd\xbfLd\
\xc5\xe8\x8d\x7f2\xben\xc4\xd5\xbe\x8f>h\xfeL\x10\
\x0b\xfdc;\xbe3\x9c\xc6}$\xca\xed\xc4]\x1c3\
\xd2G\xf2\x8d\x00\xb4\xf4J\x1eZ\xbd\x02\xfe\xcfkK\
r\xaeo\xf9\x1f\xe19\xff\x1b=\x11\xe0\xec\xf8\x13~\
\xfa4\x82k\x9b}\x05\xc3Nx\x974\xcf\x81\xb9\xaa\
U\xf2\x5c\xf3\x9f\xc9r\x81\xf1\x14\x84\xedz\xe3[\xfe\
\xdb\x9al}\xb9\x8f\xf1\xb1;\xfe\xc7<\xa7K\x7f\xa3\
\xe3\xb7\xfc\xf7\x17\xe5\x9c\xff\xcd\xf1\xdf\x9e\xd3\xc8\x87\xb9\
\x1d\xa4\xaf\xf7\xab\xbc\xfc\xcd\xf1\x13\xff\xfdv\xe7\x96\xfd\
\xa1\xe2\xc8\xee\xeaw\x0b\x1ev\xc4e\xf1\x1a#\x19\xe3\
\xeb}>F\x90\x8bk9\x9f_\x8f\xb5\xe9O,^\
\xab\x86.y$\xcd\xcd\xcbZ\x94\x9f\xe6\x04\x12\xaf\x7f\
R\xa0\x8d\xb9\xe2O\xb3?\x08\xe9\xc7\xca\xcf\xbc\xa7\x12\
\xe1\xef\x0e\xbe\xeb\xf8\xfc\xe8`s~\xcc\xa6\xa8\xcf\xe4\
\xfa\xa0P(\x14\x0a\x85B\xa1P(\xec\xf1\xf2\x01\xcd\
\x1b<&\xdb\x8due\xc8:\xbfnz\xbc\x1b\x80y\
y\x83\x0f\x1f\xcc\xff\xe7\xdf\x17\xcd:#\xc1AK\xe9\
\xab\x0df\xecA\x16&HJ\x84\x01\x1b\x04\xc9W/\
\xd5\x07,\xdc5\x9e\xf3\xbb?#\xf1\xd4\xd7\x88AO\
&vH\xeeS\x00cE\x03\x090%&;\x8b\x08\
\xfb\xe0v-\x7f\xfa\x91\xc17\xb4m\xe8C\x14\x9c\xf2\
Q4\xca}[\x81\x82\x8e\x17\xf2P`\xe9_\xb1\xa7\
y\xbe3\x012\x13\xea0x\x97}?f3\xbf3\
1*C,\x0c\x91\x11\x0eb1%_\x8d\x1b\x09k\
'q\x05\xcf\xe1\xf1\x9c\xa1\xa8J\xd1\xe1\xf8<\xe3\xbb\
U\xd7\x07\x0e\xd6\x0f\xfb\x10b\x1dc\x91hu\xc3\xa5\
,\xaf\xf4\xe7-\x1fq\x9b\xa3<\xc0\xff9~\x5c^\
\x14R\xbc\x00)\xdb/\xe4=\x81\xc0\xc4L\xbeg\xa2\
\xf3\xf1\xda\xf9\x18\xe0\x19\xffy\x9b\xe7;\xfe{\x01L\
\xeb\xf0\xfc\x8f\xea\x93|X?\xb3\xe5\x14\x076\x22\x8e\
\xa8\xbf\xfc\xdf\xc6\xff\xbdp\xf8\xcf\xf1\x9f]\xfeh{\
\x97\x86\x96\xb2\xc3\xf3\xfcy\x7f\xd2:8\xbdO\xdd\xf0\
\xdf\x95H\xee\xff\xba\x7f\xcb\xff\xe9\xd1\xe6\xde\xba\xbf\xff\
\xaf\xfd\x9b\xf17\xbe\xff\xdb\x87\xf6\xa9\xaf\xb4\xf71\x82\
\xe7\xbfc\x84\xf5\x99}\x0fCN9\xc7n\xaahs\
7oY\x9c\xa3\xd0\xe7\xd7\xcb\xe41\xcb\x05\x9a\x16\x9b\
\xaf\x85a;\xf6\x9b3\xfd\xf9\x91Ax\xe7\xb3\xf9M\
\x91\x8f\xeb]\x81\xe69\x9f\xcd\xae\x0f\x85B\xa1P(\
\x14\x0a\x85Ba\x87O$(A\x9eA\x1b\x13\xf3&\
S\xeeU\x08`b3\x1f\x9fa\xfa\x14Gm\x99\xb9\
\xe0\xa5\xad+x\xfc\xea\x17\x1e\x13\x7f\x15\x5c\xb4\xce\x99\
\xcf\x0b\xce\xec\xc4F\xb4\x07\x82\x96_\x8d\x846\xc4\xef\
\x9b\xc0nVJ.\x18k\xf9\x0f\xc3IP\xaa}\xce\
&\x1dm\x99\xc0&\x14F\xb4\xfe\x1d\x22_PTY\
Z\xc4\xbc\x11a\xa2\x80+\x09\x14i\x0d\x9cw\xab\x01\
\xbb\xed^\xd26=\xfeJ;/e\xad_\xb8\xca\x99\
/O\xa8\xa9g8\xb4\x8aU\xf9;\x82}?\xed\xce\
\xa9\x1f\x87\x86\x13\x22T\x82p\x19\xd5\xb3kW4\xf6\
\x10:~t\x1cF\xf9\xdfu\xbd\x22\xa1\x939\x14\xac\
P\x1c\xf5\xf6v\x02\x0f\x8aL\x91\xe0\xe2\xe1\xfb\x14\xfd\
\x8d\xea\x97c1\xff\xf7\xbeg\x98=\xe7\xf8/\xe7\x8f\
\xb6\xfc_\xd3\xa3va\x9b|[24\xe7[#\xe8\
\xcb\x91\xe6\xcf'\xfa\xf2\x8c\xff9\x9e\xf3\x7f\xd7v\xbd\
\x86\xef\xca\x0an\xf8\x1f\x8dio\x13\xd3\xfc\x18\xf3\xbd\
\xf77\xfc\xb7\xf7\x8f~\xbe\xc8\xd4\xf57\xfc\x8f;R\
jy-m\xa5+{O\xf9?[\x15\xf4s|\xfe\
\xec=\xfb\x86\xff\x0c>\xf6\xfck\x99\x9d\xef1\xe2\xf3\
\xe1\xcf\x9f)\x11\xde\xff9\xe4?]\xf1\xff\xb7\xf7\x7f\
Zl\x84\xfc7\xf6\xec\x91\x9d\x07\xac\x137\xbbOD\
\xeb\x16\xcfq\xee\xa6>\x90y\xf4]0t\xfd\x9c\xe6\
\xfd\xfa\x0d\x1e\x02\xb5^\xfbX\x8d\xce\xeeos^:\
\xb9\xd6'\xa0#\x1b{\x87\x97\xb6\x14\x0a\x85B\xa1P\
(\x14\x0a\x853\xdc\x8f\x10\xea\xbc<\x0al\xac\xdc\xc4\
6\x9dG\x1a\xae \x99\xb9^C\xc8{A\x9a\xae\x5c\
\x99\x13y\xf3#\x84<V\xb3\xf0\xac\x19\xfd\xd2\xe0_\
\xfd\x9a\xbe\xb7!\x80\x93\xcf\xd3\xa0<AP/\x9f\xab\
0\x15\xc1\x8a\x0f\x16\xbc\xcd\x7f\x93\xfbY\xae\xd6n}\
\xcd\xfdx\xf1\xfd\x8f\xf1\x9d<\xd4s\xa9\xc1\xb4\xff\xb1\
\xaf88\xe7k\x7f\xef\xfb\xf8Y\x80\x18\xd9\xf0{\xc2\
\x11\xc9\xff\xe4\x87\x0cw\xf5\xf4t\x150\xff{\x82\xdb\
\xbd\xd8\x96\xe7|\x8e\xfc\xfc('\xa3\x07\x0dO\xfa!\
\x12\x963\xa0\xe0\x93{\x14\xd4\xd1+z\xec\xd7?u\
>O\xb6\xaf\xf8\xc4\x17\xafM \x7f\x85\x8c\xe1\x05\xbd\
{\xfe\xdf\xfb\xbbz\xf5\xce\xfb\xf3\xeb>\xf6\xab$#\
x\xa1p\xe5\xff\xf9Z\xb0{x%\xf6\xc3\xe3\x17)\
\xbf\x81\xad\xb7\xc1\xbf\xbf\xb2J4\x1f\xd8\xd1\xb1~z\
\xc4\xff\xf8\xa1\xdc\x1bY\xb9)Q\xc2u\xfci+\x97\
\xeb\x14\xf59OK\xec\xdc\xf1\xff\xbb\xb3\x1b\x9d\xb3\xec\
\xb8\xef_\x81\x8e\xe9\xb6\xab\x88(m\xa3\x1c{\xdb\xea\
\xc7\x7f\x86\xbd\xf7\xc7{%\xb2\xbc\x12\xe3M\xd7\x9f\xc9\
\xff^\x16GZ\x7fh4\xf4`\x9d\xd0\x8d\xff\xc4\xe1\
\xb1\xd74\xed\xa7i9\xf1\xa9\xd1j\xbf\xcdk\xc6\xcf\
\xc7\x81\x06\xab\x18\xf4\x87\x09\xa5\x9e\x1f\xd2\xf7s\xb49\
\xc7\xc5qss\xed,\x14\x0a\x85B\xa1P(\x14\x0a\
\x1d\xf0\x0e\xe8\xf7\x1c\x1c\x83\x93\xe6\x82\x0d\xa6\xbe \xba\
\x07\x16Sg$\x0d\x06|l\xc2\x8b0\xe9\x02\xc6a\
\xa7A@2\xe2\x8d\xb9o\xf3\x83/mI\x9c\xf5\xbc\
\x03\x1ex[.\xcdU3P\x00ED\xf4\xf8\x06\xb7\
+\xc90\xffv\xb5b\xbe\xa4\xef\xe0Q\xeeG(\xae\
\xb9\xd5G\xf2\xa3=~EZV\xfe\x06}uR3\
\xab\xe1\x7f\xdc\x0f\x81\xe1\x0a\xabh%h\xb4\x1d\xf9\xf3\
Dp\xbc\xc1\x14\x7f\x88\xe0\xd1\x05\x99=t\x03\xcf\xeb\
m\xfd(\x08h\xb0;\xce\x06\xf7Q\x8b\xa2\xd6\xedy\
\xb8\x1b\x93\x0cu\xbd\x8e6\x08\xfa\xc2\xdb\xcd\xce\xdf\xad\
\x7f\xf8\xe0'\xb3y\x12V\xf1\x13\xeb\x89V\xd9\xa6\xe3\
;\xe2\xd8\xa6ML\xbf\xe5\x7f\xfc\xe0\x01\xfb#\x1ak\
7x\xc2\x7f_\xee\xc4\xff\xd5;\x0a\x8f/\xab[\xff\
Q\xfe\xc7\xe5\xbe\x85\xe1\xb3\xa4\x91m\xb3o\xdb\xeea\
Z\x84\x95\xff\xeb5,\xe3?o,\x7f3&\xf7i\
\xf2\xee\xf9\xd5\x7f\xcc{\xe6\xbf\xb45\xcfa\xc6EO\
\x98\xfb\xa72\xdf\xf3\x1f\xd3\x7f\xd9w\x87.\xb8\xbb\xff\
st\xe0rF2\xb3;\x9b\xab\x1f\x9f\xcf\xa0\xfe\xe3\
\xfd\x9f\xf7W\x80)\xef6\xcf\x91\xf1\x0a\x9a\xa6\xfe\xc9\
|3\xaa\xc7<\xd8g\xbcG\xac\xf7\xe3\x065\xc7c\
\xc5r\xd9\xa4c~\xf0+\xfb\xdd\x12\xf1A\xc7j\xfb\
\xea\xfe_(\x14\x0a\x85B\xa1P(\xfc\x9b\xe1^\xc1\
a\xd7\x8c\x08\x9a\xa8\xc2#[\x83\xd5CS\xc4$]\
]\x02\xda\x8eT\x01\xc6t\x93)\xfe:u6\x97G\
QY\x84k\xcc\xcb\xb3-(\x9e\x8f\x80\x86WA\xe7\
\xe3\xad[\xc9D\xa4\x01\xe3^\xf4\x0c\x84\x92\x9dpe\
\xc4\x94\x5c\xc8l\xf6\x80I\xd3O\xda\x0a\x88^\xe4X\
\xec\x82\xff\x18@Eb\xc8\x8d\xc0\x10\xe6\x09l\x9dD\
\x0f/\xa0\xed\xc4\x9a3n\xfd\x8fJ\x11\xf8A\xc6\xa7\
\x0c\xdf\x08\xb1\xfd<r(r\x89H\xf7D\xd8\x8e\xce\
\xdf.\x7f\x90h?\x93\xbc^L\xf4i8N\x15C\
40bk\x8c\x1b\xdfw+ES\x9b\x81\x98gD\
\x19\x18sg\xfe;\xdb\xb4\x1f\x03(\xac(\xff\xf5\xc1\
\x83\x5c\x83\xf1\xfa\x22e$/~\xb2\x11\x84V?V\
\xfe\xc7~\x89\xcd\xa7\xfc7c\xf6\x7f\x05\xff\x91A\x14\
\xda|\x0a\xbd\x9fLci\xde\xf5\xbe\xe0Y=R]\
{w+\xa1O\xfcg\xf3\xb0\xe2\xf7\xfc\x0f\xefA=\
a\xc9w\xc7\xfff\xbc\xfd{\xfe\x9f\xf3\xa2\xcd\x1dw\
\x09\x1e\xc4~\xcb\xff\x9d\x10\xed\xcf{\xfc \x83\x97y\
\xc1(0\xcb\xc9\xe7\x8eK\xbb\xfb\x7f$>\xab\x0f\xb1\
-\xdb\xb6\xa8O\x82tcK~Dt\xec\x93q\xda\
\xd9\x81\xf2C'\xf6+\x93\xfd\xc2\x88\x15\xca\xc5\xcf\xb5\
\x96|9h\xdb\xf4\x9dg\x9dh\xdb\xeeJ_\xbd\xcb\
~\xf7\xbb\x16\x85B\xa1P(\x14\x0a\x85\xc2\xbf\x19S\
\xc5\xb4\xc2g\xff\xfb\x04!L\xf3G\x09\xfb6\xc3\xa4\
\xdd\x15\x19B\xf5\x0c4\x18\x82\xa6\xb9\xccd\x0da\xba\
\x08'\xabZ4\x5c\x98\xc1\x85\xb7aVU\x81\x00\xf3\
\xea\xdb\xef\x057~\x05\xb4\xfa'\x16\xe6\x8b;f\xda\
\xcb\xad\xbe\x8b\x83\xbc\xf5\xd7\xeb\xd1\x0b/\x9c \xa4\x8b\
\xdf+\xb4\xb2\x80x\xfep\x16\xd8\xf4\xc1$\x8ao'\
Q\xc7\xb4\x87\xa6\xe4ED\xab\x80\x10\x89N\x99@\x92\
\xd5'\xa2\x0d\xfe\xd0\x5cn\xa7\x97\x10s\x1c\xf4\xff\x12\
to|\xf3\xf6\xb2z\xb3v\xb4\xaeh\xa4\xed\xffS\
Qg\xa4\xf1\x85\xbdT\x04\xe4U\xdc\xe2,\xa0\x0f\x1e\
\x14\x84b\x0a|F\xc2a\xd6\x07X\xb7\x1d\xa7h\x95\
\xae\xc7\xeb\xce\xcf\xc8\xaf7\x84;\x0d~\xf4\x8d\xf1\x8f\
9\x91)\xb5<\xda~\xee\xab\xac\x92\xc3\xeb\x84\xfeI\
;n\xf8\x1f\xd5\xe9\xfbU}\xb4\x7fQ\xddk>\x82\
t}\x18\xd2\xb7\x7f\xc7\x7f\x1a\xfc\x97\xed\x93\x9d\xe8\x1a\
\x91\xf1\xbfm\xf9\x8f\x22\x1e\xb6;F\xc4\x07>\xf0\xff\
\x86\xafQ\xda\xad\x98ySv\x9eA6l\xfd\x9cw\
/t\xee\xea;\xd5o\xb80jy%}\x90\xf3?\
\x1a+\xf9\xf8\x89\xb0\xe7\x83\x8eg\xe1N\xf6\xa3\x8f\xf6\
\x1e\xb8\xe2\xf7\xfc'\x10N\xf3\xf1\xbe\xe7?_\xf2?\
\xbb\xff?\xf3{\xbd\xff\xef\xef\x9f\xc8i\xcd3\x8f\x90\
\x1c\xees1Vq:\xa8~\x0a\xca\xd18\x1cs\xcf\
\xf9\xad\xbc6\xe6\x95M\x0b\xeb\x0c\xae9{\x8b\x99\xe1\
;\xcbF\x08y\x95\xca\xf4\xb7\x01\xc5`>:\xdbD\
\xeb\xb9)\x14\x0a\x85B\xa1P(\x14\x0a9\xe6+8\
\xe4\xb3\x8b|<\x03)\x9d\xf03\xa9\x98+\x13\x7f\xea\
A\x02\xcf\xa5*\x06\xad\x81\x18\x8dB#\x1c\x9fy\xa9\
\xb9\x15\xd46\xf0\x17\x1b\xb8OC\xb0n\xe0\xeb'\xe0\
`2b5\xbe#Z\xabl\xae\x9e6D\x98\xb5\x0d\
\x0a\x0e\xd2\xc8\x88,^8Y\xfbBWW\xa1H\x8b\
\x01\xcc+\x0dfl\xe8\xbc\x137\xbc\x98$\xab\xd41\
\x1c\xb3\xbe\xd9@4\x13LVq\xcd\x0a\x13~\x05Y\
,\x12\xc5\xbeFP\xff\xcfy10?\xd9\xc3\xfc\xb8\
O\xa3}*f\xefE\x1a_\x7f\x96\xe6\x85\xac\xb7\xed\
\xd7E\xd0\xbakO$\xb4\xe8\x0f\xafa\x99X\x102\
\x82>\x8c\xc7\xac\xbeh\xd5#~Z\xac\xe7\xe2V\x00\
\xdb\x09\x9cI\x81\xcf\xdf\x87S\xccFh\xf2vw\xab\
\xd6V\x7fP\x8cQ\xe9\xca\xa7\xc9X9\xf3\x9f\x8d\x1f\
\x19\xffo\xc5\x8c\x9d\x80\xe3\xcf\xd1\x8a\x88\xff<\xf9\x9d\
\xb5\x1b\x85j__\xc4\x7f\xf2\xe7\xa2\xad\x0f]n\xf9\
z\xca\x1b\xf3\x9f\x09\xafU'\xfe\xfb\xeb\xdf?\xc7\xff\
\xbb\xf3\xbc\xe3\x7f[\xf8\xdf\xe6\x0f\xafe\xfee\xedo\
)\xff\xd7q?\x8f\x1f\xfa(\xe7\xbf\xe7QP\xce\xf9\
\xbd\x83\xdc\x97rQ\x16\xf35LX\x8eGeNi\
\xed\xfa\xfe\x7f\xcb\xff\xfd\x0fu\xfaz\xa3\xeb\xd6\x89\xff\
\xc8\xc9\xf8\xfe\xbf\x16\x90~\xa6p\x9c;[\xe3b\xb1\
\x9fOiYsZ`\xe2\xf9y\xb7\xfb\xdc\x1b\xf3;\
i\xc0\xc8\xcd\xe8C;]O\x08|c\xd2wB\xe3\
{\xbc\x19t\xee9\xe8e\x01\xf4\xd8=]_\x0b\x85\
B\xa1P(\x14\x0a\x85\x82\x07\xbc\x82\xe3\xb3\x05\xc1\x1f\
L\xe2E\xd0m\xbcD\x00\x1f\xedY\xbe\x8e\x18\xac\xc6\
1{\xec\x8e%\xa2\x8b\x0dZ\xe7Z\x13X\xe9\xd2\xa6\
\xbd\xfe\x0b\xe74\x03\xa4\xfe\x03\x84l\xeaT\xe1\x14\x02\
\x07\x8a\xe2\xa85h\xb4\xef\x93l\x8b\x7f\xd1\xfeb\xb5\
\xa1\xb0\xaee\xbc\xa0'y\xa3\xf4\x1d\x22\x91W\xc4I\
\x15\x19\xf5\xc1\xc1M\xf9(\x88\xee\xc1\xf5>(\x8fl\
\xadu\xf5\xbf\xfc\x9c\xeb8\x14a\x9b\xf1\x939\x0c\xba\
\xc5\x8e\x0f\xcc\x17\xd1u\xf1\x87\x96\x95]Q\xdf\xef\xc4\
\xcb,-B\xfbi&\xa8\x0e\xf3$c#:\xe6\xfb\
\xd1\x8a\xff\xc1*r\x82\xf6\x82\x8dl\xe5\xa0/\xeb\xa1\
\x82\x05\xc3_\x9c/\xdb\xdf\x8d\x85\xc5\x0e\xe4\xeb\x97\x22\
\x86q\xbe\xef\x8f\xac\x1e\xb5\xac\xfe+\xff#\xbfwv\
,\xb2q\xf8\xdf\xc5\xff\xd3\xb8\xcc\xf9\xbf\xe6\xb3\xe9\xeb\
y\xe2Uq\x22\xcc\x8d\xe3o\x9e?:\xf7\x01~\xee\
\xda\xb4\xe7\xff\xba\x12<\x1bk;\xfe\x0bw89\x1e\
xe\xf6\xde\x22q\xc6\x91\xa5\xae\x03\xff\xcd\xb5\x91\xd8\
\xdd\xef^K9o\x8f\x1f\xf3\x1f\xae\x1f\xa4\xe7\xf1\xe6\
\xda\x17\xf3?\xbe\x86\xcd:6v\xd71A\xa1\xad\xdf\
\xf3?\xae7\xb7C\xe4_\x8f\x82\x9f\xe8\x97//B\
\xfar\x7f\xa4|\xc4\xc4\xfcoK=\xf4\xa0\xbc\x8c#\
M\xcc\xee\xff\xd26Z|\x9e\x8b\x03\xa0\x15\xfd0\xce\
\xdf:>\xbf\xdb!e?\xd3\x15\xb8\x9f\xa3\x8f}\xc0\
\x99kP\xc3\xd1\x88\xfe5\xf4\x8df\x9d\xb8\x01W \
\x10\xa3\xa9\x7f\xd3oV\xd8\x8d4\xf0;;\x97\x85B\
\xa1P(\x14\x0a\x85B!\x07DW\x1001\x99W\
f,\xe2e\x934\x97\xd7\x08t\xd3\x1cq\x189\xd9\
\x00\xbe\x8b\xc7\xa6\x82\x19\x08\xa9\x87\x18\x86\xe9\x8f\xc2H\
\xb5\xef \x86x\x15\x0a%pBK\xe4ly\xdf\xba\
\xdf\xfa\x03Z>\x9f\x11#|;\x1c$\xf0\xbdY5\
\x13\x05\xf4*\xee\xadv\xa3z}\xa0M\xacbK\xe6\
\x87\x115\x9c\xe8c\xfd\xc5@\xb1\x19Q\xe9\xe4\xc7\xae\
\xdd(~\xa00\x15\xf9\xe9\xfd\x89\x04B/\xaeD\x98\
%A\x5c\x89\xc4\x85\x96\x08\x9b\x94\xf8\x88\xfb}\x8c\x92\
\x11h\xa5\xeckc\x03\x85\x93L\x8c\x8b\x05i\xdb\x1f\
Y\x9fKPoX\xb09W\xa1\xc82\xfd\xa0\xd5\xfe\
E\xff\xfb\xfc\x8b\xafm\x15\xbd\x0dc\xa5\xcc(\xe7_\
\xfb\x82~\xc4>0\xad\xd7\x02=\xb6\xf2\xdf\xfa\x9b\xb5\
c\xa9\xe5\x01\xff%\x7f\xc4\xcd(_\x94'\x13\xda\xfe\
\x86\xff:\xceT({\x81\x1d\x0a\xfcH\xec\x90^\xf2\
\x9b\xe3?b\xcf\xff\x15{\xfe\xaf\xe3\xa05\xfa\x9a\xff\
\x0cF\xa2k\x96rXr\xfb\xfe\xcd\xcf\xe1-\xff\xc9\
\x08\xd2\xf2\x9f9\x14\x22jk\xe4K\x94\xd7\xa4%\xfc\
x\xce\xff5\x8d6e}\xff\xc8\xc3\xa2{\xfe\xc7\xcc\
\x9f\xc7~\xc1\xff\xe6\xec\xfco\xe5?\xbb\xf2{\xfe\x8f\
~\x9e\xfc\xff\xe4\x1a\xe7\xe8\xa3\x1a\x8f\xbch\x8b\xac\x8f\
\x8di\x95\xaf\xfbC\x19;\xce\xdb\x9a\x89\xc6P\x03\x7f\
\xdcLa\x94\x97\xb1Cs\x7f\x07\xf91\xec\xae_\xe3\
\xbcW\xaeQm\x1c\xc3\xfb\xddyL\x17\x0a\x85B\xa1\
P(\x14\x0a\x05\x8b\x97\x06\x1b\xa4\x9f2w\x9fq\x05\
\x04\x18\xcb{6z\xc6\xcf\xa4\x1f\x92\xbb\x1d\x15\xe1\xf0\
\xb3o7\x08\xfc\xbb\x90\xe1\xe7\xf4>\xc8\xc7\xe0\x06\x83\
\x0d\xb4i\xe3\x07\x1f^NK\x12J\x10\x8a\xcbY\x90\
\x9d\x89\x13\xda\x8eS\x80\x9a\x07\xfa~\x95\x13\x06a\x91\
\xf0\x11\xd5\x8b\xc1\xbe\xa9\x878,\xe3\xedby\x1f\xc8\
\xea\xa7\xedK\x86\xe3\xd9\xca9\xdf7;!\xc2\xb4\xb7\
'\x84\xc7\xac\xad\xf3W\xe5S1+\x10{v\x01\xfd\
\x09>p\x8f\x82~\xe9A\xb1\xed\xfb-\x12\x84\xb6\xe2\
\x89\x13\x02\xba\x16\xdbR\xf1\x07}\xf0\xc2Cl\xdbB\
\xecC\xaei\xc9\x9f#\xdc\x8f\xceQ\xc4\x9b\xa8\xfdD\
dD\xbe\x9d\x9fk[\xf8\xf0w'\x06E}\xb9k\
\xc7\xc9n\xc6\x7f,\xf7\x17\xfc\xcf\xca|\xc7\xff\xbc\x1d\
}\x1c\xe3\xa8\xd2q\xe9\x05\xe9\xc5\x06\xc1\xb5$\xe1\xdc\
\xcb\x1d\xf3\xbe\xe3g\xe6\xa3`\xcd\xaf\xabg\xf5:\xf7\
\x8c\xff\xe2\xff\xe4W\xc2\x7f\xefC_\xa5\x9a\xd7s\xc7\
\xffH\xecn\xf3\xbe\x8am\xca\xc6\xd1\xce\xb6\xcf+\x0f\
\x1d\xc2\xfc_\xf3_\xee\xaf\xabM\x1cU\xcf\xf9\x7fF\
^F\xef\xf9\xdf\xf0\x9fZK%\xca{\xfe\xc7y|\
\xbd9\xff\xef\xee\xff\x14\xf2\xdf\xb5\x9b\xd5^s\xbe\xb7\
lE\x7fC\xb1\x96A\xe4\xe5\xc5\xcf\xa5\x1f`\xb7\x8f\
-5\xfa\xa9\x8d\xb5M\xfd\x9eJ\x01\x02\xee4-\x87\
\xf6?v\xdatp\xe5\x7f[\x1b\x17]3\x0b\x85B\
\xa1P(\x14\x0a\x85B\x0e\xf8\x11BY]\x82\x01\xdf\
\xf8\x90w<\x13\xbe\x07\x8fg\x06\xee\x99z`\xe1T\
h\x9c\x9c\xbf^k\xe0%B\xb4\xc7\x8d\xa0\x22~\xf3\
\x0c\x18\xfa\xd7(?\xef\xf2k\x1c\xd8\xeb\x0dd\xe20\
\x08#\x08\x96\xe2\xbalP\x12\x09\x04k\xb0\xba\x17@\
\xda\xe8xN\xcb\xc7~dA\xac\x09\xf2\xa9\x8d\xf3\x99\
\x07Jb+\x12\xa5n\x03\xab(H\x17\xbb\xb7\xe7q\
\xe9G\x8a\x83D\x14\x103\xa1\xd5\xfb\x11\xa5\x13[\xb1\
\xcc\x0bOO\xfa\xc1\xe7Y\xeat\xedA\x9f\x9f\x06\xaf\
\xb6\x1e{,\x13\xac\xcc\x18wi\xfe+\xe6\xd9\x18\xe9\
e\xde\x7f\xf6\xfd\xdfhk'B\xfb\xba\x8c\x8fQ\x7f\
9\xf1\x99\x13\x1f\xed\xf8\xb5b\xbc\xb1\xb9\x11z\xbc\xcd\
\x0c\xdf\xf1?\xb6\xe1E\xc3\xdb\xf2R\xe6\x86\xff~\xff\
\x7f\x96\xff8f8\xb5a\xd8\xe8\xaf\x8b\xad-\x0fO\
\xbe\xe5\xff\xe9\xfc\xfc\x86\xff\x89\x1a\x96\xf0\xff\xb3E\xb7\
\xd8^g`<\xc2\x9dy\x5c\xea\xd6W@\xbd\xf1\x8c\
\xff\xf1\xf9\x9c\xe7m\x9c#\xac\xe3\x86\xff\xed ,\x13\
\xb9\x1eJ\xf9O\xee:\x90\xdb\x0bEX\x0aG\xe6R\
F\xca\xdd\xf0_\xee\xbd\xfe\x1e|\xcf\x7fw\xad\x15_\
\xaf\xf9O\xe9\xb1\x99\x96\xf2\x1f3R\xb0\xa3\xf7\x85\xfe\
\xe53\x5c]\xdd\x0f\xd8~\xe7\xe0Z\xdf\xdb\xa7\xd9\xa0\
\xbf\xcc\x80U1[\xca\x08uFU\xd6.\xb6\xc3\xa4\
[?Msh\xccu\xa7_\xed\xb3\xef\xdf\x0b-\xf6\
\x971T(\x14\x0a\x85B\xa1P(\x14\xb6xy1\
\xa3O\xe8\x9b\xf9\x9c\xa23\xf7\x89\xf8\x1b2)\x9f\xab\
Yzd$:\xf5L\xea\xbf\xf8\xde\xf7g\xd0%\xdb\
\x8c\x93\xf7F\xfe\xab\x96\x8d\x9aY\xfd\xa4\x01\xbbXg\
\xad\x0b\x02\xbe(\xfc\xd7vF\x02D.\xdah]&\
\x83\xfe\xb9r~UWf\xd7\xf69\x07\xfe\xae6\x22\
1$\x15G\x1a-\xc2\xd0.PJE\xcb \x00\x8e\
\xac\xf8\xc0\x9aC\x817\xef\x13\xf9\x0a>S.\x0e\xfa\
\x1fg:\x89H\x11D(\xc9zb\x11\x10\xf8ND\
\xb7\xed5\xce\x5c\x96\xf3\xc5Z\x9a_\xc4\x81H\xf4\xf3\
e\x13\xaf\xc2\xbch\x1f\x8f\x09oNb\x86\xe4\xc56\
u\xfe\xf3Rf\x0a\x94\xe8_\xb3|\xf7\xfe\x8ao\xd8\
\xd7\xda\x07\xe7\x1fP\xccD\x9b(\xef\x0e\xc2\xc3\xb6\xe5\
\xff\xde\xee\xc9\x97L,\xba\xe5\xbf\x17\x80\xbf\xe7\xff\x1d\
r\xfe/5\x99m\xb9\xce\xc9;k#\x1b\x91\xcd\xcf\
\xbd\xe5\x0b\xfe{;\xf11;\xae\x9e\xf1_\xfd\x1b\xce\
\x5c\x96\xb3\x9fg\xfe\xb7-\xff\x13oH\xddz\xca\xff\
\x95\xbf\xa1\xed\x87\xfc\xb7>\x89=\x0e\xc7\xf9|\x081\
\xef\xf5\xf1\xf5:\xc2-\xff\x9b:\x92\xe2)\xff\xfb\x9c\
\xa4\xfd)\xffO\xe3\xeb)\xff_l\xef\x89\xe9\xfd\x8c\
\xf0\x15/\x9aG\xe6k:f\x88x\xb9\xdf\x0f\xb1\x9b\
\xfc8j\xc0\x7f\xbbB[\xe7\x03 n\xc3B\x82\xc8\
C\xf1E=\xb6\xfe\xeb\x13,\xf2%iL|\x89e\
z\xf9^X!\xdf\x00\x9csM\x9a\xf7\xdf\xa7\xd7\xc9\
B\xa1P(\x14\x0a\x85B\xe1\xdf\x0cP\xf4$\xe8\x1c\
\x81\x03\xac ncR>\xdf\xdf\xf7\x1f!Z\x82\xff\
\xbe:z\x16\xa4\x11Oh\xd9\xb6\xae\xa4\x99\x81#\x04\
+\x9fZ_<}\xb0\x85X\x22\x1akh\x89 $\
r\xd0 a\xe6\x5c\xf5b\x104\xdfu\xbff\xddO\
\x05\x07\xbfBL\x82\xaa(\xb8_\xd0\xec\x0a.\xf1g\
\xcd\xa6\x01%\x06\xf4\xbe,C\xfb\xfdy8\xb5c\x97\
\xf7\xd4#\x91H\x94\x09\x96F(a\x8d\xeax\xeb\x13\
]#;\x7f3\x98\x1d\x01\xed\xaeU;a\xcf\x0b\x0d\
\xfa`\x04\x84\xd1\xc0~$\xc4\xd0\xa1\x0ds\x0c\x83}\
\x11\xc52\xe1y\x0a\xbb\x22T\xd1*\xc0\xdc\xd4\xadb\
\x18A;\xfbN\xf4\xe3\x5c\xe2\x83?\xd7\xd1\xb9\xb7\xfc\
gc3\x12r\xb4\xbdk_G\xe7\xd1\xf3\x22\xb3)\
\xc0\xba\xff\x86\xfft\xc5\xff\x16\xf2\x9f\xd2|\xf7\xfc\x7f\
\xfe\x1e\xd9S\xde\x93\x7f\xde^V\xbf\x08J\xab\x88\xba\
nG\xe5O8=\x5c\xb8\xb1e\xc7\x98M\x8f\xf9\x7f\
\xbefN\xbf\xd2\xfa\xbd(\xc9\xc0\x7f[\xdf\x89\xff\xe0\
\xac>\xdcy\xcc\x7fZ\xec\x9e\xf8O\x0f\xf8\xdf\xbe\xe2\
?\xcdk\xda\xa9\x0dm\x99\x87\x9c\xf9\x1f\xf7\x13\xbb\xcf\
\xef\xf9\xbf\x8a\xa5\xb7\xfc_\xcf\xfbH\xbc\xe0?o\xf9\
\x1f\xf9\xb4f$3\xa0[\xe0\x9f\xd6\xcfP'L\xc2\
\xc4\xc8\x98cJ\x9bz9\xeb\x93\xafGlu\x0b\xa2\
\x0e\xc7\xbe,\xe3\x97l\xdbf\xfb\xa6\xab:\x1f`s\
\xeeX\xf3I6\xf0%\x9a\x0b\x14\x0a\x85B\xa1P(\
\x14\x0a\x85\x1c\x9f\xa8K'\xd0c\xf2=\xfe\xeb\x22\x91\
\x04\x07V,\xfe\x91U\xd2m|E\x91\xc7\xca\x98M\
\x90\x82A\x83\x183\x13}\xaf9\xc3R\x15q\xc1\xc7\
\x86n\xddN\xcf4\x83!\x22+jh\xfb\xa4\xdd\x18\
Lh\x19\xe7\xb3Oq\x81\x7f,\x02\xf9\xd51N\x1c\
\xc0\xbcK\x00\x03\x81[\x00\x1f\xb8/\xf5\x9b\x00\xd0\xd6\
u\x13\xecz\x01R\xea\xe4\xab2\x98\xb6\xd6m\xec\x89\
\xffD\xdb \x18W\xd1\x9fD\x14\x1f\xfc\xe3\x8a\xb1\xd6\
Z(\xae`\x10\xe9\xfb\xd6\xf7\x95\xac\xe8\xcb\xce#\xb6\
\x85\xe9\xec\xef\xae\x0d\xba\xbf\x9e\x93H\x0c\xc2\xfe\x94}\
+\xf0Q*ZI=\x22zi\x9d\xf1W\xcc\xe5\xfd\
\xd5\x91\x18\xb7\x839\xe7\x89\xd0\x15\xdba#\xc2\xec\xb0\
\x08qD\xa9\xd0\x9a\x9d\xf7\x1d\xee\xf8\x9fqb\x1d7\
O\x05\x8c\x13\xff}>\xac\xeb\x19\xffs[7e|\
\xffg\xfcw\xa5H\xaf]}\x1bW\xd1.\xfd\xe7\xfe\
H\x15[\xfbI\xbf\xe1?\x83/\x9c\xf2?\x14\xa1\x99\
W\x1f\x89\xb6\xd7R\xe1!\xee\xef\xea\xf3\xfc7uC\
\xbfu\xce\xc9\x0f\xf5\x11\xf9{\x04\xf6\xc1\xfap\x80\xcc\
\xb6\xe5\xbf\xfa\x8b\xed\x8d\xb0\xe3\xe4\xe9:\x22>\x19\x1b\
Da>\xb5\xc1[{\xd9y\x0fF\xf3\xe2\xdb\x13\xfe\
\xcf\xf3\xff+\xfe\xaf\xf5\xeel\xd84\xfe\x87\xf9or\
K\x95\xe6x\x9f\x82u>\xfd\xb4\xfem\xb9\x96\xccs\
\xf0\xbe\xcd/\x98Wb\x99\xa5\x1a\x1ei:\x07\xb4\x0f\
!\xc0\xcf\xd6F6YO-sCw\x9f\xa4\xf5\x1a\
\x8aL\xbe\xb9_\x14\x0a\x85B\xa1P(\x14\x0a\x85\x8e\
\x97\x0d\x96$\xf8\xe2\xf1\xc3O=S\x9b\xca\xaf[\xcd\
D\xef\x95\xd0/\x92\xf7\xf5\x9d\x03)\x09\xf6h\xd4\x13\
\x1dW\xe1\xbb\x7f\xa5\xb3\x1f\xf9\x09\x04\xa2\xb5\xba\x06\xba\
m\x1e\x18p\xb0\xd2L\x05\x0b\xbaF\xb6j2\xee\x86\
;aN\xf3\xe6b\xcd\x8d\x08\xb7\xda\xec\xa2A.\xfc\
\xdc\xd9Z\xc5\xd1\xb6\xc9\x1f\x0b\x1c\x99\xff\x99\x00\xf1\x03\
?r\xb4\x13\x0a1\xc0\xf6\xc2\x0b\xfaD\xb4~5\x99\
\x13\x81\x16\xd3|\xf0\xde\xfcX\xbb\x0c\xdc#\x81\x22:\
\xde\xfd\x0c\xb3\x986N\xc1\x88\xec(\xcbD\x09\x14]\
l]\xea\x17\xaep\xf4\xc2\x14\xa6g_\xb17\xed\xa1\
D$L\xf0\x16\xc9P\x0c\xc7q\xe4E\xcc\xdf\xe2\xe4\
\xfb\x0e9\xff\x9f\xdb\xdaq\xf2\xff\xbf\xfc\xa7?\xe6?\
_\xf1\x9f\x1a\xbc\xde\xc5\xf1\x9f\x9d\xfd\xe7\xfc'\xf0e\
\xad\x7f\xd7\xa6\xc8^\x04{\xae\xe7\xd6b\xd7\xf3\xff\xa6\
\xee.\xbcE\xfc\xa7?\xe0\xbf\xad*\x1be7\x02\xa8\
\xe5?m\xf9\x7f\xc1\x84m]hk\x0f\x9b\xe7\x19\xff\
q~\x95\xfb\x11\xd6\xba\x5c\xa7\xe1\x81\x0c\xd1\x95\xd8\xff\
\xc6\x9bG'\xfe\x9fl\xf9\xa6\x19\x9e\x90\xbd\x970\xd9\
W\xa6\x0d\xedY\xc5\xe8Y\x86\xf3\xfa\xde\x7f\xe6\xfe\x1f\
\xb7Y\x16?\xc8\xd8\xd1\xb1L\xc0y\x22\x14\x8e?\x8b\
,\x9a<\x98\x19\xbea\xbb\x9a\xf3\xd1\xf4\x9br\xa2P\
(\x14\x0a\x85B\xa1P(\xdc\x81\xe9\xff\xfcW\x0f\xf5\
\xe6\xe4\x1cD\x5c\x10\xa1gP\xf8\xc9\xd2>A\x10\x1e\
\xd34\x0d\x16FX@D\x10zap@V\x04\xf8\
\xfc\x90a\xc3\xdc/\xa2\xf9\xae?\xa8\x83\x5c0\x01\xf5\
\xcc:\xc8\x1e\xb7\x8d^\x03\x9e\xb7\x90.\xef\x9c\xfe\x04\
=\xcd\xbe3\xfa\x83w\xda\x7f\x82\xce\xf7\xfb\x8a3\x01\
$\x8bG\xa2\x95u\xf1;Ls\xa1\xc1\x0b\xa0aZ\
{\x12\xccf`_\xe8\x0b\xd1Jz2\x16ez\xd0\
wc\xd3\x06\xf6\xbe\xcc\xae=\xbc\xd9;\x09Yw\x81\
%\xd3\xae\x05\xa7\xbe\x8e\x8ek\xdd\xfbv\xce@\xd9x\
\x13\xdb_\x85\xf3\x06\x81:m,\xac~\xed\xfa\x0d\xad\
4\xd8\x8e|\xf2%\xc6%d\x8bo\xc5\xd3\x1b\xe0\x83\
\x0b\xbf\x02\x14\xeb\x7f\x8bN?[\xfe\x1fV\xf4\x01\xff\
o\xda\xf2\x94\xff\xdf\x8c\xb9'>\xfc\x05n\xc6\xd0\xde\
\x0f\x1d]=\xed\xb2<\x91\xb9\xbeg>\xdc\xf3\xdf[\
w)\x97\xe7\xa2]\xd4\xbd\xb6\xfd\xc2\xa3#\xff\xf5\xc1\
\xf2\x09O\xf8?j\x09\xf7\xb2>\xd9\xf7y\xdb\x96\xf5\
u\x9c\xd1\xd2\xfa3\xfe\xcb\x98y\xaf\x80\x7f\x0b\xb9\x91\
\x1b\xcf\xf8\xffC\xf45\xff\xdbR\xe7\xa9\x7f\xad=\xda\
\xd7\xe9\xf6\xcc}\xc2<\xa7_r.\x96Z\xb0\xad\xdf\
\xb0\x93\xd4\xb7\xf1\x1f\x12>\x13\xacG\xa61+k\xf4\
3\xc6k\x1bo\x87\xd31\x81V?6\xc8\xda\xb0\xbe\
\xf6<?\xf4c\xf6\xe7\xf6g\x02\xfa\xfa\xd4g\x8e\xb7\
Q\xef\x98\x9f2\xb7\xe3\xfd\xaaP(\x14\x0a\x85B\xa1\
P(X\xcceN\xba\xd2h$\xf4\xe8\x80\xf4\xf8\x08\
\xa0\x1a\xcd\x15\xcf\x9f}\x82@v\xaeZ\xc2\x99y\xb4\
,\xaa-\xb6{\x91(XP;\x18\x88\xf9u0\xb8\
ZZ\xfde\x92\x95\xd4\xb3\x9c\x0b\xc4\x0d\x8c\xf6n\xed\
\x7f\xd2^\xafP\x8c\x15;\xf2C:\x18\xa8\x13\xd8\xc3\
r\xaf0X\xdd\x07\xe6\xf2\xb5\xe7\xddj\xab\xde\xc4|\
5:\x0a`\xb6\x0dR\xffz<\x120\x22\x1bj\x1f\
\x1e\x06l|\xb8E$\xde\x11\xed\xfb\xc1\xfa\x12\xf7\xab\
/\xef\xfb9\xf2\x03W\xa2Q\xe2\x97\xad?G\xbcb\
R\xfe\xac\xedH|\x96\xed\xf7\xdf+h\xcb\xc9/\xd3\
\x16\x8a\xf3\xa2M)\x93\x8d\x7f\xb12\x1f0\x04v\xec\
J\xba\x9eK\xf9\xbf\xc7\xa9?Oc4\x1b\xc7\x91\x8d\
\xa8\xae\xb7\xf8\xdc\x12\xfe\x7f\xda-\xe3FN\xa2\xf3]\
V\x05~l\xc1\x03\xbc\xcfq\xe2\xf0A\x19\xc3u\xb8\
\xfd\xc4\xe3~\xf9F\x07hT\xec\x1e\xc2M\x1fZ\xdc\
\xeeh\xff9\xff\xf7\xf8=\xff?{\xae\x1f\xce\xf5\xb0\
;\xf6;\xfeg~\xe5\xf5g\xfe\xb1\xab#\x12z-\
Ws[h\xe3\x9e\xff\xb6\xfe\x087\xfc\xb7\xfb\xf1\xb5\
7\xf2iw\xbf\x1a\xa5L\xd9\x14\xff-\xfc_uc\
?nn\xee\xff~.\x92\xe1\xf9\xfd\x9f/\xee\xff\xbc\
\xe7{O\x802\xfe|\xe94\xce\xd8\xa6\xdd73x\
~`\x16\x86\x07\xd5\xab\xcf-xX\xa4\xd7.\xb43\
\xe7\xafd\xfd&Z\x1f\x12\xcbB\x03\x06g\xdaG\xd8\
\x16?~H\x7f\x03\x85\xe1\xa3\x85\x5c\x7fz=+\x14\
\x0a\x85B\xa1P(\x14\xfe\xad\x80_\x12ZW\xd2\xf6\
\x8f\xa9d|\xd4\xe7\xe6f\xffm\xacP\xee\xabp\xba\
\xf21'\xe43pP\xa3*\x84@\xcd3\x9a\xf1\x13\
y\xbb\xb2y\xael\x01\xb5\x1c\xbf\xe6im\x8e\xc0\x86\
5\x04\xe9+\x97\xf4\xb5\x06Q\xd0\xde\x03\xcc$\x88\xdb\
\x06u\x1a\xa8E\xe2\xc6\xae\x1cT\xb0\x04\xc8h+\x0b\
t4\xd4\x1f\xff&\xf5\xa3m\xff#R\x8bX\xc3|\
\x14\x11W\x7f\x18~\xcd\x9e\x96\xfa\x9d\x91\xc4\xc6*N\
fB\x89_\x1d\xa6^\xa8\x10\x9a!l/\xd8\x8a\xca\
\x8a\x00I\xc1\xea\xe4v!&\x9c\xfd\xe0\xe5\x9c{a\
\xc0\xb7\xcb\x0bV\xbe-\xd6O\x0aDy\xfb\xa3Y;\
q)k\xa7\x88)\xab \x97\x8b9\x98\xe7[A\xd2\
\x7f.\x02\x8fK\x93\x95\xcb\xd11\xec\xc7\x8c\xff(\xb4\
\xfb\xb64R\xf1W\xc5f\x15jP`\xf6b\xb0\x91\
H \xef\xbb\xbe\x97\xfc\xe0$\xb1\xc9\x8f\xff\x89\xcd\xf9\
\x9f\x13\xbb\xf1y\xde\xcc\xff\xb2\xadx\xf1\xfez\x10\x1d\
\x8b\xf2D\xe2m:f\xe8,\x82\xde\xf1\x9f\x8fvL\
\xdd\xf4[\xfeG\xbe\xa0\xf5{,\x22\xf4\x86\xff\x90\xc5\
\xd5}\xcb\xff\xe0\x1b\x17\x9f\x03c\xaba\xbf\xac\xf5\xef\
\xf8\xdf\xfeq\xfe#W\xd5\x1f_\x0f;\xfb\x7f\xc5\x7f\
{\xdde\xe3\x8f\x1f7\xb7\xf7\x7f\xba\x1c\xfb\xab\xbf\xb6\
\xfe\xd5\xec\xe9\xfe\xdf\xae\xee\xff\xb0\xe7\x8e\xc5e>\x96\
\x0d\xff\xe5a\x97o\xbf\xce\xc1\xa2f,\xf3P\x96\x8c\
\x0dx\xe2E\xe0\xdcNP;\xccQ\xd1\xd3\xf1m\x84\
\xf7y|\x8b\xd1\x8d\xcc\x9f|#O\xeb|\xc6\xf5B\
\xa1P(\x14\x0a\x85B\xe1\xdf\x0e\xf3\x0a\x8e\xd6`\x92\
\xaf\xff\xf4)\xf7\x14Fh\xa6YA\xc5\xa6\x10\xec\x99\
\x9c,\x01\x09\x7fV\x99\xbcw5\x08\xd7\xd5yo_\
\xfa\xfb\xa5U8\x83\x90\x8f\x98m=\x22\xd6\xc8\xca\x95\
\xf9o\xd3\xb6}\xea\xc2\xa3\x224|\xf2\xbc\xa4\x91F\
\xd8\xd0\xdcw\xddy\x04\x04\xb8\x91\x80\xdb\xb3<\x14\xe5\
\x1a\x85\xc2a\x16\xf8\xb7  \xf4\xe5\xfcC\x84\xb6\xf5\
[\xcf\xd1\x0d8\xf5\xcf\xbe\xe3\x15\xeb\x94\xb4\x1b\xdb\x91\
\xcd[A\xe6\xc6:?\xb4\xb1\xab_8qc\x87\xc3\
\xf2t]\xde[\xc12\xbb\xf2a\xff\xb76\xa3\xfe\xfb\
\xb3.\x5c\x5c\xeb\x9f\xb9x\xfd\x0a\xfco\xfb8\xeb\x1f\
\xac\xeb\xf3\x8d\x84Y\x88\xb6\x8d\xd2V7s\xd5\xbb\xc1\
\x89G\x98\xe7\xa9\xcd\x1b\x1b1\xffg)-\x07}o\
\xec%}\xf3\x17>K:\xfa\xf9\x94\xff\xce\xda\xb9\xae\
_\x8aHy\xbb\xefD\xf47\xa2\xf1\x90\x9d\xa1\xb5\xfc\
y<m\xcb\xc3u\x9e\x99]\xbd\xab\xc0\x8be\xef\xeb\
\xb3J\xe12\xa6\x08\x0f\x9f\xf8/\x03p}84\xf3\
\x07\xe9k]\x9b\xd7m\xec\xb8y\x91\xb2\x83\xf5'\xb6\
\xf0\xb4o\xa3\xb1s\xcf\xff\xb8\x1fe,\xd8s5.\
\xfbZ3\x94\x1b\xd7v\xf7\xad\xb5\x16m\xffG\xdc\xfd\
\x99\xed\xc7o\xbd\xf1x\x80\xd5\xc68\xe9\x0f\x0c\xdey\
\xfb+;\xc6\xcb;f\xb3~\xa85\xb4\xef\xeb\x83\xf1\
\xcb\xce\x0f\xf1U&\xb7rtNe\xdbrb\xd4\xba\
\x8e?v\xd7\xc9B\xa1P(\x14\x0a\x85B\xa1\x90\xe3\
\xa5\x13hM\x949\xf9\x0c<E\x5c\x84xf\x11]\
\x5c\x007\xed\xf84\xb19\x8b\xd9\xfa\xdb\x5cm\x22\xbe\
\xf4\xf7.\xceX\xc1\xaf\xc61b2m\x81+\x80\x8c\
//\x0c\x8a\xc9\x88\xcf\x9a\xfb\x84\xcb\x80\x91\xd5_[\
\x16\xe4\xf5\xadHDne\x16\x9b\xa0~\x97\x7f'>\
\x8b\x07/\x11\xfa\x9b]b\xe4\x83x\x09\xdc\xa7\x17\x07\
\x1f\xd8\x7f&\xa2\x8d\x04\xbf>\xcf1 7\xe3\xcb\xd6\
\x16\x89s\x98\xee\xc7\xa6\xdf\xc6\xf3\x93\x89\xcf\xbe\xed\xd8\
?3\xa0w\xfd\xd9\xff\xc8\xf8\xb26\xab\xe9\xf9\x804\
\xb4\xb1+\x8f\xc7Z\xa3\xc5\x87\xdbq\x13\x09E\x9f\xcf\
M9\x9a9,\xbfb\xdf\xf4\x1cx\x9f\xfc\xca\xd3\xc8\
\xe7S[\xa2r\xb2?_\xad\xf1I\x1c\xedu\x0f\xd1\
\xec\x8a\xe3\xa9R<\x12\x9f\xc5O\xfc\xcc\xf2\xdc\xf2\xff\
I\xfes\x1f\xbd\xcf\xf3\x8b\x86:C\xb8\x1a[\xc4\xe7\
\xd97p\xfc\xce6->g\xe9\xdf\xf0?\xe2\xb0\x8c\
\xbd\xd9&\x97\x97\xf1Z\x87\x9ft'(\xed\xf9/\xe6\
\xf8\xc0\xff\xc3x\xd8\x5c\x9bz\xf9\x17\xb41F|\xcd\
\x1e\xe92\xee%m\xadz\xcb\xff\xd8\xe5\xf5\x1e\xa3\xb7\
^\xbd\x8b3}\xc3\x7f>\xf2\x9f\xaf\xfc\xe2\x85\xff\x92\
\xe7x\xaf\xb15\xd3\x13\xfc\xef\xe2\x7f\xdc\x8f\xb3\x8c\x19\
+*B\xf7\xe3R\x9c\xcd\xf1;\xb0ye\x94j\xc3\
\xfdA \xf6\x91\x88\xbe\xaf9'\x93k\xee{\x9c \
\xa7m\x93\x8cX\x9c]k\x9a}`!o\x9b\xee\x8b\
\x10|\xee|l=\xb9\xee\x15\x0a\x85B\xa1P(\x14\
\x0a\xfff|\xa2V\x9d\xf0\xd3\x98\xaf\xc3D\x1f'\xf6\
mL\xecyF\x1f\x04\xda\xdc\xc4\x1a\x5c\x05+\xf4\x08\
\x83\x96!\xc4M5Nl\xe8\xeb=>i\xe8\x0f\xd9\
\xaf\x98O\x91dhC\x18<\x8b}\x86 \xc6;3\
bq\x08\xb0Z\x18\xd0Z!\x80\xe8Q\x00\x1a\x04\xe6\
Yy\x1f,Z\xd1\xd9\xc8)a \xef\xc5\x9b<H\
\xbd\x13Z\x22\xffN\xa2\xc4\x12(\xd3\x0e\xf9\x03\x84\x93\
\xdd\x91\x09\xfa\xa1\x8f)\x8f,P\xc4\x80\xd7\x0b\xed\x04\
\x96\xbcE\xfc\x1as\xd4\x17~U\x1d\x1c\x85\xb1\x13\xf7\
\xca\x14G\x98\xd3s\x9b\x09\xaa\xbe\x9ef\x84\x82\xf8\x9c\
Eb\x1f\x8a\xcc(\x12d\xfd\xe1\xcb\x13q\x90f\xf3\
\xe1{M\xfdy\xc0va\x9bo\x1e(\xf84o\x13\
\xe5dj\xb2*\xd1\xf2_/q\xd1y|&\xb8\xda\
\xb2g\xec\xf8\x9f\xe5\xc7|\xf7\xfc?\xa3\x8b\xf3\xfb\xf1\
\xcd\xc4\xcbk<\xfe\xaa\x7fn\xf8\x7f#\xec\xed\xae/\
r\xedx\x8d\x1b\xc1\x8b\xcf\xd7\xf5g\xfc'\xe7\xcb\xa1\
o\x9a^\xd7\xd9\x09\xe5;\xd1{5\x13\x88\xce\xceO\
\x9f\xce\xe6Z\xba\xda;!\xe3\xfa\xbc\x06AZ\xfb\x87\
\xf8O\x07\xfe\x13x\xd2\xda\xbaJ\xda\xf7\x1bT\xb6\xd4\
{\x8b\x96\xde\xff\xd7\xc7X\xbf\xe1\xff{\xeb\xf5\xc7\xfc\
'\xf7\x98B\xe7S\xd6\x07;WJ-\x06i,S\
\xcc\xf5\xc8\xbc\xa7\x8f\xe9\xdd\x9c3\xc2\x98\xe2q\x14\xe6\
\x8ds2\xe8\x16\x1c\xb8j\xcdC4\x11\xb7\xfb\x83}\
\x9bQ\x8eX\xbf\x0a\x85B\xa1P(\x14\x0a\x85\xc2-\
^K\x80\xfa\xfe\xa7\xc9\x0f\xb2\x08\xfa$^'\xe8\x81\
\xb8\x16\x08\x1f\xe4D6\x1420\x08]\x02\x84\x06\xdb\
A\xcc\xd8\x83\x10S\xc9\xdc\xc6U:j\xb3a\x8eE\
\x0c\x9c[\xf8Fl\xde\x05\xd2~;\x16\x04\x9c\xdbK\
\x80\x86\xc8\x84\xa3\xdd\xb6?\x17Qp.\xe9\xf1\x0aA\
\x9a\xe5[\xe0\x0b\xd6\xe7\x83s\xcdK)\xd4\xcf\x1b\xe4\
\xab\x093\xbb&\xcdl\xf1\xde\x9f$p\x94~\xb2\xe7\
5o\xc3s?w\xe2X[r1\x1c\x8b\x04\x94\xe8\
=\x9e\xadY+X\x06\xf3\xe7\xe3\xc1\xf2\xd9\xd4\xc7\xf1\
\x8a\xcdU\xe0\xea\x7fg\x81<\xf7)\xe2\x03\xeeg}\
?\xfb\x0a\x1eN\xcd\xb2\xe4\x1e\xaa\x8dT2<\xda\x09\
V9'w>e\xf9\xa3\xb2O\xf8\xef\xf7\xbf\xe3\xff\
\xb9\x1d{\xfe[q\x1ad\xfdE\xa0>\xe17\xfc\xbf\
\x81\x9c\xdfu\xb5\xb0\xd4k\xfb\xf0T\xcb\xbd\x9f\xfe\xf3\
\xa1-\xe0?Z\xd8\xf3_\xd3\xa2\xfc\xbb\xf1@r\x1d\
t>\xf35\xff)\xb4\xbd\x0a\x99\xd4\x7f\xd87\xf0\xe9\
\xcc\x7f\x93jl\x98\xf3\x97]\xdfL\xd9`\xbc\x1e\xf8\
\xcfD\xcb}\xe20\x1c\xd2q+\xf3\x19&\xfe\x82\xff\
\xf1\xfd\xdf\xdf\xcf\xe3\xf3\xcd\xa6<\xe6796\xfc\xa7\
`>\x81~\xfa+\x03z\xc6\x8e\x17\x9c\x99t\xab\x8f\
\xe3nd\x93\xb7\x81\xf0\xec\xafG\x9f\xcfu(\xeaK\
;\x1a\xf8\xa9\xc3cZF\x1f\xb2qZ(\x14\x0a\x85\
B\xa1P(\x14V\x98\x08v\xeaN<\xe6\xdcc\xf2\
-\xd3\xf86\xbe\x9e8WB\x13\xfch\xcf\x080L\
p\x82+\xa5\xa5\x0e\x12\xc3Z'yaH\xea}\xd7\
\xf3\xa3?\xf0\xa4A\xf1[\x0c\xd3\xf2\xfe\x07\xb5L~\
\x17\x17\xb0\x09\xd8\xbaG\xdd\x85 \x10\x1d\x1d\x92\x896\
\x91P\xa3>\xb4\x19\x80\xb1\xf1\x0d\x1b\xb9\x96\x95`1\
\x0cl\x9c\xf0+>`\xde\x1b\x81\x09E\xb7\xe9+\xed\
\x83)\x1f\x00\xcf\xf3\xc6w\xaf\xde\xa0m\x0e\xdbK\xbe\
\x1fCq\x0eK\x99x\xf8\xee\x5cy\xfbVp\x10A\
\xc1\xf6KTG&\xbe\xbc\xf1^\xdd\xab\x81?zN\
\xa1\x8f\xd8\x0b7\xe1l\xde\xef\xb1\xf8\x1b\xf9:\xfb&\
\x10\x1dd;\x12/0\x0d\xc7\x83\xa1\xffEP\x1e\xd9\
\x94s\xf1\xde\xb7}\x18\xf4u[\x858\xfc\xd6\x86\x88\
\xd1\x1c\x8c\xaf\xac\xff2.\xfa<7\xfc\xf7xZg\
&\xe8i\xbf\x7f\xc3\xff\xd8\xa7g\xfc?\xd4\xe9\xfe\xd3\
\xb4\xf3\xd8\xbe\xe1\x7f\xe4\xbf\xdf\x8e\xfcE\x0fe\xbc\xf6\
\xbe|\x85B\x9c\x88\x98|Q\xdf\x9e\xff\xee\xe6\x96\x5c\
\xffO\xf0\xc2b\x9a\xaf\xf9\xfd=\xff\xc3\x87\x0e\xae\xd2\
=\xff7\x1c]\x80\xaa^\x03\xe1\xf1)\xff\xfb\xf9{\
\xbd\xd6\xf36?7cy\x15c\xd7\xe3a\xdf\xf4L\
\x7f\xce\x7fy8\xfe\x9c\xff\xdd\xab\xf7\x18\x9e\xe5\xf0\xef\
\xc8\x7fk\xff\xfe\xfe\xbf\xe3\xd6\xc7\x22\xcd\x09\xa3,b\
\xc0y\x87_\xef\xcc\xc1\xca{\xbc5qd\x7fL\xd3\
\xf4\xdd\x1b\xb4\x5ciX\xe7z\xda\xceF\xf8\xad\xbe\xcf\
\x98kl\xe7\x12#\xcfl\x1f\xc3\x91\x9cz\x85B\xa1\
P(\x14\x0a\x85B!\x01\xae\xf9\xed\xff\xca\xea\x10\x99\
\x9c\xb7>\x9d\x7f\x8b\xc9\x8c\x93\xf1Ol\xa1\xc2q/\
\xe6\x035\xb6{&\x98\x92\xd8\xb0Wb\xcbJ 2\
\xf6\xe6'O\x01\xfb'\x08\x80\xba\xaf=\xff;\xbd\xbf\
\xdbQ\xf3!\xa4~\xa6um\x1e\x0a\x92\xf27=\x1b\
\xdb??m+\x88\xc8{%\xe3 5\x0e*1\x8f\
\xd6\xf3\x83\x07F\xfb^\xfa\xdeZ\xe6\xcb\xa0_\x8e\xaf\
+\xce\xa2\xb2\xden\x96\x17\xfb\xca\xc0\x896\x91\x9d\x1b\
a\x0cmcp\x8d\x82N\xcf\xa3\xefy\x8d\xc4\xd7\x9d\
\x0f\xef?\xecg\x11d_ \xd2 |\xdb\x05(\x96\
\xa0\xedu\xec\xe7\xfd\xea\xeb\xd8\xb5\xc3\x95\x98\xf5D\xed\
\x8d\x85\x02\xeb\xa7\x1d\x99\xda\xcf\x99\xef\x22z\xf8\xf6\xa5\
\x1e&\x02\xcd\xa9\x0f88\x0f\x22\x0e\xf2\xd07\xf4:\
\xa4\x9c\xc5w\xbb\x86\xe2\xe2\x86\xbfg\xfe\xff\xfc\x82\xff\
6o\xd4\xee\x88\xff\xd8\x0f\xdf\xf3?\xbf\xf6\xfc%\xff\
\xb3s:\xc52\xfa\x9e\xff~\xdb\xd7\xff{\xfe\xdb\xf1\
1?\xa1\x0c\xfa'\xc8\xf9\x9f\xf5\xfb\xfdk\x87f}\
D\xb4\xeb5\x14\x07\xf1zx\xc3\xff%\xbd\x17\x86{\
V\xbe\xc2\xfa\x7f\x82\xff\x92&c\xca\xf3\xf6\xf3`\xea\
\x11\xff\xd71\x9d\xf1\xff\xfd\xea\x90\xf55-*p~\
\xc3\x7f\x5c\xa9\xfb\x1d\xff\xfb\x83\x14\xf4f\x91\x86\x8f\xd7\
r\xcd\xb7\xf2\x8d\xa1\x1eM\xef\xfe\xca\x91^\xab\x9c\x13\
rK\x8dq\x9e\xa7\xbe\xe8\x9c\x12=j\xf3z\xaeu\
5<8\xed\xec\xdbE\x8e\x0f\xb3\xd0L\xed?th\
\xfc'2\x0f\xcel\xe9\xfd\xf5\xa8P(\x14\x0a\x85B\
\xa1P(\xc4`\xfe\xbf\xff\xaf\xf5 \xe2=\x89\x96\x80\
a\x1c\x94\x89v\xd7\x9f\xa7\x00J3\xb8\xe8\x1f\x9f\x95\
#\xe3\xd3\x06v\xe3K\x97\x8d?+\x96\xdf\x9flD\
_\x15\xcdX\x02\x95&B\x18\xf7\xfc\xe0M\x7f\xc7\xe8\
;\x08\x7f\xa9/\x9f\xa8E\xc3\xf2\xbe\xf5\x222!\x04\
\xd4\xe5;\x00\x02\xd7\xb1\xb4i\xd4\xc1\x07\x91j/\xd8\
,\xa1\xa9\xeb\x17\xda\x1e\x8f\xd3{_\xee\x83}\x0c\x9e\
m\x90\xde@\xf4\xb7\xe5sk\xb4\x883\x22\xf6\x9e\x02\
.\xa6\x1b\xdc\xe5Z`\xc4\x8b\xb3\xb8\xa0\xedoWB\
\x09-\x01'\x19[\xf8\xde\xe2;\xe4c\x89;\xf1\xe6\
\xfe\x8d0\x1a\xd9\xdf\xd6>|\xde\xf9\xbb\x1b\xaf;\xb1\
\xe6\xc6G\x14J\xee\xfbl\x0d\xea\xdf\x82\x8feu\xdf\
{\x22\xc0\xde\xfa\xbcK\x8f\x8ey\xfe?\xb1\xf5\xc4\x87\
[;1\xff\xdb\xe3\xfe\x89\xf9\xcf\x7f\x22\xb8\xb4\xb9\x22\
R\xf7\xaf\xca\xb5\xf3;\x81\x7f\xc7\xff\xeeM\x08\xb6\xef\
-\xbe\xed\x85\x1d\xff{_\xb6m>\x7fLd\xbd\x9b\
\xfa\xdfEN\xfc\xdf\xd6%\xfc]sm\xcb\xf9\xb4\xb8\
m-\xb1DG\xf16\xca\x975q\xd7O\xab_\xcf\
\xce\x85T\x8cB\xf0\xb9\x8e\xfc8\xf2\xe0;\xfe\xbb\xeb\
\xd1\xa3\xf1\xbf\xf6\xb9\xf0\x7fL\x01\xc7\xdc\xc8\xe6m\xe1\
v[\xfe\xedzp\x8b\xcb4,\xd9\x5c\xc9\x9f)\x0d\
7\xfa\x19\xe3\xb1\x99>o`\x07\xeb\xe9\xed\xff\x99}\
\xd3d\x225\x18\x84^\xbc'\xbaM\x98%Y\x88\xf4\
\x1e\xcd\xa3L\xbbe_\xa1P(\x14\x0a\x85B\xa1P\
\x10\xcc%/8\xa1\xeeA\x06\xa9\xc6\x8c\x82\xb3\x04\x1e\
\xdc\xf4+\x8a\xdd\xc0\xe7\xbd\xd1\xbaZE+\x11\xd1\x13\
c\x1f\xb3F\x85\xbd}I\x1f\xc2\xb6\x88\x1e&\x22\x80\
|/\x9eAW`\x1d\xb6\xf2\x95Vm\xe6\x856\x11\
%BK\xbe\xe2o~\x06u\x10\xad+\xc8P$\xb2\
y\xd7\xedh\x9f\xc2z(\x5c\x9dc\xfa\xb9\x1f8J\
\xc0(h\xd1\x5c\x05\xd7\xd2\xbcw\xc8W\xfe\x1dm8\
\xf19\xfa\xfauvn\xc2\x95lM\x82Xm_\x7f\
 \xb2\xf7+\x13\x0bWl\xc4\xe7w\x19\x09\xee\x03\x1f\
\x97\xfcF\x88\x90\xb4\x17\x9d\xb0\x13\x1e\xb0\xad\x99\x90\x8b\
\xe7^\xff\xe2\xf6F\xe3\x0fW\xeee>\xa0\xaf\xc67\
\xf8[\xd9\xdf\xf7\xde\xab\x01\x7f#\x8c\xfar\xd9\xb6/\
\x83\xf0\xfc\xcf\xf2\xfb\xe3\xff\xbd\xfc\x8f}\xde\xc1\xf2\x7f\
_\xeeI\xdf\x7f\xec.g\x93\xed\xf5\xff\xf0\xa0NV\
\x9af\xc71\xedco\xcb\x7fr\xc7t\x9c\x1b\x1b\x90\
\xa7\x05\xbeE\xd8\xf1o\x8a{\xcd\xfa\x15\xc1\x1c\x1bb\
\xddYP\x1cz\xdc\x17\xdc\xf3\xdb\xa7k\x22\xe6\xbd\xe7\
\xbf\xfb\xf6\xc5\x86\xff\x19,\xff\xe3<\xf6l\xae>[\
\xbe\x10l\xdf\xf1\x9f\x0c\xff9\xcd\xff?\xc1\x7f\xfa\x03\
\xfe\xd3r\xefQ\x11\xb9\xcd\x07\x81\xc6\x13\xd2\x5c\x91\xdd\
(\x95\xc7\xdc\xab\xcd\xfdf\xac4\xa29\x96q\x1b\x0d\
\x07\xfc\xf5\xed\x87r\x9f\xdf:\x91W\xc5\xb1|\x88J\
=\xaan\xba\x8b\x15\x9d\xeek\x85B\xa1P(\x14\x0a\
\x85B\xc1\xe2e\x83c\x98t3|\xd2\x5c\xf81&\
\xebL\x18g\xf1\xc8\xc0\xb0\x12\xf9\xa3\x0b\x84\xc1\x16\x13\
\xbbuo??\x10\xbc\xb1\x13\xafC\xc9\xa9\x97\x9b\x82\
tC\xfb\x16\xf6\xdd\x80h\x85\xcd\xf1\x19\xd4\x8c\xc3(\
4\xa8\xff\xd6\x83\x08Q\xb0\x8eA\xe9M@\x99\x0b`\
6\xb8\x8cD\xaf}P\x99\xd7\x9d\x05\xc6Y\xfe\xd0z\
\x22TX\xbb\x9a7\xaa\xf3X\xc7\xcb\x7fMx\xf5a\
\xd7?XW$\xaeE\xe5%=\xb2\x95\x896\xfd\x18\
m\xc5\xe7Q()k\xdf\x03\x9a\x897\xb7\xa2_(\
H\xd0\xde\x7f\x9a\xb9\xee_\xb1 \xc0\xd7_\x9c\xca\xfc\
\x80\x08\xff\xa9\xa7\xcdZ\x97\xff\x88r\xbe\xec|:\xf9\
{#\x00\xdd\xf4\xb5\xed\xa7\xee\xef\xca\x7f\xb4\xff\xda\xfa\
\x1a\x8f\xdd\xe8\x93M\xda\x0d\xfe)\xfe\xef\x80c:\xe3\
?\xde!\xfcY\x7f\xbd\xf2\xd7\x04\xf8\xb4\xbf\xe1\xbf\xe5\
\xa7\xe1KO0e\xb3:2\xf0/\xf8/\xf5\x9f{\
\x9dRQ\xf5\xcc\x7f\xe7'a\xbb\xf7\xa2\xf0=\xffu\
N\xd1\xf9\xff`\x10St\x9e\xf3k\xc4N\x84>m\
\x7f\xc7\xff}\x1f\x87}.\x22(\xe5c7\xfa\xd4\xed\
\xf8:\xb9\xf3\xd5\xf7\xdd\x9e\xff\xc8\x01M3s(\xd2\
\xb9\x1eX\xd09\xe0\xcc\x0a\xbe\x8f\x0b?\x96\xf2\xad\xd0\
\xcbe\x17\xc5\xd7\xfb?\x08\xe4\xe1\xbc\xb0[\xff\xf0\xeb\
\xf3Z9\x11\x9b\x95\x87\xe2G\xd3\x1b\x91ig\x1f\xa7\
j\xf1\xf6\x1e\x5c(\x14\x0a\x85B\xa1P(\xfc\xdb\xf1\
\x99\xce\xf7 \xd9M\xa2Q\x84\xfe\x0f~\x1a\xfc\xd8\x18\
\x07!Nk\xf6k\x93\x9f|\x18\xb0\x88X\xackf\
:4\xe0\x99\xe2\x13[7d\xfa\x8f\xf5c\x0e\x0d\x9d\
\xd6@\x9d5\x82\xb0eZ3B\x871<\x0c\xfa\xd5\
u7\x22$Q\x104\x99\xc0\xcc\x96\xf3B\x83\xb7\xa7\
\x82\xdc*\x92\xa0x\xe1W\x06\xdaz\xbaW\xd85\xb1\
\x8f\x14\xfa\x88%\xa2:\x16Qf\x83,\xb8\x8f\xf6\xcd\
1\x1a}\xd0\xb4=\xa7:\xe4\xfc\xe5\xe2)\xca\x9c\xab\
\xa0\x93=\x1c@\x91*\x12\x1cE\xb0\xd5Uy*\x14\
\xb0\xb7Ey\x00+\xb6\xf5\xdd\xb2\xd6~v\x0e\xb0\xac\
\xf1\xb3+\xe2C\xe4S\x8f\x83\x9a\xc93\x5c\xbe\xc2\x7f\
\x16\xc5\xa1mI\xffm\xf3O\xfe\x07\x82\x1b\x9f\x05\xf7\
\xcc\xa7'\x02\xba\x1c\xfb\x96\xff\xbe\xef\x98\xf5\x95@\xa6\
]M\xae\x01\xbd\x8c\x88\xd3:\xbe\xe5u7h\x93\xa7\
\xc8\x22\xf9\xfb\xbe\xfdf\x00\xe6\xf7\xf6\xb3\xbe\xdd\xf5\xc5\
\xae\x0f\x9e\x080\xdf\xf1_y:\xc70\x9d\xeb8\xf3\
\x7fE,\x16\xea\xa7\xf4\xbb\xe1\x01\xad\x8c\xc9\xf8\x1f\xd5\
\xe5\xafG\xfeZ\xeb\xdf--\xc7\xa2\x87Jx\x1cm\
\xcb\xbd3\xe3\xe5\x09\x11\xff_\xff\x00\xff\xa5\x7f#\xcb\
\xcf\xf8\x7f\x18[\xc71\xc0\x8f\xf9\xefg\x1eD\xd1=\
\xc2\x96\xdb\xdd\xffu\xce\x13\x9f\xfb\xfd\xfd\x7f\xe5\xe7\xcd\
\x03\x06\xf5}\xf5\xe5#2\x9bk\x0a\xda\xd7~\xe7\xf9\
\xef\xcc\xe1>g\xa5d\xae\x93K\xfe\xc5K\xa1?\x11\
m\xae\x15\xe3\x90\x88\xd5\xb6mc\xf69\xee5\xc6R\
\x83a\x01\xf7\xa3\xfeg\xaf\x0b\xc2%\xd9\xff\x86S\x85\
B\xa1P(\x14\x0a\x85\xc2\xbf\x0d\xf0\x0a\x0eMl\xcb\
\x86\xbc\x7fU\x043\x11\xb4x+\xd6\xf9c\xef\x8f0\
\xdf\x0c\xd4\xa5\x10\x9b@@>\xc6!\x08\x8a\x5c\xb0\xce\
\x04\x01\xdd\x10+\x96 \x10\xde\x91J\xb1\xd8\x90\x05\x9a\
k\xde`\xbf\xe5\xc1S\xd6n\xac\xcf\x0b\x9c\xde~\xb6\
\x22\x0a\x83P/\xf2Xa*\x0f\xdd\xb2:\xa3<\x18\
\x9c\x7f\xbe\x02\x0d\x15D\x01\xba\x0f\x1aOB\x82\x09\xcc\
\xe1\xdf5\xd0\x8e\xcb\xfa\xa0\x1c\x81\x81\xfb\xd8\xb8\x16L\
\x96\xb2\x01\xe6X\xf6ed\xff`\xcb\xfb\xf28\xc0m\
\x8d\xb2\x15l\xde\xae\xcbA\xd9\xe8\xf0?z\xb5\x1b\xa3\
Q\xbdQ\xfd\xd36\xbf4\xd8\x9f\xfc\xb7c\xc9\x0ai\
\xfb\xb6E\x82\xdf\xa9?\xa3~\x89\xc7\x17\x0a\xb9\xb2\xff\
\x9a\xdb\xf9\xb0\xf6B\xcb\xe7b\xf8\xb9\xae\xbe\x90\x9fm\
\xfc\xf8e\xb3\x0fBf\x8dM\x1e\x9c\xc1\xd9j4\xca\
\xc05\x85T\xc0z9\xfe\xab\x17vD\xda1\xfb\x0a\
\xf2\xe5\xfc\xc7c1\xff\xd7\xb4\x1dZ2\x86\xe7\xbd\xe7\
\xb3\x93\x97}\xc2\x7f\xbe\xe2?\x96\xe1\x0b\xfe\x9f\xb9q\
\xe6\xbf\xd6u\xcb\x7f\x19#9G^\xc6\xee-2\xfe\
3\xc5m\xf0\xf5j\xfd\xbb\xfb\xbf\xbc\xc2Kl\xd3r\
Oy\xc6\xff\xd5\x87O[\x80#\xd1\xf1=\xff\x9f\xdc\
\xff\xf7\xfd{\xbe\xff\xeb\x83w5\x7f{\xff\xb7c\x07\
\xfb2\x83\x1d\xb3\xbb<\xcd\xbc\xfaj\xe5?\xc1b\x84\
F\xb0.a\xf86V\x11\xabU\xad\x17\xebi~\xa1\
B\x1b\xc2\xf0\xcc\x04\x9e\xe9\xfcn\x5c$\xec\xb5\xc2\x5c\
\x7f\xff?\xf6\xde,\xd1q\x5c\xd7\x12\x05tj\x1e\xf7\
\xce\x7f\x8eo\xe3\xa5E\x82X\xe8(yG\x9c\xfa\xa8\
\xe4\xca\xdca\x9b\x0d\x006 \x85%Z\xe6\xb5\x8ej\
\x16>>nu\x80\xb6\x83\xc9:D\xf2\xbczZ\xcb\
\x0e\x0e\x0e\x0e\x0e\x0e\x0e\x0e\x0e\x0e\x0e\x06\xd2\xf7\xbfY\
\x19\x0d\xcaA\xb1\x11\x1c\xe3'af(AZ\xc3\xca\
\x92K\xfb|\xc5V%\xc6\xd3B\xaaO(\x9c\xd0U\
;f\xe2\xf8A{\xb1\xc0A\xc0.\xaa~-\xdeY\
\xe4HPI\xa7w\xd4f\xa1\x8a\xd5\xa8\x08\x82\x0eU\
\xb0\xa8\xa7e\xb0\x9elH\x02\xf7J=y\xf1&\xf0\
\xd1\x80Q\x0d\xe1\xb6\x0c5\xe4\x80\x12\x16u\x1d\x95\xeb\
lf&\x7f\xb2\xeb\xda\x07\xedE:'\x92\xa0\xee\xab\
\xae\x0f5\x18\xc7y\x11J\xd9\xbf\x22[Y\xcb\x82\x96\
\xf0\x1e\x92:\x02N\xf5\xbc&\x91\x9cN\x95M\xc9\x8e\
H\x9a,\xbd\x91L\x11\x7f\xd2\xba\xb6\xf3\x99\xe4Py\
\xda\xaf]\xdf\xc4\xfa8\x06\xcbD\xf8o}fN\x84\
\x16/\xff\xbf\x1cA\x13ue\xff\xcf\xf6W\xed\xde\x8d\
\x19QG\x10\xfa\xfc\xb6,\x92hk\xed\x02!H\xf8\
\x90\x9f#\xe6\xffT\xfal;_c\xf9\xc2O\x89<\
\x1d\xb3Hm \xae4\xaf\x9b\xb3\xbb\xf9\x98\xfd\x9f\x7f\
\xed\xff5\x8c\x5c\x8b\xdf\x0eA\xfd{\xff\xf7\xf6\x7f\xef\
\xff\xd6W\x12\xf6\x22\x92w\xc4e\x07\x1b\x07ZDd\
5g\xb9\xf0\xf3\xf9\xc1\xa5w~\xdf\xafg\xdf\xf9?\
'\xfb|]\xef\xffO{g\xf0\xa3\xff\xb2\xff\xd3\xaf\
\xfc\xbfo\x03%\xdb\xf8\x8f\xf6\x7f\xb7O\x85r\xef\xf7\
\x7f{\xef\xa5\xfa2\xdd\xcd\x01\x9f\xa0u\x9c\x00\xc7\xd1\
\xaa_\x0a\x92\xce\x8b\xbf\x1d}2\x8b\xcc4\x10\x8c2\
\x98\xa1\xf5\xde\xf7\xd6)\xe6\xeat5\xdc\xcc\xd0\xc7\xbb\
P|\xd4G\xa83~@\x9b\xec\xa9 \xd8'\xf3\xf3\
z\xe8\x1b\x93\xbbi\xf0v,\x0e\x0e\x0e\x0e\x0e\x0e\x0e\
\x0e\x0e\x0e\xfe\xed\xb8\x09h\x7f\x0a\x87\xc6\x05||$\
\xc7\x8c!\x16\x11\xad\xc9\x8e5\x1e\xffh\x5c\xc0\xe4\xbf\
R\xab\x17\xefXA\x09\xb6\xa9X\xc3n\x14hv\xa1\
>\x8e\xfac\x902\x88O,l\xbae\xbdDy\x15\
,\x88\xf1:%\x10:\x17\xa4c\xa0\x1cO:\xc5\xb4\
\xf6\xa4\x15\xed\x03\xc2gB\xc3\x13J\x95\xdd\x8a>\x80\
\x92\xbe\x9c\xf4_\x85\x7fC\xb6\xd4d\xbd}-9\xd0\
J\xa5\xdc\xae\xff>iO\xc4\x07o\xf2v\xf6\xc6\xf2\
\x91x\x9b\x85\xca`\xbf\xb3\xe7\x89\x90\xc3zU\x9b#\
1\x836T}\xe6e\xf3\xa3|\xcc\xaf\xec\x8a\xf2q\
<\xfd\x9c\xf5\xfa\xa2\xdc\x0e\x9d\xde\x1d9\xf4\xa6\xac\xef\
\x83\xf87\xd2e\xf9\x7f\xf6#,}1;\xc2\xf9O\
\xfd\xbf\xc2w\xfe\x0f\xf5T\xe7\xb4\xcf\xb7\xc8\xb7e#\
\xc1\xd6k\x22\xf7~gg+\xf1\xc1\xff\xdf\xc8]d\
sX-o\x19?\xf2\xca\xc7\xff\x8e\xffs\xeb\xffw\
\x99\x07\x9d\xcf\xfeo}\xfe\xe4\xff\xb1\xcdk\xdc\x83\xcc\
\x8e\xa8\xfd\x8d\xff\xe3\x99\xfc\xc1\x85w\xfe\xcf[\xb9(\
\x91\x08\xe6\xe8\xaf\xfd\x9f\xb7e\xdf\xec\xa1o\xf6\x7fM\
\xffo\xf8?7m\xf8\xc6\xff]y\x91t;\xf7\xad\
\x0f\x98\xcf\xeb\x0d\xfd\x99\x1en\xf8\xb7\xf3y\xd6E{\
\xf4D\xb2\xcaW\xc2\x1e\xe5\xc56p\xb86L\xd6\x7f\
\xd2~\xf0C4\x84\x89p\x1c\xe7T\xe1y\xb0\x82\x0a\
\xfbu\x8d\xa9|\xef\xe0\xe0\xe0\xe0\xe0\xe0\xe0\xe0\xe0\xe0\
\xe0\x19\xeb\x19\xd0)\x98\xc2\xe0b\xc6\x0c\xc2\x1a\x88\xdd\
\x1fV:\xcd\x80\x93\x05\x83\x8b\xbb&\x5c\xc7\xf3\xcc\x8a\
d\x17\xb9\xf2\xe1\xd2\xde\x08\x93Y\xd7\x8b\xc0\xc0\x043\
8\xe4\xfb\x00\xc4\xc8lr\xe5E|\xc0j\xb2\xeb \
7\x06\xa2H<\x8f\xc0\x92|\x90V\x04.]\x10\xcc\
\xa1\x9f\xe2I&\xb4\xad\x22r\xa2\xfd\xbbP5\xca@\
+\x06\xe9\x94\x03\xc0\xf9\xc1\x95\xce\x01y\xfe\x81\xb5\xae\
|\xfcq1\xff\xf9juh\xf9*\xad\x0f\xd6k\x12\
\xe3mp\xafc\xbb\x93\xf5\xe9\x1b)\xea\xc5\xf78w\
\x14\x16\xe4s\xa3[\x1e\x89\x98j^D\xb2\xb5\x8a\x9b\
\xab\xbe\xa8l\x8c\xd8\x91\xf2\x93\x96\x22\xbd)U\x91\x82\
\xbb\xfe\xde\x11\x92o\xea\x0f\x19\xab\xe4\xea_|\x1cA\
(\xe4)h\xced\xd8\xe7\xf5z\xf4\xff\xdeoc\xf9\
\xbd\xed\x7f\xee\xff)-\xe4\xbb\xb9\x19\xfe\xb4\xbdQV\
=\x9f\xac\xe7\xde\xb4K\xb1\xf7\xff\xb7\xed\xb3\xd9\xb5\x1e\
\xeb\xf2\xc2\x96\xdf\xf9\x7f5\x1f9\xc9\x8a\xf3h\xf5\xeb\
\xd6\xff\xbb\xb9n\xe4\xee\x93\xff\xeb\xa3]T_U\xe7\
o\xfb?;;{9\xd5\xe7\xfd\xfe\x13\xe5Skw\
\x93[\xee\xc3\xfc\xb0\x7fy\xd9\xd2\xd6\xef\xfc\x9f\x9c\xdf\
\xf2\x1f\xfa?%\xfdj\xc3\xdf\xf6\x7f+\xc1T\xe9\xa3\
u\x8a\xd9\xef\xa9\xa3\xd8\xec\x8b\x8e\x84\xc6\x0b8\x94{\
\xa1\xaf\xc2c=\x88\x1c\xe9\x5c\xdd\xa8\xf0j`\xdfa\
\xea\xd7-\xc1\xe2\xba7\xcdv@2\xa1\xb9`\xcf\x9b\
q;8888888888\xf0X'\xa0\
\x15\xf7E\xbb\x1e\xe2\xd2\xaf\x1c\x8a\xb2\xcc\x0c\x85F\x89\
Yp\x5c\x94\x93?\xc5b\x97\xf4\xa3\xd0\x22\x99!o\
\x04\x14\x18\x0d`\x80\xc1\xeb\xa5\xbb\xd6\xf7\xf1\x08\xfc\x12\
;\xd8 B.\xe2R\x22\xc0\x0b\xf2\x1fw'\xb5b\
\xe0\x89V;2\x84\xebSO;\x1dHX\xbc\xa9\x17\
\xc9\x01O\x0a\xe9\xf8\xd4\xe4`\xd7\xbe\x8eL\xacH\x92\
w$\xc23\xdcW\xa8?r\xd7\xe7\xfa4\xed\x13!\
\xd9\xdb\xd4\x93\xf1;\xf9\x91,@r+\xf5\xd7HL\
c\xb9#`B\xed\x16\xed\x0d\x0b \xbc\xc0\x01_\xc8\
\x7f\x9e\x0b\x15\x99\xd4\xe9\x9f\x15\x17\xd9\x8c:\xbe\x1d;\
\x94\xbd\xf3G\xc4 .\xfc\x8fU\x89PIF2e\
\x7f[\x9f\xb1?\xe1\xf5i\x0e>\xf9\xfb\x93\xffW\xf8\
\x9d\xffS*S\xd5\xaf\xca\xb6\xe5qN\x8b\xf8\xd7$\
\x97\x8b\xbf\x1e\xf1Q\x19\xd5\xb7\x17\xde\xfa\x7f<1\xca\
/\xd7\xa0\xef\xfd\x9f\x8a\xb2\xa3\xad\xa5y\xe1\x06\x07\xf6\
\xdd[\x8c\xb9\x9co\xecE{\xde\xfb\xd8\xdf\xf7\x7f#\
L\xb9,\xf3\xbd\xff\xd3\x97\xfe\xef\xfb\xc0\xdaP\xb7\xa3\
\xdc\xb5\x8a}\xc3\xcbz\xf6\x7fJ~{\xfd\xda\xff\xef\
k \xea\xe7^\xef\xffy.\x8ek\xb5\x1a~\xee\x04\
\x99\xee&\xde\xb8n\xc3\xb2\xa3X\xddo\xa5\xae\xf5*\
\xf3\x94\xb9\xac+F\xfc,b\xb6\x11o\xf6\x5c\xb5\xc3\
Vk \x8f\xe3\xb5K\xee\x01\x10o\xb9\xb3\xa8\xac6\
\x16\x8f\xdc\xa1\xf7cyppppppppp\
\xf0o\xc6e\xa79\xe0\xe2{\x06\x12\xeb+\x87lD\
\xf0\xc2\xcd\xf0023\x98i\xc2\x88\xf0\x91zCL\
\xe0\xaa\xc8\x9drrJ\xfc\xf3\x01I\xc2k<\xfd\x02\
A\x01\x04\xad>8\x18\xf9?\xe2O\x15)\xc9\x8dD\
S\x15'\xbb\x00R\xff\xb8\xa78\xaaSRo^\xbf\
\x85\x0fJ\xd1BZrw\xc4\x84\x05V=\xd9W\x05\
\xcf:\x7f*<\xb5e\x17\xc0!a\xf0\x84\xaa]\x9e\
,\xbf%\x12~\xd5\x97\x1b\x1b\xaag\xc6\xe2\xa9\xb6Q\
\xbe\xb2\x95\x9c\xdc\x9e\xa0\xb2\xfcH,\x22A\xd2\x8d\x15\
o\xee\xc4\xf0\xa6\x0c>\xcb{G`T6~3'\
\x95@\xc0SkQ~\xa7\xff7s?\xb6u\xb9?\
\xd7\xa7Q\xb1\xa0\xb3)\xca\xfa\xa2\xff\xdf\x10s\xffw\
\xfd\xbf\x22W\xde\xf8\x7fOb\xc7\xf4\xe8\xffe\x0d\xd9\
\xdf`\xf1{B\xefSOx\xf6\x7f\xb1\xddlS\xee\
\xbd\xff\xd3\xa3\xado\xfd\x9f\x9a\xba\xdf\xfa\xff\x13\x19\xa6\
{\x14\x97\xb6\xf5\xdf\x86\xf8\x8d\xff'_\xa2?\xf5\x7f\
\xdb\x0b\x18R\xa2,\x94W\xf9\x7f,\xb7\xf3\xff\xda\x1e\
\xfe\xca\xffQ\xe6\x9f\xfa?\xa7\x96\xf76\xd4\xfeO\xeb\
\x1a\xab\x92R\xfb\x7f\xf6I\xdf\xefz\x22\x9f\xa8\xba\x02\
\xca7f\xf4E\x19\x5cM\xe2D\xfc*\x99-.\xb5\
\x86\xb6\x0dR\xdc>\x8d\xf6\xc5k\xa3\xf1y\x92\xdd<\
~\xdbd\x5c\xf4\x12\x98i\x8f\xb2\xd2k\xe5}[\x0f\
\x0e\x0e\x0e\x0e\x0e\x0e\x0e\x0e\x0e\x0e*\x5c\x1a\x5c\x8b\xd8\
\xa9A6~w\xbc\xe8E:\xf0\xbf\xee\x84\xc8]\xc8\
\x93\x13\x99VS\x22\xda\x84X\xfc\x8d\x81O&(\x0a\
zo\xe6K*k\x09\x18\x5cc\x838\xe9\xda\xca)\
\xcaXVG\x92X\x9d\x8e\xd4I\xe4\xd8\x22$/z\
\x8ae\x9e\x82\x9d\x8a\x10E\x1d(\xc7\x02d\x22;i\
\xc6\xd4\x05\xba\xabpQ\x22\xf6s\x17\xf8W\xf2\xb2V\
N\xa4Y\x0c\x92#\xd9\x90I(Jvt\xe3\xa0z\
j\xc2%\x07\xe4\x91\xe0\xd2\xdc\xb7\xa4\xd18\xe1\xa5\xb5\
r\x7f\xc7\xb1J2\x8b\xf7o\x09\xff\x8a\x0czC\xa2\
V\xb2\xcc\x06\xbd]\xb5\xb7;\xea\xde\x8d\xcds{\x86\
f#\xd0<\x81\xac\xf3\x8a\x22\xd1D=a\xf3\xcd\xcd\
\x94'\x92\x14\x89\x91x\xa3!\xfb\xff\x05\xf3\x98\x1e\xe5\
\xeeP\xdb\xc5\x0f\xfe/\x8fs\x0e\xebu\x86\xb9\xd9\x9c\
dM\xb6\x8a\xeau\xbe\xd2\xf3g\xfe\x9f\xd7^$b\
1o\xef\xff\xb5mO\xef\xfd^\xe3\xa1Dw\xb7\xd2\
>\x8fE^\x01\xfe\xdc\xff\xe3\x9f/S\xc9*-s\
}\xdc\xfb\xf4o\xfd\x9f\xad@[\x16\xe7\xcd\xd3\x98<\
\xad\xdf^\x06\xd3n\x5cS\x9d\x92\xd4\xe5\xcd\xfe\xcf/\
\xc6q\x9bM\xbb\x1bH\xf1&\xdb\xb3\xff?\xad\x07\xb3\
>!\x99\x1b\xed\xb0W$\x86\xcd\x0c\xec[d~G\
\xff\x09^c\xae\xfeT\x85p\x1d\xa9\xd7{A\xae\xbf\
\xc6DU\xe2\x88\xefET\xbb\x8b`0\x17\x93\xd8\xda\
\xf8f\xcd<8888888888\x98'\
\xa0\x07\xec\x02}\x9d:\xf9\xfc\xcf2x\x03\xc2P\xc3\
\xa0\xf9w]\x08\xac\x04\x03\x89)w\x10?\xfe\xeb\xc3\
x\x92\xc6\xeaAP\x964\x12\xc5\x00\x86\xdd\xbb\xf9\xb7\
\x02\x83\x19X\xa1$\x19m\xf3\xc1X):\xd8\xf9&\
\xef\xf9$\xe1R\x19#I!z\x13\xcb\xec\x09>\xb4\
\xc4\x07\xe2\x11\x9f\xaf+\xe3\x0d\x81H\x96\xc5\xd3iH\
\xdapa\x8f\x91\x18\xeflg\x8b\xe2\x96\xed\xce~\xe6\
-IQ\x91\xc9\xf1o\xe5A\xb9\x1d\x99\x88\xa4\x9c\xe5\
\x0d\x09U\xf0L\x0f6U\xc0SX;\xc2\xe3\x91\x18\
\x15)\xc7\xc1t\xbc\x1b\x0fy r\xaa\xf476P\
\x91\xfe\x94\x9f\xd3\xbcoQE\x90U\x7f8\xfea\xbe\
\x22\xd9\xf8\xc6\x8e]z\x95\x17\xfd\xa8\xb6;?3Y\
dW\xc7\xd23YH[\x998\xdf0\xcf\xfb\x7f&\
l\xa3\xffw\xed\xed\xc6\xb6\x1d\x17W\x8f\xc1\xbf\xfe{\
\xfe\x8fX7\xa6\x1c\x99h\x8fn\xe8\xda\xd7\x12\xa2[\
\xff\xcf\xe3\x84b\xfe\xc4\xffm\xac\xc7kE\xaa\x96\xf6\
\x92\x1f\x8f\x1d\x81\xfe\xe4\xff\xe9F\x14\xda@\xabw\xff\
\xc0\xff;\xcb\xf7\xc0\xf1\xaf\xfc\xf3\xbf\xeb\xff\xde\x8f\xba\
\x9a\xd5Z\xfb\xb4\x7f|r\xaf\xed\xfe\xdf\x13\xf1\x11\xf7\
\xe3J$\xffP\xe7\x93\xff\xc3\x1d\x80U\x9e\xc9\xfc\xd9\
\xe8\xfc8Vz\xad\x98\xc9`\xd6z\xc2^\x0f\x93\xdf\
\x07\xd8\xe7\xbb\xfe\xe2\xb1\x960\xbczK\xd1\x94y\xb1\
\xa5k\xc1]A\xec\xfa\x13\xb6z\x9e6\xe9\x0fs\xc7\
u\xea\xe9\x86\xc1\xc1\xc1\xc1\xc1\xc1\xc1\xc1\xc1\xc1\xc1\xc1\
\xc0\xe5O\x89\xe8!\x12\xa5\x8fe]\xb9\x7f\x82\x9e;\
m\xc5\x013\xb8\x82\x1f\x1e\x14\xd2\x13kDLE\xd0\
G\x14\x82\xdd\x9a\x845\xa2O\xe04\xcb\xcc$\xd3\xe7\
\xc9\x0c\x1f\x9b\x90\xd06\x80\x8f\xa7b\xe2\xc3>\xac\x0c\
9\x19K\xce:\x9d\x83'\xadh\xd9\xf5\x06\x15A\xea\
I\xa8o\x83\x1b\xfb\xf1.$y:\x12\xa7#\x96R\
\x00\x8d\xfdL{\xfd\x88\x8e\xcc\xdc\xd5r\xc1fU\xf6\
\xa1ot\xfe\xa1\xec\xa7\xd1\xd8\x91k#8\xbdR\x1e\
\x127\xaac\x17\xec\x9b.j\xc7\xc2i\x0d\xe4IE\
\x90W\xf3L\x83c\x9f\xc5\xd9\xe6\x8d\xdex\xf2\xf4\x03\
|\xb6\xeag6\xdc?\xf2\xb6\xfa\xc6\x8fI7.Q\
_U\xb6\xae\xcf\xe5\x98^\x81\xcc\x8cscw\xb2\xb1\
\x1b\xcb\xae\x8c\xc94{\xecO\xc0F~\x9c\xc3\x9d\xfc\
\xa1c7\xc7;\x99\xa6\x0f\x7f\xbcOm\xa9\xfd\xdf?\
'{\xa4\xeb\x18c\xb9\xf7\xebYnK\xef\xff\x81\xe2\
\x0d\xb6i\xda\x9e \xec\xfd\x7f\xe7\x83E[\x84\x02Q\
\xca\xa5\xce\xa79\xf3\x9d\xff\x07\x99R\xdf\xc8\xf9\xce\xff\
\xf9\x91\x5c\x8d\xfe_\xe9}\xf2\xff\xca.k\x9f\xf7\xbb\
\x99Jv\xef\xf77\xfeO\xe5\x9a\xb0\x88O\xda\xfb\x7f\
U\x7f\xb7\x96We\xa2L\xf4\xfd\xb8\xb6\xbd\xf3\x97\xfe\
\x1bB\xbf\xdf\xff\xa3\xffW\xfb?\xa7\xfd_\xa0\xac\xa6\
\xdb\xe7\x86\x14\xe7\xf5\xcf\xa8\x13\xb2l\xcd\xf5\xd7{\x5c\
\xfc\xd0\xf3 \x9f\xd7\xa2SI\xb2O\xcbw\xd8]\xe3\
\xd9u\xa2\xbc\xef3Q\xc7\xd7\x8bS\xba\x0f>\xb3\xb6\
m,\xebK\xa7>*\x04M\xfcv|\x0e\x0e\x0e\x0e\
\x0e\x0e\x0e\x0e\x0e\x0e\xfe\xcd\xb8| \xb6B\x11b\xf8\
W\xf4t,\x04\x1d;b\x04b[\x97\xc6\xf3\xd5\x88\
\x1a\xcb\x17\x10\x85\xe4\xf0\x12\xc4\x9e|^vP(\xe6\
\xe4,Z\x81\xbc}1\x08\xb2\x07\x08\x98\xac\x9a\x90Z\
d\xec&\xb0C\x19\xbb X\x8d\xee\xf4\xaa\xfc.P\
W\xbd\xd4\xd4\xef\x10uh@\xb7%\x07x\xf7\xd5\xe0\
\x5c_eg]\xb9\xa6\xbe\xab\xfa\x0f_k\xdb\xe3{\
;\xa9\xacAp\xec\xc3\xa8\xe7\x89h\x8b\xcf\x85\xdd\xc9\
\xe9H\x05\xb5Mm\xe9\x08\xac(/\xfe8#\x9b\x03\
\xb9r\x04\x84VE\xa2\xf9\xb2\xd6\xa6\xae\x7f\xdc\x5c/\
\xfanG\x12Ue\xb0\x8fwD\x8d\xb7\xdf\x93nj\
K\x87\xcaw*\xd47\x19\xb0\xcf\xe2c0\x8c\xa0\xc5\
v\xc4\xbe~\xf2\x7f*H\xae\xd4\x1e\xf1d\xcb\x1ao\
L\x9f\xe5\xf2*\xf6[\xff\x1f\xb5\xc5\x16yT\xb9\xca\
U}\xd2\xc9\xb5:\xbd\xffs\xfc\x03[L\x9e\xd7\xfb\
\xec\xffy\xbd\xd8\xf9?\xea\xb5\xb1\xf4\xed\xf8\xef\xf8\x7f\
M\xd0s\x90\x17uW\xeb\x86\xef\x07\xfa\xb5\xffS\xe1\
\xff\x04\xa46\xd6\xff\xc6\xffym\xea\xfe\x113{\xff\
\xf7r\xb3\xde^\x7f'\x07\xf3(xO\x9c\x13\xb4\xd9\
\xff\xf1=~\xa3k\xe7\xff\x9d\xcc\xec\xfe\xef\xf6\xffq\
\xd3\xe4\xd9\x07+D\xbf\xe6\xa2n\xd4\xe9\xd6\xed\xa9\x1f\
\xc7\xc0\xdagk\xc8\x15\xd6\x8c[\x06\x15\xf5\xdc{\x5c\
\x83\xf0G\x08e\x1dpXl1\xd4\xe2\xf2br\xbc\
\x1fk(\xb9\xf5M\xe7\xa3\x9e\x80F\x19v-:\x88\
\xe9\x1f\xf9Y\xcbB\xf4\x85n\x8e\x1d\x1c\x1c\x1c\x1c\x1c\
\x1c\x1c\x1c\x1c\x1cd\xb8\xe32\x9f\xe7@\xdf\x01\xac\xf8\
\xcb\xfb\xcf\xa9\x15=\x0d=\xcfA\x8f\xd3\x87\xec\xce\xb7\
\x90\x97\x15?\xd3\x92\xe8\x0f\xe9\x8c+\xfbHMx~\
\xfb>si:D\x05\x86\xa0C\xc2i\x1d^\xff\x14\
dA\x1d\xa8=\xc6o\x82\x0f\x09q\x19A>\xbb\x00\
\xb2\x16\xf5\x8f\xbd\xab3\xb2\x9d\xbb@\xc7>\xab5L\
9\xac69\x22\xdd\xd7{}\x10\xde\x12<T\x07\xd8\
\x95M;\xd2i\x87N\xde#\xb1G5Y\xadu\x17\
\x81\xf9`?\xf6Q$JR\x9b&a\xc3\x8d\xbc\x8a\
\xe4\xd7\xb4uJ\xbd\x1d\xd3\xda\xbe\xbb\x0ce\xf8\xe7I\
S+\x03\xfbHu}l\xf1\x84\xd3*L\xfaH\x1d\
\x0d\xe0\xf16M<\x11\x19\xed\xef\xc6\x07\xeb\xc6:\xd6\
\x06v\x8e\x88$\x89\xca\xaa\xe4\xc79^\xbf\xaf\xe7\x94\
\x91\x1e\x85-.\xffi\x81\x00\x9b\x19\x08d'\xc5\x08\
\x9b\xbb\xff\xc9\x93\xb0l\x8drDt$'{+)\
\x93\xdc\xf2\xe2\xeb\xfd\xa5\xff\xdb\x9f\xff\xac\xcd\xb2\xcf\xe6\
\xff\x14d\xbc\xc4\xd6\xff\xbd\xde\x8e\xb8\xfb\x13\xff\xbf\xc7\
\x83\xc7\x1c\xbf`s\xab\xfae\xb7\x06\xc5\xf7q]\x1c\
\xf3\xdf\x93\x97\xae\xbd`\xcf\x9b\xde\xf3$5\xce\x86\xf7\
\xfe\x7f1o\xf7\x9e\xd8U\xdf\xfa\xbf\xb5\xe5\xb3\xff\xe7\
9\x13\xb1\xdbCF\xdf\xa7\x0ai\x8ew\xef\xab\xcf\xa5\
^\xa2r/}\x83n\xff\xf7\xeb\x18\xcd\xbe\xf0\xf5\xa2\
\xae\xfd\xfe\xff\x8cz\xff\xf7\xad\xd3u\xa6\xf6\x7f\xfc\xac\
\xef\xb3\x0f\xea\xf5\x96\xf7\xff\x5c\x84\xcbY\xcd\xe9;h\
JXG\x19c\xa8yf\x88%RmS\xf4\x7f^\
T\xb7g\xaa\x05\xc8\xea\xd1>\xbe\xeb\xeb\x09m\x1cE\
\xe6z\x1f:8888888888\xe8q\
YP:\xaf\xf2\x1b.\xcb\xf1\x9d\x1ad$\xb2\x86r\
\xf01/\xe6\x910\xd5\x13-\xb4\x8e\x95\xa0\x14\x0d\x8c\
C0\x0e\xb2G01d\xac`\x86i\x05\x05Va\
\xfd\xe3l\x8cvzx\x92 \x81\xeb\x13C\x18P\x7f\
\xd2\xf1\x84Y\x07}\x06c\x17\xe4\xed\xea\x97Ax\x83\
*\x10\xae\xe4\x15\x89\xfe\x95\xf6\xc4\x0a\xa6?\x9d\x90\xab\
\x82\xfb\xb7Au\x15\x90+\xa1s5\xb2+[*}\
\x02\xf3\xbb%3\xe8\x99\x14\xc0\xfcHd\x97\xc4r\xd1\
\x97H<r\xb0\x1d,Y\xbe\xb9\x93\xfbAE|\xf7\
D\xd1\xfd\x81<\xf9H}\xbd\x22\xbd#\xff\xea\x9bS\
\xbe\x95\x91\x98\xc5z]\xdf\xc7y\xd7\xcfw.u\x22\
\xe2W\xd9QO\x94\x8fv^\x93\x99\x91\x7f\xfc\x9f\xad\
q\xad\x8e\xcaw\x10}?\xf7\xa2\x19^\xdd\x5c\x15\xff\
#\x81\xae\xf5\x1b\x7f}G\xac\x9a\xc4\x8a\xb0\xc4\xba\x9d\
\x9f\xe3\x5co\xed$\x0e\xfbI\xa8\xffr\x0d\xe9\xfd\xdf\
\x88,f\xbb\xe1\xd2\xcd\xb7\x98V\xe5c\xbb\xb3\xff{\
\xffrs\x8a\x9fNT{\xbdR\xb0o\xbf\xf1\xff\x0a\
\x7f\xd7\xff\xe9QV\xe5\x7f\xd9\xffmf\xf0\x98\x14/\
\xfd?\xaf\xa1o\xf4/=\xa5\x0c\xcb\x7f\xda\xff\x19t\
\xd8:\x94\xe5w\xf55}\xd7\xbehs\x5c\x1b+y\
]\x1a\xda\x88\x97\x04\xfd\xfeO\x8d\xff[>\x94^\xff\
*-L\xf1\x08\xb3[\xd1h\xfa\xbf\xa4<[\x17\xb2\
\x1f8y\xf3:q\x9c\xccW{\xc6{m\xaa\x88\xaf\
\x05?u\xd2\xb6\xef\xe0\xe0\xe0\xe0\xe0\xe0\xe0\xe0\xe0\xe0\
`\x8f\x14e\xadsJ\xf1\xba_4Q\xd3\xa4\xb8\xcc\
\x9fd\x98\xc8\xba\x88_\xaf\xfe\xfc\xc8\x0c\x1d&\x09\xa0\
\x01@ \xea\x22V U\xb0\xe4J\xc8\x8a5\xc4\x02\
\xa8x:\x9bb\x90\xda\x13-\x914%\xe9\x1fG\xa0\
A\xa1\x9e*C\x9b+T'\xd2\xa2\x0d;\xb2f\x9a\
S\xa6\x7f\x0b\xb4\xf7\x83\x0b\xc9O N\xbc^O\x9e\
\xd4\xf6\x8564\x04\xcc\x1bT\x84X\x95_\x11?\xb1\
\xfe\xae\x9f\xda\xf9GT\xde|\xd0\xbe\xd9\x9d\x88\xdc\xd9\
\x1bmER\x90\x8b:yN\xf9\xb1\xabl\xda\x11\x16\
?\x93,\x1dc\x8d\xa73\xdf\x91!\x08$\x9d\xf05\
\x94\xa2HX\xa2\xfc'\xff\xaf\x90\xdb\x8b\xbe\x81\xfar\
\xbd\xed{\x81S\xc8 \xf8\xf3^ov\xbc\xf1\x7fn\
l\xd6\xd7w\xfe\x1f\x087\xfa;\xfe\xaf\xed#h\xd3\
\xe7\x15\xdf\xafv\x17v\xf6\xfe\xaf7r\xec[\x1e\xbb\
y\xf8\x08\xf5\x874\xae*\xdb\xdb\xf3\xb7\xfc\x7f\x91\xd0\
a\xbf\xc1\xf7\x7f\xee\xff\xa6;\xe6\xc7u\xa7\xf3\x83\xda\
\xff\xfd\xe7\x0a\xee1?\xb0\xe6g{\xa35T\xda\xb0\
\xf3\x7f\xef\x89\x7f\xd7\xff\xd1\xe9\xdf\xce\xb37\xfb?\xf6\
\x87\xfc\x85\xfd_*\x1d\xbf\xdc\xff\xe9\x8f\xfc\xdf\xfb0\
\xb6\x13\xed\xf6\xfb\x7fo\x0b;\x22\x9d\xd6\xa3\xdb\xdc\xbc\
\xa4\xbcfE[\xc8\xddn\xa2u\xb5\x18\x0e;\x87\xda\
pC>\xcd\xa7)\x1f|\x01\x9bak=\xadv\xc8\
$\xaa\x839\xcf\xe3qppppppppp\
p\xd0\xe2\xb2@q\x85E\xe3\x8a\x9d\xc3\x85\xf9\x1dQ\
 \x91\xc8zh\xa4bA\x08O\x8eI8\xa9\x22\x93\
\xe66^z|\xaa\x82\xb0\x88\x11h\x92+w\x079\
\x84\x84)\xad\xd30\x95(N'\x8e\xcc6\x0b~3\
\xf9&D\x0d\x01c'\xcb\xba\xe0\xb9\x0c&_\x10\xee\
D>P\xd5\xf6\xaa\xad\xab\xcdh\xe7+\x22\xc4j\x95\
\xf6\x16\xb6\xa3\x9d\xa9)\xcd\x98\xf9:<\xe7\xc6\x1eO\
\xc4A:M\xb7\x02G\xab_\x05\xf5\x18P\xd7\xba\xd8\
\x11'N'\xf56Tr\xbb\xb2\xee\xc7\xfc\xb8\xfez\
v$=\xbc\x15F\xecE\xa0,|\xb4\xc6\xce6\xcd\
\xc39\xdf\xf9\xe1\x13\xe9U\xa5\xd9{&zA^\x95\
\xebI\x80\xf7\x07\xce\xfe\xc0\xf8\xf5\xf7\xad(\xa7\xd3\x91\
\xadY\xe9*\x8f6`Z\xd6\x09k^ bAd\
\xe8\x7f\xfbC\x12W\xc9\xdbXo\xa8F=\xf9\x9b\x11\
\xd9\x9e\x98/\x9b\x5c\xef\xff\xd4\xcc\xcdg\xff\xd71\xb9\
\x88\x1eV\x00y\x1e4\xb37\xb5\xd7~\x5c\xd1~T\
\xf1\xad\xff\xd3\xc6\xff\xfd\xe7\xabx\xf6\xef\x9f\xfa\x7f\x5c\
\x8f\xab5\x08\xd7\x88\x88?\xf7\x7f\xf2e\xb7\xfe\xdf\xcb\
\xad\xfd\xbf\xd0\xdb\xd4{K\xdc\xb7\xfb!\xd7\x8f\xbf(\
m`\xbf\x9e\xee\xf6o+_\xf9\xff\x98\xdbo\xf6\xff\
5\x8e\xf2L\xb8S\xd9^\xab\xc7p\xad\xa5y\xef\xf6\
\x7f\xb3\xe4\xc9\xdd\x94x\xb6\xb5m\xcdB(C\xe1F\
\xbf\xce\x0fO\x04\x83\xe7\xa6\xb2\xc4a\xbd\x00\x1bU\xdb\
:\xe4\x00\xf5\x22\xa1L\xcb\xff\x19lc\xaf\x16\xfb\x96\
\xab\xf62\xad\xc3\xd8\xba\xfe2\xb9\xf5u\xb7\x8e\x1c\x1c\
\x1c\x1c\x1c\x1c\x1c\x1c\x1c\x1c\x1cd0\xfd\xe7\x7f\x22}\
7\xdeM\xe2\x98E\x9f\xbd<.\xe0y\x5c\xd9\xaf\x8b\
\xf2\x91\x06\xc1\xc1\x92\xa5\x9f\x84\xf2\x092v\x81\xc8\x1d\
\xb8i:<\x0a\xe4\x0a\x84\x0d\xfe{\xe9IM\xd7\x98\
\xcb\xa4\xdf\x81\x02X\xc3\xa3\x1d#X\xc9'H\xc7g\
I\xdd\xb30\xdb\x9d)\x01!z T:0\x06P\
\x9c\xdf\xa7\xf2\x9c\x89\xc2H\x1e\xc5\xfaup\xcb\x9b<\
r\xf2T&\xca\xfb\xb6\xbd.x\x17)\x89\x0c,\xbb\
#-L\x9e'\xdf\xf8\xa1|%\xd3\xa7\xd7D\x8a\xdd\
\x84y\xb6+c\xaf3\xd9\x15>Wv\xfb\xc0\xba&\
\xaa*\x1d\xdb~\x15z\xd1?M\xd57\xf2\x17\xb8\x12\
\xf0\x95n?\xf6\xb5L\xb5gK\xaa\xf1\xf3\xbc\x09f\
\x927'\x930\xbf]\x07\xbe\xf7\xff\xfasU\xbf\xf7\
q\xa1=Ag\xeba\xd9\x8fK\x0a\x96\xac!\x81h\
3\x19R\xe8\x8a\xfd\xbc\x97\x87Rv\xe5\x99\xbb\xf4^\
\x19\xf6O\xe9\x8b\x8f\x9a\xf7:\xa5\xf4\xf7[\xf3\x90^\
\xf4\x85\xc0>\xf4\xf3+\xff\xdf\x93\xa3U\xfa\xd3\xd8*\
\xc9\xf8\xfd\xfah\xed\x99\x9f^\xd9\xf4A\xafK\x9c\xff\
\xaf\x19\xf6\xb0fj\xddwv>\xe1\xfd\xbc\x90!|\
\xca\x96_\xf9\xbfl\xfam\xbb\xc7\xaf<\xf1\xf6D\x1b\
W}\x01\xc2^\xa0\x06\xf8/\xf8\xb4Px\x0c\x09\x8f\
|f+'P\xdf~d\x90 o\xfc\xfd\xd8\xb9\xf1\
\x99\xa2\xc41|\xeb\xc5\x95\xb1\xb4\xb1ed\xb9\xaaY\
\xedZ\x07\x1bV\xff\xd8\x8fo#\x89>\xae+\xf7\xeb\
\xf0\xc1\xc1\xc1\xc1\xc1\xc1\xc1\xc1\xc1\xc1A\xc6:\xc6\xe5\
y8\x1e\xa4\x94\xfe\xf8\xe0\x9d$\xf3\xb1\x1cLx\xe2\
T\xd3R\xcc\x14\x02\x9b\x11\x90\xc42HZ\xd3\x22\xac\
o\xc38R\xbd\xbc\xcaZ -Y\xa0\xa8nZ\xa7\
vV\xde\xac\xeb\x83~}]\xe1\xc8+RVe\xfe\
:\xee\x80z1`\xec0\xbe*\xed\x09\x8b\xda.J\
e@[\x99\x97\x88,\xf2\xc1z\xec\xb7NW%3\
\x9f\xc4\xc3?J\xe5QN/\x8f\xda>\x8cx:a\
\xf6\xd4\x96O\xa9\xf8L\xd0Ep\xa46\xdb\x1f\x96\xad\
lq\xe3N\xd9\x1eo\xf7\xe8\xaf\xd8\x97\xd5)\xb9\x1d\
\x01\x11uF\xf2\xb9\xb3\xb5\x83\x1fWl\xb3\xd9\x1c\xc7\
z}\x92\x17_1/\xd2\xfd\x1c\xca\xc8'\x04A/\
\xfbo\x0dT\xed\xcbIN\x02y\x1f\x22\xda\xd9\xd2\xa1\
\x1d\x93G\xff\xafe\xbc\xd1\xe3\xe1\x9f\x83\x9d\xc7\xcb\xda\
\xb6\xf3\x7f\xec\x19\x9d\xf8\x1ctg\xff\xc7\xda\x1c\xec\xf1\
\xfe\xb3[O\xd0?\x9f\xfd\xbfN\xef\x10\xfd\xba\xf2\x7f\
\xe0\xc70\xa3]\x07\xcd\x96\xec\xff\xf6\x19vC\xces\
\xf1S\xe6\xfa\xb5\xff\x7f\xf2r;\xfe\xdc\xff\xb9$\xc1\
\x9f\xa0\xba\xad\xd5\xcf~\xf0v\x1f\x9a\x85\xcb>\xee\xda\
;K\xd0\x0b\xd37\xf5\x7fQ\xef\x0f\xfd\x9f_\xac\x85\
Oy\xd5\xb5D\xbf\xffKX\xcdq\xdf^\xb5\x09\xbf\
\xe1\xa5\x15\xb8\xb8\xaeK\xcc\xaf\xdb\xffi\x1dn\xa0\xb5\
\x1e\xa9Z|\xec\x86\xe9\x8d-\xf1\xd7\x0a\xfa\xecg\xbb\
\xf2\xaczH\x18d\xcb\xbc\x1ee*\xaf9\x0e\xf9|\
ppppppppp\xf0\x0e+\x1a\xd5\x93L\
.<`\x22\xa4o$\xc4\x0a\xf1\x97\xc1]\xd5\x14\x0f\
I\x8a\xa6y2`\x10\x06\x91\x9eZ\x96 \xdd\xeax\
\x22#}\xed\x93c@\xb1?qk1\x95\x97\x83\xa7\
\xa8|AoKE\x00<\x81\x89Sp\xdf\xd5{\x94\
\x97\xfa\xb4\xfb\x0a0mD\x04\xd2\x822\xa9S\x11m\
\xb1\xcd1\xb8_cE@PQ&w\xa2\xfd\xd5\xab\
O\xbb\x08O\xb1\x7f\xfe\x8d\xc1y'WR\xc4\x0a\xf4\
\x07\x94\xf1\xc4H\x1e\x07\x0c\xca\xad\xcf=\xd1\x16\x89\xa6\
\x96x\xa2'\xbb\xf7\xe4NO\xf0\xe5\xfc\x8ah\xc8\xfa\
\xfa\xcfhC=\x8e\xb5\x1d8\xfe;\xd9;\xc2t\xf4\
\xef\xd5\xd6\xd5RV\xda\xe6\xf1S{m~[:\x12\
\xa1o\xfb\xf5-\x19\xf1\xd6\xff\xe9A\x9e\xbc\xf6\xff=\
\x11\xd5\xb5o\xbe+o(h\x1a\xf6\x11\xfa$\xfe \
\xa8\x1b\xff?\xf6\xff\x9c\xb7~\xf41X\x19\xeb\x9a\xda\
\xbe\xbdU\x7f<\xf9\xff\xba\x99\xfa\x0b\xff\xefQ\xdfl\
\x89>\xfc\xde\xff\xf1\x1b4\x8d\xffT\x84mQ\xba\xf7\
\xffZ\x8e\xd6y.C[\xec\xda9K\xa4w\xbb\xfe\
\xf6cc\x178q\xff\xaf\xfa\xe1\xef\xfb\x7f?\xd6\x1d\
\xdcM\x98\xe2\xba\xe2\x8d\x9cO\x16\xde\x98\xa8\xfaM\xc2\
\xf5\xd1\xaaHT\xfa\xbf\x13\xa4o\xc7E\xe3\xb8\xc6[\
\xd7\x91\xa1\xdf\x83\xee|\xe9v\x1b;\xde2\xec\xcf?\
\xfb~\xca\xfe\x0f\x90%v}\x18\x07\xa6\xf3\xfa\xac_\
\xd0{\xed\xc2\x07\x07\x07\x07\x07\x07\x07\x07\x07\x07\x07\x0b\
p\x1c\xca.\xd0\x85}`1 \xe4N\x7fP\x11p\
8\xe4@\xb6\x88&B9\x7f\x92\xba\x92\x9c\x82X$\
\xc8\xc5~(\xc7\x05w1\x90\x98Gb\xf4\xc4\x8e\xb6\
%\x06\x9f\x8b`\xa06\x5c_2\xb1Nes\x15\xac\
.)M?V\xa7\xd9\x88\xf6A|&E\xb1\x1c\x97\
\xc4\xc1 P|\x00\xb8\xb3C\xa1\xa7\x02\xbb\xa0\xd7\xcb\
0R\xafk\xef\xae\x0f\xa1\x94\xb7\x1d\xeaVvW:\
\xc6+\xd6\xf6\xe5w\xb2\xea\xd3\x8d\xec\x03\xf8\x82\x84\xea\
\xe4\x92\xe4 \x17\xac}$d\xd0\x9eX\x7fG\x0e)\
y\xf8\xd4\xd6\x0e\x9fz\xf8c[j\xaf\x7f%O\x02\
sO\x04\xa3\xdcL\xc4\xf4\x84L$8?\xf9\xd7f\
>\xea\xfc\xd3\xf7\xb9\x1f\xf8q\x9ef\x99\x0f\x8f!\x09\
\xfeO\x8e4\x9a}\xc9\xf1qB\xcb\xd8r\x8ec\x1a\
\xf6\x12;R\xd4\xfa`\xc9o\xfc\xff7\x04\xb5\xf9\x7f\
\xdc+6kY\xec\x0b\xac\x95\xfa\x90[{\xaa\xba\xb1\
\xc6-\x8bp&\x19\x11\xfbw\xfd\x9f\x8au\xfa\x9d\xff\
\xcb\xd6\xff\x1b\xe2\xcf\x17\xf8\xa5\xff\xeb\xba\xf5\xce\xff%\
X\xe0\xfd_\x88\x1e<\xfb\x8d/\xd9>\xdc\x97{\x9a\
\xa7\xe6\x8b&3\x96\xc1}8\x8f\x1f\xa7\xfd\xff\x09\xd9\
\xff\xb9\xccG\xbd\xb4\xb4U}#\xae\xde*\xdb\xf8L\
\xfc\xdc\xef\xff\xd4\xee\xff\xd5\xba\x1a\xed\x8f\xed\xe2\xe0\xff\
\xd3j\x90\x81\xeb\xf6\xa8\xae\x8f\xe0\xc8C\xcc3\xbf\xf6\
e,\xb7\xe6.Y\xb9\xbdoa\x1fN\x1b*\xb9\xcb\
\xeab\xdf\xd1\x7f\xe6\x9b\x0f\x89\xde\xae\xf7\x07\x07\x07\x07\
\x07\x07\x07\x07\x07\x07\x07%\xee\x08b\x04,\xfe+\x87\
#\x9d\xec\x1a\x5c\xdc\x8b\x05-\x1d\xd1C>K\x89\xde\
\xf1\xcaN\x96\x06\xb0\x15a\x9a\xe0\x02\xa9\x9c\xb5t\x00\
\x09\xc0\x14\x087\x08\xbek\x02-\x07\xd4\x16\x94k\xb9\
|\xc2\xad#r4\xbd#8vAu\x904\xfe\xc4\
N\xe8F`0l_\x1b\xaf\xc9\x11-/\x81\xe8z\
\xb2_\xf19u\x5c\x91\xe9\xf8>\x84\xac\xad,$\x0f\
\xfa`\xb2\x0fL+\x82\xa8\x1b\x0f\xa2L\xecJ\x98\xac\
QGG\x04\xe0\xfb\x8a\xb8\xe9\x02\xd4E\x8c\xb5\xb2\xf6\
\xf5\xab>\xac\xc8\x88Un\x06\xcf\xf7\xb3\xd3\xc5\xcbI\
\xb6\x859\x12\xf5\xa2l\xdf\xa2T8\xd5\xdb\x13H&\
\xe7\x15\x09Y\xb4?\x12A\xfa\x8a\xfe\x8f\xef\xdf\x12\x08\
\xcb\xee\xa2M\xf8H\x04{<Q\x18\xd7i\xef\x22\x9c\
f\xa9(\xd3\xafz\x81\x5c\xd6<\xb1um\x11\xab\xb0\
6\xe8\x0f)\xde\x04!\xf9\x1e\x5c\xf5\x90\x0c\x97\xfc\x0d\
\x08\x0au\xf6\xfeoVV7b*Y\xdafk\x93\
4\xe4\xb4\x1f\xbf\x0eO\xfe\x1fWt\x09\x84\xb9\xbc\xf4\
\x89\xdd{1\x96\xad\xcc\xaf\xf0\xb4\x96\xf4\xfeO\xa5\xff\
\xc7\xb1F\xc2\x11\xf7\x06\x94\xd3\xd9\x14\xe7\x04S\xe7\xff\
\x1b\x1f\x0d\xef\x9f\x08d\x0e6\xec\xcaJ\xeb\xffz\x99\
\x007\xbd\x0a\xbb\xf7\xfe\xdf\xed\xff\xf5#f\xa2\xec\xb8\
\xe7\xfen\xff\xef\xfb\xb5\xb5[\xa8\xd8\xff\xc9\xd9\x82\xaf\
8/:\xb4{v\xd8\xffm?cK@\xc3\x9c,\
-bv\xe8\xb7\x08\xd6\xb2HV\xc6\xed\x0d3\xd7=\
o\x1a\xaf\xcf&Il\xebq\xfc\xae^^\x17\xecQ\
s\xff\xack,\xa9\xebG\xdb\xfc\xdf\xc1\xc1\xc1\xc1\xc1\
\xc1\xc1\xc1\xc1\xc1\xc1w\xb80 \xe0\x157\xe8%>\
A\xe4\xae\x81\xcb(\xf3\xb3\x09Zd\xb2\xcf\xd7\xe5B\
\xfey\xba\x05\xc2\x01\xa7\xc0\x9f|\xc3XGI\x17\xfb\
Q\x1a/uqCV\xdaC\x83\x86\xf2\xe4K%\xb5\
\x10\xf1\x22\xe2x\x0ch'\x01\xf8&\x10\x8d'\xb9\x5c\
\xbb&\xc1\xd4\x05\xae\xfa8\x8a\xee\xb1\x14\x89$\x9e\xf2\
z\xf0c\xd0\x8c\x01m,3\xdaBY'Q\x19\x98\
\xf7\x04\x90\xb4vV\xa4I\xf5\xb9\xb2\xcd\xd5\xa7\xfd8\
\xe6\xf4\xfaFD\xa7Ou`\xb9L\xe4\xf6\xfd\x80v\
\xc4~L\xfaD\x96/\x0f\x1fx\xb6\xb5\x1a\xbf\xa8\xf7\
\x83\x9f\x1f\x01[=Q\xa5d\xe2\x8e\x00\xd1bV\x8b\
K\x02.\x16\xce\x1a\xbb)ak\xc9\xde/\x1b}Q\
\x1a\xacM\x5c\xd8\xf1y\xbdtL\x1c-l%\xc7\x1a\
{9\x02\x9cB\xbe/\xeb\xd3\xb0\x9f\x8c\x80\xcc\xf3Q\
\xc7&\x8f\x91\xd5_\x9f\x96\xff\xe7\xf6\xc4\xf6\xf3\xa6\xbf\
\xf2<\xf4\x8f\xe8\xa8\xd6\x1c%4W\x9dG\xff\xa7\xd0\
\x1f9\xbf\xf3\x7fl\x17\x13y\xc2j\x95\x83\xfey\xed\
\xff\xf4\xb5\xff\xe76\xd5s\xaf\xbby6\xea\xfa~\x1c\
\xbe\xee\xeb\xc6\x1ba\xbd\xff\xd7kNg\xf3\xdd\x7f\xf0\
\xc8\x93h\xdbt\xff\x17\xfe_\xcf!\xa6\xec\xd3O\xc4\
55\xb6,\x9b\xff\x9a\xffG\xe9\xb4\xd1\x93\xd7\xd6r\
\x0c\x08\xd6\xcd\x99\xa2\xd7c\xdd\x0d\x82\x8a\x10^z~\
\xc6\xba\xff\xcd\xfeok\x89\xcd\x05n\xea\x10\xe5\x87\xa3\
i\xb6\x18\x03\xbc\xe6d\x22\xb89\x9476\x1adx\
m\xba\xff\xdf\xedFA\xf3jr\xadi\x8cy\xf8\x12\
\xc6\x02\x8a}\xbe\xf1\xc7\xf3\xfa\xec^\x07e\xae\xdb^\
\xe0\xba\xfc\xd0\xd3\xcf\x95\xad\x07\x07\x07\x07\x07\x07\x07\x07\
\x07\x07\x07=\xae\xea4\xd4\xfa\x19\x17a\xbd\xc6'\x0a\
G\xa0\x95H\x1e\xf5\xc6\x95;\xbb\xe08\x06O\xe1t\
\x96\xfe\x03\x05\x856\x81\xf8\x22\xd0\xccV\x0b\xa2i\x92\
\xbbh\xafV\xf6o#\xf1`\x01}\x1f8\x12\xd5\x81\
F\x0cB\x1eI3\xde\x7fmsK\xe8\x17\xd6a0\
\x8b6er\xa1\xd6#h_\x08\x9e\xb1\xafQnG\
\xb6\x94d\xc5\xfcw\x9c\x8a\xec\xdb\xfcD\x0e\x8c\xb93\
\xe4\xbc)\xbf\xcf\xf7v\xb3E\xc2\xcb\xc2]p\x8f2\
\x06QP\xff\x88\xd7\x9e\x5c\xc9\xa7\x12\xa3\xbcw\xfd\xb2\
\xb1p:\xe1\xe7\xf5\x9a\xcf\xcc\xa6\xd0\xbe\xdf\xf7c\xb0\
M\xc4Q\x82\x91\xec\xda\xcb\xe8\xcb!13\xda\xe1O\
\xba\xe1\x18*\xb9\xab\xe4\x0dA[\x11O\xe33-K\
\xb4-\x85\xb5\x8c\x02\xc1\x1a\xf5v:~\xe7\xff\xd2\x96\
\x7f\xf6\xff\xba\x1e\xdaM\x8et\x9d\x7fc\x81'-a\
\x8c\x189\xd9;\xff\x8f\xfa\xf2\x1f9\xbd})re\
\xf3Z\xedK\xbe\xf1\x9bkc\xff\xb3\xff\x93+\x1b\xfd\
_\xc6\xdd\xd2i\x9d\xf5o\x94_\xf9\xe1\x9f\xfa\xff\xa2\
0AF\x94\xf3\xe7\xfeO\xe5\x9a7s\xa6\xcegr\
\xeey\xeeX~\x5cS\xe2<\xc7\xcf\xf55\x8d\xb7u\
\xe7\xff^?;9\x0e\xbag42\xe3\x0d\xa27\xfe\
\xcfI\x7f\xa3\x9b\x9e\xfd\xff\xe2\xab\xad\xa7e\x9d\xeee\
WuR^\x1fm\x86\x96\xa1,M\xcfm[\xbeF\
\xf8\x0a\xfe\xe7\xaa\x08\xe5^\xf0k\x85\xad'\xe2\xf2\xd7\
\xd5LZ\xb0\xfdz\x81\x84\xb6\xae<x\x02\x9a8\xfc\
\x98\xa2e@\xbb\xc9\xdb\xf8\x0b_=88888\
8888\xf8\xb7\x81\xe9?\xff\x13B\x8a\x0f,\x08\
X?\xba2\xff\x13\x0d\xba\xe6\x85\xfe\xfd\xb8\xe8y1\
Ob!\xc6\xf8\xf7ZY&\xc5\xa4\xd1\xe44n\xa2\
L/\xf0\x05\xea\x92\x11MZBI\x90q\xbd\x0f\xf5\
h<\xc3\x8fg\xd0\x87\xa1\x0e\x92U\xda(\xad\xffi\
\x8f?\xa9\xed\xfb\x22\x07\x84\xb2\xeae\xc26\x07\xf6\xd8\
\x1f]\xf0\xd9\x91\x10\xe3\xbd\xc9\xd7\x84\x8a\x08\xee\xf1\x22\
0\xda\x92\x11\xfcP5?\xff6\xf6\xd9\x1b\xb2c\x87\
\x14\x90rOZ\xf6}ls&\x96\xfd\x9de\xefj\
\xe18=\xd0=\xf4'\x88\xf3\xaf\x9b\xc1\x15QS\x11\
T\xbe\x8c?i\xad\xf2%H\xaf\xfa\xbe\x1e\xab\xde\x1f\
b/Te\xaa\xb1\xdc!\xc9\x08\xed\xbbm\xa4<\xcf\
\x82\x14\xfa\x8d\xffo\xedh\xd2wc$_\xfb\xff3\
z\x9b\xe3\x08\xc7<\xbd9\xc88(_\xc8\xafev\
\x16 \xb9\xfa\xec\xff=1\x87i\x04\xbe\xd2H\xa4?\
\x81\x1f' \xf4\xe8o\xc1\xe4\xeb\xfc\xa3M_\xbf\xf7\
\x7f*\xcb\xb8\xfad\x1e\x11\xf3\xd4\xb6\xdf\xac\xd5V\xbb\
\x1e\xcfo\xf7\x13l\x8f~&\xe6/e=\xcc\xa7G\
\xff\x97\xaf\xfc\x9f\xd2\x18\xf9\xb2o\xfd_^\xcc\xb4j\
\xdcpdC\xcbG\xde\xd4\xff\x03\xc4\xf4\xb21\x9c\x00\
XehV\xb5\x19\x03\xff\xfe\xccs\x0e\xfa\xfd8v\
\xdfMs?J}\xd1\xbc\xd1\xf3Cv.b\xfe\xb7\
t\x89\xeb\x83\xd1\xa73\x81-M\xb7\x91\xd1\x1c\xc1\xa6\
\x8d\x8b\xdb\xfb\x10\x868=c?$\xd7\x7f\x07\x07\x07\
\x07\x07\x07\x07\x07\x07\x07\x07\xcf\x80#2\x16\xa49b\
\xe5C\xd6\x0aYpu'fA\x99HRR\xda\xf2\
\x95,\x96\x99lu\x98\x90,V{\xc8\xe5:\xe1+\
u\x05\xdd\xe3\x13E,~\x1c\xecr\xc14E\xc1\xc3\
n\xaf\x13\x83\xc3:`\x8c\xa7\x85\xb4\x16\xc6&\xbb\x93\
O\xd5g\x7f\xe2g\x08\xc3\x1f\xfe\xdba\xd8\xe9\xedq\
:\xe0\xb5#\x09\xde\xc4UhkW\xf7\xd9V\xf9*\
\xbf\xea\xeb.\xf8\xf7\xa7\xe4\xfc<\x8e?\xfc\xd6\xe9\xf3\
\xc0\xc7\x1f\xec\xcbj\xdff=\xf1\xd1\x0a\xfb6\xc6\xb6\
\xec\xca\xdbig?\x83+\xc2B\xe7V\x94\xb5+\xe3\
\xda\x02\xf5\xdc<uv\xa1L\xf3\xd9\xa8\x87H\xfd\xa5\
\xeaOl\x0b\x9e\x80\xcb\xbeW!\xcf\x89\x0bl\xb3\xb5\
g\x0f^u\xde\xfa\x7f|\xef\xed\xe0&\xdd\xfa*\xfa\
\xffG\x94\xf7\xff=\xd1\xf8f\x8e\xaa\xac\xef\xfd\x1f\xd6\
\xa8\xf1\xc6\xe7\xb4\xed\xaemE\x99Q\x0b\xae\xa7q\x8e\
\xd4\xfe\x9fu#A\xfbxS(5\x9c\x93\xbd\xdf\xf4\
\xad\xdf\xe7\xe6\xab\xf8Y\xfd{\xff\xf7\xeb\x87\xb6)\xb5\
\xeb+\xff\xa7\xb6L\xbc\x91\x13\xcb\x05\x8b\x83\xffS\xb2\
5\x9b\x19l\xa9\xdem|\xafB\xf4\x95H\xc0\x7f\x83\
j\x9fy\xe7\xffL\xfcp\x22\x19?\xeb\xde\xe1\xfd\xff\
\x9b\xfd\xffO\xfc\x7f\xf8\xd0\x9b\xfe\x89\xfb\xbf}+n\
|\x1ay&\x15_\xb5\xfc^\x8f\xe6\xc7y'\xf3\x7f\
%\x9e\x8d\x04w\xd2T\xf7\x5c\x16\xfc\xf5\x22kSa\
qA=\xeb\x9f\xf1\x91\xc75\xf2\xf8\xbd\x14\xd9\xac\xed\
\x07\x07\x07\x07\x07\x07\x07\x07\x07\x07\x07\x15\x8a\x13\xd0\x12\
.\xcc\xfd\xa9\xe7\xcb\x05+v\x92xV\x9d\x81\xd3x\
\xce\xb1>\xef\xd8\x85\xc4B@F\xcfT\xbe\x8c\x06\x12\
Ne\xc6gO\xbc\x00\x1d\xb5\xc8E\xad\xa7v\xe4\x7f\
y\xb5O\x83\x95\xd1VOZ\x88PAN\xf8\x00\xb6\
\x0a\xee\xaaSbL>-\x06\xaf\x1dV\x9b@\xfb.\
p/$\xbc.Q\xcb\xcd\xa4\xcb\x1b\xfb\xb9\xa8\xdb\x01\
eF\xfd\xf5\x18|g\x0bZ\xb4\xcby\x92c\xf9_\
\x8c_\x97\xce\xf6\xbc\xcd\x9d\xaco\xc6\xfa\x9b>\x7f\x87\
z\xec?\xb8\xf8\xf9D#\x8eM,\xba\xca\x10\xb5_\
\x92V\xdf\xf4\x9f7\xe3\xc8\xf0\xc3vM\xb9Hd=\
\xf5\xfd+}\xe4\xb9J\xb6%4\x0f\x07\xae\xa5\xaf\xfd\
\x1f\xd6\x16\xcas\x02\xd5T'\x1d\xddcW\xa8#\xf6\
\xe5\xd5\x5c{\xefsf\xd5\xd3\xe9\xcb\xbd\xffK7\x94\
\xbe\xdec_>\x93h\x89P,\xf3\xf5\xfd\x0b\x95\x1b\
\xc4\xbd#\x11f\xa0S\xcb\xbf\x87\xfcAn_\xcb\xed\
g\x85\xff\xafO\xb3s\xbc\xff\x0b\xd1\x97\xa7\x97\xb1\x8c\
\x80\xdc\xae\x05xs\x81_\xce\x87\xdd\xdcy\xf6\x7f*\
\xf7\x7f\xe2~m\xb1\xfe\xf8y7\xa6\xae\x9fu\xbf\xf8\
\x99Y\xdfO\xc0\x9d/\xd6sM\xfc\xbb\xd9_\xe6\x0b\
\xbc\x16?I+\x91~\xfe\x01I\xb3\x0d\x9f\xb49\xe7\
\xc7\x18\x18\x91\xac\xfd\xf3\xc1\xcf\x9d\x87\xf2\xc8\xbf\xf2<\
Y\x1d\xd3\xab\xb2\xce\x86\x99\xb2\xa6\x93\xdc\xc4\xb2\xef\x8f\
Yv\x12\xd2\xc2?\xf7A\x0cY'\xa1\x19\xd6\x83\xfc\
\x8d\x82\x83\x83\x83\x83\x83\x83\x83\x83\x83\x83\x83\x1a7\xab\
;H\xa3\x91\xc0\x05q\xb2\xae\xd55\xf0\xd2\x00\x84\x09\
N\xb0\xf8 \x13_UPE'\x22\xc5b\xbcv(\
\x07d\xeeP\xb5\x0aN=@\x12\x88\xe7~VM6\
\xf2\x19\x03\x08_\xb2\xce\xc3fT'_\x90t\xc34\
r\xb1\xa9\x0f\xe0\xf7\xc1J&\xee\x9c\xdc?\xc4\x22\xeb\
\x0a\xb9\x95\x8e\xb7D\xe9 \xc9\xee\xd4\xb2lu\xd2\x0b\
u\xc6~\xed$U\xf6Uy\xbb.\xe6 \xaf:1\
fm\xb3gX?\x91t\xa8\xb8\x1ac\xfba\xb8\x86\
\xcc\x89s\xe8\x01\xcdyG\xeaN\xe4aZ>\xf5\x96\
e}>]\xcc\xead\xa5\xbd\x89\x18]\x04;=C\
\xa4\xb9\x11\x82\xfe\xc8\xa5\xbe\x98\xa6s\x10j\xda\x7f\xe1\
9\xe4O\x04s\x94Op3\xcc&e8\xa5,>\
m\xacE\xbcn\x92\xc5\xbe\xf4\xb6\x86\x11\x10I\xa3\x11\
\xe7\x84Q>\xa1\xad\xa4\x8f$\xc2\xd5\xd5\xfe\xb36\xe4\
\xb9V\xfb?\xbd\xf2\x7f-\xebuZ\x9b\xf0\xf4<\xd3\
\x1b\xff\xafu\xe2IR\x0eJ\xe3\x5c!\xea\xe5`\x1d\
7\xaftN\xea\x18p\xb57\xf4>'[\xff\xff\x01\
\xbd\xb3o\x0b\x19\xbf[\xebc\xdb\x83\xcc\xa0\xe7-a\
\x86\xfdS\xaeW\xae\x9f\xaa\xf6\xbfX3)\xcf%\xad\
\xc9l\xb7\xabu\xaf\xa7\xa2-\xdf\xf843\xb7V\xed\
\xf6\x97\xa1+\xc8Y\xfe\xee\xc7\xae\xda\x97\xf4\xa6\xdcc\
\xdf\xa7\xb5\xf9\xb7s\x82\x12\xf9\xdc]\xc3\xf8\xf7\xecm\
i.\x8al\xcc\xa6\xa686\xa6\x85\x88m>0\x81\
H\xec/\x06\x9b|\xe9%q\x11\xe0\xfa\x22\xa6'\xfb\
\x7f\xb4$\xb4\x83\xad9c.[\xbaVg\xb9\xa6\xf9\
\xc3\xffa\xa8\x0f\x0e\x0e\x0e\x0e\x0e\x0e\x0e\x0e\x0e\x0e\xbe\
\x00\xf3\xff\xf9\xdfAE\x88'+\xe6\x1b\x1a_I\xb4\
\xd3\x8c\x91\xfe\x18\xb1\xc0|\x962]A\xc6\xac\xab\xef\
\xf5\x82\x9e\x99,\xa4\x1cW\xf4,\x93X\x10\xab\xef\xca\
\xc0'\x95\xe1l\x9d\xf2y\xca\x12\x94\xc3ho\x0cf\
\xfc\xd7b1\xd6\x8am\xdd\xc1\x9d\x12{Y'\xd6\xf3\
\xe0\xf4)\x9f\x9e\xe3\xf4JdA\xee\x93\x8d\xb5nn\
\xed\xaa\x08\x82\xda\xd2\x1a]\xfdJ?i\xbb\x1a[\x91\
\x14y\xd5\x7f\xd0w3f-\xe5\xfa\xcf\xdf\x8d\xfbs\
\x0d~\x94\x11\x89\x8b\xb6\xcfu\xcc\xa9\xb3\xfd\x1b\xe4S\
\xa8iV0oI\x93\x1dI\xa9\xf2v\xe3o\xf5u\
dh\xa3+\xcc\xe3%?\x93`\x9d>\xcc\x8b\xfd\xed\
\xcb\xc7\xba\xcd\x8d\xb4\xb9p|\xdb\xfb\xdf\x8c\xd9w\xfe\
/\x8f\xba\x1eo,!\xd1\xf3\xf2\xa4t\x0d\xb5Y\xdb\
\x01c\xd6\xd5x\xb0u\x90@\xb5\xffw7\xad\xecF\
)\x83M\xcf}\x22\xdb6\xfd\xd6\xe7\xc8\xe9\xbc\xb7\xc1\
a\xe8W\xfe\x1f\xe5X\xb9\x9d\xd5\x8d\x0d\xd4\x8f\xad\xf6\
7m\xea\xefn\x1aj\x19\xbd\x96\xd8\xd5ou\xcc\x7f\
\xa5\xe0C\x93\x0d[\xffw\x0c\xf2\x83\xff\xef\xad\xc1z\
\xea\xff\xf2X\xaf\x9f\x7f;-8\x06\xbf\xf1\xff\x9fp\
\xfa\xfa\xc9\xffm=&;\xb1<\xed\xd0\xebBog\
\xfc\xd7\x7f\xbe\xf9]\xd6}]\xc8\x9e\xf2\x1c\xea\x89\xb8\
\x13\xd0\xc3v1\x02\xfb\xf3\x08\x8c\xb9\xe0\xff\xc8\x0f\xd8\
 \xf0*.\x8d\x98\x9c\xff\x7fN5\xdf\xa7\x9b\xc9\x93\
\xd4\xd6,$\xacQ\xc6|\xcb\xb2\xf6\x1b\x1c\x83\x83\x83\
\x83\x83\x83\x83\x83\x83\x83\x83\x83\x1e7\xfb\x8a\x81\x85\x06\
\x07#\xdd\x0a\xfe$B\x82F@\xa0d-\xb3\xbb\xf0\
w\x98\x81\x84\x9e\x1eA\xc8\x0c8<s\xc3\x8e@V\
\xdb\x5c\x09wJ\xc7\x02/#\xb9'\x19\xcd\xce\x08\xa7\
yY\xe0\x82:'\x91\x9e\xc80oO\xc6.(\x89\
'\x9a\xe2)B=]\x16O\x1bE\x19\xe4l\xe5y\
\xca6\xd8 \xf0\xfc\xc8\xa0{/\xb7N\xcf\xc4\x0de\
\x9dE\xdd\x8e`E\xd9\xaeN\xa1\x17_;23\xda\
\x82\xe4\xb3\x16\xaa\x02p\x9bW\xd5\xb8d\x9d\xae~I\
\xfai\xf2\x9e\x04E[c^&\xfc\xc7<\xe7\x8d\x9c\
7\x01\xb1H\xd0C\xbd-xr\xb3\xc2\x13\xc9\xbbt\
\xb0\xf7Y\xed\x9f\x9c.\xb5\x0c\x82\xf9\x0b^\x8aeP\
\xd7#\xa9%p\xa2Q\xc63\xb4\x97\x8cp\xbb\x8a\x89\
\xa8\xa3\x98\xb5\xff*\xf9\x1dz\xff\x17\xb0-\x9f\xcc\x8f\
2\x22\xe2X\xa9\x0c\xf5\xff\xa8\xbb\xf5U\xc2\x13\xccv\
\x92{T\xda\xcf[\xffyJ\x98\xeb\xb1.\xf7\x8e\xe7\
\xa1ws\xc8\xfaB\xd3\xfd\xc9v\x97\xa99\xb0\x86\xf6\
\xf3\xae\xb7a\x9d\xdcv\xfeom\xea\xe6\xac\xa6=\xf9\
\xa1\xcd\x1d~\xe5\xff\x9d.?\x97\xaej9r=U\
\xad\xbd\xbd\xff?\xb7\xe1\xae\xb3\xc9\xab\xda\xd2\xdeD\xa8\
\xfa\x01ZP\xee\x15\xaf\xfd?\xb41\x90\xba\xbf\xc1{\
\xff\xb7\xd5\xe4\x8d\xff\xfb\xfd_\xeb\xe7:\x88\xbf\xe5\xff\
\x15l\x9c\xc5\xbd\xf72d\xd9\xea$3\xd9M_\x22\
 \xb5\xe1\x1a\x0f\xda\xc8K\xda\xcc\xd3\xb6\x8c7\x93\xc4\
.\xd6\xe4\xb4\x16\x91\x9b\x98\xc3^vr\x97\x89f\x8e\
o3\x1b\x81=\xf6\xd6b\xac\x0e\x0e\x0e\x0e\x0e\x0e\x0e\
\x0e\x0e\x0e\x0e\xb6\xb8<\x19\xc8>(g\x0cPi\x1c\
Na}f\x9e\xb2\xa4\xabv\x0a\x04\xd6\xc5\xfd\x0c2\
\x84\x8c|\xb8\xf3\x95\xe2`\x86\x930\xe3dL\x0c\xc8\
W\xf05\xe3/qQ\x85`HI\x11\x22uz\xb4\
\xf3\xbarp\x8bD\xde.`\x0b\x12]\xfdZ'7\
\x81\x22\xb9S5]\x10\x9d\x89\x13\x93Q\x92*\x93\xf9\
a\xd0\x85\xe5-\xb8\xed\xf5T\xfd\xb2N\xa7\xf3\xbbv\
\xb72u8\xc5\x7f\x9d\x9b\x82\xbd\xcf\x04\x01'2\xa5\
\x92\xd5\x05\xff\xb1\x0f\x1cy=\xcb<\x91\xb1[\xeb\xc0\
\xa6n\x1e=\x91\x8e&\xeb\xda\xcax\xea\xabr\xcc>\
D\xc5f\xbe9\xc2\x96\xb4\xfe\x9e\xac \xb7\xc6\xa0\xce\
=I\xac\xa4\x1f\x92\x16h\xa7\xd7\xdf\xb7u\xdb\x87@\
\x22*Ac?\xe4\x88\xf3\xfc\x1b\xff\x07\xf9[\xff\xcf\
\xa4\xed\xf0\xffk\xad\x03\xbd\xff_\xa5\x1e\xb7~C^\
\x9co\xd5I\xca\xceN'\x07\x88\xe8\xb1\x96\x07b\xba\
\xa8\x17$\xae\xfe\xd6zzCE\xff*y\xb5\xff\xf7\
}\xfb\xc9\xb9^\xf9\x7f]\x06\xcb\xa2\xee{.\xfe\xe3\
\xff\xd0+\xf4\x0dz\xff\xd7\x1d\x0f\xfa\x82\x9eo`<\
\xfb\x7f1w\xa0~%\x8f\x1f\xfd\x7f\xe7O\xf0W\xf8\
K$Qw\xfe\x8fu\xf1\x06\xa2\xedW\xefP\xdb\xcb\
\xf6\xef\xd4_\xfd\xc0\xdfo\xf6\x7f7C\xcb\xb6\x8d\x1b\
\xdd\xb5\xff\xcb\x8b\xfd_Z\x7f\xeb\xf6\xff\xb1fz]\
X\xfe\xad\xffk\x0b]\xbf\xac\xfd\x1f\xebM;\x17\xd5\
l\x19Q\xce,:\xb8v\x12\xa8\xbfJ\x91\xff\xf6\x9c\
\xd3DD\xe1\xea\x8e\xf1\x9a\x84\x92mz\xfa\xda\x08o\
!s\x15\xced\xf5m\x9c\xe5\x8f\xe7x\x9b=\xf8z\
pppppppppp\xd0\xe3\xca\x01\x8e\x90\
\xb8\xaf\x1f\xaed\xe0\x7f9\xe7\x13\xa7z\x16`\x8d+\
\xfd\x15<\xaaH1\xd6\x01B\x92Al\x5c3:\xe0\
pqo\x9c3\xf9\xc7\x0f\x10\x11U_\x8fg N\
L\xef8\xc1\xc2P\x178-{C\xd5)P\xb4\xe7\
-\x19\x15\x03\xf7\xfa}${\xde\x056\x18t\x96\xe4\
\xc1(T\xd6\xb5z\xb4\xb5\xb9l\xa7\x00SR\x10\xb7\
\x95\xbc\x16\xb3:\x9e\xd2\x8av\xee\xfb\xc2\x93\x12\x1f]\
\xeey\xab\xd4\x13/\x1f|\xca\xee\x88\x17\x95Y\xd6\x9f\
\xa7\xd4\xaa@\xfesS#\xca\xa8\x88\x9e\xee\xbd\xb3\xc5\
\xcdb\xa27$s%\x85\x9c\xb7\xf9\x14\x95\xdb\xd6f\
\xbc\xd9\xd0\xd9I\x05Q7\xf5\xbd\xf1\x1d8\xad\xa77\
O8\xae5\x12\xab\xf46\x1b\xa1\xec\xc9\xce%\x13H\
\xee(\xeb{\xff\xe7\xfaO<\xf96\xc8[Zy\xe4\
W(#i\xd7\x09\xdf\xf8\x17d\xcdr\x17\xe7\xb2L\
\xcf7\x98\xaay\xf4\xce\xff\xad\xdd8\x9b\xea\xe2\xdd\x18\
\xd9<v\xdf\xd2\x08v\xbe\xf3\x7f[\xd3\xbbS\xbbY\
\xce\xb8\x19\xf0\xad\xff\xafy\x1en\x1c >\xed\xf9[\
\xfe\x1f\xf1\xde\xff\xf7~\xca\x85\xdcN\xce\xa7\x8d\xaf\xed\
+n\xd4\xf9\xbeh\xea\x05\xffwu\xa8\xde\xcf\x9e\xd6\
\xacXV\xfcf\xe1d\xbc\xf3\x7f\x9d\xe7\xbf\xd9\xff\xf3\
^\xd5\xd9\x8csm'{\xe7\xc7Z\xa6\xc2\xb3\xff\xaf\
\x0fE\xfe|]\xa3\x12\xc7\x96!\x8f\xc8n\xac\xd8\xcd\
\x84u\xbd9\x06\xd5}\x03\xc5\x1bZ\xfb\xedX>u\
\xfd\xf6\xb6\xd7\xfe\x0f\xeb\xacX\xda\xf8AC\xf6K+\
\x91\x11\xf7LD\xb8f\xd3;\x02\xff\xe0\xe0\xe0\xe0\xe0\
\xe0\xe0\xe0\xe0\xe0\xc0P^\xed\xf3\x0c\x1c\xf4\xeb\x88\x83\
\xab5\xe2\xa6\xfc\xeeb%'\xf2t1\xff\xf2A\xcb\
\xd0;H;O&\xcc\x8b}\xa0\xb8\x89\x8dh\x18\x81\
1\xad2N\xa7\xe4\xf4\xc9i\xb9S,\xbb\xa0z\x17\
\xa4u\x84i\x0cHR -\x12\xe4\x83\x8eIhV\
r:\xfb\x9e\x8a\xed\x02\xd3'r\xaa\xac/\xfb\xe7\x8d\
\xbe=-6K\xaf\xa0\xb0\x0b\xfew\xb2\xaaS\x85\xd8\
\xdf\xfc\xc2\xb67A\xe4o\x08\xa3*\x08\xae\xe6F:\
\xe9\x07$\x95\xd2\x88\x9a\x1e\xe5\xec\xec\x8e\xc4\x07h}\
Mj\x8c\xfa\xe8\xab=\xa1\xe5\xe4\xf3\xbe|{\xb3\xe1\
\x93\x8e:\x81(\xd0\xa6\xc41\xcc\xb6R\xa8\x0b\xa9\x9c\
O\xbf\xbf\xf7\x7f\xffw]\xff\x09i\xe4\xecR\xbd\x9f\
\xba\x17\xceG\x11\x97\x87\xb6\xad\xaf\x8a\xccrY\xab\xff\
\xbb\xd8Ni\x13\xd5#\xe5\xc7\x02\x094\x0a\xfe\xffn\
\x8e\xbb\xf9\x11j\xabM\xd6\xff}\xdfF\x9d\x91\xa4\xb3\
3\xd7\xdf\xf8?\xbb\xf5\x9d\x82m\xbd\xff\xbbR\xad\x9e\
\xdd{\xd34P}[\xe2\xbd\xffg\xd9\x7f\xe6\xff\x95\
\x85}\xbd~\x0d\x7f\xaa=K17=9\xa0\xdf8\
\xca\xe9W\xbf\x0f\xe0\xfa\x0e\xfe\xdd\xd9\xda\x91\xbb\xe8\xcb\
\xea\x9b\xbci\x07\xbeF[K|\xbd\xff\xdb\xfb\xc7\x1b\
?\x94\xe7\xc4\xdb\xbd+\xb6\xb2\x9b\x1fXG\xfb(\xd6\
\xbb\xf5V\xf5H}O\xa8,\xb0\xd9\x87\xf0:M\xc4\
\x1f(\xd0\x03\x0bN\xa4\xe0\xf8\xa0\xff\xa0\xff\xe3\xea\xe4\
\x1f\x1d\x82%\x5c_\xccGl \xf9<\x0a\xe6\xbd\xf4\
\x90\xcf\x07\x07\x07\x07\x07\x07\x07\x07\x07\x07\xefp\xe1E\
\xf7\xbah\x17\x0d\x0bF\x80\xc7H\x88\xb8hA\xd6\xe7\
\x14\xf8\x91\x04\xb2\x88W\x8eU\xd7\xfa\xdd\x89\xa0\x10\xc4\
9\xf5fs\x0er0p\xa2\x023\x00\xf9\xb1 \xaf\
>\xb1K[bJ\xeb\xa2m\xfcMp\xeeHt\xd0\
U\x10d\xfb \x87\xb7\xb6=\xb5\xef\xa9\x8dQ\x1e\xda\
\xda\x91\xd7\xb1\x5c\x8fL\x1cT\x04\xcd\x0eH\xf2\x22\xe9\
\x8cD\x1f\x91')\x90`\xd1bU\x17w\xfd\xbe\x08\
\xbf@\x80\x12y\x82\xef\x0d9\xe0Nj\xe3\xb8\xbb\xc0\
\x99\x9c\xedXvw\xc2O\xc77\x11\xae\xa1|D\xba\
)\x02VQ\xf5I\xfb\xd4\xa46\xfe\x9f\xf5j?.\
\xaa\xd1\x91\xc8\x95]\xfe\xb3-M\x0c'\xe8\x9e\xbfA\
\xd0\xfb\xc7\xb0\xd7\xfc\xdf\x8f\x037m\x88\x7f\xa5\xfd`\
wE\xa23\xe4\xb1k\xe3\x03\xc1T%\x22\x89\x15\x88\
l\xcd\xf7s#\x8e\xb3\xaf\x81&\xa0\xed\xbb\xb6\xc6\xf9\
\x5c\xcd\xe9ec\xf1\xdet1u\xb3\xb0\xf6\x1f\x1b\xc3\
\x947\xfb\xe3\xe2\xda\xaf\xbc]T\x02\xe7\xceG\xca\x95\
\xc8\xd6\xbf\xe1\xff&\xa7\xb2\xf3O\xfc\xff.\x07\xe5\xe3\
\x9c\xad\xca{\xf4:1m\x0a\xa0\x0a\xb8w\xec\xc6\x9f\
\x1a\xbb\xf4s9\xc6\xcd\xe7\xca\xbe1\x1d\xa4\xcc\x7f\xbb\
\xff\x7f\x8b\xce\xffc\x9e~\xcec\xb4[e\xbcmq\
l\xf0\x04\xf0\xbb\xfd\xdfn\x86\xa1M\xb4\xbe\xd6\xd1\xaf\
\x00y<@\x1e\x94[s\xc1\x8d\x05\x87\x97\xa0G\x09\
\xe9\xb0\xff;\xbf\x91\xa1O\xc8\xa6\xe1\xdd\x1f(\x8f\xe1\
\xc7\x10\xa3\x0a \xd1\x19\xd6\x93\xdf\x8e\xfb\xc1\xc1\xc1\xc1\
\xc1\xc1\xc1\xc1\xc1\xc1\xbf\x19\xeb\xf8\x8e\x9e\x1e\xb9\x83\xb1\
\xf9\xe3\x82\xfa\xfc;q\x17\xe5\x10\xc4C\xc0\x80\x81\xbf\
\xfb,\xf3\x07\x0cc} \x9bF\xf9\x99\x05\x01M\xbc\
\xc4\xd7\xacHd`\x8c\xb3\x02\xa3\x02)\xec\x09\x01|\
\x8e)\x9e\x9f\xc5\xab\x81a\x0c\xa6#\xd9\x19uz;\
B\xb9\xa0s\x9d6*\x88\x99]\xf0\x18\x09\xad\xa6\x94\
\xd3U\xb5\x0fK*Y\xa8)\xf1\xc4VU\x0f\xedi\
\xf3\x0b\xc2\xa3\xeb\xc3h\x7fy\x82\x8c\xac\xddZ\x7f7\
\x0e\xf1Q\x19U9G`\x01\xa2\xdcH\xa6<\x05\xf8\
.?\xda(\xfb:]?\x1b1\x83\xa7\x5cm\xfc\xea\
\x9b\x09F\xc8\xe8g\xac\x9b\xe6\x1f\xd8ls\x0c\x1f\x09\
\xd1\x93;J)\xaa\xef\x8c\xfaZ\xb6#\xac\xf2:2\
H\xe7o\xa9\x19r\xed\xde\xdeL\x11{\xe5d?-\
b\xd7\x8f\xf9h\xbfr-;\x82L\xd3|?\xc7W\
ID\x9b\xd6\xdb\xde\x1c\xe0\xab)\x87\xab\xb0o\x87\xa6\
\xba\xb1\x0d5b{D\xf2\xda\x99\xd7\x0d\xfcF\x02\xa7\
\x0a\xfc\xca\xffk\x0a\xbb\xf2\x7f}\x8f\xf6U\xe3\xa0\xed\
\x8f\x8f\xcaP\x0d%q\xfb\xe0\xff\x94\xe6\xc2{\xff\xaf\
d\xf9\xfe\xdf\xdb\xa2y\xd8\x0f\xea\xc7\xb4Hy\x7f\xb3\
(\xc9\x0a\xc4e\xbf\x07\x9a\xbcH\xa8\xbe[\xbbM]\
\xb4\xb9.W\xe7=\xf5o\x07?\xcfj\xdd\xcf\xfb?\
Q\xf4\x89\xd5\x1fZ`\xb3\xefT{\xa8l\xf6\x7f\x09\
\xf6?\xed\xff]9\xfd\x96\x1b\xda\x5c\xb7\xaf\xea\x93\xa5\
\xc0\xe6\xfb$zs=[\x8d\xcd\x84\xaa-\xb3>,\
\xde\xccJ\x00\xeb\xfc\x15\xef\xfds\xdc\xbc\x8f\x82nf\
ZK\x8d\xeee\xab\x9c_\xed\xc6\x0d\xa4DqS\xb5\
\xbc2\xeb\x0fj\xe7\xb5\xe1\xe0\xe0\xe0\xe0\xe0\xe0\xe0\xe0\
\xe0\xe0\xa0\x07\xd3\x7f\xfeg\x84P\xf7\x85\xfa o\xf1\
Yxw\xd8\x7f\x93\xd2\x9f\xd7I\xf6\x8aV\x98\xc5\xd6\
i\x18\x06ZH#\x89\x8f\xbcK+\xcd\xaf\x8b\x03\x95\
\xa0\xd7\xed2Oj\xc9\x94\xcb\x5c\xd2\x0dJ\xa8R\xc8\
[z\x910Z$\x98LBHhE8\x1a\xd0\x5c\
>\x886M\xe4\xf4>\xe1\xe2\xe7\xc7`8\x1d.\xd8\
\xde\xe9\xefe<\xda&{\xf2\xf3\x0d9\x12\xc1\xc5\xbb\
,\xd7?\xe74\x92\xb0C\xaf\xc9\xf8\xc6\x82L\xe8r\
\x9f/\xef\xc8\xdfHz\xb6\xa4q Vj\xd96\xbe\
\xf8\x5c\xe97\xe4\xca\x22\x0a\x1e\xe6\xd1\x13b\xfff\xeb\
\xb2=V\xc7\xd7\xab\xc6\xb0\xeeQ\xde\xf4\x09\x94r\x04\
]\xdd\xe7;9\xde\x8e\xf9\xa8\xa0\xc2\xa2\xbd<\xb0\x01\
\xe6\x0a5\xed\x13z\x9e\xa3\xd1\x9f\x1fm\xe7\xefoT\
|S.\x97\xad\x89\xa4oy\x13y\x91\xfb\xec\xffC\
1'y\xcf\x13\xdfd\xe1\xa8\x8c\xf7B\xf2r\x1ey\
Bp<\xff\x15r\x9a\x8eY7J\xe9\xc58$\xff\
\xa7\xd7\xfe\xbf-\xf7U\x1fm\xcd\x83u\xaf\xf8FH\
\x90\xb5\x97\xe9\xc7\x9d6\xa5\xba\xf6\xbd\xed\xdb\xce\xce\xf8\
\xe9i\x1e\xe0M\x8a\xa8?\xcb}\xc6\xe3\xf8\xd2\x1b\xff\
\xa7GH97{\xf2x\xbf\xff\xcb\x8b\xcd\xf7\xc1C\
\x95$_\xffN\xb2\x98\xfd\xdcY\x17f<\x0f$0\
J\x84\x13\xc8\x84\xfd(\x96\x06yr\xc9\xaa\xa1\x22\xc6\
\xa7\x1f\xd3\xa9\x87\x07X\x82\xdd?4\xef\x19\xcck\xc4\
\x95\xb2\xfc~\xe8\xc7\xb5|\xca\xe0\xb1\xd7\xe0\x10\xec\xc6\
\xfc\xe0\xe0\xe0\xe0\xe0\xe0\xe0\xe0\xe0\xe0\xc0\xe3B2\xd3\
\x07`\xe3\xaa\xfe\xa6m\x19N\xc7\x09\x126\x18H\x04\
\x82\x87\x87\x14-\xaa%\x94|\xd6\x5c=A\xc4Z\x85\
\xc2ij$\x0b\xd6\xbf\x9e\xcc\xb4\xf7\x8b\x11_e\x90\
d\x15\xb1r\x1fn\x1a\xc9\x81\x9e\x5c\xcb\x01F<\xf9\
\xc2S\xe6S0\x92H\x18lU\x13 W2D\xac\
\xde\x1b}1\xd0U\xbd\xb5=\xbe\xee\xfaL\x9e|\xde\
\xb55\x11\x96\x8c\xa7\xf1\xe85\xd1\x86\xaf>\xaf\xb1#\
\x90\xa4U\xfb\x83\xa5e_\xb6\xf6\x85qG9\xb1\x87\
\xf4k\xf5:/\xe2\xfc\x886\xadg\x89\x0a}5\x8f\
z3}\xdf\x0cw\xec\xf5\xebM\x1d\xf3\x1bYv\xe1\
\x89\xbeZs\x9e\xc3\xceF%{\xd6\xfb\xac\xa7\xad\xeb\
\xb4\xf0\xfaAA\xfc\x1ay\xd7&U\xb7~\xc8o\x8e\
\xf5\xf0\xff\x8b\xe2\x09\xc1\xae}1\x0d\xfbJ\xdf\x8b\xd0\
\xa3_~\xe3o{\xff\x7fGz\xf8\xf9ovF\xdb\
-=\xd7\x9d\x9f\xdc;\x1d\xc7\xdc_*\xf7r~n\
k\x96\xf9?\x07y\xb3&\xd8\xb3\xf3\x7f!?\x7fl\
.\xe0\xb3|\x1d\xb9X\xd8\x19\xf3V/5s\xc1\xfa\
\x8b\x1e}p\xfd\x00\xe7\x9c\x186?\xb0\x0d\x06\xf5\xff\
\xa7}\x04O\x92\xb7e\x9au/\xdepr\xe3\x1aH\
\xdd\xca\xff7\x1a\x93\x8cj\xae3\xf56\xbd\xf1\xff2\
\x0f\xc7\xaf\xf0\xbfHD\xeb\xebU\xf8\x7fl\x11\xbf\xb0\
\x01e\xffn\xff\xbf?Qn\x96tB~\xe9\xffY\
\xee\xbb\xf5\xa8\xee\x89\xdd\x9e\xaa\xf7\x87\x96\x8c\xdbf\xf0\
7f\xda\xcf&h\xa3\x1b\xd3I\x0c\xaf\xcbN\x5c\xb7\
\x04t\xe2\x9c\xd2\x03\x0f&\xdd\xde\x8a#\xbb\x0bC\xb2\
]s\xacD(]\xe3\x1c\x1c\x1c\x1c\x1c\x1c\x1c\x1c\x1c\
\x1c\x1c\xec\xb1\x1e\xc1!\x22.@\xe6\x190\xdc\xa7\xc3\
\xeeS\xc9!H\xbb\xaf\xf3\xab\x00\x06\x89!\xbd8\xd7\
\xaf?b \xd1\x856\x1a\xa8XQO^:\x11.\
p\xb3\x1f/4\xc1\x15!\x89\x84\x08\xea\xcaAU\xb6\
0\x05\x9a@\x86\xbe%\x91P~\x0a\xfc\xc8\xdb\xbd#\
-\xbb\xb4g\x14\xe4\xc0k\xdbG\x80\xf7T>\x12e\
\x8e\xec\x9frb\xefV\x81}\xfc\x91\xa7H\x16\xb8`\
\x96\xedk\xcf\x95\xee?\xea\xbfDb\xed\xb1HM\xe6\
D\xc8k~\x96\xef\xbf\xce^\x11'\xfa\xba'<f\
\xdf\xc1\xdc/uRM\xda`Y\x99\xa78\x99:R\
\xa2&`R\xffK\xac\xe7\xf5\xb4vM\xce\x81\x89K\
\xf9X\xdf\xe6\xca A\xd1'\x91X\xbc\x94A #\
SQ&9Z\x94\xc8\x13\x96T\xae\x1d\xd1\x16\xcc\xe4\
\xcd_$r\xf5u=\x9f8({\xaaO\x85\xd5\xbb\
y\xeb\xfb\xd1\xb7\xd3\x13?\xfd\xb8\xa1\x1dKo\xb8Q\
\xa6\xf2w<\x0d\x12\xbf\xfa\xed\x951\xa6\xc1\xdf\x1b?\
\xb2\x1b/D\xf8m\xfeq\x22\x92|_\x12\x94]\x9f\
\xba\xdd(\xae\x13\xbb\x1e\xf5v.{\xc5\xdfXe\xf6\
\xeb\x1a\xfa\xf6\x93\xff/\x1eN\xde\x13\x9e\xd5g\x93\x19\
\xcaA\xd9\xf8-\x8e\x0e\xf1\x06L\xf4\x7f)|!\xcb\
\xb4\xdc\xb8\xd6E\x99\xd1\xffo\xbf\xbe\xf4\x9bVT\xda\
\xec\xf7\xff,\xab[\x0b};\xbbu\xae\x1f\xd3'y\
\xb4Y\x17\xa3\xaeX\xb2\xab\xff\x1a\xe2\xf5y\xb9\x19\xf5\
\xb8\x99\x1c\xbc0C\x11\xb6\x17\x15sPs\xd6>\x01\
cu\x85\xf9\xc1~\x0d\xc1\x15\x8a`\xc9t\xf3M\xc5\
\xea?\xac\x85\xc6\xe1\x0a%\xaf\xd1\x9a\xfcV\xc0\xefF\
\xca\xce\x1f\x0e\x0e\x0e\x0e\x0e\x0e\x0e\x0e\x0e\x0e\x0e2.\
O\xba\xcc@\x8c0\xa8\xb2K\xfc;\xf8Z_WT\
\xb2o\x96\x5c\xd7\xe2\xe2$id\x80D!\xc6\xd1\x86\
\x19DM\xf6\x80U8[`\xe7\x88c\xce\x12\x22\xc9\
\x87TL(I\x14>\x1b\x01\xb3G\x1dt\xb0\xb3\xa1\
#u\xbd\xad&\x0f\x89\x17_F\x9a\x00\xba\x93\xe9I\
 \xac'k\x1c.\xaa\xc8\xd9\x0eJ.yb\xa0n\
\xaf~\xae\xec\x02i\xe1\x9d';\xaa\x13r\x9e 0\
\x09R\x91s\xff\xc8\xd2\xd3m)x/\xda\x1a\xcbE\
\xdd\xab\xdc<\x09\x98\x89\xa8wA(\xea\xa9\xc9\xe3L\
\x00$\x92\xa5\x98\x0b\xe2\x88\xdd\xe2$+=\xdb\x85:\
U(\x92w\xecl\xaa\xa5#a\xe6H\x06\xf0\xff\xa4\
\xa7\x02\xfaE\x94[\xb4\xdfU\x0ds\x93\xe9\xfd\x08\xf5\
\xfe\xef\xd7\x93D\xbc\xc6\xf7\xc6\xc4\xb9\xbe\xcb\xe3k\xf2\
\x169\xab:\x16\x93B\xa4\xcf\x92\xd6\xbe \xa2\x96\xb4\
S\xa2>\xd9\xf6Y?e\x92t\x81|\xf76R\xd9\
2\x1b.\x0e\xf3\xcd5\x17\x1b\xe6\xfb]\xb2TL\xa9\
\xfc_{dl\x07\xe3\xe6\x0c\xde\xec\x1b\xaa\xe2\xba\xc3\
\xc1\xff\xa1\xf4\x9d\xdd\xf9\x7fm\x1d\xca\xbf\x92\xff\xbf\xf7\
\xfd\xa9\x88\xf0&SE\xfcF\xddO\xfe\xef\xfb\xc4\xea\
}\x03$\xc5\x1d\x09N~\xceE\x9b*9\xbdO\xd2\
k\xff\x97\xb5\xffs\x92\xfb\xe4\xffk\x9e|3.\xa5\
<~Y\xae4\xc1\xed\xed\x9dD\xec\x17\x1c\x83\xb8\xb7\
v\x04z\xad\xbb\x1f\x1b\xd4\xe7\xca\xbd\xb8\xee\xf1~F\
\xb0>I\xda\x13\xd6\xba\xe6\x04\xe85%\x87\xdf\x131\
\xfb\xee\x12\xeb\xc7\x04\xcd\xc7\x8cL.\xf6i\x11\xb3\x1f\
\xfb\xf3\xb2\x9b\xbe\xaaw\xbc\xe4\x0bO}\xe4\xdbTG\
v\xaf\xcd_3~\xbey#\xe4oB\xef\xfc\xe1\xe0\
\xe0\xe0\xe0\xe0\xe0\xe0\xe0\xe0\xe0 \xc3\x1f\xd9\x01\x0ad\
@R\x80{\x07\xd0\xf0\x5c=\x0c\xa35\xf8\xfbqQ\
\x98\xd5\x95\xf55\xc9\x99\xe5\x82\xd2)\x91=\xe1\xb1\xec\
p\xaf\xd1^\xd0\xe1\xd9\x10\xfbk\x883\xfd\xdc\x93\xd7\
\x19\x1axp\x11\x14u\xa7\xd7\x22\x9c\xae\x87@&\x07\
\x9c9\x10u\xf6\x17\xb2\xdc\xa9!\xfe.@\xd7\x00\xb1\
\xaa\x1b\xdb\xabD\x0d\x96}\xea\xd7*\x18\xf7'\xcb<\
Q\xa7\xf9J\xa6\x09Y`\x1d\x89\x9bL\x80\x00aG\
D\x1d1\xed\xec\xff\x94\xd3\x93\xc0\x1c\xbe\xf6K\xef\x02\
Q%\xc6\xd2\xfb)\xe6\xedi\xb9x\xf3`t\x81O\
[rkKf\xdc^\x93q\xf8Z\xd5}C\xec\xdf\
\xf9\x93\xa8\xa8\xf2J=J\x022\x93\x92\xa5\xb4iC\
\xfe\x1c\x88\x88P\xa2\xee^\xabg}\xf2\xc27\xd6\xfa\
\xe6m]\x84.\xdb\x0f#zr\xd3\xf4y\xe2\xcfH\
\x16o\xdb|\xa7\x8f\x10\x09\x7fx\xe2\x12\xfb5\xde\x94\
 \xa2\x82\xbcT-\xf5|q\x96\x84\xbaX\xea\xc9\xff\
9\xe8\x9b\xb3\x82\xd0\x02$\xec\xa2\xffc\x9f\xba\xf1\x91\
I\x0aA\xdd\xda\xff\xc1N\xca\xa8\xd7}\xdfg\xd1\xff\
\xfdd\xc2\xc7\xaf\xf4\xb8\x1a\xff\x1f6\xfc\xde\xff\x17i\
\x86i/\xe4\xbc\xf5\xff\xe8\x11\xef\xfc\x9f\xa8\x22\x9ec\
\xf9\xb8\x7f\x99|\xa2W~X\xc0\xdf \xa8\xd2\xfbz\
e\x9f4e\x91\xacw\xe57\xfb\x7f\xe7S~\x5c\xab\
\xbd\xbb\xb6\x0b\xe7\xb4\xf7\xff\xbd\x8c8\xbe\x95\xce\xbe\xae\
\xcb\xb098\xd3\x87\xff\x93\xbb\xdf\xe3\xeaT\xaa\x96\x8f\
\x9aUx\xf9\xc8l\x7fz\xc5\xa9\xeb\xb5\xbba!\x94\
\xfc_O=\x8f\xba\xecl7s\xa0\x01\xcb\x9f<\xd9\
\xfc#?\xab\xad\xccy\xcc\x0f\x11}ppppp\
pppp\xf0\x8c\x15\x05{.\x08\xae\xfeW\x9a\x92\
\x15\xf1\xe2\x1b/\xe2GIO\x16x\xea\xc1\xc9t$\
\x03\xbe\x1f\xef\x94\xc8\x22\x94\x10\xe2\x7f,R\x05\xbb3\
>\x09y\x02\xff\xe2\xf3\x06%\x95\x89\xf2T\xcf\xfd,\
Z\xe66\xb0\xabN\xf2:\x9b\x9b\xc0\xb5\x22\x13\xab\x13\
\xc0\x8b\x04O\xc1$\x95\x84@eG\xb6\xeb]\x10\x15\
\x83\xef\x8a\x90\xc8\xf61\xbdbj(\xb6\xc1\x02\xceJ\
\xc7\x94\x9c\xc6\x02\xcb\xd9\xe7ZOG\xda\xe8\xec\xadO\
\xa2e\xa2JuF\x1b\xf4\xd5\xe5\x89\xfa\x93\xd7\x1f\x1f\
9R\xcd\x13JD\xe4\xe8\xdbe\x11\xe8\xec\x88\xa6\x8a\
\xe4\xa9{a\xe4\x94\xc3\x06\xe30-Y\xf2\x9fH}\
\xb5\x8f\x94\x8ed;\xbb\x88Dj\xd6\xcbF\xfe\x02\x01\
\x8c\xf5x\xd9l'\xf4r\xbf\x15\xf37\x90E\x1c\xdf\
k;o\xdf\xbf\xc2:7\xd2\x09\x08m\xdfU\xdeG\
~\xe7\xffYF7\xbe\xb5\xeeL\x88K\xd3\x97\xd8\xee\
\xaa\x1f\xb2]\xd6n}\x06\xb4H1\xde_\xfb\xbfo\
\xc3\xd2\xcf\xb4\xe6\x9d\x96\x7f\xe3\xffL\xec\xdb\xd4\xceU\
?O\xe2\xfc\xe4\xd2\xd6~\xdc\x1d16\x8d\xd1y\x8a\
\xe4\xd8;\xffG+g\xfdb\x1d\xdf\xfb\xbf4mn\
 \xf5~X\xc9z\xeb\xff\x14\xc6/\x96\xe9\xa6K\xb7\
g\xc5\xbdP\xebw\xfd\xb0\xdb\xc7\x9c\xcd\xa1<\x92\xcc\
\xdf\xee\xff:\xf6\xbd\xff\x9b\xc67\xfeO_\xf9\x7fo\
W\x95\xd7A\xfd\xdd\xd6\xcd\xa5y\xf65M2\x98\xe8\
i\xff\x05\xa9\xee\xbd\xbf\x1e\x8dk\x98\xf9\xff\x02\xc7\x93\
\xe4\xc5\xfaX\xed\xffDFl\xc7\xfcI8\xdf\xad]\
\x04\xf7\xaaE\x07\x07\x07\x07\x07\x07\x07\x07\x07\x07\x07\xdf\
\xe1\xf2D\xdf\x07l\xd7\xd7x}O\xbc\x88i}>\
4\x85\x93 \xe2\xceC\xabL\xff\x8b\xe5\xf9\xeb\xf9\xd5\
GP\x1e\xae\xf3W\xcc\xb5\x02KJ\x84\x88#\xb5f\
\x10Q\xc9\xb0\x13:l\x9c\x16m\x02Q^\x05&\x11\
\xbe\x0f\xd8\xba\xd3^\xee$\x9d\xf8\x93K\xbb\xe0\x11\x03\
\xdeDD\x14D\x80\x05\xcc\xf7\xbf)`~&7P\
\x96\x0f\xc0\xab6FYhSU\x17\xd3;T\x84\xce\
\xea;\xe8\xb7J\x0e\x12\x19\xda\xfeZ\xc7\xde\x86\xfa\xc6\
\x86'y\x16\x11\xdb\xf4\x8d\x1bG\xe2\x8d\xad\xd2\xa6g\
_% E9\xf5\xc3'M\x7f\x0cq\x16\xcd\xb2\xa3\
\xbe\xf4\xae\x9e\xbfX\x8a\xd7;!~\x08\xcc\xa3\xff?\
\x85\xf1\xbe\xef\xd9\xdb\x1d\x090\x91@\x08\xf3\x22\x8a\x11\
\xa3/'\x81L\xf6X\x0a\xfdLn\x1d\x01\xcb'\xc1\
\x5c\x13o5\xc1\xb5\xf3\xffH\x22\xff\xf7\xfc\x9fS}\
\x22\xde\xf8?\x87?\x02\xf2\x85\x1c\x19\xbb\xf7\x7f$\xcf\
\x86\xdc8wt\xfef\x9d<m\xa4\xd4&%\x83l\
=\xa6\x92\xdc\x8a>\x15\xdb\xc7`C\x0f\x1dwo\xc3\
\x22\xbf\x93\xff[\xbd\xce\xff\x97\x1c\xa7\x03\xd7\xaa\xba\x0d\
=\x89:m\x14\xa2x\x1a\xda\xfb\x7f\x1e\xeflW\xed\
\x91\x9d\xff\xf7x.s\xf7\xe3\x93\x14\xaemA\xdfI\
k1\x94\x8b{\x9e+\x07~\x91\xc7\x0a\xd6q\xa2\xb5\
\xc6b}y\x987H\xc0:\x1b\x1e\xfd\xbf'\xd8\x9d\
/\x83\x95F^S\xaa[\xfb?\x92\xe2\xf5\x9a\xe2e\
\x81-c\xe2\xaft\xab\xe6.\x18\x97\xff\x0b\x90\xbbn\
=U\xb9\xe8\x09L\x9e\x8a\x16\xf1{\x12\x10\xdc\xb8\xff\
\x8f\xc6\x0b\xe8\x98\xeb\x0f\xe9\xef\x8fhFhc\x90\xe5\
\x1b\xedm^\xdf\xfc\xbbm\x90_\xf8\xc4\xc1\xc1\xc1\xc1\
\xc1\xc1\xc1\xc1\xc1\xc1\xbf\x1b\x17\x12\x04\xe3\xa2\x9a\x16\xb9\
\x9b\xc2\xab\x10\x1c\xdc?\xe2\xa2oW\xf4#\x8b\x98p\
\xf1\x0ay\x22\xc9\x07.VnZ3>o\xc8\x18\x0a\
D\x93\xc7\x08zb0\x87z<\x877\xda\xcdd'\
\xf8v\x01t\x0c>#\xc9\x1a\x03\x5c\xccs!\x18\xf3\
c \x9bu\xd1C\xe0\xeb\xeb\xa2\xce\x8e\xa4\xdd\xc9\xab\
\x88#\xac\xbb\x1d\xa3\xa5\x9b\x1b\xd9\xd2\xf4\x11\xeah\xf2\
\x18\xbe\xde\xdf\xd8\xe0\x09\xf8:\xaf0\x8a:[\xa7\xe2\
>\x90/HA\xcd_$\xc0&\xd8\x7f\x9a\x07\xf6\x0a\
D)\xe7\xf9\x14\x03\xe3\x8e\x98\xd0\xfa*\x0b\x89\x17\xf4\
\xdf\xd2\x1e\xf2'\xf6b\xf9D\x86\x13[\xdb)\x10\x88\
\x9d\x8eH\x88\x062\xc6\xde\xfb\xc7\x19T\xe9\x8e\xac!\
$6\xfc\xe37\xb2\xff\xe7\xf9\xfb\xe4\xffJJ\xde\xdf\
\x92\x00\x02\xd7\xc9 \xfb\x16\xc5\xb0%\xcc\x8f\xf9z)\
\xb1\x88\xba\x9aqa\xaa\xe7_\xb4s\xd7\x96\xd8V#\
89\x95\xa9|\x8f\x92\xac\xd8\x7f\xec\x8a\x9a_P\xe9\
{\x9e\x98\xcdk\xfe\x9a\xf3DF)\x8b7\xa5\xf2\xd5\
\xb2/\x1a\x1b|rAj:\xff\xcf6V\xe4\xb1\xd9\
l\xba\xb7\xfe\xc6\x5c\xb6%\x91`L\x85\xffKh\x8b\
\xa4\xfa\xd1_\x17\xa7G{\x9bPV\xf4\x89]\xfdH\
\x16\xdf\xf2\x0a\xf9\xbeN\x9d\xd7\xed!\xdd\xfe\x1f\xcb\xd5\
$\xb0Y\x14W\x82?\xdb\xff\xbd\x9c\xef\xf7\xff\xd0\xcf\
D\xdb\xba\x88\xdf\xed\xffy\x0f\x9d5_\xef\xffn\x94\
\xd7\xc5\x97~3\xc5\xd6-\x91\xe27\x0c\x98\xe7\x09\xe8\
$\xd6^\xda\xfd_\x0f\x22\xd8\x18\xa6\x9b\x07\x8b\x00\xb7\
\xeb`\x1b \x81\xb5\x04\xd7]|l\x12\xd1\xdb\xeb\xb1\
\x83\x83\x83\x83\x83\x83\x83\x83\x83\x83\x7f;\x98\xff\xcf\xff\
\xae\xab\xe7; \xc8E\x88\xe0d\xf3\xba\xd6Wb\x12\
\x13W\xfd\x0bB7Y\x9f\x95\xb4\xb2\x93%\x0cA\xe2\
,\xf1C\xf6\x9ex\xfdz\xfa\xa2\xb00\xf0\x04\xc2a\
$\xf3<\x94\x1d\x08.Ar\x80\x16A4\x8d\x0fe\
\xac\xad\x1d\x98zbaW\x0b\xeb(\x01\xd6\x11\x0aV\
\xee\xf3\xb5l\xff\x9c\xd4.\xe0\xe1R\x8e\xd5\xab\x80\xc1\
\xb2\x9d\x88\xa2U\xf7M\xfb\xba~0R\xcf\x07\xdf\xdf\
\xc8\xc0\x1a\xb1\xedoz>\xf6\xdb\x139\xc3\x8d\x0c\x9d\
_\x1dY\xf1y\xfd\x99\xcf\x89\xad\x0d\xa1\xe5\x0e;b\
\xaa\x87\xf7(v\xf6\xf5'\xaf\x89\x0a\x92c\xdb\x0f\xcf\
\xf6p\xf1\xee\xb9\x0e\x17\xba2\xd6x\xd1\x5c9&\x01\
\xc1\x1b\xc9i\x5c\x89\xee\xe7\xd0\x9b\xff\x17\x8fb@\xdf\
\xa7o\xc7B+\x11\x10!\xecO\xf2\xd1\xde\xdf\xaa\x9b\
\x16\xb5\xffKz\xae\xf2\x13\xe1\x11\xe5\x98\x9e\xe2\xa6\xe2\
l\x03\xaeIR\xc8y\xd6W\x88\x0d6\x145A\x06\
Q\xa5\xca\xd1\xd9\xb7\x8d?D\xce\xca\x07\xc9\x22\xeb\x80\
c\xd4a\xf2h\xc9\xac\xa4\xe6q\xc9\xe9\x9f\xc4\xcfs\
\xa2\xcbF\x00\xd9\xd6\x93\x9d\xb1E\xefI\xad\xca\xff)\
\xb5S\xda\xf2\xfb9\xf5[\xab\xeaZo\x09O\xad\xe5\
\xe7_O&WD\xa8\x92\x97\xf1\xc2fW\xfe\xc9~\
\xfc\xf4~\xcd\xb0\xc5?\x11\xa0[\xff\xa7\xd7\xfe/\xa9\
-\xf6^\xeb\x95\x96\xc1\xb5P\x94\x9b\xdbg{\x84\xfd\
\x185\xd8\x0ae\xd4\xe7T\x8e\xactY$4\x96\xff\
\x01\x9b\x7f\xe4\xc7\xe9\xfc\x99\x04\xf1'\xff\xfe}\x11\x06\
y\x931\xfe\x942*Y\xcc\x8e\xe9\xff\x83Lf\xa2\
\xf5\xfb%c\xafV\xd9\xe3\xd7\x11g\x1e^\x00\xcd\xb6\
\xae$\xdc\xc8\x01o\xd6\xe5\x83\x83\x83\x83\x83\x83\x83\x83\
\x83\x83\x7f;.<Q3\x82\x08\x08\xd6\x5c\xcc\xa2\x01\
\x07\xe3\x0bp0\xe2H\x17<!\xc2!\xf8['G\
\xc8\x02\x88E'\xf3<\xb1\xc2x\xc22\xd7\x05\x9a\xd4\
\x07\x97\x14\xb2\xa9hC\x11|jP\xa4\xe5\xbc.\xd5\
=\x05\x03\xe9\xb8\xc3.\xa0\xe3\xa2~I\x88~\x82\xae\
\x1f)e\xaa\x8dL5\xf9\xac}\xb9\xb3\xaf:\x01\xf7\
m \xc5M\x7f\xe8\x1cP\xfb\x22i\xea\xc8\xe4\xb2n\
\xdf^\x12ye\xa7\xce%\xd4\xf1\xa6\x9dH\xe0~n\
\x00\x10\xe56\xe2\xfb\x8e|\x1e\xa7\xfc\xd8\xbdV\xf5#\
\xfc<\x0f\xf3\xa4\xd0\x81\xf5\xd0\xf6\xd8\xcf\xd4\x90/\xa6\
\xa7'U\xa0\x17\x96_v$\x8c\x8e\xdf \xc0\xfd\x8f\
\xe5\xd5\xfd>\xd7\x00\xb6\xbf\x0bHQ/3X\x13\xdb\
C\x83\xb8F{\xbd\x0eL\xeb\x09)\xcf\xea\x10,\x1f\
~,\xf1\xd42\x9e\xf7{\x22t\xde\xf9\x7f\xff\x18\x85\
\xaa/\xb3\xff\xa3\x0ev\xff\xe9\xcd\x10}\x0f\xcc\x1a}\
\x03\xbd\xd1\x84\xcf\xc0V\x1f\xa5\xad\xff\x13\xe1\xb8\xfbv\
\xe8\x18X}\xab\x13\xe7Ba\x13\x11\xec'8\xee\xd1\
\xff\xbde\x0c\xfb\x90\x02\x9f\xcb\xac\xb2\xd2\xbc\xd6\x1f)\
\x8cv0\xb6o\xef\xff\xbe\x7fbJ\x8f\xca\xff\x99\xb8\
\x5c'\xdb\xb9\xde\xc8K\xba\x88lli\xe7\xff\xe1\xc7\
\xe0\x8a\xf4\xae-\x83\x10\xcd7\xce\xba1\xef\xd6]\xb5\
w\xbcn\xd6\x8b\xa6Op\x0dF\xdd\xdd~\x17\xe1\xd7\
\xf0\xe2\x99\xc4\x8f\xfe\xcf\x7f\xd9\xff\xa9-\x8b\xfe_\x8f\
\x8f\xfa\xcax\xbf\xd6\x0ch\x86\xf9\x06\xfak=\xb7\x04\
\xd7\x1b\xf2\xd7)z)\xa6\xfe\x8e7\xfc\xcdw\xc1\x8f\
\x9dmh\x01\xaf\xcb5\x9e\xefu\x1ch^[\x8ev\
0T\xf7\xf3\xe6\x83\xab\xec\xc3\xbd\x0f\x1d\x1c\x1c\x1c\x1c\
\x1c\x1c\x1c\x1c\x1c\x1cd0\xfd\xe7\x7f\x04?\xf2\x88\x95\
\xf4#\x85#h\xf0\xd8g\x0dr\xc6\xfbA\x14\xad/\
\x8eS\xa4=(\x904.\x07\xc9>\xa9\xca\x02\xc5\x83\
\x01\xfc\xfc\x0d\xc5\x9b8\xbf\x0f\x9f]+x\xa1\xf9\xba\
\x08\x16\xa8\xb5H8\xc6v(!\x83\xc4D\xec\xac}\
\xc0y\xab\x84\xa0;\x92\x81\x9a\x1f\x83\xe3\xaan\xd4\xfc\
\x04.m\xc9\xc1\x7f%\x7f\xd9\xb4l\xd3\x81\x7f\x19\xbc\
\xee\xaczU\xae\xa8\xc9W\x1b\x5c\xf3\x0b{\xec\xe6\xc5\
\xbe\x1dLOm\xc9'l\xe5\x8b6\xe1HW\x04\xe3\
;y8G\xdf\x04\xba\xfc\xeb\xd4\xce\xc6Q\xf2\xfd|\
x\xe3+\xd5<\xdb\x8fT\x93\xc3\xbc\x08@o\x93\xad\
O;[\x97\x0c\xf1\xdfN\xa0Wm\xa0$;\xca{\
\xd2]\xd5\xfd\x1b\xa8\xe6m%\xdf\xb5[\x09\xa2pC\
q\x95\xa5=\xf1\x88%\xb3\xefH*Q\xd7\xab\xe7\xa1\
\x12G\xbcJ\xe9\xdc\x11\x18k\xea\xeb7Z\xeb\xb6X\
\xe9\xbd\xff\x17\xf2\xa8\x86\xed-{\xfd]\xbf\xec|s\
\x0f\xa1\xb7\xb5j\x1d\xb2\x91<__\xad\x89\xefm\x97\
/r\x95\xa4}\xf2\xb5EW\xbe\xf0\xff\x9d\xeemn\
\xeb\xff\xbd\xdfHQ\xd7\xe72}\xd7#\xd3\xce_\xfa\
\xff\x9b\xd92|Q\x15G\xcf2bX\xfd\xd2\x9f\x80\
\xfeT\xfc\x09\xf7\xf7~\xa6\x5c\xba\xf3\x06A\xfc\x83\x92\
L'\x93\x9dx\x16\xf4Q;\x01\xad[\xa5\xca5\xab\
\xa6\xcc5,\x12\xec\x9e\xed\xd7\x0b\xdd\xcfcA>\x8f\
\xa6\x13\xb5]\x05=\x8f\xc9\xc1\xc1\xc1\xc1\xc1\xc1\xc1\xc1\
\xc1\xc1\x81\xc7:\xc2e'S\xf0r|\x06?\x10C\
\xad\xe0\x05b\x18<u\xb5\x0a\xaeBL\x9e`R\xc2\
@2\xbd!](\xa3\xc1\x84\x9d~A\x99\xb2\xbe\xf9\
\x8cz\x8d\x84\xb4\xe7A\xf3\x221&7\xba\xec\x8f\xa7\
\xe2\xba\x13\x5c\xc9d\xe8/=q\xe4\x83>\xaf\xa7#\
\x9f\xb1>\xca\xdd\x05\xc4\xab\x0c\xbc\x8f\xf6T\xf2c{\
mL\x03Q\xdf\xc8\x8d\xb2k\xfb8\x95\xeb\xd0\x912\
I\xa2\x92O\x9b\xb6b\x9e\x9e\xa0B\x99\xaeN[\x97\
\xb6m\xa8\xda.^Q\x98\xf5\x94\xcb4\xf2B\x0e-\
\x12\x7f\xca\xddA\xe7x\xe6\xd2\xbc\xaf\xe1\x9c\x8cv\xe1\
\x9c\xc2v\xc4\xbe\x0a\xe2\xe1y\xc7U\xcbs\x9b\x94K\
\x08\x0bIYv\xf9mS\xce\xc8g;i\xaa\xef\xb5\
(\x8e\xb1;\xf5\xa7\xaf2\xd6&]\x97F\x1f\xfd\xc6\
\xff/\xc2\x93\xc0\xde\xff)\xdd\x90\xc2\x1br\x17\xfe`\
\xe2\xb4g\xdd\x18\x83r\xee\x043\xf9\xb6\xe0\xda\xe8u\
\xf1\xa3\xffW7\x10\xe2\xfc^\xe7\xa7\xff\xc8\xff\xc3\xc8\
\xbb\xfa\xd6oT\xdc\x1cA\xff\xf7'(\xb1\x1e\xfa\x7f\
\x987\x85\xa9\xd5\xda\x81\xf3\xf8\xda\xfa\x7fx\x9d\x1fj\
\xff\xa7\x12i}\x09uqO\xda\xa1\x1a\xc7Jo\xec\
\x97\xe7\xf7\x9ctD\x05o\xd6\xf9hC\x97&\x0f\xe5\
c]$\x9f\xf3M\xc8\xb5\x00\xa8\xa9\xed^\xd1\xa5\xfd\
\xd9\xfe\xefO\xed\xeed\xd5\xfb\xff\xf5\xb8\xff/\xe1\xe4\
\xc7\xec\xdb\xfd\xbf^\xdb\xa3\x5c\xedO\x0akN\xd7\xa6\
\xf0\xd9]\x0bb\xfd\xf5\x09\x12\xc3\xd1\x01\xd77\x9fv\
p\xd6#v=$Bn2\xc5\xeb\x01\xc8\x19\xff~\
Xf\x9e\x02\xe6\xfa\xfa\xf9\x87\xc5l_+\xf0w\xd3\
\xfd\xe0\xe0\xe0\xe0\xe0\xe0\xe0\xe0\xe0\xe0\x80>W\xd2\xeb\
\x04\xb4E\x14JzDZ\xe0>}\xa6\x84\xee\x87\xbb\
\xbeO\x86\xb0]\xfd\xcb\x0a\xd9\xef\x0fF\x8e\xd8g%\
\x11\xdc\xe5<\x10%\x97\x00i\x22\xfa\x0c\xe8\xe2\x04t\
 s\x9cL\x09\xa9<d\xd1:M\x84\x81Q$]\
,\xd8\xaf\x02\xb2\x0fI\x14\x03\xde*\x98\xf3\xe0\x17)\
\x1e\x18\xacb\xd0\xe8I\x22r\xf9\xf1\xfd\xb3\x96\xda\xd2\
*H\xff\x8a`\x90>\x98}\x96\xc3\xdb\x1c\xdf\xbe,\
s\xd8^\xcb\xa9N\x84]/\xc7\xab\x93\xb1\xb35\xbe\
#\xca\xf3\x05\x9f\xef\xe9\xf5\xe8\xbc\x95\x96T\xf1\xb6p\
J\x03\x8e`=\xce\x82\x1a\xbb\xb0\xae'\x06Lo,\
\x87}\xcd\xd4\xf7M'\xa7\xee\xc5\xbd\x0f\xa2m>k\
O\xec|*\xf8\xd6\xef\xc7\xb0kK<m\xe9\xe6\xe3\
m\xf6{?\xe1\x97\xfa;\xffw6\x95\xfe\xef\xe7\x80\
\x19YYR\xfb\xd4+\x12.\xca\xb4e\xd6'K\x7f\
\xd2\x18\xab\xc9FS\xe7\xffb\x09s\x0c\xa4\xd5\xff\xa6\
l\xd4\x9b\xeb\xf4e\xfbO\x95\xff\xef\xbf\x15!N\x9f\
<\xee7\xbb9b'J\x1b\xcb\xa5>1\xab\xf5\xbd\
_\xe6\xfe\xec\xfd\x1f\xe5\xd0kH\xdb\xd7\xf2<\x0c\x80\
\xe5?P\xff\x8d\xeej\xae\xaa\xff\xd3W\xfb\xbf\xd5\x7f\
N\xc9\xfa\xb5\xaf\x7f\xe3\xffo\xda\x9a\xec\xb9;\xd7\xec\
P\xb9\x14n\xf0GR\xda\xcf\x03\xbf.\xe8ih#\
xS\xae}\x12\xfc,\x84O\x90\xfe\xd4_\xcfm\xa6\
1\xa7M\xda<\x11\xcd(\xf9g\xd96\xec\xd2gB\
\xcf\xcf\xc1\x12m\xdf:9=\xf7\x8e[\xc6\xfaQ\xc2\
7k\xc6\xc1\xc1\xc1\xc1\xc1\xc1\xc1\xc1\xc1\xc1A\xc4}\
\x02\x1a\x83K\xbc g&GH\x0d\x00q\x0c\xcf\xce\
\xf3$\x139\xf2W\xe5\xe0)\xa4U\x10\xcb\xa9\x00%\
\x90\x19\x7f\x80,\x06=h\x8f\xca\x0cd\x90\x8a\x93\xea\
4l\x10\x13>\x97\x81\x1e\xf1\x8b \xddJ\xa7\xfa\x8c\
\x0f#\x09\xeaE\xda@\xbd#\x81\xa4\xa8\x1b\xc9\xe7\xd7\
\xa7\xb7\xc8\x93\xcf\xb1]\xd1\xbe8\x0ex\xe2\xa8:y\
\xf5\x86\xc8\x8ac\xac\x01\xe2\xe5HQI\xb2G\xfa\xa8\
o'!s\x80X\xd9\x95\xdf\xef\xfb\x8d\x9fX\x0f\xd1\
\x19Y\xdbQ\xf5k\xa1\xc5\xe6J\xd0\xa7\xcf\x03\xdd\x91\
\xc9\x0cA3i\x90-B\x04v\xa5\xf2\x14}\xddN\
\xf3\xd5\xfd\xc6s\x5c2\xf9\x1c\xfb5\xc9)\xe6B\xbc\
\x89\xe0\xec\x22j\xfc\xa6\xef\xe7\xf2\xe4\x9b\xe8\xea\xb5\x1f\
\x97h\x8f/\xf7\xc9\xf3'\x9c\x97T\xf6g\xc0\xe3\xdf\
\x15\xf2\xa3\xfe\x1d\xe1\xbf\xb7I\xd68\xaf\xbeU\x1da\
\xcda\xf8\xcf\xc8\x14r\xed\xa9\xfd\x9f\xc2\xfa\x89k\xc7\
\x94\xb5\xf1\x7fw\xa2\xdb\xe7\xae?[\xffC[\xd8n\
0J\xb7Nk\x9d\xb8\xc7P\x9ec\xd67\x85\x9c\xf2\
3\xf4\xda\x83\xff\xe7}%~\xfb\xe0\x8d\xffS\xe9K\
\x1f;j\xff\xcfu\xe3~\xa0\xfe\xcf\xafuQ\xe1\xff\
Zn\xbc\xc7\xfe\xa4\xd7\xfe\x9f\xbf\x95\x10\xdf\x8b\x15\xa0\
\xa6\x85)e\xe7\xcfk\xefz\xd8\xbf\x9c\x86R\xb7\xf9\
GU\xefin\xd4\xd7\x14\xd6\x7f\xd4\xc8\xaa\xfa+\xd9\
.\xf5\xb7d\xde\xee\xff\xa8L\xfd\x15e\xf8\xf5I\x8a\
\xfe\x1b\xff(\xf9\x1c\x8cp\xd7t\xf3\x1d\x16@Ik\
\xdf\xcf\xfe/\x85_\x07\x7fgZ\xfb\x91@\xbe\xed\xa5\
x\x8e\xd9d\xb9\xfe&xD\x1b\xf6\x03\xd5k\xc4\xd3\
\xb8\x1f\x1c\x1c\x1c\x1c\x1c\x1c\x1c\x1c\x1c\x1c\x0c\xdc\x04\xb4\
\x0b\xd6\xd6?9\x98f\xf1\x17\xdaZv\x04e\xab\xd4\
\x88\xa5(\xcb\xe0u\x0a\xda\x02\x96\xc0I\x91\x9ez\xd2\
\x80#\xc4\x00\x04!\x1ba\x84`\xe5\xeb`\x00\xf8\xef\
Y\x1e\xe5x\xa4`\x14\x82\x967\xf0A\x12/\x99\x91\
\xc4\x1dvuA\xcc\x13\xd1\xd1\x05\xac\x9e\xa4\xa9\x08\x8b\
\x96\xd0\x96|\xea\xb2#\x092Yq\xad\x1b\x06\x91\xfc\
\xd0\x13\xa3;\xc2\xc5\xcb\xf26t\xc4\xf7\xde\x9e\x87\xf1\
z  \xf0\x87\x9f\xea\xeah\x93\xd7\xdb\x9d\x88\xab\xc6\
?\x83\xb3P\xa8\xef\xc8\xe2\xf5\xb8\x87\xac\xdf\xf7\xb5\xcd\
\xc3\xaa_4\xe0\xe7`\xc3\x96\xe4\x22jO>\xa2\xde\
E\x9e\xe0\xdf\x5c\x00\x94\xbc\xb5rf{\xa6)8\xfc\
=\x83\x03q\xb8\x9b/\x88\xec\xbf\xf6\x17W\x1f|\xb5\
\xfa\xf5\xd8\xed\xfd\xffju\xe65/\x13\xc2\xae=8\
7\xc1\xff9\xd8\x97\xfaY\xecQJ\x8b4\xe6\xab\xd4\
\xd1\x91\x95(\x7f\xed#?F\xe8\xec\xe7\xff\xec\xe3I\
\xf0\xeb<\xc9\xc4!\xcee?\xaf\xd9\xd9\xd7\x8d\x90\xf6\
\x07\xdb\xa8\x8a\x8e\xee@\xef\xffl}\xe5l2\xbd6\
\x97)\x91\xb4\xd5\x0d\xd4\xce\xbeT\xe2\x1e\x1f\xed\x9b+\
\xcdi\xd3/\xedZ\xdb\xf9\x7f\x85~\xac\xfa}#\xd6\
\xebl\x90\xe6\x86F\xdas\xe8\xef\x80\xdd\x05\x00\x7fO\
\xcczi\xf0\xef\xbb\xfaJ\xe0Js\x03\xe5\x99\xc4\xe4\
B^\xbd\x17\xa2\x12\xfd\x01\xe3o\xf7\xff\xc9\xe2\xf6>\
\xaf\xdd\xc9\x96\xa7k\xc5R\xb5\xfc\xff\xc7\xca\x03\x89\xad\
\xd5\xfd\xe9g\xbbQAn\x9e\xd8E\xa9\x1e\x93X\xd7\
\x8e\xa4C\xcb\xf0\x99\xf1\x13A+\xe146\xfb\xed\x16\
\x8a\xfd\xe8E,\xb4QB\xa1n\xce\x1e\x1c\x1c\x1c\x1c\
\x1c\x1c\x1c\x1c\x1c\x1c\xd4\x00\xf6\x0a\x83\xbeqa\xae\x81\
\xf9M*~\xde\xde_m\x9c\x17\xdd\xeb\xab\x94\x10\xd7\
Q%\x0d\x03\x05n\xa26&8\xe63\xcb\x16\xa5\x98\
1\x86$G83\x86\x1fT\x90\xcd!\x90\xc1\xb2\xb1\
\xfc\x1f\x04\x13\xe5\x09 \x22G\xf6<\x05\xe8\xf4@\x00\
.J*\x12>\xc4\x93h\xb7\xf4\xea\x11\x0f\xa9}P\
\x1f\xf3\xbf'\xec\xe6)O\xee\xe5X\x1dq\x01]E\
F0\xd5DW,\xa7a\xacO\xeb\xa1r\xaf@\xe0\
t\x84^yr\x8d\xf3#-\xba\x13R\xf8\xb9#\x86\
\xa8!\xa2\xf6\xe5\xa4$\xaa\x06w d\x04\xd5\x03!\
\x94j\x9b\xbdZGI5<A\xcc\xa1\x1cJsR\
S_\x16m\xedHQ\xaa\xc7a7/\xf4&W\xc4\
\xd3\xa9Q\xb5KOv\x13\xf9^\xe9[i\xa9F:\
V}\xc9\xab\xcc\x93\x8f\xd7y\x5c\xda\x8cD~$\x82\
\x86\xff{\x8b\xe3M\x0b\x8as\x88\xfd\x89n\x22<\xdd\
]\xf9\xb2\xb7\xc9\xd7\xc7\x93\xb2P\xd7\xb6\x92\xd4V\xbf\
\x9e\x01\x01N8\xce\x1cn\x14X]&?>\x1c\xde\
9;\xcb\xf5\x84^\xfa\xff\xdekm\xcc\xbdN\xda\xac\
\xf9O\x88\xa5v\xe4ql\xdfH\xaf\xc7\xb0\xd4\xe5\xfc\
\xbf\xbfag\xe3[\xb7b\xdf\x97:\x873)\x1a\xfd\
\xed\xad\xff\xd7z(\xf4;\x7fac\x06\xf6!;\x15\
\xfdc2*3\xfe\xdc\xff\xf3X\xe4\xfd\xdf\xd7\xad\x88\
\xe7(\x97\xa3\xef\x855\x1ew\x15{\xd59\xb7\x8a\x95\
\xfaxV\xc2\x9b\x93x\xf9\x97\xe7\x16\xec\xf3\xeb3\xbb\
\xeb\x84eIhk\x07\xe5\x9e\xc7\xb5\xae\x90\x12\xd3\x98\
\xaf\x22a\x15$f\x7f}\xf9f\xae\x1c\x1c\x1c\x1c\x1c\
\x1c\x1c\x1c\x1c\x1c\x1c\x0c\x00\x13\x01\x04\x00\xfb\xd0\xe2\xbe\
P\x87\x18\xe0\x0e4d\xa6\xad\x0b\xf1\x18,\xd0\xaa\xb0\
\x9eOH\xf8\xc3>3E\x90\x89\x98\xc1\x8b\x18\xb1\x1c\
\xc2\xdeU\x9e)\x04t+\xa0\xe9\x03\x82H\x08\xfc\x0d\
t\xe4n$T\xdc\xa9\xc3\x82\xf4P\xe2j\x9c\xf8\xc9\
\xc1x\x94\x89zv$jED\x88\x8f\x80W\xbfh\
\x99x\xfa/\x12\x10\xa9\xcd\xe1\xb5C\x1f(\xf7\xc4\xc3\
;\x08\x04\xb0\xbc\xd5\xebO\x87\xfd\x00\x09\x9e\xc9\xe1j\
,+\xc4YU\x91!\x1d\xb9E\x8e\xa0\xa39\xf7\xe9\
\x91\xc4HZ\xe14V,\x1b\x09\x0f\xd3\xa3D\xeb\xee\
d:{R\x81j\x92\xc5\xcf1h\xcf2\x80\x9d-\
e\xfbH\x9fU\x1d\xdbW\x95E\x83\xec\x8fwu\x1a\
\xf2\x8b\x02MI\xbd\x84\x94\x1aI\xd0\xb5\xc6\x88[0\
]\xbb]?i[\xb5O\xc5\x0a_\xd1'\xaa9T\
\xf8\xff\xa2K\xd8\x08q\x5c\xfb\xe2\xe9}w\xe2\x98\x8a\
\xd3\xbf`\xd3\xf8L\x84\xfdV\xf7S\x86\xc0\x9cC\xa2\
\xbazlG'\xaf\x9b\x15\xeb\x06I\xb1\x8e\xe0\xcd\x12\
l\x86\xf9\xff,\xcfL\xf8\x98\x96\xde\xff\x93\xc7\xfb\xdc\
\xe4\x1b\x97#\xdbz\xb2\x94\xf7\xfe\xc1\xdc~\x1bH\xb6\
\xfe_\xac\xdd\xd0\xceX\xa6\xd2\x1b\xe5qG\xaeS\x1e\
\xfd7\xa7oQN\xb7\xbf\x14\xa5I\xfb\x0c\xf7\xcd\xb6\
4s\xe1\xedL\xbf\x07\xfb\x09E\x7f\xb2\xffg\xff\xff\
\xdd\xfe\x0f\xd7l/\xf6\x7f\xac\xff\xed\xfe\xff\xd4s\x5c\
\xae\x95\xfa\x0cf\xdbS\xc6\x1aT\xd7\x17\xea\xc6\xd4\xf6\
\x14\x93M\x85Q8\x9f\xfccD~\xb4]S\xd4\xe7\
\x1b~\xa8\xad\x1e\xcb\xa0\x8f\xea9{ppppp\
ppppp\x90q\x95\xa9J\xe8|\xc0\x84\xdf\x9a\
4\xb2\x80\xfd\xe3\x16H\xa8%\x22:Rh\xfd\x80\xcc\
\x1d\x00\xcc\x1fI\xfaQA\x18`\x18Ik\x06\x85\x0b\
\xfe@\x92y=*K\x96=\xbe\xac\x11\xbf\x12d\xc7\
\xe0l\x97\xce@\x9eE\x82\xe8\x0a\x01\xa0\xfe\xa1\x9cD\
\xc4\xb2'E\xab\x804\x92~Op'W)\x07Y\
\xcf\xe4b\xdd\x17\xfc\xa0\xb3z\xefI;\xc8{\x90\xe7\
1I\xb0\x0d\x81\x15\xc7\xc2\xfaS\x9f\xe5[\x94\xa5w\
\x84\x86\xbe>\x9dd\xab\xed\x83gk>\x103Z^\
\xe5\xa5\xd4\x92\x9c\xce}S\xd9\xdc\x91\x18\xcbs\x17Y\
\xe5e\xf8v@yr\xd4\x14Q\xe3\xff\x91P\xfd|\
\xfc\xf9\xe9\xbf\xcel\xe4\xb9Y\xc70\x87\xda\xbe\x13\xb3\
C\xff\xfb\xfc\x98(\xf6\x92\x12?\x92\x96\x95\xca\xff9\
\xa4\xc3\xfb8\x87\xc1\xffM\x97\xea3\xdf\xd1\xbaH\xe2\
\xadu\x03\xc9\xab`sL{Z\x0d\xcc\xff\xfd\xdc\xd0\
52\xaeAK/\xa61\xa75\x84\x93\x05\xa8\xd3\xeb\
\x8f`\xe8+\xfd\x9c\x11\xe64\xa4\xfa:\xd9\x8e\xec\xff\
\xa3\x5c:\x09\x1eu\x0bj\xa2\xa6\xac\x9ejn\x8b\xd5\
k*\xd9\x18F\x82\x92v:\xb5\x1d\xa5-;;\xfd\
{\xb7f\xc9~\xdd\xebn\xb2ve\xf6\xabf]G\
\xed\xc1\x1f\xf8\xec\xca\xb7s\xe8\xa1^*o\x9f\xdc\x9e\
\x1c\xcb\xe1\xabO\x97b\xff\xf7s\xb8#\x80u\xdd\x8f\
\xe3\xf1\xfb\xfd\xff\x1d\x9en\x98{\x995i>\xde2\
^\x22\xa2\x06x\x072g9\xbb\xaa\x93Uf\xc9\x9b\
\xd7^\xa8\xbf\x96m\xd2\xb4\xa8[\x9eByp\x7f\xb7\
N\x8c\xeb\xd8Yc-\xdb\xbc\x0cM~\x10\xe4i\xdb\
~3\x0e\x07\x07\x07\x07\x07\x07\x07\x07\x07\x07\xffF\xac\
\x08\xfc\xbe\xeef \x130\x06\x89\xd7\xd6zq\xceu\
\xa0Z\xc6\xe3\x10\xec\xae\x8f+\x80W\x1b<!\xb8N\
\xa7\x80=\x16\x9f[\xa0n\xd7\xfeu\x10\xa0\xc1\x22\x96\
\xa8\x88&\x0b\xb4|p\xbel)\xda\x8a\x18\xc13e\
\xfd\xa1\x9e\xd7\xb5rR\xb0[\x057\x0cr>_\xaf\
E\xb9Io\x17\x14\x15\x04b\x17hGT\xa7\x01\xdf\
\x10\xb5\xd8\xee*\xd0\xd7rC\xe2^'\x12\xa4U~\
UV\x892\xb4\xa7\x93\x1f\xf3wx\x22@\xab\xb6*\
\x01\xf6\x19\xf3\xcf\x18\xc6\xf9Qi\xa9\xc6\x88\xb9\x22\xe2\
\xae\xbd~\x11'\xaf#=Pf\x05\x7f3\xc8%\xc2\
\xcd\x96\xe0\xcbP&\x92\xa7\xaa\xdb+\xa1\x82|\xe1\x86\
\x0c\x8a\x00\xc9A\x8f\xb3\x07d`\xdb\xb5}\xfe\xd5\xdb\
\x16iW\x01\xf2,{\xac\xc9\x19z\xae\xb5\xd6\xd8x\
\x5c\xeeur\xe2a]\xe4\x957\xfc\x9f\x9d\x9d\xa9M\
D\xbe\x8f\xc9\xfb\x19S\xf6\x0d\xca\xb3\x8a\xcc\xd7r\xee\
\xe2\xdc]\x0d\x93\xae\xa7\xda\xd7s\xe2\xa5~\x16\xf2\x9d\
Ox[A\xe5W\xfe\x0f\xda\x0aBVeb\xbfh\
\x7f \xa9_\x8dm\xf4\x7f\xdez\x82\xd5\xc1\x1fKE\
[w\xeb\x95\xfa?\xae\xebV\xb6\x9e\xe7\xfaj\xfa\xe2\
\x1c\xea\xf4\xd7\xa4o\xe7\xff;\x18a\xa9\xfa-\xed\xda\
\xf8[w\xd3k\xe8\xeemws\xf6\x95\xff\xef\xf3\x9f\
\xfd_\xcaW_\xdfZ\x19\xfd\xbf\x83\xed\x83W\xdb\x8e\
\xdd\xfe\x9f\xfd\x1f\xed\xa1R^H-\xd3\xdf\xed\xff\xe2\
\xfdI\xc7=\xc8_s\x91\xfc~\xab\xd7\x97\xba\xae\x99\
\x8c\xb1\x17\x0e\xb7\x84=C\xff$\xda\xe0}77\x1d\
|h\x8d\x93o[\xbc\xbe\xf3-`G\xa3g\x849\
\xf9\xc2_\x0e\x0e\x0e\x0e\x0e\x0e\x0e\x0e\x0e\x0e\x0e&\x01\
=\x82\x02\xf8*+\x8b\xbb\x86\xbf\xc3\x83\x15kA\xf0\
!\x9e\x98P\xd8{\x0d!\xe0\xb3qB\x10\xbe\xe8;\
Oj\x07~6\x04\xd3\x02\xf20h\x94\x143\xac\x1f\
\x9dQ\x1d\xab~&\x1bL\xf7\xfb\xa0\xa2\x0aD2q\
F)O*V\xab(7?8\xf2\xc6\x1399p\
\xeeHVO\x90\xed\xc9\x86\x8e\x84\xb5dv\x84@u\
\xfaK\x81\xcf\xa2F\x22\xaa\xd2\x93\xa8\xa9\x22P\xc7*\
\xbb6,[\xc2\xe7H\xba \xf4\x14^\xd7\xfe\xce\xd0\
\xf6\xa4\x1d{\x22o\xddpY\x012\xb5\xe48\x11\x97\
\xf2y$Dm\x89DY\xc4\xca\xb2\xe7J$T\xd5\
\x06w>\xb0\xe8\x8bD~7$\x97\xb3\x17\xeae\xa2\
\xd3\x8f\x8b\xba\xf5\xa2#Ej\xb2\x00\xfb\xb6 \xc5\x95\
\x06\xe9\xc6\xd2\xe6\x92'y\xbc\x9f\xc4\xdc\xda\x06%\xd0\
\x98\xf0Q\x0a\xb9V\xef\xff\x1e\xd1\x7fu\xec\xcc\xff+\
\x9f\x03\xfb\x81$S\xe2\xd8l\x0c\xb6\x83\x95+E\x84\
<\x19\x1c\xd7z\xa6j\xedY7 \xb4\x9d4\xc9\xb2\
\xe4\xff\xb9\x9d\x04\xbaT\xaf\x9eV'\xb0\x19I\xa8\xfb\
3\x99E\x14\xca\x12\xf9\xb2\x9a\xbe\xa8\xb2p#@O\
\xe1?\x91\xd0=)\x19\xe6;\xd7s\x0be|\xeb\xff\
\xd5\xe7Q\x9fJ\xff'\xb0\xa7\xf2\xff5\xce\xcd\x1aV\
\xf9\xbf\xb7\xa5\xb7\xcbyz\xb1\xfeB\xcdv]\x16`\
\x1a\xe3\x5c\x886T\xfd\xb2\xf3\x7f\x9d\xe7\xd4\xc8\xddC\
\xfe\xe2\xfe\x0f\xfa\xa9\xf2\x7f\xdc\xffk\x82\xde}Nk\
2S4g\xbf\xff\xc3\xfa\xbb\xac\xa2t-\xb5$\xac\
5/\xb7\xcf\x9eE\x8d7\xa2)\x95\xa3\x8a\xce\xc6\xfd\
r\xb6\xc1dQrzw;\x8a\xd5R\xed\x97\x91\xc6\
\xb1\x08\xbc\x91)A\x98\xbc\xf0\xb5\xacy\xff\xd2\xf7\x07\
\x07\x07\x07\x07\x07\x07\x07\x07\x07\x07{\xdcl\xc4\x22n\
\xf5\x22\x1dN\xa1,\xe2ge{\x12l\x05\x07\xae\x8a\
\x04\xd2\xc2\x08\x80\xea\xe4\x9b\xbdc\xa2&{\x04-\x94\
3\x1d\x119\xff\x896I\x0cbdE\x22\x18D|\
\x83\x8a\xdcu\x965\x81\x09\x12\x02\x1d\xd9\xb0N\xb8]\
\xf9\xc7\xc2*B!\xcaG\x92\xca\x95+\x02x\xda\x10\
+-\xf1XE}\xd4\x04\xc1 \xb3#b\xd8O\x1e\
*\xa9\x89\x07\x02$\x96\x89d\xad\x06\xf4\x18\xb4\xc7\xb2\
\x15\x19\x14e\x99\xbc\xe79\x13\xeb\xefn\x18\xa0\xee\xdd\
|\xc4\x9e\xaf\xe6NEJ\x18}P\xf47\x22\x11\x0e\
\x95\xe6@I\x94\xe4\x8b\x96\x0fd\x91\xcbcH\xf56\
\x10\xd8\x8b\xe4n5\x1f\x8d$\xb9\x0b-B\xf1\xf3z\
\x01)\xebIF\xb3\xe1\x93W\x9d\xd8\x8e-\x07\xfac\
\xc9D\x19\xb1=\xccU\xde\x93\xff\x13\xd4\xf5\xfe\xcfS\
\xe9{\xff\x1f}\xe6\xd3QZ\xf6al\xdb\xe8\xc7+\
\xfbQ\xeb\xff\xf5M0\x8e\xb6\xe3ldv\xf5\xb0\xae\
Y\x84\xfd\xed\xdb\x99\xca)\x01\x96*\xd8Z\x0f<&\
\x81RW\xa7\xf3\x7fhM\xe3'8S\x9e\xfc\xdf~\
(R\xf3|\xff>#\x8e\x8d\xca\xdb\x91\x9f\xbb\xf48\
W\xdf\xc0\xf7\x95oo%\xad'\xea\xd0_j\xf9\xb5\
\xffKY\x16_\xb7{\xbc\x12\xbb\xd4\xd9\xd5U\xdb]\
\xd3\xd0\x17\xfb?\xb5u\xe3\xfe\xefo(\xf86b\xdd\
n\xff\x7fK\x92\xc6\xfd_\xc2#\xc9\xfc\xb5\x14*\xd7\
\xfa\xf7J\x9f\xfd\xfaNF\x9b\xfcki\xcb\xaao\x84\
\xb7\xac:\xfac\xb8~\x8d\xc0\xdf\x1aA\x9f\x5c\xfe\x17\
\xe6\xb9\xcc\x1f3\xd1\x9b\x1cz\xfd\xcb\xe2mp\xd7\xc5\
\xd4\xadY\x07\x07\x07\x07\x07\x07\x07\x07\x07\x07\x07\x1d\xd6\
\x09h\xbd\xa0'x6\xdf\x00\xaf\x13!\x1a\x7f\xdf\x81\
\x09w![ \x16Ef\xc00\x83\xaa\x15x\xe7\xda\
#H\xf1\x04\x115\xe4\xe0xO.\x0fE*\xd1\xc0\
\xd4\x048z\x82F[[\xc8\x88$\xdbs\xa0\xe1\x09\
\x95R\xad\xd4_\xa9\xad\x02\x9a\xeet\x93\xb75k\xc1\
 \xb4\xb2\x10\xdfU\xa4mGpE\xfdo\xd0\x8es\
a\x97\x120\x15\x981\xc8\xacI\x1a\x0c\xb2\xd9&G\
\x08\xa8{\xb2\xa4\xfa\x1c\xe5\xaa\xb5o\x88\xa2\x8e\xd0V\
\xbb\xa2\x0e\xab\xd3?R!\x7fnH\x0c\xf7j\x04\x5c\
%K\xc9\xbb\x9a\x08\xc4>[\x95\xa9\xbe\x91\x14\xe6?\
+A@\x14\x7f\xe8\xae\x9cC2\xbf\xa6My|\xf2\
\xdc\x1c$\x1e\xa3,7\x97\xb1\x0e\x91\xefK\xce\xef\xc4\
\x9e/\x1d=\xd2\xcf\xbd(+\xc3\xf7ml#\xbd\x9e\
7j\xd3\x05\xe3\xac6\xbar\x95~l\x7fg\x0bE\
\x22]\xc9Qk=\xaee\xa6?\x90\xd2\xe9S5\x8f\
\xbc\xd20\x93\x93\xbe\xaaMk\x9en\xfd\x9fV\x1b\x96\
\xad\x81P\xc39\x94\xec\x83y\x8f6a_.\xfd\xdb\
adr\xcf\x95\xa5\xca\xbf\x8auv\xf6M\x5co\xe2\
\xb8\xc4:D\xd58\xc4\xa6\xd5\xfe\xafy\xb5\xff\xd3\x97\
df}\x83\xa5#\xf5{\x1b\xf6\xfe\xcf\xd4\xef\x8b\xfa\
\xbe\xda\xcfZHx\xc5\x16\xed\xd6\xaceM._\xaa\
\x91\xe7\x1b\xde\xdf\xed\xff\xb5\xbd\x8b\x84\xce\xd6Q\xe7\x9f\
\xbf\xdf\xffuL\x16\x15\xac5\xc2\xf5\x94\xb5C\xd7\xf8\
t\x8a\x9az\xff\x9f\x95\x83\xff\xf3\xd2\xc7\xf6v\xae\xf9\
2\xf7\x7f\x93\xb1\xd60\xbc\xce\x9d\xd7\x82\xea\xb2\x12\x1e\
-\xc7Z\xce\xd9C\xd6\x967\xf3\xeb\xe0\xe0\xe0\xe0\xe0\
\xe0\xe0\xe0\xe0\xe0\xe0\x9fk\xe7\xff\xf3\xbf\xeb\xcaz\xc4\
\xc4\xb2\x82\xfcY\x84H\x1f\x931\xdfb\xb0\xa0\xe4\xce\
\xb8\xde\xb7:\x9e\xee\xb9\xc8\xc2Fr\xa4\x18\xab\x8cO\
\xdd\x7f\xde\x5cS\xc6\x85d\xc2\x0am\x84\xf49\xa1`\
\x81\x11dj\xb7\x90\xb3K\xf3\xdd\x09? \x10\xd0*\
\xd79M\xfa\x90!\x81\xd0\xe0X\xe0\x8b\xc0\xe4\xe1$\
\xf6V\x96\x0fN+b\xe1\x83\xfb+\xb0\xeb\xd1\x12\x94\
H\xb9J\x7fm\xd3\xaeW:\xf3kbaK\xd4m\
\xc1\xef\xec-\x02\xf8\xea\x87\xc7Z-\x91h\x09\x84\xd2\
7\xf6\xa2}X\xbb\x1a\xb75?!\xa1\x1b\x87h+\
\x83\xa9v\x12s\xfc\xb8\x9f+\xc7\xf1\xf4/\x05\xfd^\
\x0f\x83\xbd\xf9\x06J\x06o>\xf9\x1c\xec\x1b\xd0\xd7\x90\
\x5c\xdc\x10k8\xaf\xe3\xfc\x8e\xfd./\xfa\xf3\x09\xd1\
\xff\xb9\xc8'\xf6+\xd5\x9dN\xb2mCH\xa5v\xae\
/\xe2\xe6\x8d\xff\x8fg\x8d\x7f\x1e-C\xfc\xcew>\
\xef~\xdau\xa7f\xbe:z\xced\xf7\xa4\xa6\xd5W\
b\xb6\x93\xe6\xeb\xcbF\xa6\xbf\x01\x81uPc\xad\xeb\
\xceYs\x10\x09\xbf~,\xf6\x905'b;\xd0\xc6\
\x95\xc6\xdd\xda\x5c\xebB\x7f\x89\xfd\xf8\xc9\xbb\xc7\x9e\xa2\
\xff7m\xd1\xaaU+\xbe\xda\xd7\xe4EJ-w\xf8\
\xf1\x9b~\xb5y\xea\xdb\xd5\xcb\xde\xb5A\x8aw;{\
\xbb\xb1\xa9\xc6\xfaY^\x91N;{\x83>\xea\xf7\x7f\
\x9e\xfb?\x15\xfdC\xf4\xb4\xff\xeff\xb8'\x99i=\
\xee\x82\xed\xfd\xbc\xae\x9c\x97s7~\xc4~/C\xe6\
\xd7\xeb\xb4\xad^\x12\x90\xd9\xf43>\x7f\xe6\xb3\x08\xcc\
\x91YR\x94D\x9ei\x9f\xc7\xca\xd1\xcfj\x83\xd6\x99\
\x17\xab\xe6/z\x91H\xe8\xf7v\xadDHV\x13Q\
\x5c3\x9eoP\x1c\x1c\x1c\x1c\x1c\x1c\x1c\x1c\x1c\x1c\x1c\
|p\xe9I\x19\xb1\xeb|r\xdc3\xf9P\x8c\x8bw\
[\xe0\x05\xbc\x08\xd5\x829\x058\xce\xa6Uw>\xf7\
\xb4\x89\x90\x99\xabP\xc9\x9e\x19\xa8A\x8a#$g\x19\
_\x83J\x92\x10\xdfW\xa7\xda\xbc-\xef\xfa\xe7)f\
a\xaa\xc8\xb80@\xb3\x8c\xfeE;,P\xd6S\xa8\
\xb3?\x1e\x94w'\xf6\x98k\x02\xed\x8d\x1c-\x1bO\
\xef\xf5\xa7\xab\x96\x14\xca#\x93\xf5\xe0\xa9/\xeb\x0f%\
'\xaf6P\x8f\xf6\xe1\xeb\xd0\x9e\xdb\xae\xbe\x83\xfa\xa3\
\xcd\x98\x86?~V\xdb\xc1\xa9\xce\xe0Q\xdf\xdb\xba\xe4\
\xba\x9b\x0bf\x9f\xcd\x83\xa79\x0a}\x0d\xb2\x99q\x1c\
\x9a\xb9\x0fy\xd9\x87\xa1\x96T:\xad\xac\x08\xd81o\
.5\xf4\x1bi\xbf\x89dY\xb1\xdf\xfd\xe3\x0f\xf6s\
J\xeb\xc0\x87\xbb\xb4\xfe\xd0\xda\xb5n\x88\xf9>\xc1\x1b\
^HXD\xf2y\xef\x83&+\x96\x8b\x8f\x80x\xf6\
\xff1\xff\xd7\xe9\xc1\xc1\xd1,-\xf1O\x89\x98\xca\xce\
x3i\xf9\x17\xd53#\xceq\xb5\x05\xe5\xae\xb5X\
\xac}^G\x0d\xec\x87\xd8O\xa3\xed\xa83\x9e\xc8\xad\
u,\x19n\x7f\xe8\xfd\x9f\x0b\xbfE\x1b\x96\xa5|\xbd\
\xf0\x7f\x9d;`\xdd\x1f\xf9\xbfo3\xae\xbd\xa5\xbd\xab\
\xc5\xe8\xc3\xd1\xff\xdf\xa3\xda;\xbb\xcf>\xaf^;R\
9x_\xf9IL\x8f\xfb\x7f\x8fz\xee\xef\xf7\x7f\x18\
\xb5\xd7\xfb\xff\xc3\x1eL\xf1G3\xa9\xd0\xc7\x8f\xfeO\
a\xdcc\xff\x96\xba=\x8b\x0f\xe9+\xb1\xca\x86<\xf8\
\xe6\x1c$\xe3>b\xe3BT\xdd\x98c\x90Ea\xcd\
\xcb\xf6\xd2\xda'F\x82\x11\xedx\xc3`-V\x852\
&\xbdy\xf0<6\xabI\x22\xaf\xcb\x1e\x1c\x1c\x1c\x1c\
\x1c\x1c\x1c\x1c\x1c\xfc\x9b\x01\xc7A!\xc0\xd0\x93\xcc\x8b\
/\x9e\x01\x808\xcex\xa5\x91\x92\xd8T\x07\x7f\xf9\xbd\
>\xa3\x94\xd6)\x96\xfb\xbd\xa7-\xda\xbal\x14\xc9\xad\
\xf3\xba&\xa1\xb2\x02x\xb4@\xc8E\x1b\x5c\xdb\xb6J\
\xcb\xdb6`\x1d\xff\x81\xe9}\xf0\xd2\x92\x01\x91pb\
{\x86\xe9L)\xeb\xe9I7\x13\x83\x84\xc4\x1a\xd0\x14\
\xacv'\xa7,\x1f~\x08\xec\xa1\x8f*\x88\xd46W\
\xc1q\x94\xb9'v\xcc^\x9e\xe9B\x91\x90\xc9\xf2\xa5\
\xe8_}MA\xbc\xeb;_\x07\xe5y\xa2\xc2\xbfF\
=\xcen\x98\xdb^/Y\xc0<S\xb0\x1f+y\x9e\
\x84\xcdz\xd7+\xd5'\xb1W\xbb\xc0\x86\x9dl\xc7E\
\xa4\xb8~3\xc7\xc4\x8fE$r>\xff]\xcbVJ\
7,P\xfb\xf0\x7fY)W\xb2\xdf\x88!O\x08\xd6\
\xfeo\xa5i\x11\xb6\x5c\x12Ky.\xe1\x8d2,C\
\x0dq\xd2\xcdqi\xfd\xbf\x9e\xb7\x8a\xda\xff\xf3|^\
\x84U\xd1/\xa3\xa2\xab\xe2\xfa\xd4\xcfA\xac\xcfN\x97\
\xfb4\x89Z\x1d\x1f\xdf\xae\xe0\x7f+\xefZc\xcf\xa5\
>l\xa8\xb5\xcb\xdaM\xee\xe6\x8b\x93_\xaco\xb6.\
\x86\x1f=\xa4\x1an\xad\x90\xea\x86i=\x8e\xd8/\xfe\
\xa6N\xa1-0\x85o\xfc\x1f}Ae>\xddt\xaa\
o0\x88['t\x0ev\xf5s^\xef\xff\x91\x08~\
Z\xe3\xdbu\x9b\xfc\x0f\xdcZ\xd9\xbd\xbf\xc5\xf7h\xd7\
\x9f\xd4Y\xfe\xf6n\xfb\x7f\xed\xff\xf4G\xfe?\xdf\x87\
zX\xf5\xcd\xfacy+\xd5]\xc7e\x14u\xd8\xcf\
/\x9a\xd3u\xec\xdb\xfd\x9elm\xe0ps\x0cON\
38\xd6X\x0f(\xf9\xbf\xe5\x03;=\xfd\x06|Z\
B;\x8a)\xd5\xf9\xd2\xc1\xc1\xc1\xc1\xc1\xc1\xc1\xc1\xc1\
\xc1A\x8d\xab\x0b\x80F\xe2\xf8c\xb9H/\xc2W \
\x08\xc4\xae\xc6\xc4\xfe\xd4\xa5\xff\xba\xb3\x12\x81\x1a(`\
\xde:\x0dC\xf9\xeb\x9c\xc9\xa4\x82\x1cD\x8e%\xe6\x1a\
a\x81\x22c\xc0\xd8\xc9\xef\x03\x0c\x0b\x06s\x90\x1d\x83\
\xeb\xfe\x84\xcc&\x98\xe5|\xd6g\x91F!\x90\xdf\xc1\
\x08\x9dLDE\x19hg\x9e\x0f\xfe\xdcyw\x9a\xad\
kg5\xcf\x90\xd8\xd8\xcb\xa4G\xac~'#%,\
=\x97\x8f\xe3R\xbd.[\x03I\x86\xe5P?\xbe\xba\
\x1f\x90\x82\x9b\x12\xfd\x09\xba\x22\xc2\x0d\xb2?u\xd3\x0f\
SBM&j\x08\x12\xfcPk\xf1v\xf8w%i\
\xeb\xd86%!\xac\x0d\x89Tr\x84\xc0\x9e\x98vv\
Qe'\xf6\x15/2!\xb6\x9f\x13\xf1\x5c\xcc\x85\xd6\
\xff\x81\x9c\x85W\x959x\xc1\xec+\xd9\xffG\x9b\x9e\
O:j\xbfR\x96\x09m\xe8\xfc?\xda\x8a\xf6<A\
IMk\x93\x91\xd3L\xf1\xb6 \x95\x04\xae\xf7\x1f?\
F8.y}\xe5\xe7\xb1\x11,\x8f\xaf\xf6\xde\xfc\x7f\
\xde\xbcp\xfe/\xc1z^\xe3B\xc9\xefM\xb5\xb3\xf9\
\xe3{\x1c\xea\xa3\x15a\xfe\xa1\x9f\xfa\xf5\xb5.\x1f\xa4\
%\xd9j\x94\xc9e\x8a\xfdLD\x1b\x82t\xbf\x96\x96\
\x040\xce\xbbP.\x92\xae\xd5\xbctn-\xfe\xcd\xd5\
\xf8\xff\x9b\xfd,Ad;\xbfp\xbd\xe9\xf6\x98(\x1f\
\xff\xad\xd0\xed\x95\xe6\xfff[\xbf\xffG\xb0\x9b\x1f)\
w\xbb\xff\xef\xf7\x0e-\x11f\x96\x9a\xb8d\xd5\xfb\x7f\
7\xa7\xc6\xba?\xd6\x8d;\xb5m\xe7\xdaJG\xed%\
\x97\xdd\x9eR\xcf\x05[SF!\x94\x81~\x84\xba\x97\
\x9fp\xfd\xed\xb1\xb5\xffk\x99\x99\xa5\x07)\x90\xe4\xe6\
\x99\xde\xfd\x08\xe1\xc1\xc1\xc1\xc1\xc1\xc1\xc1\xc1\xc1\xc1\xc1\
;\x5c\x8b(v$\xd2\xa4\x1b\xd7u;\x10\x01w\xc1\
\x99\x0cAE\xa2K\x19\x9e\x9f\xc7F2\x8cW\xfcj\
$\xca0\x99\xddS\x075@\xa8\xd2\xadV\x1f\xd4\x1b\
\xd9\xfd.\xd8\x8d\x816\xe6\xc5\x93W\xc3nO\x5ch\
\xb9\xce\x1e\x94\x87\xaf\xb4\xb1mgw\x0a\x5c\x83\xcdX\
\xbf\x22C{\x02\xb3\xb6\xf7Q\xff\xa0^\xb3\xce\x87\xba\
\xef\x02\xf6\x1c\xfcc})\xc8Nl\xb3\xfeU\xe4\xb9\
;\x05U\xd8\x12\xdbY\x12\xd8\x14\xa8\xb2D\x1e\xac\x1c\
\x14\xb4\xea\xa1oj;*[\x87\xecq\x93H$\xf7\
\x09O\xc7b\xaa\xf5+\xd9\xf8\x81\x9et\xcdA{\x1e\
W#\xa5\x88\xaa\xf9\x11\xfbZ\xdf\xe3+\xca\xb7\xd3\xc6\
\x15\x0a\xb2\x8dtv\x11\x10\x89D\xb5\xbdf\xd7(\xa8\
\x859\xfd\xa7R\xdf\xf8\x7f\xb5L\xe1Zw\xff]W\
\xa1%\xe8d\x82\xf6\xf3\x22\xec#\xf9\x1d\xf3R\x19\xf6\
\xed\xc0\xfe\xd0\xbc\xdf\xfb?\x07Y\xb8\x15T\xe3j\xf5\
\x90\xe4\xca\xd2|\xbfa\xf9(\x09Z3\xed\xa0\xd0\xef\
j4\x91\xdel\xb9\x1e\xfc_\xcb\xa9\xcfj~\xb4\x99\
\x92\xad\x96\x22@\x963\xe9#I\xb2O<\xb5\x11\x09\
\xc5\xe1\xcb\x97\xad%\xad\xff\xf7\xa7\x89\xa3N\xd7Ea\
\xfc\xf1}\xf4\xff\xddj\xdc\x91\xa5n}ax?\xde\
\xbc\x94\xd5\xfb\xb2\xc2\xfb\xbft%\x9c\xfc\x8e\x14\xc65\
E\xc9\xd5%\xe5\xc5\xfe\x8f:x\x5cP5\xfb\xff\xa6\
\x0e\x15\xeb;\xd5vtr:\x9bg\xa2\xcb{\xf6\x7f\
]'\xa3\x9e\xdd\xbe\xe8=\xdc\xfb\x12w\xc6\x07\x9d\x8b\
f\xce\xa7\xa3\x89w\xd5\xefgL\xeb5\xa1\xd9$\xd9\
\xff\x872\x1a\x97\xbb\xd36\xf5\xe1uB[\xd0\xf1\xff\
\xf9_\xee\xbf\xb7\xd7(\x07\x07\x07\x07\x07\x07\x07\x07\x07\
\x07\x07\x03\x97\x05\xb52O\xb2 #\xcc\xe4\x8e\xbd\xce\
xB\xf4\x14\x0a\x923p\xaae&\x0cY\x10\xdc\xaf\
\xb2\xa8\x87B\xe0\xb8\x88\x83\x18`\xd4\x84\x98\xea\xbd\xbf\
\x86?\x89\x11\xfc\x11\x9c\x18\xe8\xa3^\x0b\xb8\xbcm\xaa\
\xa3;\x1d\x85\xb2\x22IE\x10\xd8\xea\xd7a#)P\
!\x92\x1c] J\xf4\x1c\xf4t\x81\xd1\xe7\x87u\x88\
r\xb0\xfb\x04\x9e\x918?\x95\x01\xfd>\xe8\xa3-\x99\
W\xcb\xbb\x12\xf1]\xd5Y_9\x96]0\xfc.-\
\x06\xe8C{>\xd1^\xd9\xb3nl\x80\xcd\xfb~6\
\xa7r\xa4RA\x06qG\xa0\x11\x01\xd1\xd8\x04\xc4\x8b\
\xac,,`\xf5E\xf5\x94\xfa\xb4((_~\xefI\
g.\xf5\xa2/g\xffG\xfb\xc8\x91\x22olpd\
\x08\xe9\x89\xb7\x1d\x81bz\x8cK\xb86\x84\xcd\xce\xff\
u.\xa8o\xc0z\xb5\xda\xfc\xcf\xcb\x0f\xf6\xd7\x83\xaf\
\x85\xa1\xeb\xfd\xff\x19i-![\x83E\xd7=\xe2\xfb\
\xf9\xd5V\xaaGZ\xe3\x82dG\xa0\x0f\x03\xca\xf5\x00\
\x89\xec\xe8\xdb\x5c\xea\xa4\xd4.[U\xac\x8f\xe3\x1a\x8f\
2\x9c\x8d\xf4\xbd\xff\x13\xf9\x9b:~.e\x19.\xff\
\xc5:\x8br*\xf28\xd5\x072:\xdaXs\xaf\xfd\
\xba\xad\xe3\xfan]\xf6$\xe2\x9b\xfd\x0co\x02\xa6=\
\x18\xd7\xbc\xf0\xba\x9b\xf3\x1di|]W\xd1/Z\xa7\
\xae_\x11\xaeq\x9drz^\xec\xfff?\x7f\xe5\xff\
\xddZ\x13}y\x8f\xfd\x9aa\xd7v8\xaf\xfc\xf5O\
)\xb5\xf4\xffX\xc6\xf4\xdbIfY7\x07t\x9d4\
c\xd6?\xee\xd5\x91\xe2x\xad\xb6\x8a\xa1\xcdxc;\
\xd8C\xfef\xcbJ]m\xf6\xe9Z\xc76\x07Yk\
\xf9=\x9a\xa2e\xfa\xf5\xe6\xe0\xe0\xe0\xe0\xe0\xe0\xe0\xe0\
\xe0\xe0`\x8f\xcb]\xf0+X/\xb8\x81\x14&O\xca\
\xdd?\x1dn\xc7\x9af1Y\xe5\xc6\xe1\x9fqA\x1f\
\x09\xc8\x15\x04\x00\x09\xb1\x08\x07\x16\x88\x0f\xb8\xa5(\xd6\
\xe9\x16\x08\xbe\xc7\xa9mO\x1e\x0c\xa2\x19R\xd6i,\
\x0e\xe5f\x87\x5c\xfdi\xaf.\x08[D\x01\xf9\xa0\xb6\
\x0b:\xbb\x80xY,\xbbGa\xf0\xa3m\x99\xc4\xe0\
Wdn\x87>\xb0\x7f\x22\x0a&\xf9\x13\xfa\x03\xc9\x99\
^c\xaf\xf3]P\xfe\x1c\xae\xb75\xaf\xf0\x0c\xd8\x82\
\x14\xd2\xf7J\xb2Xlom\xac\xfa'\x8e\x13\x929\
\x17\xe8\xed\xbav\x85\xcf\x22\x8f\x04\x09\xf7\xd4\x13\xe1\xd8\
\xe4\x90\xbc&r\x89q<\x19d\xa9\xd1\xe4\x88>\xfd\
\xf3D\x0d\xdb\xf3\x84\x85\x1c\x19\xa2\xe5j\x92\xc0\xa7X\
\xdb{\xf2mY\xe8\xc6\xec\xda\x92A\xfe\xb4\xa2?a\
\xec\x08G*\x88B\xe2\x97\xfe_\x11~\x5c\xb6\x87K\
\x92x\xef\x8bq=\xd2|<1\x1d\xf5\xda\xed\x8c\xd0\
f\xcd}\xf0\x7fv\xf3!|\x1d^\xe7X\xe9G0\
\x17\xdd'r\x8f\xbc\xd0\xb2\xda7\xf5\xaaX\xcf\x9b=\
\x18Z0\xa5\x84\x13\xab8\x1f\xd5_\xe6\x87\xe5\x87\xba\
\xbef\xb2\x98\x09=,\xfb\xffr\x81\xe0\xffH\xce\x15\
m\x92\xe7\xe7\x01W\xad\xf4=\xdc\xd7\xc9k\x09\xc1v\
\xffn\x0f\xf2\xfeOyO\x93\xf8\xc3x\xf9Q\x1e\xde\
\x82Z\xd7\x13i\x1d\xe7\xdd\x1b\xff\x0f\xbd\x94t\xbe\x91\
\xdf\xa9y\x22\xfc\xab\xfd\xe4\x09z=T\xd9c\xf93\
M\x95|\x01\xae\xa7`\x99'A\x1fM2zn\xfc\
`D\xdeC\xdc\xda\x93\xd6\x08\x82y\xcfN\x1fev\
\x1b\xca<\x90\xe7Zf\x18\x9e\xc8r\x93bd\xf77\
s\xea\xe0\xe0\xe0\xe0\xe0\xe0\xe0\xe0\xe0\xe0`\xa0\xfc\x11\
Bw0\x85C\xba\xc0\x07`\x02\x18\x82\xef\xc7\xe0y\
\xe6\xd95\xbb\xc0\xe7M\xa4\xb3\x08\xae\xba\xec8\xc1\xe2\
h\xaa\xf5\x15NO\x02\xc4\xd0\xc4\x02\x96A\xd4\x80L\
8%\x16\xbfJ\xebb8\x11\x17xUAq$\x81\
U>\x11\x95d\x82\x042\xdd\xc7t\xb5\x1c4\x0c\xc9\
\x8ctB\x0f\xc8\x81\x0a]|\xda\x11\xdd\xd9\x96]\xde\
\xc8\xed\x03\xf1\x9a\xb8\x8d\xa4\xc6\x1d,nN\xbe\xbd\x05\
\xf6\xcf\xb8\xb92\xde\xbd\x81\xde\xd0\xc0v\x11\xcc\x81Z\
O&\x08\x08\xeaYz&\xf3\x90\xb0}\xd3\xe6\x1d\xd9\
\xd1\x8f\x12\x95\xe58\x10\x06\xe9\xa4\xed\x22\x96:9y\
\xceF_C\xf9f\xb8\xce\x17\x0a\xe4.?\xeb .\
H@z$\xd1\x90\x04\x19sM\x09B\xd0P\xf4\xed\
Z\xaa$\xfb\x10\x92\xe6\xe4\xda\xcc\x89TQr\xd2\x95\
\x87y\xa9\x8f\x5c\xf1\x9f\x93Y\xa4\xeb\x86\xf9\xbf\xc9\xd7\
S\x86U\xaf#a\xdd\xdb\xd0\xfbxMd\xfb:O\
D\x1c\xda\xa4m0\xff\x1fi\xd7\x17\xfe\xdf\xd9\x84\xfe\
\x7fk\x14\xa1nv\xe1\xab\xea\x8d\xbehs \xaf\xff\
\xf5\xbam'\xc7\xc5\xa5\x0f-87\xf8\x0f\xfc?/\
\xeao\xbc\x1fK\xfb^ysj\x17k\xd3k\xff\xf7\
@\xdf\xf2\xfe_k\xa1\x87\x1c?\xde\xb5.\xb4Io\
2\xe6\xfd\xbf\xf2\x7f\xdc\xff\xf7\xb2U~\xad\xb7\xde?\
b\xbd\xeas\xa57\xe9y\xdc\xffw\xd7\x05\x1cl\xa7\
\xc6\x16N\xe3\x11\xb7;Y'\x99\xa9\xc4\xd4@\xea\x02\
\xba\xdf\xea\x9a\x9c\xf7\x03\xb7\x8a\x81\x84$\x14JI\xf6\
7\xael)V\x04\xde|\xfb\xe8\xe0\xe0\xe0\xe0\xe0\xe0\
\xe0\xe0\xe0\xe0\xc0\xe1jI\x1f\xa2E\xde:\x1aWO\
\x87pQG2\xf9\xe1>qEBa9\xa6\xea4\
\x0d\x85\xa0\x93\xc9\x07[z\xc0F\x13\x904Y\x01\x8c\
\x9ep1\xa9d\x9a\xe1y\xd5\x94\xcb\xdc$\x07\xc7\xe7\
oz\x02G\x83\xe9\xee$\x97\x9e\x02C\xb2\xd2\xf7\xc3\
\x0cd\xa8&5\xb0\x8c\xd9P#\x07\xf6hC\x1f\xb8\
R\xaa\xc3Dmp\xe9\xc9l\xc46\x98\x94\xfe\xc7\x9b\
<\xfa\xf6\xadv\xcc\xfe\xcf\xf6\xf54\x84\xd6\x8fu\xc4\
\xcd\x9b\xb7\xa8\x82\xde\x07bn\x12\x85Ft\x92{\xad\
\x88K$\xb7\x19\xca\xd4j\x86\x0e\x06\x92\xc0\xddth\
\xdbX\xb4Ed\xe9\x8b\xb6LM\xf0\xba'\x9f\xf4\xe6\
P&$\xd8\xe9\xd6\xfeq\xa9\x5c\x95\x05\x1b\xc1\x0f\x85\
\x22q\x0ah\xa7\x14\x93=\xaa\x04N\xc2\xea_\xe9\xff\
\xda\xb7h\x9b\xadE\xe6\xbfS\x9eD\xbf\xf6mI\xe3\
\xc4vR\xdc\xfaa\x08g\x8a\xfd\x8c\xb3\x88S?\xa1\
/G\xff\xd8\xcdUm+\x8c\x0ey\xa2\xb6\x96!%\
\xd1i\xfdP\xd5\xcb}\xc2\xa1\xb6\x97\xefnDa\xb9\
8\x9f\x8ay\x10\xc9\xf5L\xc4a\xfd\x0e\x5c\xbc\x1b\x9f\
V\x7fG\x89\xb8\xf6K%\xcf\xf7\xcf\xca\xc1>'Z\
\x84W=v\x9c\xfa\xd5\xfb\x7f\xa5\xb7F\xb5\xd7\x5c\x0f\
\xeb\xeb~_zN\xec\xf6\xc6.O\xfba\xd9\xba\xb1\
n\xc7\x11\xee\xec\x1e\xfb?5\xfe/\xc9\xc6\xbc\xffW\
\xfe\x9f\xdb\x18\xfd\x1fo*-\x1d\xdb\xfd_\xfd?\xcb\
\xd6:\xb8\x97X^\x1eS\xac\xe3\xd3\xed\xbd\xe6\xado\
\xb4\xb8o\xcc\x8d7\xe8\x9d\x9f\xff\x84\xb0\xff\xc8\xf6\x0e\
}\xcfN\xc0\xaa\x89\x12\xd7\x8d\x88\xd9\x1d\xdc\xd8\xd7\xf9\
o\xd5w\x92&\x0e\xfbeu\xbe\x0a\xb4\xad[;\x0f\
\x0e\x0e\x0e\x0e\x0e\x0e\x0e\x0e\x0e\x0ej\xdc\x11N\x0e\xc0\
\x07\x94\xe8X\x81\x83\xfe\xf0\xca\x9d\xa1\x01J\xa8\xc31\
\xe0\xa1\x15\xbcU1\x93O\x8b\xcf\xf4\x93\x10\x8bX\x90\
\xb9\xea\xb1\xab\xed^\xb1\x00\xbb\xc0l\x06<.P\x8f\
\xe2|\xb0\xef\xdb\xc8\xee$\x91\x94$(\xb6\xd1N\xbe\
\xb6\xe4\xac\x06\x9dPGrTT\x12\xc0.?}\xb2\
\xe0R\x7f4\xe9\x89\xc4\xaeN9\xe52\xd2\xbe\x7f\x22\
\xa9\xbb\xf9\xa6\xba\xf5/\xca\x5c'\xd1g?]\x0d!\
\xf1do\xa5\xff\x1b\xf2\xd9\xea\xe6\xc7\x81D=\xbe<\
\x97\xf96\xe6#\x0dO\xday\xa2Z\x09\x06;\x05\x1a\
\xc1*\x08\xd3\x02\x81\xa5\x1d\xdc\xcd\xb1\xa5\x89\xed\xf4\xac\
\x8aL'\x84\x0b\xb2\x0cO\xc69\xa2\xb0 &\x1d\xb9\
M\xba\xdePX\x07l\x0e/\x08\xde\xf8\xb1\xfcp\xeb\
\x05\xde\x19\xc9\xb1\xfec\xa3!\xb7\xf3<\x90\x93\xf8|\
\xf2\xd5GI\xaeY\xbd\x08\xa9\xd9_\xd8\x9aU.\x10\
\xce\xf7\xf8hah\xceMJ\xb1\xaeWs}\xad\xe4\
\xb9\xbf)\xf7\xfe\xd1DxF\xad\xd45\xba\x1b\x0e`\
\xc6\xea\x93E\xaeC\xdd7\xfe\x8f\x84\x7f\xeco\xbf\xe6\
\x82\xcc9\x16\x97#$\xc3\x9fT'\xbas\x9b\xd2<\
n\xc1\xae\x1f\xbd\x0f\xc3\x0d\x08\xb2~1b;\xdel\
\xda\xf7\xad\xce\x93\xcfc\xa0p\x1fH\xf6\xe8cd\xa4\
;\xbd\xeeS\xd2\x18\xbe\xf0\x7f\xad\x97\x08^\xf5\xbb\xf9\
_\xb5\xf7E\xc2\xd3\xd6n\xb5\x0bf\xac\xf8\xd3\xe6q\
o\xaa\xda\x8fc\x10\xdbV\xf5\x07\xda\x86\xba\xd3\x9c,\
\xa0\xfe\xcf\xa1^EB\xd7\xb2\xec\x11$q\x7f\x88u\
\xbc\xdfP\xbb\xff\xf7s\xc3tV\x88\xfb\xbf_\xd7\xea\
\xfd\xbc\xef\x17\xd3\xa57\xce\xb5\xae\xab\x22&GPf\
\xb8\xae\xbb\xfb\x86\xe0q6i\xff\xb7\xf4u#.\xd9\
fk\x9a\xc0\xb5\x22\x11\xea\xab\xe7m\xd9@\xdb\xe6\xd7\
\xeb\x9c\xd9\xffd\xdb\xf5H\xd7G\x07\x07\x07\x07\x07\x07\
\x07\x07\x07\x07\x07\x1e\x97?u\x13\xa2iF\xe2f@\
y\xe1\xf1h\x8e\x10l\x84\xebp\xb6\x18\xd3\x02Q\xb2\
4\x0d\x11\x18\xd2\xd8\x85\xfa\x9cN\xb4\xac\xd3\xd8\x9cx\
!\x0b01x!q\xb69BO\x84|,\x96\x03\
\x89\xfa$\x90OKAp\xfb\xb9\x09zV\x90K\x8d\
\xdc=A\xf0\x16H\x08\xec\x10\x89\xd1\xaeL\xd57u\
\x7f\xfd\xf3\xf9\xe7'\x9c~\xca$\x15\xca\xad\xc8\x81%\
{\xa6\xdb\x8f<\x12\xbc\xf6}\xa5\xbab\xd0\xa8\xa4a\
\x87\xd8\x16$\x88\x91lD=X\xcfn>\x18\xa9r\
m\x88\x8b\xd4\x1fNCaWC\xe6\x81d7\xf5|\
\x1f\xfb\xbe%K!\x82~imk\xfa\xcd\xfat\x12\
e\xac'\xfa\xb4/\xc8\xe9Sr\x86]\x0ag\xbb\x94\
\xb0Z$0\xdar%\x1b\xb1r\x22\x1edGt\xcd\
V,\x99D8\x06l\x89\xe3\x07P\xd9\xdb\xe2\xa4\xb4\
}D&\x1b\xc89\x11\xac\xc7\xb4\xd8+G\xaf\x01\x11\
\xceZ\x9e\xf6\x18\x0b1\x9cX\xf4\xb6\xe49\xcc\xe1\xcf\
\xb7)\xce\x89\xcf\xa7uSH\xbcT\xfcAV\xaf\x83\
\xc8\x08\xec\xdd\xdc\xf4\xf3\xe7\x9e/Af\xbc\x19\x84\xef\
/\xb6\xbe\xd5\xfd\xc8\xb5}\xb3\xe6ER\xcb\xfc??\
\x0a\xca\xefqB8\x87\xd7\xfc\x16\xda\x12\x97\xaa\xefy\
]\xf2ov\xc3\xffv\x8d\x8d\xd8\xf9\xffG\xe1\xb5\xb1\
\xaf\x22\xa2+{ \xb1\x95\x11\xeb\x8d\xb9_\xafE\xb2\
\x91#\xc0n\x22\x19\xbb#\x86\xbb\xfco\xf7\xffZ\x83\
\xb7#\xcbm\xec\xa2z\x0e\xed\xb0\xdf\xff\xa3\xbfU\xf9\
\xb4\x08\xd8{IJ\xed\x82k\xbc\xb0^\x0e\xff\x87v\
\xa2\xfb\xbbu|\xb6+\xad\xa7~M\xb8\xeb\xfd\x88\xab\
oc\x8b\xcc\xb1]/j\x19I\xe4\xf5\xbc\xce\x14*\
\x9cH\xee\x83\x17c\x0b\xc5o\xa8\xd1\xc1\xc1\xc1\xc1\xc1\
\xc1\xc1\xc1\xc1\xc1\xc1\x97\xb8#i\x0c\xca\xf4\xb3\xa3(\
>A\xfb\xbc@\xd7x\xdb\xe2\x0b^\x17\xf5\xf65\xd3\
\x18\x14 \xf4+\x94\xe4\x08\xd7\xcf\x89\x12;\x183\x0a\
\xd8\xa9)\x04\x06e\xe2\xe8\x11\x0dH\xf0\xab\xab\x0cd\
\xb1@\xe0\xefI\x1eJD7\xf6\x05\x96[%4\x88\
\xa7L\x80\xc4\x80r\xa4y\xb9Q\xd6\xees\x85hW\
u\x1a\xe8M\xbd\x9d\xde\xb7\xc1m\x0c\xe64\x0dO~\
\xea\xeb7\xb2Kb\x89=)j'\xae\xea\xc0\xba#\
y\xac@]\xae\xae\xc3\x10\xf4\xfb`\xf8\xa9\x1e~\xd6\
\xd7\xcb\x112\xb1\xce\xd2H-\x09\x11\xfa\xa1\xaa\xbft\
\x87\x1fV\x5c\xd2\x91`\x11#\x80\xbb\xb9p\xcd\xc7{\
x\xc2\x04\xe5]\x8b\x1c\xe2\x95\x19\xfb\xdc\x9f\x08\x16G\
\x0a\x866\x89\x9d\xb8\xc4\xf6\xc4\xf6}\xa0$g\xbc\xb9\
\xa0\x0b\x96\xceG?\x9f.\xf7\x9a\x10HD\xd5x\xdb\
\x7f\x85\xb5\x8e\x96\xaa\xf9\x1e\xc6\xd7\x99\x8cm\xe1\xc6\xff\
\x99\x1c\x0bC\x1d\x117e()\x9a\xa6e\xe87%\
7\x99\x13\xb5\x9c\xfc\xd8\xf9\xc4\x1b\xff\xd0\x9a\xb3Mk\
\x9c9\xf9BI\x12\x06\x19\xd4\xfa\xbf\xb5\xe1c\xd6\xe5\
\xfc\xa9\xee'\xac\x9f\xed`O\x82S\xdd>v\xfe\xaf\
%+\xaf\xb29\xe2\xe89\x8e\xeb\xc0E\xb1?j\xff\
\xaf\xc0/\xfc\xdf\xec\x8b\xcf/&g\xa3\xf9`\xb4U\
\x11\xe5\xbbk\x84b}\xde\x11\xbb\xea\x87\xe3\xda\xc1\xf6\
K\xdc#l\x9f\xde\xed\x13\xde\xc6\xda\xffM\xa7\xf9?\
9{c\x9dh\xeb,\xe0$rAx?\xed\xff\xc1\
\x13\x93\x0d\xf5\xe7\xbd]\xff\xf7\xf6\x7f\x9c\xf3\xb1^\xd4\
\xccs\xf9\xb0\x03\x0a\xba\x0e\xa8\xacv\x5c\x91\x9fv\xfd\
:\xfe\x06A\x8d\x8aQG\xb2\x8c\x80\x0dwe\x97:\
\xd6+\xceu!\x90\xd6\xcf\xfb\x07\xb9\x85\xdc:V\xdd\
088888888888\xd8\x83\xe9?\
\xff\x83\xe1\x18\x91?*9.\xbe\xef\xf7\x83\x85\x8e\xa1\
\x1d\xcfr\x83(\xbaV^$\x13,\xe5\x22\x8e9\x0c\
\xa1\xbf(1R\x97\xd3\xcf\xd7\xad\xd2S\x06vV\xf4\
\x02\x92\x10s}\xd3G@rA@le\x9f\x08=\
\xff\xee\x0d\xf81\x07\xed\xc0\x5c$s1\x90F,\xc2\
o\x922]@\x8dz\xba6j\x0c\xe6\xc8\x06~n\
-\x12\xfc\x99H\xc9\xfa\xbd-\x94\xda\xb9\x93A!'\
\x96\x8f\x9f=qD>\xfd'\xeb|3\xfe\xf8)\xdb\
\xebu\x7f\xc8\x11$X\x22\x81\x18e\x0a\xedg\xda\x22\
R\xb6c\xc3e\xbe\xc4\xf9!>x\xef\x88\xa8\x1d\x19\
6\x85\xbe\x98\xe5ek^\xd5\x8as\xb6\x0e\xfc\x8d\xfc\
|\xc2n\xbe\xd2\x86\xa8!~L\xf8\x1d$\x0c\x84J\
\x0f~Q\x953\xff\xaf\xc7\xd7\x95\xa5A\x1eZ_R\
\x92\xa5z\x97l}\x9f\x8e\x09J2\x7f\xb7^\x08\xe9\
ct\xae\xf5\xbe\xf2{$\xaf\xf6#\xa9$\xd5Z\xfa\
\xc0\xe6\xd9!\x94\x9f\x13\xac\xf8\x94Q\xdf\xac\xfc\xbf\x1e\
\xda,\xc7\xea\x22Qg\xe4\xe5}Z\x1b\xf23\xb1\x19\
%bj\xb3n\xb9\xbd@J\x09~,\xa4H\x835\
X\xb5\x01i\xf7j\xdd\xa7?}\x14\x81\x14\xef2\xbc\
\xff\x13u\xc4_\x5c\x1b:\x99\x22?\xad\xffW\xeb\xbf\
\xf50\xd3\xd3\xac\xec!\xdb\x93\xd051L\xed\xfe\x8f\
\xf3]\xed\xcds\xb1\xd6S\xcfA#|\xeb\xfd\x7f\xac\
\x1e\xb4\xb4\x9b\xff\xa9\xcf\xd9\xa5\x17\xceI#ze\x12\
\xc1c\xfb\x1a~!\xf3\xa2\xe3\x1e\x93\x7f\xfe\xfb\xb9\xd3\
s\xbdq\xff\x0c\xd2d\xdct\xf8Q\xdd\xd3\xa6\xbb\x9f\
V\xb3d\xad\x8b\xe6\x93\xb6\x92\xfd\x7f\xf43.o\xe1\
zP\xe5\x8ck\xdaY\x1f\x0eY\xc8\x8b\xfd\xe5\xe0\xe0\
\xe0\xe0\xe0\xe0\xe0\xe0\xe0\xe0\xc0#\x1d\x8b\xbaO\x98\x90\
\xa7\x8c\x11#\x00\x80O\xc6\x09\xa7rH\x18\xdb\xab\x84\
\x10l\x10*\x22\x96\xdf\xd2Xbo\x04\x0e\xac\xa0\x86\
\xcf\xe7\x9f\x1f\x93\xcfI?[*\xdb\xab@\xc3b\x0c\
\x98\xdb\xd1\xa3#\xc5jy>\xc7\x93\x02\x96\x1bOX\
\xed\xc8\xd4A\x1c\xd3\x16\xd8\xee\x8a`\xbd\x98\x0b\x82\xd8\
\xdb\x10\xdf\xa3\xad\xb1}\xdc\xe8\xef\xc6\xa2z\xad\xeb\xd3\
\xeb2\xf1\x11\x00z\xa2I\x03\xca\x08=1\xd8\x9dv\
\xd4\xbe\xf6e\x10\xbe\x9f\xb4<\x96\xad\xc8\xe7\x957\xf5\
\xb5q\xae\xa0\x0cH\x16\xb35\xf4\xd2\x92\x97\xc6\x87\xd1\
/\xec\xeb\xf9k>\x91'\xabJK\x99\x9bqfh\
M\xb4\x87\xa6MB\xd8\xd0\x5c\x8b\x93n\x9b\x8fj\x83\
y\xba>\x9a\xa1Fh'\xcd\x93\xb3\x22\xcbw\xd6#\
5\xc6bx\x9ft\x1e\xef\x19\x9c\xcb\xdb\x16\xed\xaa5\
\x92\xeb+v\xbd0\xf4\xadv\x0b\xe4\xc3b\xb7\xc6K\
$\xafjl\xed\xda\x19\xe0\xfd\x9f\x82\x15\xec\xd6\x05\xbc\
A4\x12\xa0\xc5\x8bi\x82\x964\xfed\xa6\xf0M>\
\xeb{\xde\xfa\xbf\x8e\xd1\xce\xdf\xc7\xa9{\xfb\x14\xe7\xf4\
H\xfd\xf9\x01\xf2u\xda>\xfcq\xef\xff\xb4\xb9\xc9\xa1\
\x1a\x04\xc6\xc2\xac\x80zp\xc3 \xde\xdc\xc93\xc8C\
O\x1a\xc7^\xf0\x04\xa9\xd7\xf5(\x8f\x9f\xfa\x93\x9a\xbd\
\xa1\x9b\xdf\xfcj\x0d\xeem\xf2\xfb8So;\xd6\xe9\
\xd6\xc7\x9f\xe0\xff\x9d<\xfb\xf6\x03\x17\xeb2\xa5\xcf\xb0\
\xc2\xb4R\x9f\x89In\x1f[\x12o\x0a\xd8{\x9f\xb6\
\xdb\xff\xbd\x9c\xbd\x9en\x8c\x19\xd6\x08\xbf\xff\xe37\xd2\
\xea\xe7\x87\xc3T\xbf\xf3\x92\x95k\x09u+\xf6L3\
\xe2<\xb6E\x0a\xfbM`*\x01\xeb\xc6\xf4\xfb\x1f\xb3\
O\xdb5[A`\xee\x12\xb3\x1e\xd9Cp\xbd\x00\xbf\
{\xb2\xbb>98888888888\xa8\
\xb1~\x84P\xaf\xa3\xef`\x90\xed\xa2[\xe6\xb3\x9e\x1d\
:\xbem\xcaXd\xdb\x8f\x91\xc9\x02'\xc3V8\xad\
d\xd9\x0a\x84\x86\x10=}\xd2\xc3\x82#\x1f\xff\x08\xd5\
\xf1\x00\xb0'Anu\xdao\xb5\xc1\xa5\x05\xc1M\xa0\
Y\x05\x91\xf8\xaa\x7f\x98^\xcbA\xbb\xf7z>\xa8\x1e\
\xe7\xb0CeG\xea\xceB\x9f#/C\xa0\xab}\xb6\
\xfa\x10tQ+\x17Kf\x921\xca\xf2ef\x90(\
\xc5\xc9\xc5`\xbb\xb3\xbfi(\xb6m\x9dXvs\x93\
\x06\xc1\xa32\x0a\xf9O\xc0G>T\xdd\x12)\xa9\x92\
 \x80\xd0\x9d\x9a6(1\xd6\xe5\x0fG'\x7f*\xac\
\xd0c\xc4P\x18k%+I\xc5\x81\x7fk\xf0\xfe#\
\xa15\xbe}\x02$\xba#\xf4@O\x87\xea\xe6\x01\xf7\
\xb3w\xe5\xaf\x12\x8b\x80\x1cs\x81'\xe9\x9c\xfd\x9fK\
\xd2\xdd\x11Vd\xd6\xc6\x1f\x12\xc4qXD\x9b#\xcf\
8X\xe7\x09\x18Z\xfd\x8cZ\x94t\xb5t\xf7Y\xbc\
]\x1cl4JG\xa0-u;\xcd\xb7i\xf5\xcb\xca\
\xc1\xf7\xfa\x99\xd9\xdd\x04!\xda\xfb?1\xbb\x1e\x10\xc7\
\xa5\xdai\x5c_&\xaf\xe1\xe6\xffZ\x0aU\xa0\xff_\
\x9e@\x22\x98\xcb[\xff\xf7\xba\xd0\x86k\xb6\xdb$\x16\
\xcd\x04[\xcc\x8e8\x87\xe2HQ&CK\x0d8N\
`\x85db\x1c\x9f\x93\x8e\xeb+%\xb9/\xc6\x0e\x01\
c\xae6\xfclo\x04\xd5{mmK_\xff\xb7\x04\
\xa0\xbf\x81E/\xf6\x7f\xb3\x8b\x09\x1f\xc3\xe4\xf1v\xff\
gT^ \xb7\x8b\xb7\xf9\x95^\xb48\xc2\x8d\xbd\xbc\
\xb9\x1e\xd1\xb1\x8diq\x1f$GR\xa7v\xaey\xa2\
\xfd<>\x8f\xded\xdd\x96\xe6\xe9\xe8\xd9_\xe4\xd7.\
;\xa1<\xebO\x7f\xc6\xadL`}\xc3\xeb[-\xb7\
\xf6p%\x96\x99\xec\xdb~\xff\xe0\x87\xec\xd1Oc]\
\xc3v\xcf\xb6\xf19\x09}pppppppp\
p\xf0\x0d\xd63\xa0\xddu\xb4\x90]\xe0\xcf\x8bs;\
q9\xcb\xac\x0brv\xf5\x9c<\xbch\xc7\xf0<\xca\
\xc2\xca\x01!F\xa2xR)\x85\xad\xe2\xe5\xe6\xf8\xa0\
\x0b\xdcF\xc0\xf2\xf9\x8c'\xa8;\xfb\xba\xc0\xb7\x0a\xfe\
\xba\x13GW\x134\x22\x99\xf7}\x80\xc3\x9b`\x14J\
ER\x96\xea\x93Y\xbe\xcc3\xbe!\x05\x02\x8f\xeb\xf4\
8\xa2\xe7\xa1\x0f\x1c\xe9\xcdu\xb0}\xe7\x81b~\xa0\
8\xd0\x8eE6\x14\xe4sQ\x93\x1c!\x04\x7fF\xf6\
\x86\xaf}\x17\x84Z/\xbd\x9bw#\xd7\xfe\xd51\xbe\
\xa8\x22 \xeegB\xefH\xd6@\xcc,\xed\x0c\x1a\x1a\
\xa2c\x90\xac\xd2\x92(q\xac\x02]H\xd5\x89\xeb\xc1\
\x13O\xff\x06\xb2\xcd\xb4\x82\x04\x5c\xa4\x22\x81>\x97\xb3\
8\xf7\xb1\xee\xf0\x7foS\xc4U\xe8\x8e\x04*\x91\xd7\
\x11\xfd\x1f\xed\xacN<\xd6\xfe\xff\xec[\x0c\xf3;\xda\
\xb3z\x9c\xafE\xcc\xe8\xeb}\xf2{\xe9\x88\xb6W\xcf\
\xc8\xf6c\xa5dS\x9c3\xd1'\xd0NZ\xbe\xa9\xc4\
\xd0\xcc\x14\xf3\xebx\x13\x84\x9do\xe1M/N7$\
\xd4&\xb0\x90\xaa\xe5\x89\x09\xe7!\x92\x8fD\xf1\xdb\x12\
F>\xb2\xab)\x85D\xd7\xe6\xb0\xaeW\x04\xa7/W\
[I\x94g\x81\xb7i\x96f.|p\xc8\xbe\x9c\xff\
\xc75\xb2_Ow{\x8b\xads\xfbGr\xd4\xb2\x9b\
6\x17$n\xb6%\xb7;\xea\x8a\xe8\xf6\xb5\xe1\xff\x0f\
\xc4\xf9\xaa'\x85\xb9\xb2\xd5U\xfb\x7f\xb7\xff\xe3\xfb\xa6\
\x1dUZ\x92[\xdb\xe4\xec\xa2\xd8\x9f\x94l\xafm\xf0\
\x16\x8c\x9b;\xd4\xc0\x13\xd8\xc4\xf3\x1b9S\x8a[u\
\x05\xbey\x11\xf9\xeb(u\xae#n]_~\x19o\
b\xcf\x9b\x82p\xa1\xe8s\xe77\x0et\xcb\x87\xfaz\
M\xac{\xed!\x9f\x0f\x0e\x0e\x0e\x0e\x0e\x0e\x0e\x0e\x0e\
\xbe\xc3:\x01\x8d\xaf\xf7{\x178S~?/\xc2\xd7\
\x91\x95\xf9\x914\xa0`\x08\xcb!\x88\xd2j\x8e\xc8\x22\
/\xdfH\xa1\xead\x94\x0f\xe8=U\x94\x9f\xaf\xb8\x82\
\x98\xf1\xc1\xabZ\x84\xa0I\xd7:\x1d,\x18\xe9\xf3P\
\xf7\x0ex\x0a)\x06\x84h\x0b\x12\xac\xbb\xd3\x7f\x04\x04\
\x1f\xca\xaaN`Y}\xeb\x87\x98\x87\xc8Ayn\x9b\
kCH\xafeJK\x18wA{\xa5\xff\x15\xe9=\
\xe7\xd5\xc5{\xf2\xb9\x1a\xc3~\xfeD\xa2\xc0\xfa\xbf\x92\
\x83s\xde\xfd(\x18C\xb8,\xf5#O\x98\x90T\xcc\
\x04O\xdf~\x1f\xbd\xf3z\xf5~\xa4\xfd\xbc\xfek\xe5\
\x01MW\x95\x09D\xc0L\xa2\x8a\x18c\x9fJH\xcc\
q\xf0\xc5Jg9W\xc5d\xad\xf2\x91\xf0\x9a\xd9\xde\
\xac~\xcd\xb1\x12l}H\xb9\x1e\xde829\xbe\x95\
\xce\xd4\xad\xff\x93O\xb7;pNZ5\xf7-\x8da\
\xfe\x1a\x99\xebop\xf9z#\x95\x0a\x82\xf3\xc7r\x98\
\xc91\xc5\xb3V\x1c\xd7\xf5\x97\x08\xe9\x81\xe8\xff\xea\x03\
\xc8Dw\xfe\xcfH[I\x7f\xb3\xc3\x1a\x80\xb2\xba\xb9\
MiaG_\x1c{\x1a\x14\x0d\xeb(\x12\xde\xf1F\
$\xf6\xcd\x07\xc3\xff\xf3x\xaf\xb6H\xd6\x81\xbaD\xe8\
\xa5\xffG{\xf3c+\x04\xfc\xdf\xcb\xdb\xf7U\xbbv\
\xd3\xfe&h=\xa6\xba\xb6\x05\x9f\x8f\xfb\xff\x83\xff\xd7\
\xeb\xb7\xa4\xba]\xfd\xaa\x5c\xac\xc3\x9b\xbcwrl\x1d\
\xa7\x97\xfeo>\x5c\xd8\xd3\xfa?\x15\xfe/i\xdf\xd2\
S\xc6hO\x1c\xf7\xb1\xff\x83\xcf\x91\xf7\xff\xb1$p\
 \x80\xad\x0d\xab\xacX\xad\xf1\xdb\x0b\x94\x81s\x80)\
\x5c\xdf\xd8\x1a5\xaeY|{\xabo\xcf\xe9\x8d\xc1n\
-q\xd7\xa8\xac\xe44\xad}RL\xedZ\xfa\xd2M\
\xd4\x17\xfewppppppppp\xf0o\x07\
\xfc\x08\xa1\x05\x09\xfe\xb4 \xaf\x00\xe5\xbe\x80\x87\x00\xc2\
\x05\x9a\x1ax~8mV\xa2\xcb\x82\xca\x0b\x02\x7f$\
\xd3\xee\xcf\x9f\xd3x\xc0\x0a\xf1*s\xad\x80\xf6\x93\xb2\
N\xe8\xb2;\xabF\x16\xee\xb0\x11\x18D\x10\xc8C@\
\xeb\xf4\xfa\xcf!\x97\xaa\xee2\xb9\xb2\x0dl\xf1\xc7\x0d\
\xbbr\x9d\x96dS $3)\xdfK\xea\xeaT\xba\
\xb8\xa8\xa7\xfakY\x9e\x1c\x87B\x0f\x01\x19\xd3#i\
<\x22F\x1bg\x8e\x04\xdfF:\xfb\x1fk\xd2\xcfH\
\xec\xf4j\xc5\x97\x7f\x98\x11\x96#\x99<Ie:\xa5\
\xe4l/\xeb=\x10\x8d9\xbf\xb3\x80C\xdd}\x0bW\
\xbfK7\x0f\xcc\xbeE\xa4\xb3\xf9\xbd\x96\xfd\xf8.P\
\x95\xf4\x06\xba\xf6\xa0-U\xa9h\xaf\x91\x09c\x5c\xba\
\xb2\xb5\xcei3Q\xa2Z\xcc\xff\xc9\x11\xb9\xed\xb8\x80\
\x10\xa1\xdf=.\x80Q!\xc8\x96/d<\xfa\x9a/\
<\xf5\xd1\xba\x9d\x87\xcb\xa4\x04\xee\xc9\xfb\xe5$8I\
r\xd7\xa3\x0ag\x93<\xda,_|\xdd\x1d\xcbz\xff\
\xb7\x1f\x9c\x93\xd2\x22\xafW\xb4\x1f:\xfbH(\xe6\xda\
\xd8\x88\x9bG\x95\x1e\x94c7\xaf\xfc8\x09\x96j\xfc\
\xdf\xc6\xa5\x1a\xe3^\xfb(O[\xe8\x9e\xff\xe9\xbb(\
\x7f\xf7Y\xfb`\xb7g=k6\xb9h\xcbS\xbd\xb8\
\xdf\xc69#\x9b\xba\xaf\x01\xf3\x8b\xa8_\x97\xf7\xfb\xbf\
\xc0\xbfO\xea\xe2\xfeO_\xb5\xe0\xcdXg\x19\xf0\xf8\
\x1b \x90\x97[\x80\x9f\xeb\x8d-\xd47/\x00i\xed\
\x8d\xeb\xa2L\xe7\xbc\xfd(\xa7`_@;\xf5\xf1o\
z\x09w\xcf\xc3\xfb\xbd\xaczq\xed\xb9\x1f\x9d\xf1O\
\xfe\xcf=g\xe9~O0\x16\xfa\xe3\x86\xff\x94P\xa1\
\xf6c\x85\xf0~\xf5\x99\xb2\xcf\xb0\x8e\x8f\xeb\x1ez\xb5\
\x1e\x1d\x1c\x1c\x1c\x1c\x1c\x1c\x1c\x1c\x1c\x1c\x18\x8a\xefU\
C\xa4\xe2\x0e\x86pA\xe6\xd2$\x9e\xb5*\xdf\xbfF\
\xfe9\xd9\x22\xebb\xdd\x070\xb3\x0a\x11\xd0Q\x9a\xd7\
^\xd0\xb3]\xf0\x8b\xa9]'[\xc6\xe7x\xba\x8fn\
;\x880xs\x22\x8b\x96\x1b\xb1Z\xe5\x12\xb4\x19\xc9\
\x0d\xd5o\xb29\xbd\xfe\x96|\x8e'\x96\xfci\xb9L\
*V}\xd8\x05\xee^\x96\x05~\x98\xcf.\xd8&G\
>W\xfa\x16a\x16\xda\xf0\xc6&)\x06H\x1a\x19\xf1\
4W<\xd5\x15\xcb\xe2\x8d\x89*?\xda\xc5\xee\x86\x09\
}A]N\x99!/\x925XKOye\xc2\x04\
\xf4\x17\xfdu\x9f\xa2\x14\xcb7\x22+\x90\xb2\xd5\xbbE\
>3\xf5-\x84g@\xc7\x9b\x1e\x9cOp\xf2l\xdb\
\xcf\x8f8\x1fG]Z\xa6\x82\x9d\xc0\xcd\xa4\xb2\xcdC\
\xb4\x8b\x09\x16\x80\xe9\x97?j\xfa\xea\x0f\xab\x93\xe7*\
\x17\xef\xeb\x95\x00\xc7\x8fZ\xff\xff|\xd2S\xf6\x0c\xaf\
W\xf1\x08\x0bn\xfe\xc3\xbc\xc9qA_\x80\x1c!W\
\x87\xa0,\xa6\xeb\xe3B\x92\xfebN\x0a4W\xed\x1f\
\x84\xf1\x94\xca\x0c}\xa5\xeb\xfbt\xd7\xfb\x0d\xf4\xdeL\
[\xdb\xc6\xfc\xd3>\x82B\x84s-\xdaf'\xcf\xad\
M\x9d\xff3q\xe3\xdf\x90.\xfe\xd9\xe4\x82\xfb\x1a\xae\
\xd9\xce>\x0f\xcc\xed\xf20\x1f\xd7\x934\x0f\xe7\xfe\x16\
\xfd\xdf\xf5@\xe9\xffLx\xb35\xfb\x15\xb7\x9f\xd0\x9e\
\x0e\xe8\xab\xf1\x11,n|\xc2<\xbaO\xcb6cI\
\xf4\xec\xff\xd4\xf8?I\xf5\xbb\x05@X\x8a\xff\x01\xe2\
\xf8\xc3\xb3\x22\xf2\xd0\xe2\x97\x98k\xcd\x18\xb3\xf8c\xb5\
\xf4z\xff\x7f\xa7\xaa\xdf\xffS?\xcan\xff\xe7&\x1d\
\xf4L\x193\xd7\xcdI\xf5!$\x9fm=\x0ec\xcc\
\xb9\x0d;\xdd\xb6~\x8d\xcd\xec\x96\xcda\x8f\x14W2\
\xad\x8bz\xbd\x99\xf7\x17\xf3\x8b\x1f\xb8\x0etk\x14\x08\
\xd3\x9f<\x99\xdc8(\xa0\xc76\x1d\x1c\x1c\x1c\x1c\x1c\
\x1c\x1c\x1c\x1c\x1c\xecQ\xb0\x22\x92c\x15\xc7\xd4@\x90\
\xc8@Z\xcc\x0bv\x0dZ|\x86\x17\x94c1)\x82\
4<\x85jD\xd6(b'zx\xe9\xc5\xa0\xcf\xde\
\xe7\xe0M\x89\xea\xd8\xc4>@\xacb\x8dZ69\xb2\
k\x1b\xa4\x14yoc\x1a\xb1\xbb\x02.\xed\xdb@W\
\x83u$0\x9f\xc8\xea\x8a\xacq6\x11\x12;\xd5\xc9\
\xbd\x9e\x8cp\xa7\xc5\xe0\x0f\x89\x89\x18\xf0\xc6\xd7h\xf3\
\x9cq)=\xc2\x93Y.#\x95\xf3\xed\x0erE\x82\
\x8eL:!a\xab24\xdf\x1e\xcd\x01\xf4W\x22p\
F\x8e\x089\x024\x91\xc4wF\x08\xb8\x97\x10\xda\xc2\
\x93h\xd5\x82@\x8e\xfc\xb5q\xb8\x82\xff\xc7\xfa\xdc\x8e\
\xd5\xb5\xbe\x09A\x8bH\xc4~D\xd9kl\xa7O\xf3\
dAoB\x88k\xff_\xa4g\x22\xa2\xab\xf9i3\
\xb0\xf3\xffH\xb2\xd9\x0d\xb1\xee\xe6\x0c\x90\xcc\x85\xcc\x8e\
\x80\xf7\xf6\xd8x\xa6\x9bQl\xa47\xea\x8c\xef\x17\x89\
\xfb\x93}/\x8d\x0d[>\xda8\xd2.\xb0\x1d,T\
\x92J(\x8d\xe1\xac\x08/\xe6\xef\x97\xeb\xd3zm1\
\x22\x8c]\x1fDBk\xc8\xbb\xea\x9e\x8cd\xeal\x00\
\xfa\x95k\x98\x95J\xed\x89\xfe_\x9d\x8a\x8dkXE\
\xae\xabn\xf7h\x1eB\xff\xcf\xfd!\xba\xdf\x12;\x1f\
\xa4`~\xb76\x83\x06\xda\x81\x9b\x19\xe9\x88\xdd\x8al\
m\xd6\x98v\xadn\xf7\x7f\x9dR\x5c\xae\xfbQ?\xca\
,\xc9\xdbr\xa3\xed\xfb\xa0%P\xe3\xdaO\x91\x10\x97\
\x8dL\xd3\x9a\xc7d\x8f\xb8\x07j\xdd\xe7\xfd\xdf\xe7\xe1\
c\xb5t\xef\xea\xf6j\xbf\xff\xe7\xb4z\x8e\x15\xfb\x12\
^?,\xff\xb1\xce\xd0\x9b\xc5L\xde\xc7\x84\xfc\xde\x9c\
\xf6\xba\xb9\x96\xe8\x09e+# \xcb\xd6\x1aQ\xa7S\
\x9f\xff\xa4\xb1\xf8\x06\x10\xf9\x93\xdb,\xa0\x8bm\xbd}\
\xec\xf7\x83\x83\x83\x83\x83\x83\x83\x83\x83\x83\x83\x0f.v\
d\x00\x91?\x98\x0c\x01N<\xb1\xac\xf9P\xcf\xc5\x12\
.\xb2\xa2\x15\x98[A\xd4\x8b\x81\xfc$\x18f\x9e\xc5\
\x8c\xa3\xae'\x09}\xc0`1\x80\x0f:9\x10\x1b\x15\
q\xea9\x87@\x1cqC(5\x81t$\xd4\xab\x93\
J\x98\x97O\x17\x93K\x8b\xf9+X,l\xd1\x80\x0f\
\x03\xe1\x0aJ\xe0QG\x00s\xfd\xd5a\xe6Z\xe6\x9b\
S\x96U\x90\xff&p\x1b\xb6Pa\xcb\x9f\x05}\xd8\
>N\xe4F&4\xb0^\xd5OK\xd6(D\xb4!\
5\x8cV\xe1\xfd\x5c\xa1Lf\xf4\xe3\x1f\xc7\x8fRp\
\xec\xda\xdc\xda\x87\xd6i=\x22\xf4\x1d&h+)\xd9\
\xe0\xe5\xd3\xcc\xc7\x93rh\x03\xa1\x96b\x9az2\x0b\
\xc8n\xfcLs\xb5\xe0z\xae\x99\xff\x8b\xb3\xdbN\xc3\
\x07;(\x92)lc,\xc1\xeaI\xfe!aR\x11\
q\xb2\xb9\x89\xe1\xe7\xd2\x056X\x1fT\xfe\x1f\xa7\xc9\
\xde\xffa>\xcf\xd7u\x22[l\x8c\xef4\xf4\xb3\xc6\
\xe7\x04\xd6o\x9c\xc38o\xac\x8f\xf0\x13\xbc\x22\x89C\
\xd8\x10,\x0b:\xf1&$\xd9\xb8<\xcd\xe1\xa9\xc5\xd9\
\xaa\xef\x1d\x91\xcf\x0d\x99\xcd\x9e\xc2W\x1fsc\x92H\
9\xec\xa3rU\xa4\xd8\xbe\x9d\xff/\xe7\x22\x1c\x7f\xbf\
\x1f\xc7\xfaH\xcc\xfay\x95\x9f\xd1^\xd9\x14S\x91\xf8\
G\xbb\x09\xf2c\xbf\x0c\xff\xa0\xb5\xed\x93\x93\x15\x9b\x98\
\xd3\xca~)\xf6\xb5j\xdc\xa2\x8cj\xfd\xccz\xeb1\
x\xde\xff\xb9\xb4\xe5\xd9\xff9\xaf\x99P\x06uG\xd9\
\xde\x07\xc9\xad\x93\xd9\xff3*\xdb\xbe\xd9\xff\x9dW0\
\x81\xff\xc7>\xc2kG\x82\x091^\xad\x1e\xf6e\xd5\
\xff\xb3\xde\xfcu@\xfd\x11\xc1\xb8\xe6\xc7\x9bl\xa8-\
\xde\x8cs#\x7f\x8b\x1ei\xf7\x0foK\x96\xc3\xf0H\
9f\xdf\xbf]?\x1f\x1c\x1c\x1c\x1c\x1c\x1c\x1c\x1c\x1c\
\x1c\x18\xaeHX|`d\x8b\x06}\xe3\xe2[\xc9\xd5\
\xc9*\x11\xa5 \xc8\x82\x05\xc1\xa0\x93\xe1\x14\xcc\x8a\xa3\
\xe3\x05;\x06\xd4\xb2\xce\xb2\x88\x18\x91\xa1\x84\xda\x08\x84\
\xbdnD\x0aDEOL\xcb\xfa\xbbJ2'\x07\xd9\
H\x04]\x8ep\x0b\xfd\x05\xed\xe8\xc8!\xb5\x18\x83?\
<\xf1V\x05\xd5fc\xf7U\xdc\x9ax\xa8\xe4 \xf1\
53)B\x03\xe7\xcf\xe9\xa8\x18\xa4F\x12r\xc9\x84\
\xf7\xd1\x16\x8f>H\xdb\x05\xe1\x96\xde\xd7\xaf\x08\xbdN\
c\xd7WS\x12\x16l\xf58\xc2\x0dHY\x94\x13\xfb\
\xc3N\xb8\xd6\xf9X\x97\x83<#\x91j\xc2I\x1cq\
(\x8b\x88\xa8\xed\xde@*\xafR\x92\x9c\x02\x91<\xf2\
\xd0\xa6Eb\xc2\xfa\x10\xc9\x18=\x81\xfaiew\xe3\
\x22\xea\xd0v\xa5vL\xf2\xd0Y\x1b\xfc\x8d\xc4\x8f\xd7\
\xe7U\x7f\x04\xae\x9a\x03y~\xcf\xd3\xd9ld3\x12\
@\x15\xc1\xd4\xc9\xfb\xe0\x82\xaf\xed\x7f\xecX=\x00\xa4\
\x22\x123\xbc\xfa\x94 \xcd\xf4\x8f\xba\xa6\xcbHgJ\
kY5'\x08h\x16\x1dC\xf9\x09kv\xd0Q\xb5\
U\xf5\xe2\x9am\x16g\xffX\xafl\x8f\xe9@\xe2r\
\xa4i;\x8a\xa7E\x81\xf5hkE*:Bj\xf9\
\xbf\xf7\xc9\xb4Z\x05\xde\xcc\xb5)\xf4#\xde\x84\x88z\
\xb4?(\xd8\xa5sH\x9c\xcf\xd5\xde\xc0l\xc4;\xea\
\x8f:p\xaf\x88\xc4!\xd6\xabQ\x9f\xf6_\xfa\x99\x83\
\xffKS\x06\x1f\xcf\xc0\xaes\xa5Y\x97:x\xa2_\
`>\xf4\xf5b^\xda\xf7>e\xe6\xbe\x9b\xfd\x9f\xa9\
#\x82\xcb\xf4\xf1\x81\x88j\x9f\xa8\xec\xf1\xfb\xbf\xeb\x9c\
\xb2N\xbd\xff\xdf\x15J;\xdf\xee\xff\xfc\xf5\xfe\x0f:\
\x82\xde\xb5\xe6\x13\xde\xd8\x992\xc1\xd7\xf3\xde\x5c\xef\x8d\
\x966\xae\x04\xcd\xd4\xb12\xb0\xad\x10\xd8!\xa9\x9f\xdc\
\xb8,\x8d\x02\x92|1^\xf9\xe2\xf3\xc4K\xdb]\xe3\
\x1d\xd0\xc1\xc1\xc1\xc1\xc1\xc1\xc1\xc1\xc1A\x89\xfbG\x08\
#\x09\xeb\x89\x07\xbcL\xe7\x82D\x00B\xa9:5\xe2\
\xc3\xe6\x94\xa2d\xca uf\x10/FNY`}\
-K\xf2\xe97<\xf7\xc2\x9e(\x11\x0cX\xa0\xccb\
\xda,\x00\xdc\x84\xb4+\xe2\xa8\x02\x0dO\xe2\xef\x03d\
\x0eu\xb4l\x17\xf8\xefdh@\xa7\xba\xdf\x04\xf3\x15\
\xe9\xb4\xa4qE\xc8\xf6\xda\xfb\x94J\x9f/\xb9\xb3\xf7\
mj%\xc3\xf5+\xf5yJ\xfey\x02\xcd\x88\x9e\xaa\
\x9e\xc8f\x5c'A\xa2e:\x12\x9e\x8bw1\x97)\
\x12\x0a\xb5]I\xc6$h\xaa\xd9\xbc\xa7y\xd7\xac\xbc\
\xdf_\x9cOX\xaa|%\x1f\x86\x8d\xb4lDI\xf2\
\xa0\xaf\xcb\xc3~^rC?.\xab\x9e\xfck\xd5\xb7\
v=ag\xb3\xfc\x17\xfd\x9f\xa0\x9dK&\xbd\xb18\
\xe8~\xe5\xff}\xfe;\xffw\xd4\xcc+\xdb\x88r\xdb\
\xf6\xeb\x95\xb8\x0e\x90,8\xc8\xf7:\xbb\x8e\xd3\xf6\xab\
~\xef\xff\x99\xb4\x95\x90\xee\xd6\x8fP*\x12\xbf?\xf3\
Y\xe4\xde>\x09u)\xe5\xe9\xbbH\x92\xa7v\x16R\
vm\x8f:\xea\x14\xdf\x96\x98\x13\xc7s\xe7\x13Y\xcf\
\x8by%\x92\xd6N%!q\xdd^\xbe\xfd\xa0\xf1\xcd\
|~\x1a\x0b\xb4Mm*\xf3\xc0\xd6\xae\x5c\xacc\xfb\
\xbf\xb5\xeb;\xe4\xb9)\x8f:\xfb|\xec\xaf8\xbf\xb3\
f|'\xb4~p\x9a\xac\x0fp>\xe6\x1f!T_\
\x9c\xa45\xfdX9!<\x82\x00\xf7\xbf\xc2\x8f\x10\x8a\
\xb8\xdc\xe57\x8c\x8f\xe2\x10\xe7\xc7z\xb9w\xff(\xe9\
\xc7\xff\x7fL\xa6\xde\x1c\xc55A\xed\xe5u\xadE\xf7\
uj\xec\x97\xb7k\xe7\xc1\xc1\xc1\xc1\xc1\xc1\xc1\xc1\xc1\
\xc1\xbf\x19Wu\x02\xe8\x83Eh,\xbe\x92\xd3\xab\x12\
\xc7V\x8bV\x10\xa4\xa7\x9f\xfc\xe9\x19\xfc\xf1'\xb8\xc8\
\x9f\xa9z\x1a\xf2\x96;\xc9a\xb6\x0f\xb4\xc8c\xf8\x1c\
\xe1N\xffP\x0e\x14\x80\xc2\xa27\x11\x9f\xcc\xc6\xc4\x13\
P\xa8\x0f\x89d|\x8dpT\xec\x0a\xa8\x89\xec\xc4\xd8\
\xb3A]\xfc\xf8\x86\x04\xe8\xc8g\xd5\xfb9\xf5\xd4\x9d\
\x9e\x1acY\xc8\x0c2\xea\x12L\x89\x10\x05B\xe1\xe9\
T\x1e\xbd$\x9f\xd78u\x92\xc2\x5c\xb7g`\x0e\x1d\
\xaaIB\x9d\xf8WYH\x22\xe5\x5cP[\xf5$\xed\
H\xcf\xa4\xd9\x9a\xab\xa1\xff{R\xbc\xe8\xf3\x86|\xd6\
\x80\x9eB\xbbb\x1b\xd6\xad\x19\x81\xd3\x8b\x98\xcf(}\
\x9c\x22\x8ed\xbf\xda\xea\xfd\x9e\xc8\xf8\x87vt\xd63\
\xa0/\xedk\x22\xe8s\x18#\xce\xad\x5cc'\xbe=\
\x94JF\xad\xf6_\x05$\x15\xf3\xd8\x8f5\x04\xc7\xfc\
\xf3\xee\x0a\x84|\xf9\x1e\xe6?\x15\xfe\xff\xec\xcd\xc1\x92\
b\x8e`\xeb\xd1.\xbc]\x87~=~<\xb2\xf3\x7f\
r7%\xe2\x7f\xfb\xb5\x94\xdd\xdf\x1a\xd7!\xb4\xf6\xff\
\xd0\x87\xcek\xf4&H8\x15\xbd\xc6\xa9\xe9=\xf5'\
m\x81\xc03p\xfbu\xea\x22}\xf68\xce\x81\xec\x8f\
\xde\xff\xf1y\xe66\xb60\xafC]\xdcw\x97%\xbc\
\xb9\xe9U\xf8\xbf\xb6\xbd\xba\xf1\xe6\xdbHM;t>\
T\xcf/\xf7\xfbG\xf4\x7f\xb4\x01uF\xff\xdf\xc1\xf9\
Q\xf1~&l\xf7\x0b\xdfV|mt\xb6\xa9~\xec\
v\xfb?\x01\x91\xacc\xfc\x04G\xa8\x8b]g\xbc\x87\
og7/+\x9dIR\xb1\xff\x8f\xf1&'\xb1_\
\x9fxs\x83\x81\xb7\xc9\x12o4I.\xa8{#\xce\
\xecQ\x8f\xb3}\xbc\xd39\xd7\xa9\xa9T\xf7\xffqO\
e\xca\xc21\xe0{\x96\x8fo\xff\x8d\x0f\xd4\xcd\xabC\
>\x1f\x1c\x1c\x1c\x1c\x1c\x1c\x1c\x1c\x1c<\xe3\xca\x17\xce\
Bz\x02yDF\x90\xcc\xe1s\xe4\xad\x19\x02h\xc6\
 :\x9f`\xc2\x8avr(\x0a\x8c\xc1\xab\x05{\xd1\
d\xab\xe5\x03\x92\x1c\xc03\xc8\xa2B/\xbd$a,\
\xdf\x113\xbb\xe08~\x96=\xc9\x80A<\xeaEr\
\xf0\xa9^\x85DT\x15\xc1~E\x8aGR\x95AG\
\xd5O\xbb\xbe\x8b\xa7\xdc\x1a\xfa\xe7U0\x0f\x06\x82\xb2\
\xaeHnk\xac\x9f\xc9\xa1\xe7>\x1dcx\xb9r\xa8\
\xcb\x1e\xbb\xb0\xb1\x89\x90x\xd1\xaf\x88W\x95\xbc\xed:\
\x8d\xb3\xf5\xb4\x08\xd2\xf248\x10\x82;\xf9\xd8\xc6H\
\xce\xac\x94\xa9C\xcb\xb8v\x08\xe6\xe7E#%Q3\
\x94L\xc9\xff9\x14@\xb2:\x92\x82\xb3\x04\xf1\xa6\xe5\
\xd8.\x22\x02yh\x8c\xd5\xe6Ij,\xb90\x87\xd8\
\xb52\x82\x0b\xff\x8fcd\xaf\xd8G\x8e#\x09\xf5x\
\x16P\xdfL\xbeN\xec^QF\xed\xffQ\x179\xbf\
G?\xe6\xd0O;\x02{\xdd\x90`^\xf6\x86VP\
5\x0f9\xbcRj\x87\xe9\xaf\xb0H\xda\xc2\xff+]\
\xd6\xce\x91\x92I8^\xf9\xb8\x17\x18\x19\x16\xd7U\x0a\
\xf5\xbd\xdex3cvO\xd1\x10J{]\xc8\xd6\x8c\
\xfd\x1eAT\x0a/\x1fy\x12\xe6S57\xe2~P\
\xed\xff\x9d-\x1db\x9f\xf1\xa6\xbe\xdf\xa3\xea}\xe8\x09\
\xdf\xee\xff\xe4\xf6\x7f\xfaJ\x8f\xf5O\x9d\xaf\xafy\xef\
T\x9f%\xcak\xfen\xaf*V\xa2f\xff\x8f79\
\xe2\xfeo\xafB\x5c\xad]\x95Yp\xfd8d\x86\xc2\
q\xadv.-+\xbdo\x07\x93^\xc3\xa6|\xf8\xe7\
\xbe>\x9d\x17\xa9\xaa^?/\x03\xc5t\xea~i\xfd\
Q\xcc\x83\x83\x83\x83\x83\x83\x83\x83\x83\x83\x83\x83-R\
\x94\xd9_G\xcb\xfc\x91\x16\x7f\x01\xbe>\x89\xbf\xe8G\
\xd2d<\xe7P/\xf49\xc5\x07J\xc28m#\xa2\
\x0f\x168K\xd7\xab\x16\x13\x08\x18\xb0=1\x10\xd3\xaf\
g.\xe2eF!\x1d\x99Z\x11\x04hgk\x7f@\
$\x1c\xb4_:\xd9\x1a\x10\xeaI3\xab?ZQ!\
\x12\x9f1\x8f\x0a\xd2\xa2\x0a\x9e\xb2\x0cI:\x84\xfa\xc0\
\xcb\xd7{\xd6\xd3\xa5\xb7$:7\xe4K @\x11\xbb\
\x80\xfc\xb9|MD\xf81\xa1\xba\xefe\xfc\xe3\x92\xc4\
\x82i.hB{\xbd#\xe3G\x92F\x9fi\xec\xa5\
t\x04>\x1b\x01P\xe4\x05\xedn\xde&\x02\xae \xe6\
\xee\xe4\xb9\x1e\xf0\xb2\xcd\xcf\x9bYj\xc9%c\xd0\x17\
)0\x08\x01&4\x14m3\x12\x86K\x1b\xb4\xfdJ\
\x1e\xf8~\xe6\x92\xac2{b9 .\xc1\x0e$\x91\
|\xfb\xa9\x85\xf9\xffE\x94\xc8Vv\xed\xfa\x10\x81\x9f\
u\x02\xf3\xcc>7:Ko\x9e\x83\xb5/)A}\
\x856}>]|\x05\x9b\xb0\x22\xb5k\x0c\x87~\xaa\
\xda\xedJs\x9e\xb7X6\xdd\xf4\xd0Oa^\xc46\
.\xa2\x19\xc7=\x8d\x89\xe5\xc51\x1f\xf3)\xfb\x80\xc2\
\xdd|!N\xfd\xa1\xfa\x9d\xaf\xc1x\xac\x1b5\xc1\x1e\
\xff:\xcb\x14\xfbK\xac\x89\xbf%\xe0\xda\xd6\xf8\xbf\x80\
\xffW\xed\xab`\xbed\xb0\x9b$yni\xda\xb2M\
(<\xde\xc7\xcb\x8d\xf5\xf3\x98\xd4\x9fv{\x05o\xd6\
\xce\xb8\x87d\xff\xcfs\xa3\xdb\xff\x91\x84\xc6\xfe\xdd\xe9\
\xf5c\xc6\x8f\xfb\x7f\xaco\xfa\x0a{\x88\x9a\xfd\xdf\xea\
|\xb7\xff\xa3\x1cZ\xf3\xca\xb2\xf1q\x18\xec\xf6\x7f\xfb\
\x01Qo\xb3]?\xcc\xf5\x7f\x09\x8f\xfe\xef\xed^\xb2\
\xc2\xcd\xa1\xaa>\xd6jo\xd2\x10~\x03\x09|4t\
\xb3\xc0\x1e\xc5o\x1c\xe6\xe0\xe0\xe0\xe0\xe0\xe0\xe0\xe0\xe0\
\xe0\xc0\xe1~\x06\xb4\xbe\xbd\xffe8\xed\xf1\xf9\xf1@\
\xf9'Hb8\xe1\xa2\xcf\xbf\x9bA\xd7\x0a Vp\
9B_\x11\xfc*\xba\x95e\xba\x96\xb6qb\x94\x80\
\xd4a\xb2_\x1f\xb7\xaf0kpp\xa7-}B\xeb\
\x94\x96h@0\x9e\x13\xed\xbf\xee\xef\xce\xfaA:\x91\
\xfe\xa2:\x85R\xb1\x8b*\xf2\xa1\x22Sv\xe0/R\
\xa9\xd2w\x17\xb7S\xa4\xfc\xab\x08\xc8\xea^\xbc'5\
\xbd\x0e\xce\xe9\xf3\x06A\x0c\xee\xbe\xed\x97\xbe\xd4\xbe^\
\xec\x03\x91\xfc\xf5{\x7f\xc2\xac\x0a\xc6!P\x06\xfb;\
\xf2#\x12\x1d9\xc4\x1dy\xf1\xd9\xd2\x17\x87\xe7\x1a\x93\
\xf9X\xdd\x9ea\xc3]\xaf\xd1\xe3\x03\xednv\xb1k\
\xd3\xa8G\x16=\xa7\xfe\x09r\x96\x8f\x09U\x04\x10\x92\
\x9d\xbe\xdd\xb86\xc4\xf6\xf1\x12\xe0\x89\x9b(\xbdK\xe1\
 \xcf\x9b\xe7I\xb2o}\xa4\xaf\x85=\xb0\xf7\xbf\xae\
6\xe6\x09}\xe3\x17\x92H\x19\xa1\x8e\x01\x01*\xa7\xd4\
\xb3\xfc\x84\xe9\x0b\xffWib\xf3g\xd9 \xab<\xda\
\x18\xeb\xdd\xeb\x16mX9(\x9d\xdf\xe5\xfch\xdf\x8f\
\xf3'_&\xad\x15$u\x9f\xc2\xbeF\xcc\xd9\x8a\xd9\
^\xeb6I\x96\x0d?\x08k\xabr[\xd4\x9d\x04\x96\
0\xa6\xe2L\xc8Z\x8a9\xd1\xf6\xed\x10\x84'V\xdd\
\x1a\xc4!\xcd\xd9D[\xa2M`\x0e\xc4uOZ\xff\
' $\x9fo\xac\xa5\xb6\x04yB\x94H\xd7Z\xe6\
\xb3\x1ey\x99\xba\xf3\xff\xa7\xd9\xfb\x0c\x81\x7fM\xdf\x07\
~\xdc\xb8\xac\xb7O\xf9\xce\xff\xd1\xbf-\x9d\xdc\x9cY\
\xcfn\x9e\xee\x83\x17`\xe2g\xd3x\xc3\x9a\xab\xcf|\
\xd6\x5c?\xaf\xc5\xe5\xd8\xf3\xa0\xef4\xb6\xe79\x8b\xfc\
\x80\xbd\xa8K\xc6\x9a\xc0>\xcf\xcb\xa4\xb5*\xe9\xb7\xfb\
\xd6\x96\xc4\xd0\xeeu\xcdk}@`\xfd\xc1\xc1\xc1\xc1\
\xc1\xc1\xc1\xc1\xc1\xc1\xc1;\x5c\xfed\x8d\x0fJ\xee\x13\
\xcf\x0c\xc4U\xba\xdef\xe0V\xc6\x05\xff]\x14.\xe4\
\xf5\xfd:\xa5\x18\x82H\x0b\xa8Q<;\x92`\xa5\xad\
SJ\x18P\xc8\x96\xcba\xc7\xd9Ap\xd3q_\xb3\
\x1c\xeavVT\x04\xcb\xb4\x897\xa4P\x07\xa7\xa70\
HOA!\xd9[\x91\xa9]\xdd\xa0m\x9c\xba*\xca\
\xab\x8c'B\xc0N\x1er:\x85\xc6\x8e\xe8\xb8S\xe9\
\x15\x9e\x02\xe1\x9d\x1d\x04A\xf5\xa6\xcc\xae>\x13\xf4s\
\xaa\xe7\xf5(\xb9\xa9\x04l4\xefSw=[\x12\xca\
E\x19$\x95=\xa6\xcb\x9e\xd7\x9b\xed \xc2\xfe\xa6\x1a\
M:\x83\x5c\xd39\xfe\x90\x8c\xd7\xfcE\xd4/+\xe0\
\xb6\x90[;>\xcf\xd4\x15\xab\xcf\xea\xafj\xab\x9et\
\x1d\xa4\x00\xcfr*\xd5\xda\xe1\x1c\xd6\xddB\x1ae<\
\x19\xa3U\xd6IWAk\xf3<q\x95`\x8e\xc2y\
\xd5\xd2\x0f\xbc\xef\xe1X\xe5\x9b\x0b\x94J\xf8\x1b#\xd6\
\x83\xd6F\xdf^\x90\xc1\xf9q\x118\xd7W?\x8a?\
\x99:\xea\xe6\xc7((I\x18\xe7\x8d\xce\xe5\x9d\xfb\xbb\
\x13\xe0\xa5\xff{\x02\x12\xeb\xad\xfa\xa1/bY7\x1f\
\xa7a\xde3t\xae^\xeb=\xde\xcc\x896\xb5m\x09\
}\xb3\xfay|\xa0r$u>S\xed\xff\xda/?\
?\xb1s5\x9f\x9buv\xac\xef\xf8\xb9\x9bK\xd1\xde\
[VC\x92Z\xed8\x7f\xe3\xfb\xb0\xee\xa9\xcf\xf3\xc3\
|`\xbf\x16\xe8\xba'\xce\xff\xab\xe7'\xdb\xb8e{\
\xa9Ms}\xcdo||\x9fW\xf9x\xf6\x7fn\xe5\
E9\xd5\x1e\xf4\x84\xdc\x07\xf5:\xdf\xb5\x97\xe8\x9b\xfd\
\x7f\xe7\xff\xdds\xe8\xa3=Q6\xf86\xec\x17\xfb}\
I\x08\xff\xf5k?\x93\xdb\xbc\xa6o_\x1b;\x04\x88\
\xef\xfa\x146/}\xfe4\xb6\xcc\xbd\x03\xd7\xe8\x91\xa0\
?\xa8M\xf8\x83\x83\xa2s\xdbt\x1f\x1c\x1c\x1c\x1c\x1c\
\x1c\x1c\x1c\x1c\x1c\xbc\xc7:\x01m\x17\xd3r_t\x8f\
\xd3Z\xd7\x0c\x9a\x7f\xd6E\xb9?\xb7I>`\x17^\
\xa7`n\x02M,\xa0\xe0\xf9\x19\x03\x15}Ob\xc4\
\x0e\x8b\x86\x03\x04a\x87i\xbc\xe0\xd4\xf3\xd0\x8b%\xae\
\x19\xb0\x8cS\x9b\x15\xe9\xa3\xc4\xd3 u\x81 [A\
x\x0c\xba\xeb\xa0\xd2\x82-+\xa7\xc1v\xeedj\xf2\
\xea`6\x9d\xda\x93|\x1a9\xca\xcb\xf6T\xf8>@\
\xd6z` Q\x13h\x8b\xd4\xa7\xa6\xf7\xe5\xac\xa4\xb5\
\x9dJ\x82yo!oud\x1bB\x00)\x0f'v\
\x8b2\xaa9\xd7\xa9\x83wo\x00\xb9q^\xf6|>\
\xcf\x9b\x04Q\x0fx\xe8\x92\x9f\xfb\xb2\xeb7o\x11\x8a\
\xbf\xe6\x0d\x0eO\x08\x8b#\xb9Tv?\xc7\xe7\xa35\
\x5c=\xc8_mU+\xac\x15\xb9\xdf\x08l\xce\xa4L\
\xe8\x84\xaff\xb5\xb6\x81J\xdfz\xf2\xa3\x87r 7\
Z\x94\xc7\x02\xdb\x15\xfb\xdd\x97\xb7\xb9*\xab\xae\xa9\xc2\
u+\x92f\xe2\xa4\xa3f*\xb4\x07\x8b\xebT\xa9N\
F\xaf\xcc\xd1/N\x83leHu\xaa\xb5\xf4\xc5\xa0\
\xab\xb6\xc0\xb8\x22e\x8a\x1b\xa4S\x91\xa0\xc3\x8d\x03\x08\
\xf6\xe3\xe0\xf3\x9c\xfd.7\xf7\x81\xde\x5cE\x9f\xd0\xf1\
\x94\xe9\xffxs\xd6\xd7\xadu\xa2l\xdf\xa6\xca^\xf2\
D#\xe7\x13\xb1\xea#\xc3\xc6\x9fBfm\x93\xb6#\
\xfa\x87[G>d5\xb4\xef\xcd\xfa\x9e4\xb99\xf4\
\x06M\xdd\xa8;\xf9u-\xbd\xf2\x7f?\xfe\xbd\xce\xad\
\x95\x82\xa7v\xb9\xad\x9b\xf7\x7f*\xd7\xad\xe7\xbeyS\
\x02\xdbA\xe4\xb6\xcd@\xce*\x11\x1c\xf3\xe3k$\x8c\
\x05\xe6\xce\xe7F\x86\xad#\xf3`\x03[\xc9\xf1~\xe6\
\xae6\xaf\xd2\xd3No\x8b\x90\xbfQc\x87\x10d\xd5\
\xd5k\xd9\x8f!\xd5\x1a\xf6\xfb\x93\xfb\x07\x07\x07\x07\x07\
\x07\x07\x07\x07\x07\x07\x1f\xacc`z*FV|0\
/\xc4\xc5\x02\x8cq\xaa\x84\xb4@\xc2}\x11\x7f\xe9c\
\x22 \xec\x15\x8b\xe45hXe\x80\xe8c'\xc9\xbf\
K|\x02\x03\xb1\x9b\xa8\x94\x10\x5c\xb7L\x84\x11\xe0\x84\
z\x1ar\x14e\xdaI?\xe8\xb3@\x9a`\xfd\x8a\xb0\
.-R\x02+\x04\xc5\xb1\x8e\xb7\xa1>\x01\x85\x84\x14\
\x7fE\xd3\xa1\x8d\x1c\x0d\x1c\xa9\x10\x1c\xb7\xb5y\xdf\xc6\
q\xb3 \xa7\xe3\xe9\xb9\xea\xf3\x9f\xc1\xf7\xaf\xb6\xb0\x22\
L\x86\x89\x90v]{\xc9\xae\xbd\x9b9G\xf9t\x16\
\xb6\xbd\xa2w\xa3\x84\xdc\x0e.\xb8\x04&\x1cC\xf5\x17\
\x9d\xe3\x8b(\xfe\xa4\xff\xfc\x94\xf6\x88\x84S\xb9\x0d\xf9\
<\x0b\xc3\xf3\x9e\xef\x7fW:\x09\x12|#\xdc\xc7\xf1\
%\xca\xad\xc4\xd7x2\xef&\xb9\xca6\x07\xdb\xd8\xfa\
\xa0:\xd7\x1a\x89r\x5c\x8f\xdc\x9f\x04\x99:w\xb5m\
w\xfa\xb5j\xc4\xa9jz\xb2/S\x1aO\x7f\xc2\x97\
\x93\xff{\x82_\xc74\xfa\xabHh\xab\xd5\xde\xae\x05\
\x9cj\xf9u\x07_\xe3\xfc@\x8d\x1d\xdf\xe6\xeb\xe2\xcd\
\xbf\x9d\xff\x17{@\xd0\xf7.\x1d\xfd,\xae\xa7>\x7f\
La[C\xe3s\x96\xbdg\xc55e\xdf\xcbq\xad\
(\xd7\xfd\xc7\x95\x80\x8a=\xa7\xef\x871_\x89\xf4F\
\x81\xfe}\x10Om\xfb\xf5/\xce\xcf\x1a\x9f\xa2\xf6{\
\x0f\x9e|\x8d\x9f\x97-\x0f2\xb1Ne\x87\x84=$\
\x82w\x17,Di\xdd\xcfd\xef\xd0\xd9\xef\xffR\xaf\
c\x22[=O\xf6\xc6\x9bb;\xbb\xbd\xff\x93k\xcb\
\xdf\x80\xf7\x13\xd3_\xeb\xc0\x85\xb2\x90\x05s.\xae\x87\
F\xbc[\xbf\xca\xd4)\xb2*\xf8\x1bj\xdc\xe8\x86\xcf\
\xe5U\x10\xbch:nY\xd5\x0d2\xbdQ\xe3\x04\x1c\
\x1c\x1c\x1c\x1c\x1c\x1c\x1c\x1c\x1c\x1c\xbc\x06D\xd4\x1a\xf8\
\xf8\x02\xc2\xfe\xd4\x08\x9ex\x81\x8c%!\x13E<E\
c\xa8>*\xf1L_\xe7K\x5c\xfc\xc0d\xbc\x96\x9d\
\x12C\xe2\x97\x88\xe0\xa4\xcc \x89*BI@\xb6\x14\
,Fu\xba\xc8Z\x00z \xe0S\xc4\x1f\x12\xc4`\
4\xf5\x87\x0b\xda\xde\x07\x87]\xa8S\x9d\x16\x8c\xf9D\
\xfc\xc7\xa1\x92#\x10DJr\xd8\xeb\xb4z\xa5\x8c\xa2\
\xecL!%c0P\xd5\xb2\x1d\x11\xcd\x85\xbd\x9b\xd6\
\xb8\xf9\x8a\xe5s`\xcc\x8e,\xf7$\xad\x11\x13i\xce\
WZ\xa1\xffr\xf0\xee\xfb\xcc\x93-\xd1o*\x99\xe4\
\xec\x8fP)\xb2\x88\xa7\x9c\xd7\x92@\xd0\x17n\xdc!\
t_\xb2\x98\x1d\x09v\x7fu:\x8ccGfy_\
)H&w\xa3\xa8~\xec\x05t\xb1\xb3\x19\x09!\xef\
/8\xc6fW9}\x22\xe9<\xcb\xc6\x1f\x7fT\xdd\
*\xb3\x9aK\x7f\x8d\x18z\xe9\xff\xf9o\x95 z\xc8\
\xd5\xf6\xaev\xc8\xe2\xdc\xc1\x06\xaf\xd3\xea\x01\xe9#\xb4\
\xf5\xffHD\xf7\xfe\xafr+\x9f`5\xd1\xdb\xefJ\
\xe7\xc7\x0f$\xd2\x09\xe68\xa6\xfd\x84\x9b4\xab,\xcc\
\x07g\x0b\xfc\x8b\xfb\xcf5\xbfYTm\x01J\xb4q\
\x90\xb3\xe6&\xa4\xa3L\xb5\xbf\x9e\x09&{L\x89\xa2\
\xe7\xe2\x1eH^\xb6\xd6\xaf\xa6.\x83\x8cj\x8c\xf7\xf3\
\x13\xed\xab\xe7\x87\xceq\x5c\x1f\xfc\xfe\xef\xd7\x8f\xb8\xef\
\xd8k\xfevM\xb4\x83\xa9\xf6\xcf~\xff\xbf\xca6\xe8\
\x0d\x8e\xe8\x1bDo\xfc\x1f\xe7\xce\xa6T\xf2\xff\xa2\xef\
\xe9\xcfa\x04\xb7]\x83\xe9u\xd5\xea\x176\x9dX\xcf\
>\xa8\xaf\x90;I\x9cm\xa6u\xcd\x18\xfd\x9fTW\
\xb8\xbe\x8b2\x04\xf6\x89\xd4\x16G)k\x1a9{\x16\
\x11\xcd\xb4\xd6\xa4\xf5\xdc\xe8\xe5\x030\xce\xfc7z\xf9\
\xe0\xe0\xe0\xe0\xe0\xe0\xe0\xe0\xe0\xe0\xff}\xdc\xd1\xd3\xb8\
\x88\x96*.\xb5g\xe1)\x16\xe7\x05Ar\x8c\xa5\xa1\
\x8a\x04\xe2A\xc2+\x9eR\xe1\x0b\x83m\xbd\xd2\xaf\xbf\
\x96=~\xe8i\x06\xa7+\xfa\x99/\xec\x8d\x19D\x82\
\xe6Y\xd9*8\x1c6\xe7\x00\xb1#zv\xb1dW\
\xc7\x88!_\xb6\xaa\xdf\xc9\xf5\xb2h\x1b\x04E2!\
\xca\x95\x92\x9c#\x97\x86\x01\xf8\x8eP\xb0@\xbf'\x22\
:\xfd\xf8y\x17\xa4#\x19\xc9\x8e8|\x0a\x0a=%\
\x85\xed\xc3\xfcT\xd7\xb5\xdb\xcf\x13\xd4\xc5\x81,\x8a\x04\
\x9b\xca\xae\xec\x5c\x04`e\xb7\xeb\x8b\xba\xefs\x7fq\
\x22 \xf0Tm,\x1b\xd3\xd9\xf9\x8d\xa4\xf4E\xec&\
x\xbdk,+?\x00\x99\x1fd2w\xe8\xbd\xe6x\
+\xa9\xa3e#Y\xaf\xf9H\x82\xd6\xa7k\x87\xd6\xca\
\x8fta\xe0\xd8+R\xf7\xdf\x96\xec\xd8\xf8\x7f\x96/\
\xe4g\xa1\x09g\xd7WN\xa9=+\xfc\x05\x09\x12\xc9\
8\x95h\xfdAn>\xae\xb2\xccs\x0c\xa2\xff{\xcb\
:\x92n\xb5y\xf6\x9f\xea\x8bvM)\x89d\x8a\xb0\
1\xf4\x16h\xbb\x16\x89\x05V\xaa\xec\x04\x98Wq\xae\
\xac\xdaJ\xa4\x87t\xed\xaf\xdc\x1fc\xff\x8a}i\xb6\
[?^\xeeY\xd4\xec\xd6\x18k\x17\xe4S\x9ciL\
i.S='Tv?S\x8a>\xe3\xb7\xeb\x0dh\
\x0f{\xe9v-'\xef\xd3\x95\x8e~\xff\x17\xb7\x0e\xed\
\xf6B\xcb\xa3D\xdc\xa7:\xe5^L\xcd\xfe\xdf\xb7m\
\xbf\xff?\xcb\xf9n\xff\xa7G\xd4\xbe\xe9odT\xfb\
?5\xfb\x7f\x9aI\xaeo\xc3l\x9d>\xe9\x0e\x03\xac\
o\xc2\x8cOZ\x8f\x04~\xebC+\x87\x93\xd5Xg\
\xf9\xdc\xf2\xd3\xda\xff\x13D\xf0\xfe*\xe9\x07\x0e\x95\xc2\
r5\xfb\xdaNl\xef\xe6\xc0\xc1\xc1\xc1\xc1\xc1\xc1\xc1\
\xc1\xc1\xc1\x81!\x9d\x80\xfe@(>\x17q\xfcY8\
1\x1f\xa1\x01_\xb1w\x17\xf9\xe2?\xf8\xa0&\x13\x13\
\xaa\x02O\x89\xde\x81\xc9\xfd\x1e\x83O\xa0\xad\xc5\xea\xbb\
\x135\x10-\x08UA\x9c8\x02\x83(\x07\x11H\x02\
H\xb03\x06o\xcb\x86D\xce\xd0&*\xac\x83\xd2h\
\xeb\xc5x\x8a\x8a]\xd9h\x8b\x9d\xce\xf3z\x90\xb0\xd0\
z1\xd0\xd7\xcf>\xd0\xcfe\xaf@\x22\xd7\x01\x7fO\
\x02\xa0\xfd\x91\x94\x19\xf0D\xf8\x96T\xe3\x1c\x00\xab\xfd\
\xd2\x10\x08vZ\xf19\xe0\x8f\xf3a\x917\x9c\xc7\xc1\
\xd3:\x9cd,B\x88B\x03\xe8\x05k0\x14\x95v\
:\xc25\x92\xe8\xa3\xa0\xd3\x17\x83\xf2\x8a\x8aZ\x14\x1a\
\x87\x94@\xb6\xe5\xb1\x01\x9f\x11\x09_\x93\xce}\x03V\
\xadw\xcb\x5c\x81t\xa9\xc9\x1f#\x1ba\x0c8\xf7s\
\xe7\xafH2\x13\x10Y&\xc7\xcfiU\xbf\xf3\xff\xcf\
\xa7\xab\x99\x1f]\x9b\xb1\xec m\xa0\xdcz\x06\xbf\xd6\
b\x97\x0e\x87\xf9\xed\x07 \x83\x1eFm\xe0\xff\xa8\xc7\
\xfb\xbf\x1f/+;\x09d\xeb\x08\x93W\xcc\x05O\xd6\
\xa3\x9fPC\x8c\x02\xa6\x0d\x17\xf7d\xa9\x8dQ\xe8o\
%\xafo\x16\xca\x0b\xc5\x1f S\xcft%D\xd6\x8a\
\x89\xc3\xac\xf3>\xda\x8e6\xf8\xd9BS\x86\x84\xb4o\
\x90\xe7\x91\xb7\x93\x9c/\xa6>%\x8e[m\xe1\xff\x1b\
\xed\xec\xf7\x8et\xb3-\xe9\xc3\xb2Y\xd6\x1bt'\x98\
kb4\xcb~G\xec\x1aq\x18u\x80\xa0$\xa7\xf6\
\x7f\xd3[\xed\xffo\xdb\x1deX\xda\xe5\xaf\x8b\xa0l\
\xb4\xe5\xe7\xa7'A+\xffG\xe8\xb7\xb8\xfc\xfe?\xeb\
@\xd91\xfed\xba\x19\xe4\xa61\xd7wBn.S\
1W\x99\x9c\x0e\x997\xfb\xf2u\x05\xec\xa7<\xdf\xad\
\xeb\xc2a\x0f\x9e\xd6F\x0bl\xffG\xb3\xfc\x1aa\xdf\
\xf6\xcb\xbe{\xdb-\xbc\xec\x1b}\xc0_\x8d\xf1\xc1\xc1\
\xc1\xc1\xc1\xc1\xc1\xc1\xc1\xc1\xbf\x1d\x97\x05>\xe3O\x9a\
8\xc6\x93&\xecIj\xbc\x08\xf7\xccSN\x14\x94\xe7\
\x03\xfdA<\xd0\x0a$4\xd0@BD9\x86Ll\
[Pd\xc4_\x0e\xec\xd6\xe9M\x06\xf3\x8cS\x01{\
\x90\x0c\xc7&a\xf0')\xfd-\xba@\x16\xf35F\
\xaa\xeai\xa0X\x05\xe8\x1a\x84u&U'\x8e\xfdk\
QV\xf6\x8f\xde\x88\xe5\xbf\xef\x8fL*\xec\xfahG\
L\xd5\xe4\xa8\x11\xe87\xb9u]\xa9l$\xd7\x95T\
Q\xb2\x93\xa8 \x03(\x13.Oc;K\xad\x8a\xec\
\xeaZ\xca\x22\x98g\xa9\x8at\xc9\xc8'\x02\x9d\xed\x22\
\xe4{\xd0\xe7YZ \x09.\xa42)\xcc9\x90\xb8\
\xc8\xb1Q\xc7;\x1a\xe4\x17:\x96L\xf0\xffj<}\
?p\xca\x887\x0f\x5c\x9f\x1ak\xe2\x09<b\x98\x83\
\xd6.\x13\xc5\xa0\xb3#\x85L\x87~\x82\x95\x8bp4\
\xbd\xdc\xd9#@hvcm\xee\x08\x8f%\x11\x9c+\
>-k\x19B\xdc\xb2[\xfa?\xbb\xf7\xcb\xf7\xc5\x9e\
wms\x09\xb4\x94vg\x9f\xe1\xf0\x8e`9\xb5>\
\x1ee\xfa\xd3\xc9&q\xf59\x87\x9b10\xffV\x1e\
\x8f\x93\xc7\x9d\xff\xd3\xf2\xff8\xd6L\xb4[\xf3\x08\xd7\
\x8b`!\xc7\x19\x81\xf5r\xda\xa8s\x11z]>\x81\
\x8a\xd2\xb2?a\x1b\xb4\xbe\xade\xd9\xf7p\x9dsr\
(\x92\x96\x99\xa8\x04A\xab\xcc;B\xd8\xe7\xe9\x98\xb8\
\x9bl\xd5>O\xc5\x5c\x98\xf31\xfb\x7fEBg2\
=\x11\xd1\x14\xc6\x9e\xf8\xc1\xff;\xbc\xeb\x07\xbf\x87\xdf\
\xff\x8eu\xaa\xa8W\xef\xff\xbav\xe4k\x02\xde\xe8\xce\
\xfe\xef.\x00V\x1a\x92\xbb\xdf\xed\xffP.u\x85=\
\xf2BI\xe2QU\xc2\xb5\x98\xca\x1d\x9f\xcd'\x82\xb8\
\xe9\xee\xee\xd9\xcdS\x86\xee-w/]s\x0e|\xba\
X\xd7\xcb\xf9m?|\xec\x9cj'\xb7\xeeRj\xef\
\xc1\xc1\xc1\xc1\xc1\xc1\xc1\xc1\xc1\xc1\xc13.$\x1dD\
\x8a \xea\x8e\xe8\xc6\xdfx\x81\xa0Y\xaf\xbd\xa5\x090\
\x5c0\x22.\xdfj`\xc0J\x89x\x89\x81\x93\x11\xab\
U\xf0\x9b\x03\x84)\xcc\x95\x8fd-\x16s\xa7q\x88\
6\xc1\xef\xb5%\x1e\xabp4\x92\x8b\xbb\xe0E\x09\xd0\
\x14H\x86\xa0\xb9\x0a\xd0-\x88\xa7\xaf\xd0\xf5K\x94\xbb\
+\x13\xf3RP+R\x06\xf1\x0c\xe4\xf0>\x98\xa7E\
\x16v6X\xb0\xbc\xb7\xaf\x0b\xc4#!\xf1D.\xc4\
\xf6\xf8\xc0?MFB2#\x12Hn\xde;\xf2c\
\xca\x15\xb1GR\x14\xb2K\xd2\x0c\xb5r&\xc1n\x82\
i3g\xd6i[\x11\xffm\x83\xf1\xc6\xfc\x86i\x92\
\xceSc\xe1\xcb\x95\xfe\xa5g\xb6\x8f\x1b\xf2\x0a\xe5U\
$\xaf\xad\x1d\xfe\xf4-\xdeL W'\xff\xf0\x5c\xe5\
K\xde\x068\xe9,DH,{\x02/k{&\xc6\
\xb2^\xbb\x19\x92\xfd~g\xb3\x97\xcf\xe9\xcfnk\xc4\
\xb1\xa1d\xab\x97{A{ \x8f\xa8&\xb9f\x9f\xe0\
GG\xf4\xaa5s\x12\xed\xfc\x1f\xfb\x9a\xb6\xfeO\xb6\
\x17@m\xf4\x05#\xb5r\x9bq\xed\xcd\xfe\xcf\xb97\
\xe7\x9c\xb6\xee\xcec\x9f?QZ'\xe2\xbc\xafHN\
\xed\xbf~\xaf)\xe6Z\xb3\xf7E\x1f5\xb9\x95\xefU\
7 s\xb1L\xa2R\xb9\x7fY\x19\xbb\x9e\x88\xc4s\
6!\xe6eYR\xd4\xad\xe7\x93\x8eY\xb1\x07\x81\xe4\
\xee\x06P\xe5\xbf\xe93Q\x9b\xff\xce\xffY\x1d&\xd9\
\xf3\x9d\xffg[z\x9d\xd9V\x95\xc0s\xad\x87\xa4\x16\
\xf7\xf5$\xe95%\xd7\x04\xee\x5c{\xef\xd6\xad}\x84\
\x898y\x0a\xbc\xa2\xafe\x1fV\x1d\xea\xffw\xd9d\
\x9d\xedg\xe3\xad\x7fU\xfeY\xafw\x19U\x93\xfa\xe0\
\xe7\x0f\xd6\x8bf\xcd:888888888\
80\x5c1A\x83\x00\xbd8W\x8c\x13\xcf!H\x81\
\xbfY\xdb\xf2\x84\x16Ye\xb1\x0c\x04\xbcK\x02')\
K\xa3\x0b\x82\x90\xf4\xc0 ;\x06\x90\x16\xcc\xaf@E\
\xb2M\xae\x8e\x93=\xdb\xf8\x18\xb1\xc9+\xb2j\x97\xbf\
\x0bB\x95\x00!z\x13\x88gB\x95\xcb\x9ao\xe0\x03\
\xdcm\xc9HfPM\xc6\x22\x89s\x7f\xa5WI\xb5\
\xf2\x99\xba\xbe\x1d]\x9b\xaa`9\x06\xe5\x0c\x81\xec\xae\
=Z\xce\x8d\x87\xc8\x96\xe8\x18\xa9\x9b\xf1,\x09\xe2%\
`\x11:Qf(\xe2\xe5\xd3\xe83G\xe2\xcd\x1c\xef\
\x13\xe4\xda\xbe\xc3\x15\xc8\xb2\x8a\xbc\x18\xcd\x81\xaf\xe0\xb3\
yoe\xbb\x12;\x02\x8dq\xfe\x88%\x179\x8d\x94\
r%WIK+\x11\xf3\xcb6CGfBV\xfa\
y\xb4\xc6\x18\xe9\x0f&$A\x9e\xfc\xbfk+~\xae\
\xfd\x1f\xfbj\xbe\x07\xa2\xe5\x8d\xff\xbf\x81'\xa1\xed\xdf\
\xcf\x7f\xfe\xd9\xc4\xf5z\xe2\xfb\x1b\xe6\xcf0h\xf25\
\x0c\xbe\xc4\xeb\xd9\xfd%qv\xd7#\xb7\xf6\xb6\xeb#\
G\xe2\x9f\xd6z\xa2\xb2\xab\xc7\xa1T>\xb1\xc8\xef\xcf\
s\xc5\xc9\xe6\x8a\xed\x0d\xd5\xb8\xe6\xf4E\x10[!\xb2\
=\xcem\xa6m;\xf1\x06\x12\xceW\x95p\xb1=\xa2\
\xc0\xe9vr\xde\x13b=y\xe9\xcb\xad\xfe(\x18\xc8\
\x92\xe8l\xd66\xd9\xec\x89\xdc\xac\xb3]Z\xdc\x1f#\
y\xace\xd2MP\xb0\xb6\xf3\xff\xbd/\xd5{J\xb5\
\xff\xc3\x0e\xf4\xd5\xfeo\xf6\xcc\x9b!)}\xe7\xff\xbc\
\xb1\xba\xcb\xe9\xdb\xc2M\xed\xd8\x5c&\x82\x9b1\xb2\xca\
 \xe9\x8c\xd7\x03\x5c9\xbc&\xc1E\x9bP7nq\
=\x1cV\xf8\xfd_\x0a[\xfd\x8fi\xeb\xf5\x1e\xae%\
w\x1d=\x90\xe1\x06@n\xe2yl+\x95\xaf\x1e\x1c\
\x1c\x1c\x1c\x1c\x1c\x1c\x1c\x1c\x1ct\xb80\xa8\x5c\xbcK\
\xc7\x0b\xe3\xe7\x15P\xcc\xa0\x82\xc8\x7f\xed\x911\xa0\xd4\
\xa0Xr\xd4\x82\xc2B\x1a\x17\x11\x0e\x06.\xfeG\x0b\
\xa7\xa6E2KQ\xaf\x0b\xb4|@W\x9dl\xca\xa7\
\xe1\xb2\xcd\x02\xa4\x15\xcaS\xbb\xca\xb2\x85N$Rw\
\xc0\xc0\xda\x93\x03s<\x1e\x02\xf8\xf8\x19\xb3\x8c\x18\xb4\
\xc0\xb2\x0f\xb2\x1aRg\xe2\x02Y$\xcf\xa7\x93+9\
U\xbfGB\xa4\x0a\xccg\x06m4\xf8v\x13\x06\xd2\
\x05\xc9@D\xfbQ\x99%x\xf3\x15e\x17 \x93\x93\
\x88\xfa3\xe1\xd3@$\xd9]\x14\xa1L\x84\xd5\x84\x85\
;\x95\x88dK \xf4\xa3N\xd3\xe1\xf3W\xdbp\xad\
Y\x9a\xb9\xa5K\xd6\xb3\x8e\xf5\xdf\xd0'\xf6X\x00?\
\xbf\x88|\x8fZ\xbd+Z\xe4\xe7\xb9\xf6\x9d\xa0ev\
\x13\xcb\xfb\x7f\xc6\x8e\x5c\xb3\x1bo\xfe\x04\xef\x229a\
|V\xfb\xb0\x8f\x8d\xc6\xb2\x1e\x9b\xa4\x09I\xec[\x93\
\xf9D\xea\xed\xfc\x9fA\xdb\xba\xf1\xd1\xac\xd5)E\xc9\
`\xca\xeb\xe0\xf0\xffX/\xfa\xd9\xfc\x8f}\x9fx\x1d\
<\x5c-\x11QAn\xe9\xfe\xb6\xe7E\xbdN\x06\xfb\
\x9e\xef\x90\xac_\x9bi\xee\x7f\x7f#\xa7Z\x03\xb8\xf0\
\xff\xae\xdf\xfd\xfau\x15\xfd\xa4|\x1eo\xfd\xdc4\xe4\
\x1b5\x94;\x8a\xfcZ\xb0\xdaFq\x1d\xea\xd7\xeb\x0a\
\x1c\xca\xbb\xbc\x07\xffW\x1b\x92\xccv-\xf5i\xd8\x0e\
\x95\x1a\xf7\xac\xdf\xfa\xbf\x91\xe5\xf5\x5c}\xda\xffy\xa3\
\xaf\xbe9\x90\xf7\xb5Y\xb8\x94aYY\xb7~\xce]\
[y\x84\xb5\x8bKY\xb2\xd6\xd2\xa6U3\xd9\xfb\x9f\
\xeb\xcb\xf9o\xbc\x9e\x13\xc1\xb9\x07\xd7\x80\x85\xff/\xcb\
\x19\xb7\xc1\xb5H/Mc\xfc\xd9\xc9\x99[\xf8\xc1\xc1\
\xc1\xc1\xc1\xc1\xc1\xc1\xc1\xc1\xc1\x97`\xfa\xcf\xff\x8c\xb0\
\xc3\x05\x91#\xb0'\xfd\xd1\x15\xfa\xf1\xa1\x86\xf8\xc0\xe8\
#\xe0\x0e\x06\x7f4\xcd\x82OG\x96h\xc0 x\x92\
\x8b\x80h\xa2u\xea\x84\xe9\x0a\x81?HURbj\
g\xb2\x1f\xd1\xc2\xd3ezJ\xcc\x05\xb5\xeb\xcd \x08\
\xafD\x02@ Hu\x94!B\xdb@\x14\xed,O\
q>\x80\x9bO-\xc1\xdaH\x89\xa5\x9e\x02\xe8\xa8\x8b\
\xd9\xcb\xa8\xea[0\xf6D,\xa0\x8c\xebAfO$\
\xc7\xa0S\xcb\xd5\x846\x13\x85\xd2Y_\xee\xed\xa7\x1b\
\x0d\xdc\xa4k\xee.\xa7\x1e\x03\xfb\x11;w\x13\x01\xca\
f\x9d6W;R\xb0h\x99\x93\xd1\xb7\xc3\xfb\x9a\xa4\
\x5c\x8fO\xd7\x7f\xfc?\x9eV\xc7w\xae\xdds\xce\x08\
\x90\xb0\x9d\x86g/\x83\x14\x10\xfa\xe4\xa3P\xe8\x956\
_M\x9ee\x13\xafy\xf9N\xea;\xbd\xb7\xe4_\xb0\
\x1f\x83\x84\x94\xb7Ml\xfd\xd2\x13A\x12\xa7T\xa7\x99\
t\xfeI`o\xb2\x1e\xc9\xe4\x9c+\x9b5\xa0\xffK\
\xcd6/)\x92\xd8#\xc9\xa5\xa4\x93\xd1\xcb\xafNi\
\xe6w\xb9\x0d\xd8\xb6\x0f\x5c^9^\xb5\xdc:]^\
\xd8\xb9\xcf\xf5kk][\xe4'\xf9\xff(\x8de\xec\
\x87\x84\xf5}y\x92wk\xdf\x1e\xc3\xfd\xbbq\xae\xec\
\x16 +7\xe5\xcaz\xb7\xc6m]?/w\x12\x9f\
 k^\x0a\xfd\xc6\xff=Q\xfd\xac\xbd\xf8]\x09\x8a\
\xed\xb6r\xbe\x1b\xc2\xf3\xe5m\x86\xdf\xff\xfe|\xae%\
\x99\xc9\xbei\xf03\xae\xc5\x16\xad\xfc\x03\xe4\xb4\xac\xc3\
\x04\x02\xba\x84eIV\x9b\xee\x1b\x04$ '\xceY\
\x9c\x17d\xcfy\xd6\xf1\x816\xf8\x03\x0c\x96\xf1\xa9\xa3\
{\xa6@{\xfb\xeb\x8f\x83\x83\x83\x83\x83\x83\x83\x83\x83\
\x83\x03D~\x04\x07\xd1\xba\xd8\x17\xfeY$\xc3:\xb5\
\xe6\xf8T\xb1:\xb2\x0b\xfc\x8b@8\x91\x89\xf1y\x9d\
B\x81:\xac\x83|\xa1%_~\xcc\x1e%\xa3\xc7{\
*\x91O\xd0\xc8\xe2h\xae\x1d\xc1\xbc9\xc9\x15\xc9N\
\xcc\xc9'\xa2\xea\xb2\xfeD\xe9\xb3\xde\xf2\xc4\x9f\xe4\xaf\
\x1e\x7f\x13\xb8\x22\x99\xe7\xd2(\xda:t\xee\x020N\
6\xe4\xb6\x96\xfa\xa1\xfe8\x15x\xad\x13\x94\x08\x7f\x8a\
\x0b\x03\xc7\xbd\xdcY#\x90\xbcD\xdd\xe9=K\xc9\xc4\
\xdcx%\xa2\x86\x08\xf7\xa7\xc1\xc2xQ\x1c[H\xa3\
x>\x91B]\xff\xac\xdfu\x8a\x0d\xd2\xca\xf9$D\
5\xb9\xce\x84'\xfe\x04\x9d\xbek\x1b\x10\xadf)\xf7\
\xf2\xa7\xa8\xeeTb_;\x97!\xd0;\xfc\x9f\x9dM\
w\xb9\xcag\xee\xf4\x8b\xf0\x8c\xb1\x88<\xd4\xc9c\x15\
O&\xe3\x88\xa9m\xab\xbe\xf3\x7f/\xdb\x9dV\xfc#\
\xff\xa70v\xe4nnd+{?\xa9\xf4\xab\xbc\xd5\
f\xb6q\xa8\xe1\xe7(\xfa\xd1n\x9d\xcd\xfeO\xfe\x06\
ch\xaf}\xa0\x8d\x1dD\x8f\xa7`\xbd\xc6dOy\
\xe6So\xda:\xdbL\x06J\xd21\xf0\xfatl\x83\
e\xa1\xac\xaf\xe1\xf5{[\x08H\xbc8n\xb3~\xd1\
O\xc6\xa9I\x9aC\x83l\xa4\x12c]\xce\x99yv\
\x05;\x8b\xf9\x0c\xde\xf3\x0a\xa8\xf7\xe7\xc7\xef+O\xfb\
^\x5co\x9f\xfc\x1f\xeb\xc5G\xa0<\xd9f2\xa5\xcc\
\xab\xf7\x7fX\xc3GF\xe9/{\xff\x97\xd2\xf7\x9e\x80\
\xfd\xa7u\xd6\xfdC\xd8\x13\xfcM\xa2|}\xc6\xcb&\
\xbb\xa2Cr\xb8[\xff\xfd']\xd3i\xf9\x98\xdb\xca\
\x0a\xffo\xe7\x10\xbb\x17\xfb \xfecu\x02\x5c\xc5\xcb\
n\xfd98888888888hqG\
Q.\xd8`\xf8\xea\xb3\xb0]\xd0\xaf\xe0\x07\xae\xe0\xd7\
3\xf2\x98bh#\x82\xc1\x07;B\xe3&-0\x9a\
X\xe5\xee\x7f\x97,\x94A\x92\x03F\xc5\x0a\xac.\x0d\
\x12\xa6.F\xb9\xb4\x88\xf4\x0az`J9\x0e\x0df\
syn\xd2\xfb\xc0N\x16\x7f\xd7\x07\xb8\x18\x1c>\x95\
!\x22G.y\xd25\xd7\x8d\x01m\xdd\xa6\xc2\xfaW\
\x81{G\xectu\xea\x80\xb9+{\xe7\xc3\xbf;=\
\xf9\xa6\x06\xc1\x1c\x94\xf0J\xe4\xc8\xb1p\xb3 \x8e\xf3\
\x96`GRM'Q\xb2\xa0\xaci\xffN{\x9e\x83\
\xdbi\x1b\xf8\x86\xf7-\x06\x82\xc4\xff\xa8\x98=\xd2\xa1\
 2\x03\x01:~L\xd0\xc6\xf9\xaew]\x8e\x10\xa0\
\xf0\x09m\x8c\xa4\xd8\xfdL\xe1`\xa3\xe6\xadv\x89\x97\
\xe5e\xd0\x1a\xdb\xa8O\xd3\xaf+\xac?s-[r\
\x12AH\xb9\xfc\xb4\xeb\xe7\xe7\x07l\x98\xf3\x84\xc4\x08\
2!B\xf2y\x87\xcaWm\x9e\xaa\xff\x98]:7\
}\x19\x1bS\xed\x0f-[M\xcd\xb7\xfeo=J\x14\
\x89\xe9\xe8K\x95l\xb4-\xd2\xda\x5c\xd6)H\xb4E\
h\x13\xc5vR\xd4\xe4\xc8\xe2f\x0c\x89\xcb<\xed/\
\x9e:\x19\xd4\xdbz`\xfb\x80\xee\x05\xc4\xfe\x84u\x9c\
\x81\xb1\xaf\x9fn\xaa\x94;\x0a\xd8\x97\xdaT\xf4\xc5j\
\xc7\xb47\xfa\xffU\xdc\xc4\xe0\x8d\xff\x0b\x8c\x01\xd6G\
+?\xfeU\xcf\x08*\xec\x13gl\xb5F\xc5r~\
^\xb2\xeb([\xdb34\xbd\xf6\xffn\xaf\x8c\xf6R\
\xeb\xff\xfc\xd4\xbe\x07x\xfd\xde\xe6\xd8\x06,\x1f\xfd\xec\
z\xdc\xffky\xcf\xfb\x7f\x8d\xa7\xfe\xf6ieIJ\
\xeb\x1b\xf3\xc3\xfe_\x9c\xbc^\x0b\xb7\xdd\xa4Yk\x0c\
\xa3\x1c\xea\x0c\x81k\xb0Q[\xc2\xdc\xbaOD\xbb\xcd\
g\xbe\xb0\xfa%\xccMV5o\xbe\x09sppp\
ppppppp\xa0\xb8\x09\xe8\x18\xcc\x88;b\
\x12\x02\x9dy\xbd\x8d\xa7`\xa0\x14\x90L\xa6\x84\xe7W\
&\xf1\xa2\x1d\x03\xfe%\x8058\xd6\x00\x92P\xc8z\
u'\x83 \xb0\xc5\xe3)x\x8a\xd0\xc8uZ\x04\xe1\
:\xcd\xb3\x88M\xb3\x07\x03\xf4\x1c(\xfb\xe0\xad\x0b\x8c\
\xa3\x8d\x8a\xf2\xab\xca\x18\x18\x06b\xaa-G\x9e4\x93\
@\xac\xed\x82\xd2\x18\xd8v\x01)\x13m\x03\xf6\x0e]\
\xfb\xba\xbaO\xa4r,\x13Ogi\x9a#\xcc$\x9f\
>\xc5\xb1J'\xbc\xdc8\xe7\xf4\x91IT\xd3/\xec\
I\x9dh\xdb\x10\x14\xb2\x8c\xccQ\xf2\xc3\xd9\xa7$Z\
$*\xc8H\xa2%\xfb&\x87.\xfb\x1c\xe6G&\xdd\
\xbd\xe5\xab\x9d\x9e\x07X\x0aW\x8dE\xc6z\xc2\x0a\xa5\
9\x92)\xdaZ\xf4\xfd\x1a\xb35\xf7i\xcdg$`\
\xd1\xbe\xce\xff\xb1\xdb/$\x9f\xc4|z\x11\x94\x1b\x02\
\x08\xf3\xd7\x8f\xf1\xb5D`\xf7H\x15\x94m?\xb69\
\xfc?\x0a\xa1\xd9\x07\xbe\xdfL\x1a\x81\x0dDJ\xd4\xd7\
\xfe\x8f\xfaQ\x92\x9d\xda\xac\x08 \xa6z\x9ei\xbb\xf1\
\xbf\xd8\xbe\x88E\xf2\xd0\x9c_b7\x151\x9f`\xee\
q\xd4\xeb\xda\x91\xfd\x7fl5~\x1eD\x12\x0f\x89h\
\xef_l\x9f\xc9\xcb\x8f\xed\xba\xc2\xbcc\xf2~\x87X\
7U%\x93\x96\xe5\x0d\x17\xe8\x0f\x9e,\xf2\xb5\x99\x97\
\x90\xea\xd6:^\xfe\x1ft$\xff\xef\x07\xcd\xfck\xca\
(\xcax\x9e\xb0\xa4\xd1\xcb\xf5\x9a\x1e\xfd\x9f\xea\xb5\x99\
\xbd}\xe5\x0d\x942\x9d\xc9\x91\xcf\xa0\xab\xde\x03).\
\xb3\xb9\x9c\xec\x89\xeb\x9c\xeem\xd4\xd1\xd2\x1f\xe1\xc4\xc6\
\xc5\xfd\xbc\x86\xb8q\xc5\xf2\xd5~\xe8\xe7\x99\xd9\x81\xaf\
\xb9,A\x1d\xce\xed\x08svZ\x05\xd5\xa2\x0f5\xf3\
N\x5c\xab\xd2\xda\x1b\x8cs6\xcbT3\x97uZ7\
\x08\xd75]\xad\xd3_S\xca\xdcrd\xe9\xe4y\xd8\
b\x8d\x85~\xbb\xcf?\x9bC\xdd\xdb\xd6\xb8\xddBx\
pppppppppp\xe0p\xe1\xc94;\
\xd9\xa1)\xe3\xdf\x10\xda\x90c\x0b\xee$8MF#\
\xa8\xf8\x9cz\x06>\xd8\x88\x84\x8f\xbc\x1fOF\xa3\xac\
\xcf\x05\xfd\xcf\x8f\xb8\x80C\xd3\x13i\x05X\xc1\xff\xac\
e\xc1Y\x17 \x9a=\xf6y\x17L\x18\x19\xd6\x05\xc0\
\xd9\x9e\x1c\xc4ER\xf0\x83u2\xb5$\xd9\xc8\xd5U\
\xd9\x18L\xaf\xc05\x04k}0\x8bm\xc2\x1fs2\
\xdb\x99(\x91:\xb1Le\x9bI\xcd\xef+\xc4\x9b\x1f\
\x89\x18\xa6\x18\xd4\xee\xf4g\xd2\xa3\xae\xe3\xdb\xcd\xa9L\
A\xe4\x90\x05\xb1\xb1\xdc'_(\x8e\x19\x83\xed#b\
\x8d$Kk\xaa\xc0\x8f^9\x0b\xab\xe7w\xb2\xc9\xc6\
4\xd0\xc1jMA\x94\xaa\xa5N\x0d\x91#k\xcb\xf9\
\x0d\xb5S\xe5\xbb\x0d\xb4\xfc?\xcaP\xffv\x94\xe6\x22\
\x8c\x08\xfc\x9fS\x9f,?\xa1\xba\xadP<\xf9\x89\xcf\
\xafI\x11\x86>\xe1\xd0B\x94\xbd\xb4\x17\xfeo6\xce\
?\xe7\xffJj\x16\x04\x15\xa4\xaf\xb6\x82\xcc\xe8\xffH\
\xb2#\x81\xe8\xe4\x11\xceD\x22JRk\xffG=\x15\
.\xf6s\xa7\x9e#\xcd\xdc\x00\x18\x91cc\x86m_\
{\x90x9:\x7fTK\x95\x1f\xed\x88\xf3\xa6\xf6\x7f\
K\xf17\x1d=\xd1\xaf}<\xc6\x97\xa0\xbcY\x8e}\
\x83\xed\xf3s\x98\x0b\xffG\x92\xcb\xda\xc0E?\xaao\
\xed\x08\xc7\xceGv\xe3\x82\xeb\x85\xef\x07_\xbb\xb2\x08\
\xeb\xacu\x09\xec\xc3\xfd=\xda:\xf6\xff\x1f\x18_Z\
\xe9%\xb9\xed\xea\xeb\x9f8r\xf6\x8d\xff\xcbn\xeb\xdf\
\xd4\xdd\xef\xff\xb9<\x89\xfe\xfe\x85\xa4\xb2\xfb\x9b\x05\xd5\
\xb7\x5c\xac\xcf*R?\x8e\xbf\x97f\xf8\xce\xff\xc7\x15\
\x9e]\xb6\xf9=\x8e\x92\xb6\xbac\x17\x99\x0dSKo\
:\xec\xae}`\xa1&\xf7F2\xe1\x1c[\xef\xd7\x04\
[\xc3\xfc\xae=+\x7f\xecA\x13Y}\x22\xcb:8\
888888888x\x87\x0b\x89\xbb\x9b4\
\x9eA\xb2#\xa3\xd6?3p\x90\xf1\x95\xfa\xfbt\x88\
^\xffk\xd9t\xa1N\xa4?f8t\x88\x0b\x1e*\
\xe2\xd2\xc8\xe4@8p$s<\xe1<\x9a\xa2\x81\xab\
\x9e\xe6F\xebzD\xc2\x0b\x09\xd1\xd5\x0e\x22\x97\x86v\
c\x8a\xc8[}!\x0d\xde\xc7\xa00\xc2\x07\x9d\xd3\xc6\
\xf5\x88\x04_\xae\xaa\xebb\xe2D\xc6\xf9 \xf8\x0dq\
\xb1\x88\xa3{\x02XP\xe8\xfb+S\x16X/\x06\xe0\
:\x0f\x99\xbe\x0f\xf6\xfa~`L\x0csn\xfc\xa5v\
s|,\x02\x10+3\xdf\x93J\xb4\xe6\x1e\xa6\xbb~\
\x14<;\x06\x01?E\x82\xc1|a}Z\xe3\xc7N\
\xff\x14\xebl@\xf9\x1e\xa1W\x99l\xec\x16\xb9h}\
\x13\xdb\xcf\xeb\xc4e\xf6Sk\x0b/\xd2^\xdbb$\
\x1c\x07\x1b)\xcb\xc0?\x1e'x\xad\xdd\xf91\x1f\xf6\
\x08\x8f^v\xd5\x0bJ\xb6\xf1\xd6\xffU\xa6\x9f+\xd5\
\x9f\x00\x11\x13g>\xf6i&\x86\xed\xb5\xf6\x7f\xb4\x0f\
|GeO\xffw\x92\x8a\xf5\x95f_ijv\xff\
\xbd\xff\x9b\xfc0\xee@\xfak}\x1c{\x869\xec\xeb\
E\xff\x87y\xf2\xb0\xf6p\x99Z@\xaa5\xc1j^\
@(\xab\x0d\xfeGl\x8d\x84Nc\xcc6\x87L\xf6\
$\xea\x88\xc2\x1cbT\xee\xac\x8f\xc4_\xc5q\xe9\x98\
\xaa|\x22{\xd4\x84\xe9\xf5kT\xd77\xa9g\xd9\xf7\
\xa6\xf7\x7f\xdf':?#%\x1d\xfd\xc5\xad\xef\x94\xf7\
\xcf'\xf2\x16o\x1e\xe0\xfe\x10\xeb\x22A\x8d\xed'\x97\
\xd2#\xce\xb3\xde\xff\x9f\x1f\xbb\xf0~\xff\xef\xe5\xf4\xfb\
\xbf\xcd\x9f\xd8\x1fU\x1d\x9b'>\xad\xebG\xfc\xfc\xf5\
\xfe?\xde\xb8)n\xeb\xa5\xce\xdd\x99\xa7\xc7\x89\xd9\xae\
\x09m\x9f!\xb7&\x80e\xb7\x14\xbf\xe3Hc\x97\xbf\
Y\xeb\x9b\xc8V\x93\xcd\xfeUO\xe6\xb7'\xcc\xc4\xb6\
\x8f\x0e\x0e\x0e\x0e\x0e\x0e\x0e\x0e\x0e\x0e\x0e\xde\xe3\xd2@\
\xf7\xf3\x98\x0c\xd6\xe7\xe0i\xcc2#\x06\x19/\xee+\
\x8fw\x10\xb3\xe2r\x8e<\x94\x07/)\xab,\x9e\x98\
! \x1dF\x10\xbb\x92\x1c4PYbWP\xc8X\
\xc8\x94\x92\x06\x0f\x9aG\xfe\xa4\xaa\x0b\x22B(]\x04\
\xbc\xa83\x22\x06m]|\x82A\x9d\xf6\x81l\xe4t\
\xba?\xef\xf5\xa4\xd8\xfd9(]\xa7\xfb\x98\xb7r\xde\
\xc0\x07\xf6\x9bGvL\x9bVIGF\xf5mJ\x04\
\xd7L\xbbO\xca\xd1\xf3\xd7\x5c#\xb1[\x05\x8c\x8b\x04\
Cr\x8c,\x18O\xc47\xd6\xa5\xba\xcf\xd4/\xb2\xbe\
\x8e8\x0b\xc4\x0eQ)\x13mD\xf2\x19\xdb\xe2\xc6\xbd\
\xd1{\x01\x09\x9cmQ}J\x02P\xb2o\x95\x11O\
|\xf9\xf6\xa2\xad\xcb\x8a\xc2& rR\x9fO9\x02\
}\x9d\xc6\x01\xeac?\x8cFP}\xdaV\x99\x10k\
\x87\xf1\x1eL\xbb\xfbR\xe6\xff*\xc7\xcf\x1f\x9fJa\
-\xa3V\xb6\x88\xc9\xf77\x82l]\xc5\xb50\xeb\xb6\
~\x18'I\xed\xf1\x1e\xb6hr\xeb\xff8\x97\x83\xf4\
\x94\xa25\x9e\xc8\x17$\xf1\xe5\xc7\xe6EEF\x9b6\
kG\x1cg\xf4\x7fm\x17ZD\xf1S \xb8\x982\
\xa9^\xf9\xbf\xd9\xe5\xf7\x84o\xd6\xccn\xbdFB\xab\
\x90\x06\xffR\xa9\xcb\xed[\xb9\x00\xcc\x85\xd0+\xa87\
\x11\xdf\x85\xc69\xcfj]\xea?\xd8W8OMb\
\x5c\xffb{\x14\x17\xcc{\xebr\xdf\x87HZ'\x8b\
8\x8f{\xbd?\xc0\x1a\x17\xec\xef\xf7\xd8\xb0\xb6p\xbe\
A^\xffh&\xb7m\x89\xd0}\xc7\xd6\xc1\x9c\xdf\xd5\
\x8fm\x17\xd8\xffc\x9d7\xfb\x7f7\xff*\x9bw\x9f\
\xbdM\xd1\xff\xef\x1a6\xde\x9c\xeb\x98\x8dcq\xe6q\
Az\xb7o%c\x9d\xf0^\xab3\x94u\x04;\x96\
\xb9\xdfH\x18/\x98\x13p\xba\xdb]k\x12\xcfo\xf6\
\xa1\xedtpppppppppp\xf0\x05\xe6\
3\xa0\x07\x89+\xfa\x1c\xbcp\xaaD\x03\xdb\xfb\x1d\x9c\
p\xd1\x13o+h\x17*\x02*+\xab\x09\xb7\xac\xcf\
i\xbd%\x13\xc8e\x9e\x84\x17\x93\x0b<r8?\x89\
\xb3O#.$\x0e\xd9\x02\x0e {h\xea\xb1sx\
\x02$\x90FF]\xc4\xdfCO\xfe`\xb0\xff\xf9\x1b\
\xcfz\xec\x83\xc8D\x1e\x87\xfc\xd1U\xfe\x14VEr\
`\x12\x06\xd8\xbb\x00x\xd4-3\x9d\x9c\xa2\xc0\x9d\xbe\
N\xbf\x15e\xba\x93[\xf8\x03Q\x95=\x85*GD\
\x94\x04\xb0\x0b\xd6\xad\xffk\xf2\xc2\xf7a\x1c\xafH\x0c\
\xee\xeab\xaa'yT\x06%j(\x06\xc4C\x1e\x91\
\x9f\xd9\xbc\xc83$ 9\xb5\x97\x0a\xebjb\x04\xcb\
\x0b8\xa3\x96\x8eD\x05\x139\xa2\x10\x09\xc1\xe5\xaf\xe4\
\x09\xc4[\xce\xfc\x11:j\x08\x15\x0a\x04\xdf\xa5\xfe\x8f\
D\x8f\x12\x0f\x22an[\xffc\xbf.\xddW\x1es\
]\x8f\xf4\xbd\x12\xf1\x8e\xbcw\xfe\x1f\xfb\xcd\xfa\xbe\xfb\
s\xfd\xc6\xbaN^\xe0\xffQ\x9e\xadE\xfe1\x041\
\xdf\xfa\xae\xf6\x7fo\xbf\x95\xc75\x80(\xcf\x09\xbc\xc9\
W\xf8)\x8e\x95\x88\xad\x930G?Y;\xff\xd7\x93\
\xf1\x1c\xf4V\xeb\x02\x12F\x1cf\xb1\xcd\x01Y}\x8a\
\xf9\xb4\xea\xd6\x8fD\xe2\x8e\x1d\x9a\xed\xbaJ\xff\xe7\xb5\
\x9f\x19\x18\x16\xcb\xf8\x98\x1b\x0e\xe3\x1f\xc7\x10^SW\
E\xd2\xd7f\xd6\x1aw'\x03\xfc\xb2\x90\x95\xdf\xd9\xa7\
\xe4\x83\x80KO\xcds\xd4\xa3\x12\xc6\x5c\xb98\xdf(\
\x18/\xea\xff\xa8K\x92\xacx\x83\xef\xfeA\xc3\xe0\xff\
\xf1\xbd\x91\xdc\xba.\xe6\xfdO\xdb\x90\xfd\xdf\xdf\xec\xd1\
\xd7\xf7\xfe\xff\x0eq\xfd\xb7\xfd\xffj\xf7\xff\xdb\xab>\
\xe4j1G\xbf\xdd\xffI$\x95\xcfm\xcac\xfb\xb4\
\x9f\xee\xf6e\xdd\xcb\x07\x99..\x8f/\xf3\x15\xfb\x17\
~ 6\xccyY\xd7\x9b~_\x99\x17\x00\xb3\xfd\xb6\
n\xa2L\xbdPD\xf2\x98X\xbf=A\xb5\xf9\xe1\xfa\
GW\xf8\xf5\xccg\x9eD\xb3\x9eV B\xd7tr\
q~\xb5\xeb\xcd\xc1\xc1\xc1\xc1\xc1\xc1\xc1\xc1\xc1\xc1\xc1\
\xc2\x85\x01#\xb3\x06\x02\x13b/\x83 \x9a\xcc\xd8\x22\
\x0d\xc8\x88#\x0a\x17\xf6L\x81X\xa5UI&S\xed\
\xc2\x5c-\xe0\x02X\x092\xfcW\xcei\xbe\xbfc9\
\x13\x05\x15P\xb7\xf82\xe2\x03Fr'M\xab\xe0\xcb\
\x07\x18\x8b \x90\xfa\xc4m$E0\xad\x0fX\xf8\xb1\
^\xaa\x11dU\xb2Q\x8e\xbd\x0f\xb6\xceq\xfc\xe4*\
9\xe8\xf2I\x8b\xf0\xbb \x96b\xbb\xf6\xc4U\xd9.\
\xf2\xb6w\x04DU\xd7\xdbT\x94!O\xdbd\xf2\xd2\
~\xf0M\x11I\xb4<\xe6C\x96\x9e\x02\xc3\xfeB\x02\
MI\xe6]\xd0:\xb9\xd84\xff\xf5u\xc5\xc4\x5c\x9f\
\xf6L\xf5d\xfe\xa0\x9e\x10qEjY\x03\x8a\xfe\x93\
\xc6#\xcc\x1f+\x1b\x8dP\xe00\x9e\x9c\x08\xf6u\xb2\
P\xa8$\xd1\xc8\xb5u\xca\x9d\xef\x7f~\x1a\x02\x89g\
\xc9\xd5\xf75\x11\xe3\xc9\xd8\xd0v\xaa`vxn\x8f\
C>\x91_\xdb\x08tr\xa1\x8d\xdcd]d\xd5L\
\xbb`\xdc]\x19\x90U\x11\x85zJ\xba#\xb3\xcd\xfd\
\xb3\xff\x1b\xf1\xc7\xeb\xe6A$\xf6\xfc\x9e\x01\x8f\xb5!\
#\x94\xec\xc6\x15;\xdd\xf8\x8aV_n\x1e-N\x9c\
\x88\xfc\xdc\xaf`\xf3\xdf\xf7{\xd4\xc9an\xadtf\
\xca')y\xfd %C[\x112\xc9m\xf3\x7fq\
\xfe\xcf\xb1l1\x9e\xb6\x8frjGGv;\x1f&\
*\xc6?\x8e]\xe1\x07\xa6\xfa\xb5\xff\xaf9A\xc0\xd5\
\xb1\xf9\xbb+\x19\xd6\xae\xa1\xb6\xdf\xebJm\x5c?\x82\
C\xbfu\x13m\xb3k\x91<\xbf\xfa\xbd\xb8\x9eS\x14\
K\x00Yk\xaf\xb9_Q\xff\xf3\xfe\xff\x5c\x0f,\x98\
\xcb\xdf\xdb\xfd\xbf\xf6\xff\xd5\x16\xc8\x1b\xfe\x9fmR2\
\xd8\xb5\x83\xfc\xbc\xf6\xeb\xb7\xad\x05w\xdd\xf9e\x0d\x1c\
b\xdb\x01\xe2\x15C\xe5\xff\xe1\x9b\x10\xe0\xa7\xbe\xbd!\
\xb9\x9fR\xb6U\x88\xed\x81z(bT\x9d\xd7\xbb\x82\
+\x8f\xea\xb1\xd3\xd2o\xaei\x0e\x0e\x0e\x0e\x0e\x0e\x0e\
\x0e\x0e\x0e\xfe\xed\x98\xcc\x0b\x06\xdf\xf9B\xda\x13]\x1a\
,\xc4g\xd8\xfa\xe0\xcbH\x8a\x99\x06eW\x1e\x16\x80\
\xaf^.9\x94c\x87\xcf\x09\x1b<1\x83e\x87n\
J\x84\x83>\xca\x01\xed\xeb`\xc4\x92\x94m[R\x99\
\x8d\x98'*\x02\xca}\x90\xd9\x9d\xba\x8a\xc4o\x0c\xba\
\x0bie~w\xfa\xaa{\x8f\x04I\xb4\x8f9\xdb\x16\
\xf58y\xe4\xc2\xb4\xb2\xeco\x02\xb6\x9eX6\x82\xe1\
\xa9\xdd\x027\x0cv\xa4\x01q=\x1eC\xcf\x88p\xcb\
\xfe\x14\xff\xdcP$\xde\xa9\xe8S\x22#\x0e}\xbf\xa7\
\xd0\x9e\xaa\xb9\x88\xa4\x82\x96\xa0\xe5\xa7V\x868\xeb\xc5\
\xf0\x9f\x89\xda\xf9\xaa\x8f\xf2p]+c\x05\xe0\xc6&\
U\x19\x897\xef[\x94HG%K(\xd5\x9a\xfdT\
\x9c\xa4w4\xc8pJ\x97\x16\x09*\x1bwk\xff\xea\
o\xf17\x96\x02\x95O\x94\x88\x91!\xab\xea;\x7f\xd3\
\xc1$,\xc2'X\x8f\xfd\xb5l`\xb0\xa9\xb0\x04m\
E?(\xeb\xc0XX?\x13\x90V\xe3o\x9a\x97\xea\
\xf9\xb1\x9c\xe5\x1b\xd22\xdb\xea\xcb\xd6\xee\x8f\xad(r\
\x0bb\x145P\x98\xa3K/\xb45\x9e\xf2\xac\xf7\x85\
x\xc3d\xe6{\xe5\xae\xcfp>\x98\xff_@\xbc\x13\
\x81\x1b&2q\xfd0e\xf0]\xfbT\xf5J<\xed\
\xadc\x12\x89\xf1n\x0d\xe7(\x8e\xa8\xd9\xeb\xecF\x04\
\xadvRs\x05`\xfb?o\xf7\x0c_\x0b\xe7a\x8f\
7\xbf\x8d\x10\xe5\xe3\x0d\xaa\xe5\x7f\x9b\xfa\x0fE\xd4X\
W~\xd8\x1dH\xd4\xd7\xfb?\x97u\xf6\xfb\xbf\xdf\xaf\
+\x1d\xd9d\xee\xdf\x07\xbd\xd1\xff\xf5U\x1a=\xfd\xb0\
A\x86\xe8\xbeI\xe9Bm\xf6\xe6H\xc1y\xb6r'\
\xf9\x0d\x9f\x09\xf7c3(\xa7\xe5\xecEh\xfb\x03\xdc\
s_\xf8\xd8(\xb6:[G/\x0bI\x0fk,b\
\xfca\xde\x1e\x1c\x1c\x1c\x1c\x1c\x1c\x1c\x1c\x1c\x1c,\x02\
z`\x04\x1e\x10\x04V\xf1\xe9\x8a \x18\x02\x02,\x03\
\xc1\xb8?\xe3\xbcd\xb8ku\x0c\x16\xc5'\x97\x04\x9c\
\x98\xad+d\xe0\x10`\xafjR\x06qv*\x8f\x12\
\xe2\xa9\xa9\x18hk\x9a'\x1910\x9fvR%\xdb\
\x07}\xff?{o\x98\xf0:\xaej\x0b\x82o\xcf\xe3\
\xbd\xf9\x0f2t%\x16\xb0\x16 '{\xd7\xb9\xdd?\
\x8e\xa8\xfavlY\x02$\x81$\x96\x14'N\xc1\xe9\
s\xfe\x09\x04\xf5\x9aH\x09\x14'@\xb8\x07\xbb\x13\xc0\
\xb1\xd75i\x1f\xd4\xe2\x89*+He\x07.\xf6\xc1\
\xb9\x9f42\xebm>\xcb\xee\x01;\xf3\x9f\xeb\xea\xed\
>\x01\xedw\xbe\xdeN\xfe\xc4\xa4\xf6\xcdt\xa2Y\x09\
\xecb\xc0\x0a+\x96y\xdf\xcf/x\x85A\xb7+\xe7\
\x9ci\x06\xa0\xde\xac\xf3\xf2U\xe9\x9b*\x0e\xc6\xb3\x8c\
\xe4\xa1\xc2>H\xf5\xd3\xb9\x9f\x04\xc0;\x1b\xf4H]\
{\xcf\x18\xf9\xbf\x01\xac\x88:\xe7s\xd2e\xd5\xbf\xfa\
S\xfa?\xd4h\xc9G\x90\x16\xed\x22?\xb5\x80\xd5\xc1\
\x94\xf3Y\xffV\x86\xb6Ry\x12\xd9\xaf\xddfnV\
\xda\xfe<?\x96\xe3>\xea\xf5J\xe0\xefb}\xa1\x1d\
q,\xde\x11o\x04\xd4\x9e\xea\x9b\x16\xd9\x1d\x1d\x5c6\
+\x03\xbb<m\xce%\x0f\x95\x1d\xc8\xc6\xfd\xe8\x7f\xb3\
\xffS\x8b\x0a\x9e\xac\xa4\xf1\xf2A'J]\xf3K\x95\
s\xf7\xe5\x05e4\x1a%\xc0n\xe5^\xf0g\xe8\xff\
\x1a\x00k\xdd\xf01\xe9c\x87\xad\xf1R\xda\xd83\x8e\
\xde0F\xa7mc\x06y \xa3\xf7\x1f\xe3\xb8'$\
\x19u\x99\x19\xb2\xae}n\xa8\xd7\xc9\xbb\x8c\xa9\xc0\x0f\
\xfb\xe3+\x88[\xe6\xacI7g\xb1\x03w\xe7\xf9\xff\
yc\xb5\x81\xbe1\xff?\xe7\x7f\x9e\xff\xb9\x1d\x9e\xe7\
\xff'\x8f\x9fd\xd7\xfc\xb8)\xd7\xed?\xe5\x95R\xde\
g\xb8\x22t\xfb\x89'\x5c\xb8\xaf!\xb0\x06\xcb\x17J\
\xc3\xdd>(\x98\xb1Q\x8c|>\x7f}\xd40\xb0[\
\xdb\x16\xf4\xd3\xd0o\xf0\x99~\xb0[\xe4\xb1\xdf\x0f\x1d\
:t\xe8\xd0\xa1C\x87\x0e\x1d:t\x13\x01\xd0\xbe\x00\
\xff\x04\xccj\x14\xf3~\xd2$\xaf\xe5\xce\x99\xc1\xbf\x0c\
\x81\xe1\x100\xef\xbe\xcc{\x07\xe9\xaf\xa6K</\x9f\
\x89\x91\x97`v\x05\xe5\xf1T\xbb\x9c\xf5h=C}\
\xab\xb49\x10\x0d\xf0\x18\xeek\xfeo\xf49\x19\xb7N\
\x1e\xdd\xac{\xf0\xddOJ\x0d\xc0\x8a\x963\x9a\x0d$\
\xf8\x1e\x1c\xd9F\xbf\x1e\xcc\xea\x98\xafR\x03C6\x81\
q\x95\x85 P\xcd\xf7t_\xc10\xe7\xb9\xae\x22\xbf\
\xfe\xc2Wd\x04\xbd4\x0d\x81\x22\xec\x0a\x0c\x8f \xc3\
}\x13\x9cw\xa0\x97\xb3\x8e~\x85v\x8fv\x81\xbc\x98\
gwJ\x0e\x95\xac\xa0\xc2\x05`\x17\xcapE\x18T\
\x04[\x04\x10\xb8\xea\x89\x83F\x83/\xa2\xdeBr\x1b\
\x7f\xf1W0\xa8\xec\x90\x84l\x0fm\xe3L\xef7>\
U\xecu\xed\xb6X\xed|~\xff*\xf5\xab\x08\x81\xb5\
\xf4\xa3\x80\x8d/\xeb\x98 h\x7f\xe6\x9fO\xfe\xff\xed\
\xdeAy\xec\xc7\xa8\x17\xa4L\x7fB\xfe_\xcb\x97z\
\x88\x10\xacz\x15\xf0\xdaO\x02\xa7N\xa0\xef\x8d\xec\x88\
\x04p^\xfd\x1f6\x16Z=\xb9\x9d3\xcf\xfcZ\x1a\
.\x87eP{\xac\x1b\xd4\x0b\xec\xe06\xa1\xf4\x15\xd6\
\xebb\x99\xa5^w\x99\xae\x97\xcbC_%\xc0Z\xb9\
\xc7\xd2~$\xf4*5.\xe3Xo\xc3\xfb\xdb\x04C\
\xfb\xad\xfe\xa8\x1b`9\xa4\xa6}N\x80/\xea\x80\xc4\
k\x83\xb0\x0e\xf1\xfe\x1a\xc7\xdbV\xab\xe7\xe7MN]\
G\xb4\xf6}\xa6\x9d\xffo7.\x7f\xe0\xe9\xfc\xfe\xbd\
\xff\xdbW\xffG~+U&\x9a\xc6\xea\xdd\xfco%\
_\xe35\xe8\xc8\xe3Dr\xb9\xedM\xc57\x9eu\xad\
\x89\xea|w\xdf*\x0e\x15\xf8\xa0^\xb2\x8f\xe13\x85\
\x87oQo\xb9\xb6\x80\xf0\xda\x0fX'\xd1\xa1\xadw\
\xf3\xee\xa1C\x87\x0e\x1d:t\xe8\xd0\xa1C\x87&\xfa\
D\xcb\xfe.\xbb\xc4f\xf5\xb3(\x8f\xb5\xbaf\xba\xa8\
\x96\xe0Q\xe4e\xf0U\xe6\x16\xdf\x00\xb8\xa4:<\xc6\
\x00\x22\xbf\xaa\xec\x829n0\x02\xb8\xee\x08B:i\
\xfc3\x00\x11\xfe\xc9e?A\x92\xc8\xee\xcc\xd6\x08T\
\xde\xfc\x9f\x00u\xdb\x02\xae\x04\xf6\x81\x0e\xf5\xb3\x06\xbb\
\x08^N\xa0?\xd2\xfb\xd5\x03O:\xb8\xfc\xb1\x09\x1b\
\xb8\xc9\xc1\xec\x13\xa0<\xc9z\xca\x17\xf5\x14{\xe4\x81\
'\xb9\xfa{\x7fG\xceb\x00\x96N\xcfY\x88\xe7M\
\xbd\x5c\xae\x81\x8dOu\xd1\xdd\x1d\x00\xa5\x99\x94\xf5\x9d\
@f\xd6\xb7\x03]\xcd\xa6\xa5\x83\xb0^\xf2\x03\x08n\
\xbf\xb6~\xf7k\x079.\xc1\x1f~s\x19\xf1C\x83\
\xca\x01\xb9\xbd,4\xd0\xe6\xe3\x1a\xc0\xda\xf5\xc5V\xf0\
=\xd0\xbd&\xeb\x11\xd8\xff\x04\x0ad;\xae\xbf\x01\x88\
\x0c=\xc7\xb6g\xa0/8\xc1\xb8G\xf9\x82?\x0br\
\xa0r\xfa\xb1?\xf4\x07\xb3\xbe\x91U\xfd\x9f:\xdc\x0c\
\xa5\x07\x8f\x89\xde>RO\xde\xba\xeef\xfc\xd9,\x98\
\xfc?%\x1a\xf9\x882\xe0:\xe8\xe0\xe3\xf64~\x92\
?-\xa0Pec#\x86\xf3\x93\xdc?\xe2V$\xd7\
\x1e|\xf6\xff\xcd\xb8\x0c6\xe3\xe0\xe0\xa7\xac\x03d\x02\
\xfe\x1fz\xef\xfd\xbf\xdb\x15\xb7-\xdb`\xe6\xac\xfa\xa2\
\x9d\xb49p\xe3\xff\x9e\xa7n4%S\x97UJ\xe9\
\xbcA\x13`}\xd1\xfd\x1e\x8b\xc1f\x8b\x0e>m\x7f\
\x9b+f\xc0\x94i\xd2u\xc7'y\x95\xb6\x17i\xf5\
\x9b\xc6\x11l\xaf\xdf\xe7\xff\xac\xc3/\xf3\xbf\xfd\xe5\xfc\
_\x18\xcaD\xbf\xcc\xff\xbb\xb6\xee\xf3\xff\xe7\xaa\xf8S\
\xb1\x914\xd0&\xcb\xd7WC\xe6{>\xa1\xf9_\xab\
\x99\xa6\x1f\x0a\xbfg]v\xed\xbfVs\xcbu\xc79\
\xb3\xcbY\xf3\xe1{\x08\xf05\xf1:\x88\xe1c\xc0-\
R\xa5\x0e\xcb\xdfl\xfb\xd0\xa1C\x87\x0e\x1d:t\xe8\
\xd0\xa1C\xefu\xf3\xff\xf3\x7f\xf3P\xb0\x02\xf8\xfbY\
\x9b_\xe2GC\xf24\x97\xac\xa8\x15\x02\xcd\x00\x8e\x94\
\x80\x85\x1a\x18_\x10\xd4Q>\x0fl\xcd\xf3x\xd9\x0b\
\xb8p\xb0\xaf\x040yPy\xeb\x00\xd0\x06\x008\x99\
\x962\x87\x06\x81\x7fg\xf0\xa6\xe6\xed\xa9\xdf\x00\xd7\xb9\
<\x07\xcd3\x18Y\x00\x8b\xc2\xef\xbb\x5c\xfd\x9aR\x03\
\xde)W\x93\xd3\xf4M[z\x83\x1fO\x80\x02Ky\
\x0e\xd6[\xee\x1a\x05J\xef\xb38y5\xe8G\xe0\x02\
\x00\xbe\x110[\xfe \x91J\xfd\x11\xa7\xc0\xcc\x0aP\
0\xf5\xea\x0c\x92\x18\xbe\x9b\xb4\xfe\xc0\x99\x00hc\xfd\
\xbd\xd2\xa8\xcb\x0c>\x7f\xb1ne\xa0\x9d\x9fZ\x03\x8c\
\xf4\xc1>\xb5\xf9\x0b\xeba\x03\x8f\x91~\x01\xa9\x06[\
\x8c'\xd0\xa7q5\xd8\x88p\x8e\x07}x\x83\xe0W\
\x8a\xd3\x8d\x22T\xf7i\x83\xc5\xd3{\xbf3?\xb2\xd5\
\xf8\xe2z\x15,\x7f\xa2\xe6H\xb7}\xbd\xb6\xcfM\xe6\
\xf1\xa9\x0c\x07\xab\xd9\x8d\xfc\xdf\x88\x8b<\xc8\xb0\xc6k\
\xca1\x8dU]\x17\x98\xdcp\xc3.2\xd9\x08\xf2\xbd\
\xd3^\xab\x1d\x08\x88\xd3V\xc9{.Q\x04\xf5R\xcf\
Y\xf3\x9b'\xbd\x9b\x5c9\x17\xea\x89u\xba\xf5rD\
W\xb6\xfc\x9fR\x88\xff\xcd\x94\xd2Q\xf6X\x87\x9dl\
\xd0s\x96\xa9\xdb'\xb5\xfc\x9el{\x02w\x07FO\
\xf6\xbc\xd7\x86y\x7f\xd3\xc7\xfe\xb2\x5c\xe7\xd1\xed\x0f\xef\
\x9d\xe6\xf1\xf1~\xfe\xfa:\xffs\xfe)\xa5\xfb\xd4`\
O\xb7\xf3\xc9\xe8Ofa\x1f\x9fz\x5c\x92k\xca\x0f\
\xb8\xfb\x12\xec\xc3~\x95\xef\x81\xfe\xfcg\xaf\xb5\xcc\xb3\
|\xf6\xcf\xfd\xeb\x9f\xff>>\xf7\xc2'\x16m\xef\xbc\
^a\xe3\xc9\xdd\xe2\xde\xe7\xd6\x04\xaa?y\xde\xe0\xf3\
?7/\xb55'\xdd\xea\xdf\x1b\xc6\xb7\x029&\xdb\
\xa6\xdd\x0e\x1d:t\xe8\xd0\xa1C\x87\x0e\x1d:T\xe9\
\xf2S%Ak\xa1\xae\x84P\xf9\xb3\x04\xe3\xee\x95y\
\x14\xa2\x7fK\x88\xb8be\xfc\xd1\xbe\x12\x14\x179\xb6\
\xa2\x8c8\xf5e\x90\xaf\x01\x05+@p\xf0)\xa3\x8f\
;\xcf+\xe57\x22\xfd\xf14 dy\x08\xe8\xea)\
\xa2\x0a\x0cNy\xbb\x849\xa5\x96\xe3\x13[\xba\x0d\xb6\
k\xb9\x9a\xbe\xd7\xddZ9\x975\xf1\xac\xba\xb1\x1e\xa9\
c\x05vv\xf7;p\x92\xeb\xed\xe5z\xf9I\x97]\
_\xb8~\xac\xc7\x9df\x05\xecM{/\x80\xec2\xba\
zJ\x8c\xfaK\xc8\x5c\xa1\x02\x22\x08\xb62\x00,d\
\x87\x01\xa2\xd23\xe7\xaf\xd2\xcf\x1b\xea\x00\xd2.N\xb6\
9\x85\xdc\xfa\xa4\x83\xcfx\x7f\x83\x8a\xf9,\xf2\x11\xef\
\xe5S\xab\xbe\xab\x95\x8a\x0d\xe5\xb7,\xf4\xa1-\xf3\xf4\
\xe9\x0c\x14\xa6\x8d8?8-\xbeN\x01\xa2N\xfe\xe7\
}\x84\xed\x809\xb2\x7fg\xdbD\xfd\xe2\xd3\xa4\xf3u\
]\x87\xff\xf8\x87\x1cQ\x96\xb7E\xea\xc1\xfe\x7fQ_\
k\xd4'7\xf3\xe2\xee\x07\xff\x17\xba\xd7\xe1Ob<\
\xd6\xc2\xc3\xe5b\xbbzz\xed/\x09\xfem8\x0fb\
^2\xfa\x7f\xccO\x8f\xfe?\xd9d\xf6O\xccW\xc6\
cJ=\x81\x1a\xa55[\x5c\x13\x11&\xf94'I\
\x1f3\xdd\x86\xdb8S\xeaGV\xa8C\x1f\x0cv9\
\x7f\x83D\xd3\xff\x0c7\xe7\xb4\x0a\x0c\xfe\xb8\x81\x82u\
w\xfa\xbc\xbac\xe88\xd4I\xa9>F\xfa7\xa2\xbe\
\xd3\xc79\xc9\x0c\xb4o\xfe/-\xff}\x0aXZ\x9d\
\xeb\xb8\xba\xd3\xed\x97\xf9\x1fm\xb0n\x80>\xf1F]\
\xa6q\x1b\xcbM\xb6\xb8r\x0ci\x7f>\xff\xfb\xd8\xf7\
}\xfeG[t\xfe\xd9\x1f~\x1f\x9f\xc62\xb3/\xd6\
\xf5\xd8,F\x80\xf8\xd4O\xae\xabeb\xc84\xe7a\
\x0e\x18W\x1f\xec\xb2\xe2\xdf\x0f\xf8\xbc\xc6\xe5\x18g\xbc\
\x9c\xafa\x93\xcb\xb4>9t\xe8\xd0\xa1C\x87\x0e\x1d\
:t\xe8\xd0L*\xff\xf3\x7fby}\x93y|\x00\
@\x00\x80\x84p\xd2%\x02\xa6u\xcc\x05\xc1\x10+@\
L\x9ef\xf6\x1c\xef\x85\xbdBl\x81\xb0\x8c\xe7d\xb0\
F\x94\x9fX\x01\xae\xee\xa0\xa4\xf2\x90\x02\x0aiV\x97\
\x00\x8a)p\xde\x07\xa0\xfb\x90\xe3\xb7`D\xff4\xbf\
\xf2\x8f\x1d\xd5\xd2\x1e\xf8V\xd0\x95\xefu\xab\x07\xf2\xf7\
\xd3yO\xe0\xdb\xc4#eN\xa0J\xd7\xab\x9e\x8ev\
p\xe6\xe9\xd4\xb4\x81\xb5\xee\xfa\x06m\xcfC\xe6\xa7v\
x\xbe\xdb\xd5\x1fm\xee\x96\xa2\xe8\x1b[YC\x1fd\
\xd4\xbctg\xfe\x13\x9f-\xaf\x96\x86\xa0\x05\xda\x89\xcb\
\xcd\xafGk\x01\x89\x12X\xecR\x1c\x09\xc22\x08\x02\
\x1b\xf1e=\xfc\xceux\x02KT\x9e\x00 .3\
\xf7\xb3\x8d\xf6\xb8\xd7\x91\xc1\xb2'p\xc1\xcb\x18\x8e\x8f\
\xffKT\xdb\xa9\xd2o\xfe/\x00x\xe3\xf5mt\xb3\
\xffg\xc9\x19\xba\xa1\x99c\x94y\xa7\xbd\xa8\xad\xef\xd3\
\x91\xf8\xfe\xdb\x04\xc4\xf8\xd4\xf4\xfa\xca\xbdt02\xfd\
\xa4\x9f\x8a\xad\x00\x1d\x9d\xd2\x1cP/\xdb\xa4\xbb\x0eS\
n\xa7W\x01\xde\xd0\xc7fY%mu\x81\x89\xcd\xba\
\x0f\x1c\x9e\x9f\xee\xf5\xf5vpp\x0e} J\x83\x1d\
\xcc\xfc\xee\xfe\x94\xd1\xce\x8c\xeem\xa3\x07\xe5A\xbb\xfe\
\xd1\x85\xee\x1f\x84\x03\x04\xb4\xe9![\xdd0]\xbe\x00\
\xccS\xb9\xae\xcb\xef\xa9\xdf\xc86\xe5\x9e\xfd\xdf\xb8-\
\xbf\xb4\x87\x97\x99\xf8\x9bL\xfe\xbf\xebE\x03\xads\xee\
\xb357\xa0\x85\xa6\xbd\xd8\x9a>n\xff\x7f\xc5\xe9t\
?\xf1\x9c\xf3\xd4;\xed\x15\xf0\xb0E=\xefWF[\
.\xef\xac\xe6\x91[F\x94\xc5\xf1'\x17\x10\xfe\xfc\xf3\
\xbfOH\xa0\xcdj\x18J\x97\xf5\x03\x84\x9e\xccs\xea\
\xdf\xf5\xf9\xa1C\x87\x0e\x1d:t\xe8\xd0\xa1C\xff-\
\xb4^\x0eY\xc0\x19SNV\xbfF8\x8c\xdf\x99\x5c\
\xc1\xca8\x15\xb3rO\xe0)\xa0\x9f\xf3\x89\x1e\xa9d\
\x94\xf69\x89E\x990\xf0Jvs\x00\xa6\x14{\xce\
\xa7\x9f\x8at\x0f\xcc\xc7\xfc*\xbb\xf8\xa3\x9f\x82{\xa6\
\xdd\x89%\x07:Q\x8fZ\xa6\x01m\x0d\x8c\x03\xa4\xd3\
\x0a0\x01\xd7\x7fz\x8a\x0b\x9fO\xfa\xef\xf5\x12\xa1-\
\x83M WO%\xce\xa7\xc1\x16\xb7\x00N\x84\x00v\
7d\x06\xbd\xbd\x19j}5xa\xbd\x22\xafY\x00\
\x90\xed}\xc9\x05\x00\x98\xf5L9\xfc*\x8e\x94\xab\xc2\
~UO\x047\xbb\xd2\xf9]\xcf:\xe4a{a\xa0\
y\x02\x9e\xab\xff:h\x9ems\xa5\x9e\xc8\x7fhs\
\xe7S\xfb\xb4\xeb\xfd\xec)o\xa02\xe5d)\xf4\xc5\
\x1d\xf8\x9c:\xa3\x0d\x14N\xaa4\x04z\xbb\xe3\xa98\
\xd7SE\x1f6M~\x01&RR\xb5go?\xb7\
\xbd\xc9^\xbf\xfb\xbf+\x03:YO\xf7g\xbd?\x06\
{\xab=\xb40\xa1k\xf4\x7f~\xc5L\xda]r\xf3\
\xf4\xba)\x95\xe5\xb5\xf8\xff\x8fu\x96\xecK\xefG\x94\
i\xe0\xcbRmN3\x7f\xea\xc6c\xfdE\xfah\xf3\
\xc3\xda7\xcd\xb7^\x16\xe9\xcd/\xc1\x06]h\xcem\
\xd6\xfc6\xf8\xb4\xb1,2\x8d:a\xde\x9f\xfa^/\
G\x16\x0b\x1f%\x1e1\xab;*\xb8\xb1\xd9yl\xdc\
\xd3\xbb~\xe8\xff\x95b\x03\xc3\x1e6\x037\xe3\xf4\xf4\
\xbc\xe6\x99\xe6\xf4\x7f\xe7\xff\x0ez\xea\x97\xf9\xff\x8b\xae\
_|\xc1\xc0\x86\xac\xf8\xbc\xc1\xf5N\x87\x22UH\xfb\
\xb2\x113\xf55\xdf\x9b4)>\xb4*lV\x09\xd7\
\xef\xb3\xb6,&m\x8d\x87\x8d\xeb#Y\xfc\xbc\xade\
\xfd\x00\xe1g\xcd\x8bc\xca\xfbS\x97\xfctm\x98W\
l\xfc<t\xe8\xd0\xa1C\x87\x0e\x1d:t\xe8\xd0\x9e\
\xe2G\x08\xf9\x5cK\x07\x1a\xfc\x09\x07\x9d5\xa4{X\
\x84\xeb\xf0\xdc\xf8\xe2\x8e\x11\x1c\x14X\xe0\x11\xe7\xe0\xe2\
% \xc7\xa0\xe3\x0eR4\x02\x9dN&\x13\xe8\xc3A\
\xd9/\x00\xa2\xb4\xe7\xb5L\x0b\x02\x87\xb2O\xc1-H\
\xf8\xfc{\xe9\x0c\xcdMA7\x07\xd9\xcfA\xff\x14\xac\
O\xf5G\x00|\x0a\xbc\x7f\x0d\xca\x9e\xf2\xcd\x01^\x07\
500\x7f\xea\x9f\xa9\x1e\xb7\xee5\x98eHlW\
\x87\xda\x16\x01b\x99\x11@H\xa0S\x09^\x1d&\xc2\
6\xdf\x82M\x22\x0d\x18\x8er&\xd2!\xe3\x0c\xa6E\
\xa5\x03A\x96\xaf\xe3\xc06\xac\xc0j\xc8\xc5F\x82\xf6\
\xee@\x22\xc1\x0eMW\xcc\xcdm\xabl{V}B\
J\xbdt\x01p\xf4\xb0\xd9\xf7U\xfa\xb3\xeb\xc6\xfdD\
:\x99\xff\xc0*\xf3\x96\xc6\x83\x9f\x7f\xf3\xffNJ`\
\x22\xdaO\xe6\xc86\xe6:u\xfb\x92\xe2\xe7Q\x9d\xad\
\xff\xa7\x1d]\xf0j\x8f:d\x8fm$\xfd\xd5E\xe6\
u1\xdb\xdb$\xf2&\x008\x92X\x96u\xb0*\xfd\
\x7f\x01\x92\xda\xbd`?\x8ee[\x93mn\x00{j\
g\xe0\x91\x1bR9^ \x10\x17\x9bV\xaae\xac\xd0\
\xc2\x8b\xe5\xd4\xb9m\xd2\x0d\xfd\xffg\x1a\xe6\x08[s\
\xba\xeb_\xa9\xda\xb05\xff\xdf\xd10VAz\x07\xb5\
\xd3\xb7'\x80tS\x95G\xff\xff:g\x97ru\x1e\
\xfee\xfe\xff\xb4\x9b\xfc\x1b\xff\x07\x9f\x11\x93o\xf3\xe6\
\xccO\x7f\x98\xff\xeb\xebe\x9a\x12mm1\xd6\xbf\xcd\
\xf7\xb7|\xbc\xcf\x0d\xb9\x8d?\xfaIe\x91\x92o\xc1\
\xc3\xaf\xf5\x09~\x95-\x9d\x82h-B\x002\xbb\x05\
\xd7\x03\xd25\x7f\xe7\x81\x9e-\x06\xb7o\xc8\xe0c*\
\xf7\x8fw\xf7v>t\xe8\xd0\xa1C\x87\x0e\x1d:t\
\xe8\xd0L\x17.\xda\x9d\xf2\x94\x1f\x04\xa8A\x96\xeb\xf1\
\x88\x1b\xe6\x80\xc9&\x9e,(/\x14\xd8E`\x9e<\
t,\xe8\x00\x9e\xab\xa1\x8b\x15\x06\x82\x83n\x01\x1e\xf8\
\xaf\xc4\x97Gp\xfd\xd1a\x13\x94\xef\xa8\x06}\xd3i\
)\xa4\xdd\x89\xa3\x91\xaf\xedOBa0\xf4-\x18\xdd\
Q\xf2\xcc\xf7k\xee\xe4\xd8\xa4\x9f\xe8c\xf0\xbf\x0b\xd2\
Q\xbe\xeb\xdc\xda\x85@\x93\xe9\xab\xd6E\xd6 \xb7f\
\x0e\x80\x08\xe4; 8\xe9\xac\xca\xa76\xa9\xcde\x0e\
\xec\xb5\x00\x9c[ I\xdc\xaf\x18|B>5\xbf\x9f\
\x04\xdc\xd9Y\xd8/\xf6\x0d\xd5\xbb\xf7\x93\xca\x06p\x92\
\x07\x90\x9b\xee\xa61%\xbcU\xa6z\xdf\x97<J\x10\
0\xaf\xcc\xa1\xf7m\xff\x06B\xdd(\x91R\x1am\x0d\
y\xc5\x7f\x1f\x00\xfbj\x00\x8b\xc8\xaf\xfe\xaf\x09`D\
\x0b\xf4\xff\xd0\xaeu\xf3\x17|]\xe7\xbb\x02\xe2\xad\x86\
ru\x0d\x9c*\xfe\xaa\x15?\xf5._i\x04\xcf\x8c\
{\xa6\xdb\x8b@\xfa}\x02\x18\xfd\x7f\xdfW\xc6z{\
\x92\xa5}N\x00\x9a\x83\xed;\xff\x9f\xec\x14O\xe8c\
\xe6\xea\xff\x12\xfe\x1f\x1a1\xd0[};\xda\x5c\xc0\xff\
\xab\xad\xf0\x98Y\xfd\xb7\x8fMY_\xcf%p\xd5\xf8\
\xafw\xb2w\xffW\xe0\xf3\x9b\xffw\xdf\x13\xda\x1c\xe9\
\xf4=}\x9bC\xfbX\xc0\xb62\xe7\x9d\xf8\xa8\xf4\xfa\
\xcf@\xee<\xd7\xc8F'l\xa7*\xf3I\x1fo\xef\
i\x5c\xae\x14\xf3]\xd1o\xe2;\x9f\x84\xee\xfe\xff\xdb\
\xfc\xaf\xa3.(\xaf\xf9\x87\xec\xea\x0e\x1bD\xab\xfaw\
\x9d\xea\xda!\xb2\x17~\xe9w1]\x15\x7fk\x9b&\
\xee\x96\xe4/}\xa3\xaa\xf9L\x80\xcak\xd3\x05v\xee\
&P|\xd2\xf9\xce\xa3\xb2[\x8b\x1d:t\xe8\xd0\xa1\
C\x87\x0e\x1d:t\xa8\xd3\xc5\x01\xd2\x0e\xc1\xb3\x1e0\
x\x8c\xb5\xc0\x09BJ\xc4\x03\x08X\xd8\xdf\x88\x01\x07\
8\xf1\xa9\x0dt\xbb\x22 \xcd\xc0\xfd\x06_PA\x08\
\x18D\x17\xd8&\x8d\xa64\x0fJ0X\x9bC?\x08\
\xda\xbd\xca?\x04\x94\xc4\xa1\x04\xf8\x1e\xdc\xd4\xc0p\x0a\
\xa0\x9fx\xfdJ\xaf\xd7o\xc1Q\x07t\x18 \xaa\xa7\
\xc3z\xb9\xe7\x1f\x90\xf2{\x064{`?\x05\xd2\xd1\
^E'\x0aHQgi\xb5#\x19h\x8b\xaa3\xc8\
^Oz\x8a\xecO\x87y0[\x1dAK\xde\xac\x9f\
\x16>\x1a<\xf6\x80\xc1l{\xd1\xd6\x22\xf1\xf5\xe5\x14\
\xe1\xe0[\xeay\xf7\x13\xf3\xd8\x81z\xb2\xe9#\xce!\
#\xa8\xde\xdbt\xd6?dK\xb59\x90m\xb6\x01\x99\
\x5c\x03\x09\xfb@_\xady\xaa\x8e7\xc0\x9c'Ru\
\x93\x8f\x85\xa6\xe6R\xa4e]`\xcc\x80\xf1C\xa4\xfb\
\xd5\x7f\xd2\xff\xa7-\x82\xf7\x0f1\x12\x80<B4\x93\
\xffK\xd3/As(\xa9\xd5\x96\xd3\xa6\x03\xe4\x94\xec\
_\x06\xce\x8a\xbf\xe8\x04\x92\x82\x1eE'\xb7\xed\x1d(\
7Q\x02\xeb\x15\x84\x06\x0f\x8e\xe7\xb5=\xb3\x1dy<\
\xdcy\xbeB\x06\x1d}\xa5\xea\x1e\x9b \x1b\xffW\xe2\
/\xe0\x1b2\xfa\xf5\x05\xfe\x1f\xf5l~\x88\x1b~\x83\
\x5cI\xbb\xe9\xfe\xaf_\xfd_\xa5\x8f\xe7\xb5^\xf8\xf9\
\xad\x8d\xb8>\xb3\xccZ\x165\x8ey]\xe1\xc7\x8e7\
\xb4\xd3\xa5r\x9c\x9f\xeb\xd7y578\xb8o\xffs\
\xf3\xff\xeb\xa7|\xb8I\xe2\xf2\xeft\xbew]\xb3\x5c\
^\xf8\x18a\xb90#\xba\xeb$\x1b\xb2\x9c\xbb\x9c\xb1\
\xc1\x1b\xf6\x97\xff\x9b`\xdb\xb1n\x1f\x1f(Bm\xa8\
'n*\xc5\xbcb\xa5\x9f\x1a\x1f_\xb7u\xce\x7f\xd3\
/\x87\x0e\x1d:t\xe8\xd0\xa1C\x87\x0e\xfd\xb7\x11\xbc\
\x03Z!\x00\x89Uy\xe6\xbc#\xc8<\xd5\x12h\x97\
/\xde9\xbb\x150K#\xc0]\xcf\xa3\xb8\xc6\xc2\x9e\
t\x88\xe0\xdfB\xbc\xdc\xb8\xe1\xfa\xe3\x00D\xe84\x9d\
\xc5i\x18\xcc\x93x\xf8\x10\x01\x19\x9f\x84~\xa2\x09\xa4\
\x9b\x00\xd9]@\x5cA\xd3\xfbz>\x19\xcbm\xc8\xc1\
T=\xe9\xb4\xd1\xf6\xa7\xe0h\x02[\x1b'\xd5\xf1\x1a\
\xb8\x8cu\x98\xf8\xa8\xe4\xe9\xa8'\xbe\xef\xd3\xbd\xae\xdf\
6n\x95}[c=\xe8T\x98\xdc\xe0U\x03<\x0c\
\xa0#\x02\x08:\xef\xcf;\xc8)o\xa9k\x0b\xbe\xf3\
\xb3B8\x8b\x89x\xdb7[-\xc0[\xe6\xeb`\xc6\
\xae\xb7\xbd\xce\xe33\xad\xbew\x97\xa8\xb1v\x05\xeb\xb0\
n\x98\xfe\xe6\xc1\xafD\xe8'Z\x8b\x84\xc5\xff\x0ay\
TS\xac\x1f\x80\xf8us\x88}k\x1aSR.\x02\
\xb2\x93\xffI\xd1\x94/\x95S\xcdd:\x89\xfc\xec\xff\
\xd9\xce\xd96\x0az_\xad\xbfQ\x97\xec\x0b\x19\xfb\xa4\
\xca\xbbsd\x9d\xbd\xe5>)T\xfe7\xff\xcf\xf2{\
\xff\xad\xfa\xbf\xff\xc5\xaf\xf9g\x9fq_9\xb9\xff3\
\xe8/P\x07\x09\x90u:\x01L\xf6\x15\xa08\xf8\x8c\
\xd9`7\xac\xfb\xce.B\xb7Z\x07\x14\x87\xb4\x19\xab\
'`\xd7\x81<)\xfd\xcb\xbah\x01\xadg]m\x04\
\xcaj?I\x01Bu\xd4}\xb6i_\x0f\x18\xeb?\
\x00\xaf\xdf\xe6\x22\xd4A\x06\xbbb\xff\x976\xee\x8e\xbe\
>\xa4\x91\xcc\x1fu\x13\xd9\xdbC\xcc)\xf27\xfe\xff\
\xdb\xfc?\xf1\xf9>\xff\xcb\x0f\xf5z.?\xf1\xa9v\
\xf8\xf9kk\xa8\xf2\xed\xb2\xbb\xa0TuT\x93G^\
\xafgW\xce\xcb\xceE\xdb8\xc8ca\xa7\x04\xa7\xef\
\xcf\x98\xcc>\xaf\xe0\xc0|\xf8\x83\xb2\x0a\x12y\x22\xec\
\xeb\x96C\x87\x0e\x1d:t\xe8\xd0\xa1C\x87\x0e}\xa7\
\xeb\x0er\x18hn\x81\xfb;\xd94O\xa3\xd8\x02m\
\xe2\xe1s\xa0\xfe)b|\xba\x87\xd6\xfd\x02A\x86\x0a\
\xf1\xb2\x92\x8fO\xe7\xe8\x00\x0bb@\x9e\xc1\xa9Y\x07\
\x98\x19\xf4I\x10\x0d\x81!\xa9\xa7`6'\xac\xb6A\
\xe9\x98.\xb2;\xf15\x05\xedH\x0c\x96l^U\xf1\
P\xdey\xd4g\xbb\xf2;\xbd8\xec\xcf\x94\xa7\x80\xd8\
\xac\xdb\xd9\x9b\xde'\xb4v \x81\xf7\xb3\x03,\x13?\
/2\xff(U\x012\xe2\x8e\xdbm\xd7O\x1e\xd8\xea\
\x0a\xb0Q\xde\xfb=\x95\xa9\x976\xbdjP\x1c\xc1u\
\x03\xfb\xf1\xaa\x80c:\x9d\x86L\x89\x98>\xbf\x1b<\
\x03\xea\xaa[<.]5\x01\x1f\xee'w[DE\
I^\xb4\xa5\x08\xfb\xba\x0c@\x8cI\x1bc\xee\xf6^\
\xe5\xb6\xa0Q\xea\x01\xacZ\x9e\xd6\x9fV\xea,\xdd?\
\xfd\xc4\xa1\x05\xf8\xc5@\xc7\xddw\x22<\xb2H\xf4S\
\xd5\xe1\xe6\xdf\x01\x7f\x1fg\xb0\x1e\xd8\xcf\xcc{\xd5\xa7\
\xd5M\xd9>\xb7\xfe/[2\x9b\xdeo=\xf5\xbb|\
\x05[\xea\xc9\xe8i\xb7(\xdbU\xc8\x9f\x8d\xfc\x1fy\
J\x80\xa1\x15hL~\xf9\xb9\xfbQ\xbaj\x8fhC\
\x0a\x1b\x19\x93\xbe\x9fo\xe2\x94\xbe\x8aS\x9e\xaf\xfd\xf8\
\xeeu\xacu\x96\xdd8;\xb4\xfb<>\xb1\x8f\xe1\x09\
\xf0i,r\xde\x93\xff{\xfb\xa2\x8e;=\xd9w\xaa\
o\xba\x8e\xf3\xe6\x16\xe7\x9d\xef[\x1d\xc6\xf9\xff\xa9\xfc\
F\xdf\xc2;\xcbZ\xf7\x1b\xe3\xdf\x14\x18\xa4\x8e\xfa\xfc\
\xf9\xfco\xdb\xf9_J?\x7f\x03\xb0\xfff\xfe\x9f\x9e\
\xf1&U\x955\x9c\xe2\x86\x7f1\xaf\xf9\x021\xec\x04\
\xc7W\xb8\x03v\xaf\x97\xaf\xcdV9o\x93(\x93\xc0\
\xb4u%`\xfe\x9f\xc7\x09X\xf1p\x1d\xde\xedfX\
?\xa5\x22\x1f\xaf\xf0\xe9z\xb9\x08\x9bK\xb5\xa9C\x87\
\x0e\x1d:t\xe8\xd0\xa1C\x87\x0e=\x91\xca\xff\xfc\x1f\
\x0f\x97\xe3_\xf3\x93\xac\x1ex\xff\xf3\xdfu#\x86\x82\
 \xcc\xfd\xa3\x7f\x1a\x0bu\xb5\x0cR?\xf7~\xc0Z\
\xf8\xb4\xe1\xe7\xf3\x1d\xacz@\xe2\xe0\xcb\x87\xb7N\xb9\
\x05\x83\xa0\xfa\xf4\x8a\xc0\xe1\x0a\xc0\x02\x9f\xdf:q \
\xbf\x03\xf4\x22;\x04\xa7shWi\x06\x10\x9e\xf8\x0a\
\xa5\x7f\x0b&\xf5G=z\xb9~\xf5\x90[\xa7w\x22\
\xe73\xe4\x93\xba\xfe\xb9fi_\x95\x17\xea\x91\xe03\
\x82eYF\xc66\xf3\xc05\xe4\xa0\x5c\xe1>\xe0\xb2\
S\x1bk\x08\xe3\x93m\xf8\xb4\xf3\x9aN\xd5j\xcb\xa7\
\x09r\xa1\xac%ODG`\x13\xf5\x09^\xda \xac\
m\x9d\x89l\xf2\x85%\x1bT\x99\x00\x8a]\xfb\xcb\x17\
\xbbP\xe8\xd3\xfa\xa4_\xb1N\xbf\xe4\x9e\xe45\xa0\xe7\
K\x09\x06\xf4\xfe\x94\xb4\xf9\x7f\xd4\xf4n4N\x93\x04\
;\x1f\xc1\xa4\xad4\x91?\x83?l[\xb2\xf6\x0bo\
\x1aq\xfe']S\x92\x8d\xa9\x93\x9cO\x1a\x88\xe2\x8d\
\x1c\xc8Ke\x0a\x10\x94\x0cs\x1e\xab\xfa\xac>@\xb9\
\x1dR\x1b\x00\xd3\x95\xaf\xebc\x85\xd7J\xed&\xbb\xd2\
\x93\x97\xc1|Uyy\xdd{+&\xef\xaa\xbf\xec\xae\
\x08\xfd\xc3z\xbdDZ\x1fZ\xb3Mro\xd0A\x07\
\x1d^\xcd.\xaa\xf6\xd8\xa7\x0f\x00\xe9\xa6\xfcS\xee-\
t\xbc\xf5\x7f\x1b\xef\x9em\xdb\xbej\xd2\xc7\xb7\xc9F\
X?\x1cK\xed\x079;\xe9\x7f7\x16\xdc\x84z\xdf\
X\xb2\x91Ob\xa9f\x17Q_\x1b\xbc\xc9\x11\x5c\x7f\
\x1d\x9b\x90\x9c\xb7\x1d\xbey\xbd`G4\xecc\xe5\x0d\
\xae\x9f\xa5\xc3k\xd9Y\xe6\xf3_'q\xddn\xff\xaf\
\x1aY\x02\xcb\x9f\xff\xfe\x91k\xd7}\x12\xda\xfd5d\
\x81/\xc7Z\xf7\xdeT\xc4\xba\x1e:t\xe8\xd0\xa1C\
\x87\x0e\x1d:t\xe87\xfa \xc4t\xf8\xc6\x8f&O\
\xc13\xc4\x8b\xbe \xff0Q\x80\x8c\x15N\xe8M\x12\
\x83\x81\x0d\x00\x92.\xf0\x0a\x02Aq\xf8\xf9.\xe3\xa9\
\x09\xf3\x95\xa0q\x07\x19\xa9\xe4)\x9b\x9dN\x98]e\
\x00\xc8\xa0\x84\xf9i\xa8\x04\x12+\xa02\x9d\xfa\x9a\x03\
\xb6l\xb7z\xa2&d\xd8\xb7\xd3YR\xcaF\xab\x05\
\xbd\xec)X\xf2zt\x9e\xa8\x97\x96gf2\xd6\xf3\
+\x19\xe7\x9fN\xac\xc5\xf5\xe7\x1d\xb6\x9do\xda\xed`\
I*\xbc\xd9``3#\xf8,a_\xb5\x9d\x95d\
\xf46\x9a\xc0\x8d\x1d\xf8\x9c\xf9R\xb7\xd6\x5c[\xb0$\
\xeb\x11u{\xbf\x06\xe0\x0b\x08X\xf5\xbcov@\xb0\
\x15m\xf7\xe4:\x5c`\x1b\xd7\xe7\xb5\x11\xe5\x07\xdf\x80\
c=\x89)Q2Od&\x00\x836\xac%w}\
\x0e\xfd\x00\x1c\xfb\xb8\xd4jA\xb9\xb3\x1e*2\x02\xe4\
\xe9'\xec\xffx\xbft\xb1\xb2iRAm\xef\xcb%\
o\xef\xff\xc9o\xe11\xf4\x17\xda)\xb4\xa1\xf4|\xbd\
\xcd\xa5q\xea>\x96zq\x9bj\x001\xdf\xfc\x1fJ\
D\x0a\xb7\x95\xd0\xf8\xb20\xa0\xb8\xbb\xdfa\xaf\xbd\x7f\
\xd5\xf5\xe8\xb6\xf1N\xbb\xe2\xc7\x17\xb1\xec\xde\xffc\x93\
\x8b\xc6\xf6l\x87\xd4\xbd\x0e\x00\xcc7\xeb$\x03)\xd8\
\xc0\xf2?\xe1~q\xd9;\xa0\x12y\x5cC\x1e\x1d\xae\
\x5cO\xe6\x93cc\xcd4{\x1e\xde+\x8f\xaf\x90\xa6\
\x0f\xe3\x11\xce\xd5\x95\xa3\xa7\xf7\xb9f\xcf\x0fy<M\
;\xb3^>OVN2\x8c\x8b\xa5\xe4\x97\xf9~?\
\xffs]\xab~1\xf6\xc1\x5c\x84\xfc\x9e\xe7\xff`<\
\xb6\xd8\x5cv\x9ewc\x05\x11zM\xf2x\xdd\x93~\
%\x1b\x22\x03\x14\x07tq]\x14=\x0f\xefcv\xff\
\x17\x13\xf6\x94\x8d\x9d\xa5\xff'S\xd4\xe93\xbe\xf8\x06\
\xca\xfa\xe1\xea\x0f\xef\x05B\xa7\xeb\xe3\x1a@\x01\xd0\xf6\
\xfa\xcaW{?t\xe8\xd0\xa1C\x87\x0e\x1d:t\xe8\
P\xd2'B7\xcb\x80\xdc0&[\xeb\xef\xcf\xfa\x5c\
\xf3\x04\x89\xc4c\xf3\xb8@\xea\xc9-\x99\x80\xde\x02:\
\xf4\xc7\xc0\x03\xd8DV\x9dBb\x04\x09\xf8Q\xea\xc2\
\x01B\x05\x0a\x10\x1a\xd9\xe5#=-\x03\x10\xcc[\xf3\
\xcf\x80d\x06m\x1dl\xe2\x80\x94\x00k\xfd!\xb8/\
\x81`\xe5Ye\xd5|\x93\x1e\xd3=\xd7Q\xb6\xf5\x9e\
\xcaiy\xbe\x0f\x8a\xa13U[{U\x80\xe8\x89v\
\xf5I\xa0C\x09@\xc2M\x94'^\x1d\x80\x91\xe4\xa7\
\xf8:\x12\x89@\xbb0[\xa0d\x09\x90C\xf6\x0c\xd2\
\x88?A`\xddxC\x84K\xcd\xb63\x02\x07\xad;\
\xca\xe6C:#\xb7E\xe1Y8\x80\xd2\x9e\x0f\xb5+\
\x1a\x83\x1e\x1dT\xc6\xbb\x01,%\x90\xf3\xc1nC'\
+`\xdb\x04:\x8a\xe0\xa0\x88\xed\xe6\xa9\xd7\x02<\x88\
\x17mn\x88\xe4\xeb\x12\x1c\xa0\xbc\x96\x9e\xa1\x8a\x08\x81\
\xbb\x02 \xeb%O \xbaz\xbb\xc9\xde\xff5\x84h\
\x80\xe1\x98\x8f\xf5\x88\x12{?\x16Yz]\x94\x9f\x00\
^\xb2[\x1b\xfc\xbfr\xecw9\x16\xc2\xfb\xe0\xdd\xee\
7 \xe2\xfd\xe4~6\xb9\x1d\xea\xe1\x12\xbb\xff\xf7:\
\xe3\x04\xb9\xf3\xff\xd4\x99}f\xf6\x7f\x11z\x17\xbdL\
\xa0\xb2\x8a\x8e@!\xbe\x92\xaa\x8c!\x83>\xec\x1f\x02\
`6\xb6\xab\xc8P\x99R\x06\xdb\x82\xe9e\x13\xf8\xe9\
\xf3\x1e\xe8\xb5\x99\x9bS\x8f<\xc9\xba\xcb7\xab9\xdb\
\xfe\xa6\x84\xf4\xcd\x12\xe4\xb7\x9b\xff\xef\x9c\xb4\xf1\xf1u\
\xfe\xef\xf3\xden\xfe\x0f\xdb4i6\xf9<\xffw\xb9\
\xf2\xd3\xfc\xafm\xfe\xcf\xd1\xee\xa9\x1dmS\xefQt\
0\xc4u\x10\xcd'\x22\xb4\xba\xf4\x11\xfe\x9e\xe6,\x18\
W;M\xf18\x16\xc0J\xd5\xa4p\xce9:\xd7\x18\
\x12\xdf\xe0\xfb\xaci\x22\x1d\xc7\xcf\xbbO\x8c\xe6\xb1o\
6v\xe8\xd0\xa1C\x87\x0e\x1d:t\xe8\xd0!'\xfa\
\x85'\x0a$\x023Z\xcf\xd6I\x11\xce\xe2\x0br\x07\
\x1aJ@O\xa20\x1a\xbfO\xd4p\xc0!\x1e\xa5\xdd\
||\xfd\xaf\x98\xc9\x92\x8d\xdf\x8b\xecA1U)\x19\
Z\x9e\xfb\x87\xe4L~\x09#\x08xR}\x04z\xa9\
\x9c\xc8\x18\xac\xee\xca\xd4\x00\xf5\xd6\xba\xe7\xf9E\xdf]\
\x90\x5c\xe5S\xbf\x96\xc0\x98\xed\x82\x83j,\xd3\x82\xf9\
\x1a\x9c\x06\xf8\x95\xcf\xeb{[m\xa1\xa0|Z\xb7\xd6\
c\xff\xae\xd7-8\xad\xfc\xbe\xdd_\xc0\x09i`\x8a\
\x12h-\x83\x9c~\xe26\x81\x9f\x0cx\x97\xb7\x5c\x17\
\x03\x8d\xc6\xa7\xb4\xf1\x9d\xaa\x0eLU\xd0k\x07\x9a\xd5\
\xab\xa8\xafe\xf0=\x01p\x0e|`9\xa5z\xdd\xcf\
\x18@\x91\xa8\x97\xb4\xd6`\xfbCY\xae\x8f\x13`\x0c\
\xf1<O\x22\xa3\xac\xe4\x8fu\xd3`\xa8E^-\x93\
}\x88?$7\xe7\xadr\xb4\xf9\xbf\x8a\x0c@\x96\xb2\
\xacR\xf7n\x83\xec\x03\xd5w\xab>Om.\x08\xf8\
)\xffP\xdem\x8b\xd5\xde$\xd2\x05\xec\x14\xeb\x8b<\
P\xcf\x90\xa6WC\x9c\xd8\xc6@\xe7e\x83\xd7\xe8\xff\
\xf9i\x908\xb5_\xdcG\xbd\x1d\x88\xb5x\xe26Q\
\x7fp\xd4LDeg\x1f>U\xa5-a\x9d\x9c\xf7\
\xdc\xe7\xd5\xbf\xb4\xd9\xb4\xf7O\xd4\xddl\x18\x8f;\xb0\
wor\x5cE\x0f\x89\xfel@ \xb5\x0b\x82\x8b:\
\x8e\x17i\x97Y\xae\x02\xc547(\xf3\x86R#E\
;\xc0B\x02\xcb\xa2\xcd\xa3\x9d\xd6<\x95:H\xfd\xe4\
\xffL\xcf\xfe?\xcb\xb9\xdb\xa9\xfb\xc2\x13\xfd\xcd\xfc\x1f\
k\xa1M\x9e\x8d$\xcc\x94\x8d.\xf20\xff\xdb\xe8\xe3\
\xd3\xfc\x9f}(4v\x07H\x8c\x9a\xa8n|\xdb\x96\
L\xf9\xfc\xc8\xa0\x063#\xb0\xd8Z5\xd6x\xa5\x02\
e\xb8\xee\xd3&\x8a\x95\xfa\xaa\xd4M)\xe3\xcf5\x86\
\xdc\xaah8\x99\x0d\xebD\xe7\xfb\x8b\xad\x1d:t\xe8\
\xd0\xa1C\x87\x0e\x1d:\xf4\xdfN+\xfa*\x8bg\x0c\
,\x22\x84\x07\xf0\xd0\x83/\xd5\xb8\xb6\x0e'\x17\xe0U\
\x01\x80L\xc0\x08\x03\xf9\x00K\x22H\x968\x01\x93z\
\x1a\xc7Xto\x10@#\x0d\x01T\xc4\xd7\x082`\
\xa0\xeb\xf94N\x01\xd5 \xa3\x02\xb0\x13%\xb03?\
\x9b\xca6^C\xb0\xf9K\xf0[\x83\xeb\xa7\x10)@\
\xd0\x8d\x0c\xca(\x19\x84; 4\x9d\xa8~\xd3\xfb\x07\
\x06\x13\x1f\x98A\x87\xad\xccm\x90\xcd\xb6\xa6M\xaf\x94\
\x83\xc0\xeb,g\x0a\xc8\x95\x00\x16g\xcf@g\xa7~\
\xba\x10\x0a\x83\xdc\xb0\xb6\x7f\xdaf\xd6\x09x\x140\x98\
\xe5\xed\xef\xee\x02=i\x02\xaa\x04\xe0\xd2\x96N H\
^\x7f\xc03\x010s(+\x22#\x00!\x04\x5c\xd6\
\xf73k\x03>v'l\xa9N\xc9q\xf0\x87|\x86\
\x80\x1f\xe9T(\xfd\x1f\xc6$-\xb0r\xe9W\x96%\
T\xa7\x89\x9e\xfc_'e\x80S\xf5\x93IB\xfa\xbf\
n\xfe\x80\xa7I\xab_\xaf\x13o\xe2\x90\xfe\xd1>|\
\x1a\xfb\xfdC}X\xe6Vw\xf6\x8d\xcc\xe3\x83s\xf4\
\xf8\xd6\xd6\x95\xf8\xe8\xc6\xff5\x80W\x96#\xa1on\
\xbcH\xd4\xb3\x82\xe7Q\x8fH\x9d\xfb\xb5~\xdb\xc1l\
\xee\xb7\xfb\xd5\x02)\xb3n8\x19\x0fsK\xfe\xdc\xd7\
C\x8b\x8c\xf3\x82\xb7O\xd7}\x03\xc7\x93-\xe6\xd5\xed\
\xff\xae\xb7\x12\x1f\x19\xda9\xf5\x7f\x7f\xbe\xe8y\xf5\xf7\
\xee\xffh\x87\xf28OU\xbf\x9c\xea\xd3O\x1f\xb3\xce\
\x06<0\xdf8>\xeft\x18\xd2']\xa6<|o\
\xdb~\x9c\xf4\xa0<?\x83\xeb\xfa\xf3\xfcO\xbe\xacy\
M\xcb\xa8[\xed\xcf?/\xf2\xff;\x0fM\xc90\xbf\
\xdd\xb6$\x8c<\x83\x8e\x9e}\x9a\xadP\x06\xae\xed\x18\
\xf4Fv\xc5\xf7\x04\xdf\xbb\xad,q3\xf7\xe3\x9a\xe0\
\xdb\x06\xc4\xa1C\x87\x0e\x1d:t\xe8\xd0\xa1C\x87>\
\x87\xaa\x14\x16\xec\xf7g\x04\xe3\xb0\xdav\x90!3\xbf\
\xff^\x1c \x17\xe6w\x10]\xc07\x08B\xf0$\x8c\
\x09\xde\xdfQ\x88\x07\xee\xc1\xc1\x12`~Z\xee\xdf\xb1\
\x11\x06\xad\x1e$$\xd0J\xf1\xc2\x02p\xcc\x94x\xbc\
\xe9\xb5\xde?<\x81v\xbfP\x05\x22\xea\xb3\x0a\xc6\xf6\
SG\xfb\xa07u\xd5\xed3\x17\xac\x1b\xbdR\x9e|\
%m\xe5\xef\x94\x17\x00\xa9\x13x\x10\xa0?\x00\x08U\
~=\x0d\x9a@\xc9\x14lk\xe6\xf1\x12C@\x1e`\
T\x09\xae'\xb0 \x01\x06\xd0\x1b5\xda\x027\x5c\xb7\
\xe4\x1aP\x1c\xeb\xf6\x01\xe4\xf9\x94v\x07p*\xef\xd4\
q\x92FQ}rmu\xf6\xcd\x1e\x06\x00\x09.\xfa\
\xfc\xeb\xc0e\x0f\xf3\x81\x02\x1d\x1b\xda\x1d \x02JS\
>\xfd[7\x9e\xfc\xde_e\xc1\xe0D\xf6\x11\xcb\x19\
\xda\xab\x00\xd2\xc1e\x0d\x00\xc8#\xaa\x12\xa0)\xdb\x96\
\x81\xffs;\xed\xfej3\xd9x\x9d\xfa\xa4\xb5\x84~\
 \xafZ\x06\x02!\xf1\xa7\x0a\xe3\xa7<\xeaP\xd3\xbc\
\xee\x13\xd8Tk\x85\xf5G?D \xb5\x8d_\xaa#\
\xb0\x95\xc0\xb0\xd7]F\x7fsP*,\x0d}\xa0\xd9\
\xb7\xeb\x90\xcf}\xde\xba6\xfe\x8fz\xf71B\xa9\x8d\
q|\xc8\x96\xe0\xb4\xc9&\x13\xec\xbe\xediuV\xa9\
kc-\xf3\x98\x9dze\xae\xba\xe9\xca6\x8cm\x85\
\xa0Y\xf2\xfc\x5cE\xda\xed\xff\xbb\x19\x96\xe7\x1a\x1d\xd2\
\x96\xc4\x18o\xb8\x9e\xd9'\x1d\xe4\x95r\xcf\xaf\xc7\xb1\
\xc1wG\x0d7\xe3\xb4\x8f9\xdd\xff\xef\xb1\x8c\xea\xa4\
<\xb7\xfd\xe9\xfc\xaf\xc4\xdb\xaf\xb9\xdc\xff\xde\xfc\xaf[\
\x1d*\x9f?\x99\xffkyoc\x9a\xff\xa5\xce\xff\xc8\
;\xe7b\x06\x86s\xad\x87e\x05x|\xd6\x85k\x8c\
\xf4\xc3\x0e\xec\xaf\xa8\xdb-+\xfc\xca\xf89\xad\x0f\xd7\
\xf3\xfcM\x93\xf7C^\x8b,n\xb7=\xcb\xa1C\x87\
\x0e\x1d:t\xe8\xd0\xa1C\x87\xfe\x96.\x0b )\xc9\
\x10\xb0\x15\x0eT<x\xb6\x02>M!_\x84\xb6\xc0\
\xfe\x03Vx@\xa0\x09q|\xfe\xbdV0]y\x94\
\xc0T\x04A\x919@3\xfaZ\xa5\xb6 \x04\xf3\x0a\
\xc7;-hn\xf9E\xbe\x06\xc1+\x13\xb7\xd0\x00\xc4\
\xec\x02j\x04\x06\x1a\xd0\xa2\x1b\xc0\x08\x82\xd6O0\xbb\
\xc0\xb3Zq\x0f\xc29\xc8eP\xb8\x05\xc2\xed\x99\x12\
/\xd6y\xa2\x02\x5c\x00@\xbd#\x03}+\x9fH\x07\
\xf0\x22\x01+\x008\x8d\xbf\xd6\x1d \xc4`\xb1\x0d \
\x5cW\xfdD\x9a\x94\x9ae\xddb\x13E&b\x10\xf6\
+\xa8a\xc5\xe6\xd7\xeb:\x9a\xbfB;\xe8\xc4\x07t\
\xbc\xc1%\x08\xaa\xb5\xbf\x0a\x22\x7f\xf4Q\x86\xba\xba\xcc\
.g\x0f\xfcd\xd9\xfbD\xac\x0d\x80\x9e\xc2\xa9J\xe9\
\xf5\x13\x04\xc6\xb5@pJ\xb2n\xa0\x00^/!l\
\xa7QOC\xbd?\x17\xc2 \xa7\x80\x8e\xf5\x87\xf3f\
[W\xf8\x0b0y\xe9\xf8\xf9\x81FIp\xfc~\x95\
\x0c\x8aS\xe0\x9f\xb2t\x95\xf32\xd7\xd0v\xef\xab+\
\xf2\xc9\x0d\xaa\xbc\xf2u\x0b\x22\x1d\xc8\xc3\x13\xb7(3\
\xfb]\xc9\xff\xcd3\x8d\xfe\xaf\xa3_\x14\x0b\xa16\xc7\
O\xacG\x9bG\x0c\x9f\xe0\xe6\x86\x90l\xda\xb02\x0b\
UI\x96m@<\xe7\xc1\x92\xa9\x0dv\xb6\xafP\xb7\
i\x13&se\x9f\x0b\xf5\xa1\xc6l\x8a\xfd:\x81\xe2\
u\xfc\xc5|\xf3\x98\x83c\x82\xaeWNe\x9dq3\
\xc0s\xdd\xdf\xcc\x98O}\xa3\xcc&g7\x96C^\
?\x11\x9b\x1bz\xa9\x0d\x8eM\x93\xac_^\x97\xf1\xb4\
\x09\xa3\xc3<\x98z\xeb8\x8f\xfd\xdb\xf9\x1f\xe9\xff\xbb\
\xf9\xff\x16\xfdz\xf1;\xd7\x91w\xe7\xc1\xa0p\x9d\xa7\
\xf3\x19W\x8b\xda\x95\xaa\x91`8\xae\xc5\x12\xa0\x8e\xc7\
2XW\xd1W\xa34\xe6\xf6i\x8f\xfd\x5c?\xff{\
\x1d,\xa6F\x9d\xfd\xdf\xbc\x08\xeaI\xcd\x02\x808\xeb\
\xf7\xb0t9t\xe8\xd0\xa1C\x87\x0e\x1d:t\xe8\xd0\
@\x11\xd1\x15\x8c\xcd\xd7\xf1\x10|+\xe0\x1dy=\x83\
\x84+\x1b0\xa4\xc0\x83\xd6\xf3\x10\xa8\xacHb\x0a\x10\
R\x86n\xe4\xec\x02\xb2OHM@\xcf\x04h\x858\
\x93/\x81j\xf2~\x0e\x1c\xf7\xc1\xeb.\x0d\x03\xd2\x1a\
\xd4U^[\x00l\xd2\x11\xc0c~\xd6\xf3\xa3\x1eX\
\x86\x01\xa3^f\x0ajo\xa0W\x0a\x10#\x94\xbf\xeb\
\x9d\x80\x97\xae|\x8f\xc0\x83\x03\xca\xca\x81q\x06\xea\xd7\
\xa0\xbf\xb4`\x93\x00,\xe1v\xf1\x13\x9e\x0a\xbcC\x8e\
tp\x00\x01$\x04\xf3<M\x1a,7\x03\xb7\x98\xb4\
k\x7f\x0f\xac5t\xd9\xbf\x9b6\xe5O\xaf#\xd0&\
\x5c\xb5\xd6\x15\xb4\xc5~\xffD\xfc\x22s\x05\xb8f\xd8\
'dG7\xb3\xb1\xbd\x1c\xd8\x0eY2\xcbb\xb0\x95\
\x01\xae\x04\xef\xb3\xaehW\xde+h\x07\xcew\xe7\xff\
2\xfa4\xe8\x036\xbd\xf7\xffn?\xe8\x976\xfa?\
\xcb\xc1Oo+\xbf\xbe\xfd?\xeb\xb64\x0b0\x86\xdb\
h\xf2\x7f\xaf\xcb\xd5\x00R,3\x81\xda\x09\xc6\xa6\x15\
0x\xb4\xf3\xff\xb4\xa7o\xfe\xef\xa0\xaf\xb7[p(\
@]\xfd\xec|\x12H\xaf\xf5t \x8fu\xad>&\
\xc3\xf8\xb7\xda\xaf\x01\x97]\x07l\x17\x96#l\xd7\xaa\
#\x90)\x91SF\xbbT\x92/\xdb\xf2\xf8Ye\xd1\
\xa8G\xfe/\xb2;\x1a\xaa\x83\xac\xa7>\xa8s\x1b\x82\
\xeb\xbb\xb6\xab\xfcw\xd7\xb5\xeelW\xd6\xe4\xa1\x0e3\
?\x19\xeb0\xc9G@y\xca\xeb\xf9\xe7\xf9_\xffr\
\xfe\x97/\xf3\xbf}\x9d\xff\xa5\xcd\xff\xb3<\xb3\xa1o\
a\xbc\xa9\x94\xe3\xec\xedK\x1f}V\xee{\xbcL\x1e\
\xd7\xa5\x91.\x90G\xf0\xd4\xba\xe2\xdc\x86\xfe\x9fm\x11\
E\x9b2e=bJ\xed\xffz\x7f\xd3O%\xd6\x19\
97\xf5v8t\xe8\xd0\xa1C\x87\x0e\x1d:t\xe8\
\xd0\x9e.\x0f\xa4h1\xed\x00\x80f\xd0b\xf7\xf7\x14\
E\xe2\xd3\xf3~\x0b*3\xd0\x18\xc3b\xcd@\x22@\
#\x0c\xa87\x01%\x07$]\xe6\xfd\xd9\x03<\xccC\
u\x0by\xc0\xbf6L\xd0\x1e\xcc \x19\xfei3\x00\
2\x05\x81w\xde\xfb$X\x05\x82w \x16\x82Q\x5c\
\xaf\x8f\x10\x92\xddy$\x7f\xe4\xd9s\xfc^o\xe4a\
\x0f\xf9\xea\xc9\xdb\x09\xf8\xa8:O\xe0K\x82\x01C\xfb\
\x08\x07\xdf\xc9K\x1b\x0f\x0793\xdf\x02*\x8b\xddM\
\xf5\xcfr\xf7?&3\x80\xd3\xf4_Z\xa2\xee\xaeK\
\xdd\x18\xc9\xe7\x5cZl\x062\x97\xb6RI\x1f@\x1c\
\xd6\x11\xda~\xc6;\xeeS\xb7\xd0~\xcc\xe9\xd6m\x1e\
\x1b4\xe5\x09\x02\x9d{\x9f\x1f\xf9\xaft\xc4\x17\xa6>\
$^\xee\xd7\xd67H\x12xL_\x9a\xa4\x22\xc0\xed\
\xf2\x13(d\xa0\x04}|\xef\xff\x08\xe4\x5cm,d\
?O\x9a\x00\xbb\xea/\x01\xac~P\x9a\xd4??\x95\
\xfb\xd76\x9d\x1d\xfe)\xd4n\xdd\xae\xf9\xb48\xf5\xb5\
\xa6e?\x81h\xcf\xfe_\xf8\xa9\xce~M\xfa\x00\xc0\
X\xff+\xed\x5c\xdb`\x92)2\x8fw\x02S\x06\xb6\
=\xf3\x9a|P\x07y\x90gh\xaam;\x0er\xa5\
\xdd%\x8f\x96\xa2\x90\x17\xc7\xb5\xa9\xbc\xcb\x1a\xe4y9\
\xf7\x93*\xa7e\x14y\xf4\xff\x95Q\xbeQ\x1f\xeb\x99\
\xd7\x04t\xd7<\xaeS\xf5\x7f\xce+\xcf\xe5e\xd5\xf2\
'\xffO\xdd\xfd\xfe\xfa\x8f\xfa\x7f\xf7\xa5\xcag\xba\x86\
\x1c\xc0\xb3\xa6\xdci&V\xece\xe8\xf5\xb5\xde\xa3\xb9\
\x85\xf2\x19\xc9\xb8\x97au\xf2\xeb\xeb\x01\xe4u\xcf\xa6\
F\x1c\x11\xd0\x96\xf2<@\xea\xb7\xfa\xbaJc\x1b\xfa\
\xf8\xa8,\xf3\x17[<t\xe8\xd0\xa1C\x87\x0e\x1d:\
t\xe8P\xd25\x9d\xee\x09\xb2\x87@\x19\xd6\xde\x9f\xa0\
\x07\xca \xb0\x1b\x01B\x00\xd7\x1cl8Htg\xdb\
\x03\x883\xdd'\xabk\xc0\x9f8\x13\x068\x19\xb8\xd4\
<*\xba\xc1\x99{\xd0\xf83A\xe0\xea_{\x9e\x02\
\xdf\x09P\x05\x16\x8fy\xfdt \x9e\xca\xf1|;\x9d\
k\x10\xee\xd7\xcfA\x7fH$95P\xad\xfc\x82\x8f\
\xee\x02\xd1\x9a\x16\x8c6Ap\x0f\xee;\x88\x9di\x0e\
\x0az\x1a\x9e\xa6%+4\xa8\x1dG\xbe\xc4\xf9>E\
\x8b\xef\x0a\xad\xfd\x016(\x5cW\xa8\x1a\xe9'\x04\xe3\
\xb1>\xb5^\x81\xf3@\x1e\xd7\x8b\xf5\xc8\x0d\x9d\xca\xc7\
Av\x06>Qg\xd6\x85\xeb\xa2\x8d\xdb\xf4\x83k\x8c\
\x17\xd4z17\x04\x9ee\xd4v\x1a\x83>\xdc\x04\xeb\
\x8b\xb2\xd2\xc6QR^\xe9\x02\xcdQ\xa7\xc9\xdc\xd0~\
\xb3U*\xdc\xadM\x06\xea\xf4&?i\x19\xb6\xb3i\
\x1fl\x87\x18/M\x08(E\x99oV\xb7\xff\xf71\
\xe4w\xff\xaf~\xa1\x12\xa7\x9dE6\xc0!\xb7]\xfc\
\xebc\x9e\x19\xbd&d\x07\xd4)\xf4\xf0\xa4[\xf7\xd4\
\xaa\x87$p\x09O\xc8\xfe\xee\x94l\xcb:\x86\xca4\
\x1e\xaf?\xeb:\x1b\x19xi!\xb3\xb1\xed\x15\xec\x07\
\xdb\xbdx}\xea;\x8ci\xf7\xd54\xf6j\xdb c\
\xc4\xad\xf6\x22l\xacl\xc7|\xe8S-\xe3\x01]i\
\xd1\xc5\xb6s\x96\xb5ze=R\xce/\xd4\xadr\xe7\
\xff\xf2\x0d4\x17\x9c\xb36\xf9\x1eu\x9b=\x84\xf8\xbe\
s\x90\xff\xa3\xdf\xe8\x97\xf9\x1f\x01\xf0\xeeG9\xff\xef\
\xfc\x1f\xda\xbe\xf0\xff\xf3\xf9\x7f\x18\xf3\x8c\xd7\x03k\x02\
\x8dy\x90\x8aD\x16\x5c\xefQmZ\xdd\xef\xa2\xcay\
\xc4\xeb3\x81\xd8S\xbf\xe7X\xf5\xc9{O\x00\xc5\x97\
@}\xbb\xf5\xfe\xf8\xba\x18\xb1U)\xaf\xd9\xf9\x01\xd8\
?t\xe8\xd0\xa1C\x87\x0e\x1d:t\xe8PR\xfbn\
3-\xbc?+\xf1\x12\xcd\xeb\x1d\x8f}\x16\xf0\x14D\
$\x22\x96\x01`\x86\x0b\x9fG\x97\xd0=_\xd5`\xe9\
.\xdb\x01\x88\x0cv\x1dT\xf0h\x06\x7f\x0c+\xea\xe2\
\xc1\xc5&@x\x9f\xe0L\x16\x18\xcc$\x0f\xe0(\x1c\
\xf4H\x93WRV~~^\x83_\xa6\x0az\xee\x03\
s\xfd\x16\xb4\x9b\x15`f\x0e\xd4\xa7\xc0\x0fu\xd8\xde\
m\x82\xe7\xa6W\xe9\x83\xfd)\xac\x1d/\xddj\xe2A\
=\x06\x81\x9f2%8\xc6\xa0\xbcJ\x0f\x9c\xb1\xe8Q\
\x81d\x0c\xd4UvA\x7f\xaf\x0fAHZ\xc1\xde\x9a\
_\xa3\xdfw\x00\xbf\xc8\x1e`\x9c\x81\xe7\xe4\x8b\xba\xce\
\xa0\xcb\x87K/[\x00\x8a\xac\xc1\xdc\x0e\x0c\xa4\xdd\xed\
\xce\xef\x9f}&\x07\xb7;\xc8\xe5O\xb5\x81\x8a\xf9c\
X`;9\x00\xcc\xad\xd2\xec\x8cq\x93K/H}\
\xf2\xdb'\xff\xbf\xfb\xe4\x82\x93\xcd7#\xafI\x02\x94\
\xf9\xd7}\x89=A\xd7\x8f5r?(r\xb4Y\xef\
Z\xe7\xd9\xff\xb3\x15v\x1e\x88\xa7\x19\x91\xcf\xec\x078\
\x16K#\x15\xdd\xfa\xff\x1e\x88^e|\x00\x87\xfa%\
\xc8'\xc2\xa7\x9c[-d\xda\xd8K\xd9\x5c\x8fx\xa5\
O\xd5\x04\xfc_Q7\xd4U\xa4\xe81\xe4_\xc9\x17\
\xda.\xe95\xb5\xb1\xd2x\xf8\xf9\xe4\x92\x903O\xd6\
N _\xf6i\xaf\x9f\xd35\x8c=n\xb3\x13\xb8\x1b\
6\xb4y\x95\x0a\x8f\xd4\xc9\x8d\xf2l\xc0k\x1c\x93\xf1\
\xc7\xf0B\xe7/\xf3\xff\xe4\xff\xd3\xf3o\xba\xec\xf2\xaa\
\xc8\xc3\x06\xd9\xccg\xcfS\x1f\x9e\xc9VO\xfd\xa2\x07\
\xfb\xff\x13G\xb7\x8d\x98 \x85lE!\x99\x14\x01\xde\
\x86E|\x8cG0\xb9\xe8\xa4\xcc\xc4Z\x1dS\xa6\xe1\
\x84[\x97\xad\x0a<\xcdd:\x01}\xdfXl\xfe\xe1\
\x1cs\xcb\xb6\xc8\x8fe*\x80\x7f\xe8\xd0\xa1C\x87\x0e\
\x1d:t\xe8\xd0\xa1\x99\xae;`|_\xde\xc1\x9b\x9f\
Z\xfe\x00\x02\xbaN\xec(\x04\xa9&\xed+\x8eo\xd2\
\x09\xa2P~\x8e\x00\x9b\x08\x00*:\xff*\xfd\x14\x10\
b\x10\xe3\xba+\xc8k\x00j\x04E\x09\x06\x91\xac\xca\
\x9b\xea4\xdfM\xe0\xa0\xeb\xcd\xa7\x7f\xed\xa7 s\xa2\
?\x0bg\xbe\xfc\x80\xe0\x9fp\xd2\xa7z>\x07\xde\x94\
\xd7\xacY\xc43\xe0m2\x81\x84i\x0b{}\xb9\x8f\
\xfd\xba\x83\x1d\x1d\x10N\x19S\x80\x8e\x00\x0a\x81c\x1b\
0\xcc\xffE`O\x8b\x9c\xfc\x1c\xde\xd5\xac\x0c$9\
\x80\xa2\x85\xaf\xeb\xa0 \x17\xcb @\x8c\xba\xe5\x09|\
(\xb7\x8e\xe4\xd9\xcbu\x92\xd0\xfd~6\x00%SZ\
i\x03\xaf\x0f\xeb\x97@\x95\xe7\xd7\x09\x0c\x8b~\xaa\x1e\
\xe8\x80\xc0\xfcC\x86,/\xd3\xb0\xed\xccP\xd7\xd2\x8f\
f,\xab\xf0\x12\xa8\x17\x83kk\xbc\x5c\xed\x95} \
\xcb\xa6\xbb\xbd\xe8\x1fzx/\xcf\xbc\x1c\xe4~\xf2\xff\
.s\x1a\xb3\xd9\x87\x0cQQ\xe0Cw\xe1/\xc9\xc7\
\xd0n\x89\xb7\xfbk\xda\xa4B!-mn\xa5O\xb4\
\xf6\x0c\xb4u|R=t\xe4Ed\xc5\xee\xc8\xff\xa1\
oA\x13)mP\xe7\x07\x07\xbd\xaa\x1c\xd4\xa3\xb6-\
\x02\xd3\xe9\xff\x0c\xca\xe9 \x0f\x11>j\x8f,\x19\xf2\
\xf0t9\xa5\xbd\x0c\xea\x09\x1bTk|\xc0z\xf2)\
\xf0=\xb5\xf9\xa7\x8d\xef\xb7\x9ck\x9c\xff\x07~\x92\xfa\
\xf8f@\x9d\xaf&\x1d\xd0\x1e\x9e\xe6\xe3\xc9\xd6eH\
\xe9\xf3b\xb6\x0b\x8fK\xc5\xbe\xff5}\xd3}?\xff\
\x7f\xef-ie\xf6\xf3\xfff\xcc0\xd6\xa7\x8d\xdf\xba\
\xbcFq\xce\x97r\xcd\xf3}\xcc\x95 \xd9\xbd\x8f\xfd\
\x5ch\x5c\xb9\xaf'^\xceG\x9b\xae\x9f\xd7o|\xc6\
\x82\xcb5\x0a\xc6\xfe\xec\xce_\xdcB\x9e\xed\xea\xd0\xa1\
C\x87\x0e\x1d:t\xe8\xd0\xa1C7]\x19\xb8d\x10\
\x11\x81\x94\xe5B\xff~\x06\x81F\xe0S%\x88\x00b\
p7\x031\xca\xa5\xf9\x95M<\xcdB9-\x81H\
\xbd\xa3\x988\x0fc\xc6\xfc\xf8D\xe03\xc0bV\x82\
\x12E>\xfbg\x18\xec\xd5 \x0d\xef\xbd^H\xdf\x03\
\x95_\x03e\xbc\xee@\xa6\x88\x0c'}\x19\xb6\xda\xf1\
\xa4\xe0Y;h?\xe9\x80A7\xcb\xd2G\xfd3M\
\xb6'\xe4\x9e\x80B\x02S\xa5\x82],S\x87t\x05\
\x0b\xc7\x8d\x03\xe6aC0\xbe\xa7\x1d8\x8b\x00<\xbe\
\x9e\xc6\xf5\x18J\x84\xe1\x0d-F<C\x7fy\x06a\
\x10\xb0\x17J+v\x87`\x96v_r\x7fe@W\
\xf6`\xcb\x00>\xe5#\xfb\x9c\x0e\xae\x00 \x14\x1d\xfa\
(\x9f\x09\x9c\xc2E\xee\x93\xbc\xe8\x03\x1fDL\x08\xb4\
\xd4\x0d`\x99m \x04XV\xf0<7\x0d\xfa\xfb]\
+\xcf\x87\xd6\x92\xbd\xa91\x88>\xe5c\xbb\x02\xc0F\
\x13\xc2m\x1b\x14\xd6\xcbw\xffW\x00.S{\xcfw\
\x81\x9dt?\x83\xdaZO\xfd\xd8@\xfbQ\xd8\xb9}\
f\xe0\x87\xcbL6\xf4\x81\x96\xb4A\xd8\x82\xf5\x9e\xc7\
0\x1bN${{L\xfa\xa5= E\xfbk\xd7\x91\
\xf2\x1auFK\xba\xf3\x0b\xf0\x98\xda\xbc\xd6C\xc9\x9f\
CCJc\x90\xed3\xd5\xde\xff\xa0\xb7\xa6^f[\
\xbd*\xc5\xb0\xd2\x9eT\xb0]\x1e}\xc6\xf5\xa9|\x9f\
i\xeaSi\xf3Zm?\x1b\xfa\xc1\xcb\xf9'\xcf\x0b\
Z\xe6\xffo\xfe\xbf\xa7\xdd\x1cR\xf5\x9a\xf2u;\x98\
}b'\xaf\xfa\xbf\xb4\xf9\xbf\xfe\xee\x84\xa5\xad\xac\xb4\
\xb0\xa7*G\xe1\x95i\x82<\xde\xf3\xbfJ\x1d\xd3n\
\xcbc0\x9b\xd6|\xb69}\x0c~aP\xbf\xb9\x0d\
\xf4\xfe\xdf`\xe3\x95\xcc\xcc\xeeWsl\xa8\x8e\x1b\x87\
\x0e\x1d:t\xe8\xd0\xa1C\x87\x0e\x1d\x9a\xe9~)\xc6\
\x02q\xf0\x04\x89\x93\x07\xa5\xfc\xa3.\xf7\x82\xdc\x81\x8d\
\x1b\xbfX \x90\xc9x\xaa8\x83^'\xcd\x7f\x03\x5c\
\x96\x99\x14\x03m\x0f$\xee\x07\x0b\x8f\xael)\xe8@\
=*\x12B\xb7\x10\xfc\x98p \xf6~\xbd\x07\x02\x07\
-H\xeb*\xb4\xfaL\x00\x07\x07\xc1\xd9&O\x81\xf2\
\x1b\xa8\xa9\x81\xe7\x0cj\xeciW\x1e\x9f\xe9\xe6\xf9t\
_\xbf\xfe<I\x9f\x82@\x04Gf=\xbbN5\xd0\
\x95\x8d\xe4\x11L\x82\xcd\x81\xcf\xa7t;Ap\xad\x06\
\xf0*\xd3\xab1\xa4\x00\xac\xd9\x8f\xbd%e\x00\x00\xc5\
c`J\xe0\x13[\x9d\x0f\x9eht\xbe\xae'\xd9T\
\xb31-v\xbf\x0b\xd0\xeb\x8f\xb7\x09\xd5_\xc9/W\
}\xab\xa3\x05\xf0\x7fA\xbaH\xb6Ch\xb0\xb5\x81\xb1\
\x8f\xc3n\x84\xe4c\xbd\x1ct\x14\x996\x0f*\x10\xdc\
\xf3\xe1\xc9>{Y\x03\xf2\x5c\xc8w\xbd\xeb\xb8\x91|\
\xdc\xde\xaa\x1eY\xaf5\xa6Z\xf2\xf9\xbc\xca\xc4fY\
\xbf\x02!\xe4O\x22\x04N\xdb\x17P;\xef\xd3\x92\xdf\
\xed3\x81\x8b\xd8#\xeeW\xbf\xf8?\xf7\xa1\x14L\x16\
l\xb8\x81m y\xf0\x7f#\x86\xdax\x97C\x93\x5c\
\x0f\xf2\x7f\x90\x1b\x9d\xb8k\xfb\xee\xff-\x87\x82O\xaa\
\xdb\x22H\xd7\x81\x9b\xf1\xdc`\x92\xf5&\x1da\x03a\
\xd6\xc8\xfd\xbb\x0eB\xd3+\xac\x94\xfa\x11\xfd?\xf3\xd5\
{\xb0O\xd9S\xb7\xdd\xd9\xa6\xb1o\x9f\xcc\x9d|\xde\
\xe4'\xda\x01\xb1\xf6\xcf\xfc\xf6}\xfe\xdf\xcf\xa9\xb5\x9c\
\xdf\x9b\x89|\x03\x91\xf9\xc4\xb9\xfd<\xff\xd3\xf3r\xff\
<\xff\x97\xbc\xd2\xfd\xac\xae\xbb^/\x1b\x01\xe7:\xb6\
\xde o\xe7C\xf6=\xacE\xd0\xae\xee\xc7\xb1\xb0\x94\
\xb4|H\x87|h/q\xa2\x1a\x9c\xeb\x06\xc5s]\
p\x0f\x01\x96\xacpJ+2\xaa\x9e\x87\x0e\x1d:t\
\xe8\xd0\xa1C\x87\x0e\x1d\xda\xd3\x07\x15R\xcd\x00\x01O\
\x9b\x0c\xcb\xecx>\x07\x1b\xeb\xe4\xc8F\x18\x81\x1b\x80\
\xa1\x10\x10c\xb9\xf0g@\xab\xa9q_\x028n\x90\
\x9eA\x87\x9f\xe4$\x15C.\xeaq\xa7\xc9\xac\xbb\xea\
c\xd0\x96u\x94\x070\xd5\xdau\x0dJw\xb2+\x1f\
\x06\xb7\x86\x80_\x9e\x83\xa2'\x91Z\xcag\xf0\xb6\xe7\
9\xd7\x83\x83\xe2\xa9\x9e\x19W\x1b\x80\xc3\xfdk\xc4\xa1\
C\xe1\x9d|\x18 i\xe0l\x0b\xfeA6\xb5\xe5\xea\
k\xa8o\xdd\x00\xc0\xf6`\xf0L\xa5\x83M|\xad\x93\
\xce`\xb7\x15\xe0\x09\xfd\x0a\x80\x8er+\xa0\xfd\x0a\xb0\
D\xd9\xd6\xbd~\xce\x134Sh\x10\x15\x1c\x0f\xb8M\
\xe2\xdaD&@\xab\x02RL\xfc\x9e\xee\xf8A\xaa\xd6\
gY+i`\x17\x99\x0a\xf93\x02\xce\xd4>\xea\xa7\
\x7f\xa3\xb6\xf1|\x06V\xa9e2\xdd\xf8\x14\xf73\xf0\
\x8c\x7fXw\x04BP7\x15.\x05\xf7\xa4\xfb\xaa3\
\x02\x96\x04\xf2H\xb9\x16\x99\xfa\x03y\xb6gK\xbe\x9f\
\xe4&\xf0\xc6\xe6\x12\xef<\xd7\x86'\x83\xcc`\x837\
\xd3\xf5\xc9`\x93ox\x5c\xca}\xd95\x95(\x83,\
s.\xa9\xfe\x0f\xfc`#\xa5\xea\xeb\xf5G\x90\xd7\xe7\
\xbd\x0af\xa5\x1f\x8ap\x9fc?\x0ev\x05\xe0n\xb3\
\x8d\xb7\xcb_}\xf4\xc0\xe17\xf4D\x9e\xef\xf2\x00\x96\
:\xcf\xab\x8eQ\xd1W\xe0\xdfel\x9f7\xfd|\xec\
4(mE\xa7|\x22\xa5\xd6\x81\xfb\x95\xf1'\xe6\x16\
\xeb?j\x1a|\xc9\x0e\xfd\xb5I]_\xd4\xa5\x96\xad\
\xcf\x9f\xfd_\xf1\x81\xfc2\xff\xef\xd2U\xfeS\xf3\x7f\
~cl\xa2IF\x96\xdc\xf1\x1c\xa5n\xe6\xff\xcf\xd5\
\xfd\xbc\xf0\x9by\xe6\x00\xfd\xd9\x84\xbc'\x9f\xf5\xc4h\
\x1c\xf7\xf5g\xce\x01\xdc\x872\xae:\xfb\x0f_\xfa\xe4\
\xed\xfaZ\xd5\xcf]\xd4e\x18\xeaj1\xc6\x9a\xeb\xb8\
>\xfd\x14t\xddp8\xe0\xf3\xa1C\x87\x0e\x1d:t\
\xe8\xd0\xa1C\xbf\xd1E\xc12\x9e<Y@\xb3\x03O\
\x08\x86\x99\x1aE3\xf5\xf4T\x80 &\x15\xdb\x93\xb2\
v\x8f\x9b\x1bc[A\x82b\xb0\xad\xd2t\xd4\xa5\x87\
\x18\x83\x1a\xae[g_n*\x18\xf0LSp\xbe\xa3\
;\xf6I\x90\xd0\xcb\xff\xc2\xf3\x9b\x1et\xdam\x13h\
\x12XE@I\xd3@\xbe\xc9\xd9\xe9=\xe5\xc7\xcf]\
\xb0=\x11\x07\x98\x99\xa6\xdaO\x8b9\xefI\xf6\xae\xde\
a\x1fM\x85\x04%/\xad\xa0\x91\xf3a}f\xdd\x17\
\x18\x82\xd7#\xb7~\x7f\x9f\x0af`U\x96>\xb6+\
\xad\x1d\xe4\xbb\xca\xabK\xd0'\xc02\xe2\xca\x96\xb0\xf4\
\xaf(\x18ww\xdb]\xe2\xd5\xba\xe8Y\xa9M\x80g\
\xde\xd6\x81\xac\x01\xf8\x88\xbaI\x80\x9bT\xaf\xd2\xef\x13\
 \xe6\xcf\xafb7\x09\x94\x0e\xb6f\xf8\x9ea\xf9J\
\x0d,\xfc\xea\xff<\xc8\x19\xd8\x80\x83w*\xbd\xbe\xdd\
V\xbe\xd0\xc6\xff\x91\x0f\xfaI\xd8\xb5\x99\xe8\xd6\x0e\xbb\
\x06\xd5\xff\x15\xff{\xf4\x7f\x89\xfc\xb2\x05\x06\xd9\x22\xd9\
\xff\xddV.\xb2\x03\x15\xb6i\x16.P\x1e\xaf\xe1=\
\xc12\x8fA\xd1/\xeb\xc7!e\xe8\xf7\xc8W\xda\xa2\
\xcb\xa1\xc9O~\xe9\xd5:\xf69\x08\x8d?\xf2\xa7\xf5\
s`\xcb\xfe\xafs&)#\x00\x80\xfc\xa8O\xd4\xcf\
\xb2\xde\xb7Z\xd5\xff\x81[\x99\xa7\x83\xaf\xf5:\x16&\
 [Z\xbf?\xf9\x7f[\x97\x94\xebZ\xee\x16\xfd\xfb\
<\xbeJ&_\xb3_z\x94\xe4U\xbdj[\xff1\
p\x99\x08\xf0\xe3\xfc_\xafqs\xe371\xd5\xffQ\
oO\x19\xe4\x97\x8d\x03\xa5\xf6HpY\x86S\xca<\
\x0di\xac\x07?kCI\x93n\xb50\xe4\x93\xd7\xbe\
\x0e\x1bm\x09\xc7CK\xbb\xa7u\x82\xe2\xfc\xbflg\
\xad{o\x7f\x1f\xb59t\xe8\xd0\xa1C\x87\x0e\x1d:\
t\xe8\xd0\x03\xadW[\xd6\x80@\xca\x02]ran\
\xebk\x94\xf7/\x13\xae2\xf0\xfeH\x93\x0e6\xadr\
\xf1+\xe2\x10\xc0\xe0i\x17\xa6rry\xa5e\xacc\
-8\x0f \x9cC\xa6\xc2\xb7\xff\x80\x10\x84Mc\xa9\
;\x90\x91\xaf\xc4\x923\xf0\x1eA#\xe9\x01\xb3\x89Q\
]j^\x02B\x02\xa4/\xefi\xdd\x00-\xc8\xb3\x9d\
\x18\xaa\xf2t\x02\x9a\xf6\x0d0\x05\xfe\xd7\xf6}\xce\x85\
\xdf\xa0\xaf\xeb\xf2zq\x90\xabC\xbe\xd6\x86S\xfd\xbf\
\xa4\xd4\xa08s\xcc\xc0S\xc9\xc1\x00\xb2nlo\x81\
4\x13p\xf8yR\xea1\x81f\x0a\x00\x1d\xa6\xb5:\
[\xda\xe2\xcd\x87\xf9\xd6\xba\x891\x7f\xd6G\x0bX\xc2\
v\xc8y%\xa2s\x15!\xd0\x90u@\xf0\x8a_\x0f\
\x02P\x00\xc8\x81\xbf\xe6\xff\x0c|I\x19\x01T\xb8\xfc\
\x1e\xf8Q\xeac\xbc\xa6\x8d\x8c\x90\x99\xb2\xb5\xa4M@\
3\xea\x9c\xf5\xeb\xaf%\xf1\xfb\xaab\xfa\xffzO\xf2\
\xda\xbcp\xf03\x5c\xdf\xfa\xe8\xc7\xfd\x1c\xe8\x0c\xc9e\
\xf7\xd7-\x98\xb7\xad#I\xbc\xfd\xbf\xf4\x1cj\x14\x7f\
f\xbd\xf6\xae\xdb\xeb\x05:\x9aQk\xdfI\x06\xa0\xe9\
\xcai\xac\x07\xea\xdb=,\xe5\x8dS\x10d\xeb\xa5\xd9\
?\x16\x9b\xb1-B\xd7\xd2\xaf\x06@\xd8o\xfe\xcf\xe3\
M2\x92v\xaf\xbb\xbeEN\xc5\xffIV\xf5o\x83\
\xd2e^\xc6\xbc4&\x97t\xac\x83A:\x03\xa4\xbc\
\x91\xc8\xfe/4\x97\xb2M\xc9f\x1d1\xd4\xeb\x97\x8c\
\xc4w\x06c\x9f\xca\xa0\xbcYgy\xf4\xb1\xe7\xf9\xdf\
b\x1c\xa8\xf3\xbf\xfd4\xff?\xff\xa6C_w5\xed\
\xa4\xf6\xd3\xba\x8a\xb4\xf7k\x82x\xbd\x87v\x9ecl\
W\x17\xda\x0b\xfc?\xd2*\xf0\xedu\x8b\xb4\xaaI\xce\
-\xd2E\xdd\xc3\xa11\xdf(feLy\xdf\x13\xd6\
\xcemv\xe8\xd0\xa1C\x87\x0e\x1d:t\xe8\xd0\xa1g\
\xba\xa6\x80%O\x16\xc3\x8a;\xa3\x8d\x85a\xf0;\xff\
\x22\xa8T\xe42\x01hk\xb1\xaf\x09\x1bD\x80\x04+\
\xfd)F\xf4E\xff\x1d\x84\xbb0\x8b\xafrv0\xbd\
\xf2\x95\x06\xe2f8\x842\x98\x9e\x82\x8bo\x81\xc7\xa4\
O\xcf\xe3\x17\x996\xbd\xe7q\xc7\xa3\x9e\x0c\xfb\xa6k\
\x9el3*\xbf\x07\x83\x95\xca\xdb\xd7\x00\xfe\x97\xd3]\
\x8b\xafj\x0b\xcaQ\xcf\xe4\xc8\xfc\xe9\xb9AH\xab\x1d\
4h\xdaEl\x8a\xa7\x80U\xb6\x00V\x096\xfd\xe9\
E\xed\xa1\x03\xf8\xd4_%B<\x00\xa4\x9fNk\xbd\
\x9fs\xf8l\xfc\x5cv\xf5\xeb\xef\x8ff;OP\xcf\
\xf3\xcf\xc0\xde\xdc\xee\x901\xd2\xd5\xef\xa9?{\xe9\x0a\
Z \xc8\xc4~\xd8\xdb\x9b\xf8,\x00\x16u\xd1bK\
\x97\xce\x9b \xec\xff\x0cN~\xf79\x06[.\x00\xa6\
z{\xed\xfc\x9fZ\x22\xec\xc7`\x00\xfd\x008V9\
+\x018)\xa3\x02T{\xbbP\x816o\xfe_u\
\xeb\xc04&N\xb0.\xd7{\xd7*\x95'\xb4a\xf3\
\xff\xa1?\xa8-\x84}\xd8m\xd96>\x07|\x03\xb4\
\x17\xd0\xd2\x06Y\x13@%u<\xd4\x11\xa4\x0c\xfe\x0f\
\x9bt\xbe\x89\xc4\xf5\xe1oB\x04?\xd9\xccQ\xe8u\
:\x8d\xbf8\x82\xb0n\x15m\xbc\x81=\xf9B:\xb4\
\xdd4\xe6\xce\xf7\xcd\x16+}\x99?\xfa\xc6c\xab\xc6\
\xb6\xffe\x98_\x92Oo\xb7\xff\xf4\xfc\xdf\xc7\x88\x9e\
\xf7i\xfeW\xe9\xfd\xf5\xdb\xfc\x7f\xc5\x985\xcd\xff\xb6\
\x9d\xffSv\xea\xfb\xdc?\xb8\xb9\xb2R\xe0#\xc1\xe4\
\xba\xc1\xf0Y^*\xca\xf3W`L\xf5\xe1\x99\x06\xd7\
\x85\xcf\xf3\xbf\xae5c=\x14\x81p5\x8c\xcf,\x84\
\xf8|k\xf3C\x87\x0e\x1d:t\xe8\xd0\xa1C\x87\x0e\
%\x11B\xe3\x01\xb9\x07\xc4w\xa2\x0aE\x00k\xd1^\
\x17\xff\x9fO\xcd\x85{\x0f\x94\x94\x83x\xb3\x16Z\xa8\
$\x98\xa0\x03\x1a\x10\xc1\x05\xa5;\xd8\xe0w\x09Z\xe0\
\xc9V\x04wR\x85\xc2'\xe4Npc\x07F\xdf\xe5\
\xf1\xc7\xf7\xb8\x8c\x91\x8c\xdd\xe9$\xafW\x0dd\xde|\
\xeb)\xe2\x89\x87\xeaS\x9d\x9a$\x91\x02T\xf8\xa7\xae\
\xc8\xaf\xc4Xs\x10\xff\xbf\x14p\xed\x82\xe07\xe1)\
\xd9\x9a6\x81n\x916\x04\xf7\x8e\xaf\xd46O\x10c\
\xc3\x0b\xf2\xb1|<\x91\x8c\xe5\x1d\xe8\xab\xbc\x96\x8f\x85\
\xedx\xf8,\x0d\xc4\xb9\x96\x1fU\xfb\xdd\x84\xd6\xe0\x7f\
\x17\x95\xa9\xedg\x13b\xf3y\xb0\x80[\xeb\xbc\xe3_\
\xe3\xd3\xc7\x0c\xe8\x0a\xa5\xa1fh\x7f\x0c\x90#\x00,\
\xa1\xbf?\xd1\xa6\xc1\x04\x98iy\xae\xa5\xcf\xb1\xfe\x09\
R\xb6Z6\xb09\xff.\x04\xcd\xa4\xfb\xffD\xde\x07\
\x09v\xce\xfe\xd4l\xf1e\x7f\xe5\xffR\xea9\xff\x81\
\x5cI@\x8a7\x1d\xb0o\xf5Qf\x87\xf1'\xca\x1c\
[\xdb\x05\xbb\xdb\x81t\x99[\x020\x7f\x1a\xa3p\xfc\
Ef*\x1d\xb0\xef'\xdd\x93\x17\xd6/\xe7\xc6\x1cG\
\x8afi\xb3\xda\xdf\xdb\xecO\xd1v\x9c\x7f\xd5\xc1\xc7\
\xe5\xda\xab\xf2\xd8\xd6\xd2\xc6\x9d\xfcv\x00\xd6U\x0a'\
x\xbf\xb0\xc9\xd8\x9f\xee\xffMV\xa9\x9b\xeaS_\xdb\
\x9a\xff\x87'4\xa6\x7f\xa7i\xcc\xac\xbc\xea\xf5S\xda\
/`\xf3n\xfe\x9f\xe8\xb7\xf9_\xffx\xfeG\xfb\x9a\
\xe4=\xeaT\xca\xce@*\x8f\xedU_\xe4\xc3\xf2\xbd\
,\xca3\x91\x07kpN\xe9+\xc8\x7f\xd9\x11\xa0\xc0\
\xb9\x14\xb5Q\x9f{}\x8a\xfat[\x88\xb1h\xbd\xd7\
\xf9\xf3C\x84\xb2\xe6\xb5\xa2f\xf8\x89\xb9\x7f\xe4\x9a\xf2\
\xe9\xe4\xf9\xa1C\x87\x0e\x1d:t\xe8\xd0\xa1C\x87\x98\
V\x84\x83\xa0\x04<U\x09\xb0\xd7<\xda\x96;\x18\x88\
\x13.\x18\xe7\x1a\xe47)@\xb5I=U\x92\x81\xb4\
\xcb\x10@\x16:\x88\xe4\xf7\x00W\x89\xa3\x00\x1e`c\
\x04\x11iQ\xaf\x01\x8c\x10P^d\x00\x0b8\xc8@\
\x90\xf4\xf35\xf3O\xb0\xceA\xa1\x0cw\xc8o\xa2\xbb\
\xbd8\xefW\xb0\xa9\xa6\x9b=\xbe\xfab\x17\x84\x87\xac\
\x7f\x01p\xdb\xaa\xc0t:k\x0e\xc2{]\xdeA7\
>\xb7\xb1]\x07\xd9\xb2\x01\x1a\xc6\x93a:\xd7Sd\
\x06\x9f\xe0\xde6\x80\x97\xb7\x9d\x88\x0c\xe0\x5c\xf6%\x82\
\xcf5/\x81\x1b\xfe\x87|~\x01d\xa8Np\x8a\xb9\
\x01\xed]\x97=\xcb\x0c\xebu\xd2\xb5\xc9UJr\xf0\
n\xa2\x09\xb4\xc4j\xaa\xc8\xe8\xff\x8dO\x80m{[\
M\x10\xb1\xea+\x85\xbf\xf3I@V\xc07\xd0\xdfo\
\xff\xbf\xa8L\xffK\xc2\xd3\xd2\xb5\xc4\xe8w6\xbd\xa3\
\x97\xb9\xaa\xc0\xfb\xb9\xdf\xf9\xcb\xab/v\xed\x91\xe3k\
\xcaz\x06\xb82\xff\xe4\x911>\x0a\xdbU\xf7\xff,\
_\xb9\xb0\xffK\x02\xc5\xc0\x95\xc1\xa9zW\xfd\xbf\x82\
k9\xa7Xi\xdb\xee\xd7s\x1du\xcag\x1d\x0cC\
.\x0e\xac)\xf5\x7f\xe1\xe3sk\xe1\x1d@\xd9O\xfe\
\xcf\xb7\xb3\xff[\x8c\x8bX\xc7\xed80\xb9J\x01\x9c\
\xa3\x7f\x81[\xf4\x83N\xbc\xe7\xfeO\x9e\x99\xab\xfa\xc5\
8\xff\xe8\xef\xa7w\xbd\xbfv\xb4;\xf1\xfb4\xffw\
\xd9\x9b\xf1\xee\xcb\xfc_\xf3\xfe\xe9\xfco\xffr\xfe\xb7\
\x9f\xe6\xff\xcf\xbf\xf73\xc9\x9az\x1b\xdd\xf9s\xcdh\
\xb1D[2\xc63\xfd\xeb\xeaU\xde\x11\xdd\xd6\x0a\xb3\
\x95\xde|\x97D\xf3\x5ck\xfcT\x19\xe7?\xbb\x1d2\
\xebi\xb9\x09\xffq\x11\xe5\xe7^\x9f\xdb\xb6\xf3\x80\xc4\
\x0c\xde\x1f:t\xe8\xd0\xa1C\x87\x0e\x1d:th\xa2\
\x12\xad\xdc\x0b\xec\x0f\xad8\x82\x16\xd6\x9f\xc7\x0b\x9c\xc1\
@\xae\x06\x89\x22\x04:d\xfa\x04f\x89p\xc0\xc6`\
\x02\x064\x98n\x10\xa3\xec\x02\x00/[\x03\xc9\xe7S\
N,\xc7\xf9`\x90W\x9f\x8b\xeea\xbc\x06\xd6}!\
\xfb%\xe0.\xbc?\xd72\x7fmw\x029\xebs\x83\
\xe0\x9a\x03\xb590\x9et\xbb\x837\x19\xf9#\x00\xeb\
`\x8c\x83k:\xf2\xee_\xa1\x8d\xaf\xabk\xc9\xbf\x80\
o\xd9\xd4\x17m\x91\xf3\x04\xf4w\xd7\x05\xfe\xcd\x0a\xd6\
\xba\xb8v2Ut\x04LD\xa4\x80\xfc2\x92\xd9\x8b\
6yR\xce\x0e\x5c!\xe1\xc5W\xa7wk\x22\xc7\x84\
\xb6\x0c\x83\xfc7\x8f\xf6\x83\x86\x97\xcc\xa0\x0d\xd8A\xb9\
\xbf\xf53|8\x94}\xf2\x87lK\x06@\x83y6\
\x80\xe5\x09\xde\xc6\x05|O\x85\xed\x9cu\xc8kE_\
&\xff\xcfw.{\x19\x04\xd9\xb75)\xfe\xcf\xb5I\
=B\x03\xa3\xbb\x05\xa8`\xae,\x7f\x15\xb9\x1f\x1f)\
\x00\xf1\xec\xff\xc5Gl3\x8e\xae\x07(\xe5*\xe3\x03\
\xb5[\xd41?g\xffO?\xc0-\x88j\xbf\xf4\xcd\
\x82\xf0\x7fh\xb9\xc1\xa7\xa6\xfa\x9aU \xbf\xbc\xbe%\
\x9f$\xefOA\x91][\xb6\x924?\x94\xde\x0a\xff\
\x97\xb4)a\xde\x09\xbeU\xdal\xda\x85\x1c\x09\xb9\xbb\
\xb1\xb9hJ\x9c(\xdb\x00`\xf6yo\xbf\x9d$\xcc\
\xca\xd5\x7f\xd0c\xe25\xcd\xff\x5c\xc6\xca\xa6\x86\xfe\xe0\
\xff\x9e7\xf2\xefj1\xb4\xa1\x83\x98\x98\xc6\xcf\x7f\xf7\
\xffo\xf4\xeb\xfc_\xbf\x85\xf6\xa6_\xe7\xff\x1c]\xe4\
\xcb\xfco\x0fsg\x9d\xff{\x1do\xff\xbf\xd3_\xff\
\xcco\xfe\x98\xd7\x159\x0f\xb76\x82M\x13\xbd\xee<\
\xf7\x86\xc6\xe2\xee\xf3\xffT\xe4\x9e\x10\x9b\x9e\x9fr\x13\
H_\x1c\xe2>\xedlm\x98\xc0\xd3\xcf\xc8\xfbi\x9d\
v\xe8\xd0\xa1C\x87\x0e\x1d:t\xe8\xd0\xa1\x9b\xd6J\
<\x83K?\xa5\x12`1\x82,7*\x94\xa5}1\
\x1e\xf7\x0c\x0e\xd0\xe9Q\xd9\x84\x9b\x86A\xbb\x04\xb0\xcd\
\x01\x16\x06Q\xa0O\x0bBl>\x0dk\x5c\x96\xe4\x0f\
\x11r\x84D\xc8w\x17\x08\x8e\xe9\xcf'bv@\x83\
\xb7\x1b\x12\x06\x955\x90z\x0aV{\x99g}\xae1\
\xf0~\x0e\x9a\x95\x22\xca.\xa1\x01\xd4\xc3\xf5\x8eg\x05\
\xec\xdcF0\xf0{\xdaL\x88\x1fk\xe3Tx\xce\xc1\
t\xe5\x12\xa7\xfbK\x9b\xa3\xec\xc8\xa9\x15\x1a\x94\xf6\x9c\
\x04S^u\x87I\x90\x8a\xb4\x02\xf9\xe6\x80\x1d\x9f\xe8\
$0ned\xdfI\xe0F\x84\xc1\x94\xa6\x9b\xf9I\
8\xd6\x92\x81\xa9R[\x1b\xd2\xb7 \xcf\xdc\xdeY\x97\
\xa5\x83\x08\x00\x85\xddv\x9c?\xb6Y#\xcb\xf1$\xca\
\xa8\xcaN\x1f\x02f\x84\x87\xba\xc9\x0e\xd6\x03\xe9\xb5\xc8\
S\xc9\xa5\x97$mx\xd2\xa3\x9f\xae\xbd\xfd_$\xfb\
o\xe2\x83\xf7\xa8\x96\xd2F\x8f\x8a\x8c=RAy/\
[7\xb8\xb0m\xf0y\xb5\x17\xe2K\xf6\xba\xca\xb7q\
\xbd\x83\xd0-\x0f\x8dg\x1a\xf3F\xb7\xf3\xc2G6V\
\xa8\xd5o[\x8e\xf0\x87^1i\xa0wm\xdby\xec\
\x9b_]\x85\xfa\xec\x01[\x11|\x95A\xea\x9e\xf7\xde\
\xde\xf7}\xfe\xc0\xa5\xb7A\x1b\xd7mx\xdd\x87\xf1\xbb\
\xb1\x9d\x1a0Mu]u\xa3\xfaH\xa1}K\xd7|\
\x86\xfeZ\x9fj>C\x9d\xbd\xac\x90^<\x07\xce\xfe\
\xbf\xa7i>\xadRv\xeb\x82?\x9f\xff\xe7r\xbb\xf9\
\x9f7\x0f\xf7\xfa>\xca\x82\xbc;\xe0\x9d\xf3\xb2\xe1?\
\xfb?\x8eWR\xfc\x9f\xe5\x87\x5c\xf1Wg(\xeb'\
\xfb\xf9\x7f0\xb4\xb5o\xa4S\xaa\xac\xc5e\xb7\xadq\
\x0e[rcN\xceWp\xdc\x7f\xa9\xcb\xa1C\x87\x0e\
\x1d:t\xe8\xd0\xa1C\x87\xbe\xd3\xb5\x83%>\x8bm\
\x91<\x95i\x09\xa2T\x80Zw\x81\x9f\xf4\xa0\xcd0\
\x86Y1\xfe\x1d\x9c\x98\x8b\xf9\x9cv\xd1%\x87\xa9\x04\
\xd0\x90\x96Zk\xea\xa5\xa9o\xe4 \x00\xa0\xc2\x13\x05\
L\x02pc\x0ft\xf6g\x0cPr\xfaD\x13 \x85\
A!\x9e t}\x06\x06\x8f2w:\xbd\xa9\x9e\xa4\
\xfc\x93 ]\xe8\xe4T\x06\xa43\x1f\xb0\xb5\x07@:\
\xca\xcb\xb3\xccK\xf9\xab\xed\x94\xa5~\x9d\x1f\xc08\xbf\
\xef\xa0\xa2\x92\xed*\x81l\x90\x0b\xeb\xbbx\xd6>\xdc\
\x81Ilm\xb7oi\x08H \x09K\x04\x98\xab\xcf\
\xfc:h\x17\xff\x8c\x80\x1b\xd9\xf7*\x95'\xe1\xdcW\
\xd3~\xb0\xce(\xbb\xf7_\xd5\x0c\xb4m\xe8V\xcfw\
\xad\xd7H4\x7f\xf4\xbf\xed\x09V\xf0i\xdb\xd9\xf1\x02\
\xe8\x84\xacq\x94D \xff\x00\xc6\xa2- \xd7\xac\x22\
K\xf9\x93M\xacg\xff\x9f\xcbw>\x06\xe0u\xea\xa4\
\xa5\xfe{\xff\xc7\x16\xc2k\xb8\xfb\xe8u\x15\x00\xbb\xfb\
\xbf\xc2\x7f\xedY\x80\xc5\xe8\x0b\x9dX\xe6\x0d\xb2\x1a\x80\
I\xd9\x07\xfe:\x8fR\xb2\xb0%\x9f\xa6\xb4\x9c\x8fb\
\x0e\xa9\x80\xb3r\x9f\x22/\xcfS7q\xea\x15\x02\xc6\
\xd4f\xc6\xb5\xf6\x1f\x8f\x9b\xe0\xf2\xd9\x9f]\x00=l\
\xe3C\xdd\xec\x08\x9d4\xc7!\xd7\x11\xed\xafvO\xf5\
\x0d\x04\x1e1=6\x97\x7f\xf0\xff\xb9\xc5\x5c^?\xc1\
\xaa\x9bz\xfc\x1b\xfa\xdf\x9c\xffu\x93\x8ei\xdf\xfd\xbf\
\xda\xe0/\xf3\xbfJ\xeb\x9bG\xffGi\xba\xd5\x13Y\
\xf8\x86D\xcf\x8e\xfe/\xf9\xad#\xed<\xd7\x93U\x0a\
9\xc8\xf2y\xa1\xcd\x87\xd2\x03\xc37\x0a\xd0\x1f\x99\x7f\
\xbc`\xfam\x9b\x0akW_\xdb\xaa\xc0\x1a\xf2~\x05\
G~\x1e:t\xe8\xd0\xa1C\x87\x0e\x1d:t\xe8W\
\x02\xec\xe1F\x86\xe1\xb0\x16\x05\x8d\x9f$\x00\xb4\xeeu\
y\x0f2?\x9f\x0bP\xaedR\xa2t\xe1\x85}\xa4\
-\x94\xba\x03\xdb\xebO0\xe0\xca\xd3p$\x93\xea5\
\x93m\x00\xe7\xa7\xf7\x14\x8e|\x06\xc0p\x0a\x061\xa0\
\xac\xe9:\xe4\xc5w\xa2>\x06\xd3%P\xdd\xc9BP\
!\xf4.zb\x90\xfat\xb2g:\x81\xf4\xa4+\x03\
,|Z\xae\xfe\x90S\x0f\xeaK\xd0\xbc\xdak\x07S\
9p\x5c\xfb\xe1s/\xfb\xfaxi\xfc\x04\x91\x00\xae\
\xb0\xae\xfe\xfc.\xe7\x0c\xa5\x01p\x98\xdf\x84\xfb\x1dO\
l_\x05\xdc\xaa<@\xebR\x07\x01\xb0\xea\x0d\xe4d\
\xbb\xf5`\xbc\xf7\xbb\x83\x09\x0e\xc2]\x05\xb4\xaa\x80Z\
\x82s\xdc\xef\xd7d\xcf\xc2v\x98\x5c,\x9ev\x10p\
\xf6\x7f\xd4yJg\x19\xac\x854\xae))A\xd4\xb9\
$?\x85\x94\x02\xb8\xfd\xad\xff\xe3\xdfgse\xf9\xbf\
\xdfc\xab\xd1\xe7\xd6\xff\xf5\xc1\xffgP\xda}\xd3\xaf\
YR\x92\x8f\xb9\xa8{\x94\x1d\x00BC\x84\xb64\xcd\
\xed\xff\xd9\xba{\xff\x87\xe7\xb2'\xfd\xd8\xee%\x80O\
E\xb9)\xb7\xd7g\xee_.\xcb>\xa0\xa5O\xa1\x8c\
\xd9`OJ>C\xc0;\xbenDs\x13\x85\xcb\xf2\
=_i\xeb\x8f\xfb\xb5\x05\x92\xfa\x08\xdd\x12\xa1\xff\x0b\
\xd8P\xeaX\xbfi\x90\x1b/nO\xe8\xffU\xc7\x8f\
\x8c\xcd\x062nL\x88\xe0X\xa5\x83\x8e\xd2\xf2u\xc0\
W\x9f\xe7\xcb\x90\xcb\xf4\x5cF\xb7w\xd3\x9c\x90c\x18\
\xa7\xe3gM\xafiO\xf3\x7f\x8e8\xfa\xe0\xff\xf2\x97\
\xf3\x7f\xbf\xbeeZ^\x99\xcf7}~\xc8\xb9\x10\xed\
/\xb2I\xdd\x18z\x83\xc5\xec\xdf\xf28\xff\xa7_=\
\xac\x00b\xfe/l&\x825\xa5\xd8\x90o\x01\xd17\
8\x9ds\xce\xa1C\x87\x0e\x1d:t\xe8\xd0\xa1C\x87\
\xfe\x8c\xae\x04na\xc1N\x0bp\x03\xa4\xc3\x12.2\
\xc6'\xee\x1f\x9c\xc1\xe0\x85\x83\x88\x1a\x9cD\x9au\xf0\
\xd8\x03\x97\xca3\xca/ \xfc\xe6\x05\xc12\x040\x82\
\xc1\xea\x10\x0cN\xe4\x01\xae\x9f\xf8\xaa@\xd8\x13\xb0*\
:\x03\x16\xdb\xfcq\xdf\xf3L\x00\x16\x9f`\xda\xeb_\
O\xe6MD\xba=\x04\xc3\x13/\xab\xe0\x84Al\x09\
\xf9g\xa0\xd6>\xa0\xda\x14\x80#\x18Ve\xce\x81f\
\x02\xcd)S\x00\xc4\xb4\xc2\xdb\x01\xe6\xca%\x03\xd6\x0a\
Bg\x9dk=\xa4\x811\x90\x81\xf4r~~\x92\xf0\
\xfd.L\xd1\xef\x00\x09\xfaO\x82<P\xb7\xd5V\xf5\
T]\x05o\x1cd\xe0s\xaf\xe8/\xeb_\x08\xd8\x1f\
\x01>3\xa9\xefC\xc6>P\x90\xcb\xe0D}\xc5\x8c\
\x03u7\xcf\xec\x1dm\xf2\xe2\x89V\x90\x85A{\x04\
\xf9\xad\xf8\x7fn,TRh+h\xbfh7\x11m\
\xfe_\xc12\xdd\x82Ja_P\xdf\x11\x98)e\x13\
\x18\xbe?\x03\xf0\x11\x00\x04\xa9\x16*\xf9\xd5rmu\
\xd6A\xb7z\x9d\xf7h#\x12\xed\xb0.\xa3\xbe\xf9\x03\
\x8c\x85\x17\xd8g}\xf6\x06\x9b\x5c\xc7\xde_\x00D\x81\
\xcc\xa2!]%\xa0\xdb\xc7\x8f\xdb\x0fy<\x9a-[\
e\x07\x1a\xae\xc9-\xcaf\x15q\xeb\x94\xeb\xa9\xd2\x01\
t\x1f\x9blm\xb6M =\x92\xe1`&}<$\
\xf0\x95\xe4<\xcd\x1b\xb8\xe1\xc5\xfe\xf0\xbb\xff\x97~\x16\
\x99\xe7\x1c\xb32\xd7\xdb\xd0.\xe8s6\x0a\xab\x1b\x88\
\x13\xc8\x1a\xcf\xe2\x9a}y?\x17V]v?\x98+\
M\x1e\x96\x99\x9ei.T\xc6\xfc\xbb{/\xbb\xef\xc7\
\xd4\xdc\x06\xde\xff\xf9\xf9\x9f\x7f'\xc0O\xfd\xd6\xbe@\
V\xbcQp\x7f[\x0eM\xa6\xda^T\x06\xec\xb4\xcf\
\xff\xb6x\x89\xd0\xa1\x05\xd5\xe8o\x19\xd6\x0f\xde\x0df\
\xb6\xb7\xe95\x16\xd9\x88>\xc3\xfa\xc6\xb0m\xee\xd7p\
x[\x1c:t\xe8\xd0\xa1C\x87\x0e\x1d:t\xe8;\
}\xa2\xe0\x0c\x96\xd6\x82\xda\x17\xda\xba\xfe\x19\x80\x1c\xa2\
!\xfd}\xfa\xb2\x05\x8f\x04\xdc,\xb93;i \x08\
\x10\x03A\xba\x22N\x04\x8f\xeeg\x98\xed\x19\xf8U\x92\
\x97r\xa8\x08\x9dH\xa2\x13c2\x07\xacUg\xff\xab\
\xe9\x95\xb6\x01\xf6&\xa8}\x0a\x7f<\x88\xdc\x9d\x88\x12\
\x111y\xa6GPZ\xe7\xfc\xfd\x07\x91\xa0\xaf\x80\xaa\
\x8d`\xeeJ\xdc\xc6\x0c\x16|^\xdb\xa0J`8\x82\
\x83\xf8\xacv\x13\xb5\xb7b\x80\x8b\xba\xb0\xcd9\xf8^\
s\xc9`\x03\x1f-.]\xd5\x87wS\x1b\xbfo\x15\
k?\x01D\xf1\xd4_y`\xe5\xb5,\x11\x89\xdfi\
\xaf\x17>g0\xa6\x02\xb2\x01\xe0\x8f\xe0S\xe6\xdd\x05\
\xdb\x04\xb2\x8a\xc4\xbb\x8b\x03\xe6\xae\xe5\x12\xbd\x96\xcd\xa8\
\x12\xf5\xd6\x00%2\x8d\xe4\x16\xc0\x99A\xe1|\xaeM\
<\x83\x84\x1f\xbd\xa1=+\x88\xf8z\xb1\x8c\x06\xf8\x18\
\xb6\xab6\xd0\xf7\x8aWUd{a\xfdd\xac'\x03\
>\xa8\xab\x8a\xb6vo\xe3\xb0\x97y\xf0\x7fn\x03\x96\
\x81\xf9\xb0\x1fy\x8c*z-\xffG[\xc4gD\xc6\
mQu\xe19\x837\xe1n\xfb\xba/\xdc\xff\x056\
$\xd3\x0e.\xe6\xfd\xe0\xff\x1b\xf3\x0e\x8c\x8c6#l\
\xfa\x96\x0e\x83\x84q]\xc6a\xd7?\xeb\xc4\xe0W\x9d\
/\xb3<\xdb\x82\xfb\xabF\x9dA\x97\x97\x8d\x80/\xd7\
j\xd5-\xfc\x7f\xe5\x93Z\x03\x89\xe5\xc0/\xa4\xf0\xee\
\xf2\xd4\x1f\xf5\xf8\x0d\xbc\xa3q\xf0\x01\xec\x0d\x7f\x14i\
\xe3D\xda\x02\xca\x7f\x96\xd7\xe5X\x9b\xff\xe5?>\xff\
O\xbe\xc5\xe57\xdc\xe5In\xff\xc4\xb1\xf7;\xb1\xff\
\xdfWn\xb3U\x7f\x1f\x13q\xfd\x07=H\xe4\x98s\
\xd8\xf9\xd0\x16\x94\x7f\x15\xd0\xd2N\x1f\x1ek~\xcd\xba\
\x890N\xad,\x17\xf2\xf9k7\xc2\xe3P'\xd2\x17\
\xc7\x9e\xdc\xac9t\xe8\xd0\xa1C\x87\x0e\x1d:t\xe8\
\xd0ota\xd0\xe0\x01\xee\x9b\xde\x8b\xf2O\x8c\x85\xef\
\xc4\x13m\xe0\x9cy\xf4\x8bi\xb2\xc0/\x7f0\x9e\xf2\
\xf1S)\xcaA\xaf\xe5i\x97\x084\xb8d\x91\xb4>\
=:\xb6\x15\xca+\x96\xd0\x08\x9c\x22E\x19,0\xeb\
\x00\x00\x82W\x9eF\x81\xbf\xce'\x80&z\xe7\xab\xaf\
\x9a\x90M\xfb\x98\xd9\x1f\x05\x9b\x1dt\xed@\xd1\xa4\xcf\
\xd3\xf3oTA\xc0\x89?\x02\x03;9[`R\xb2\
\x0f\x1a\x88\x01\xc0\x86\xcb\xf1\xb6\xd5\x81w\xe1\x92`\x80\
\xc8\x18D\x16\xe8p\x00{\x9d?KT\x19\x9cA*\
\xa8\xc5\xf5C@\xc9\xc3`\xee\x1b\xe6\x89\xcd\xd8\xda'\
\xfe5\xaac\xe6\x9b\x81\xa0\x04\x0d\xae\x90d\x05\x1c\x97\
\xd0M\x986\xe6s\xfb\x7f\xf2\xf2\xf2\xfe\x87\x00\x1e\xea\
\x87\xa0Em\xcf\x06\xdeJm\x0b#\xfeX\x9a\xc1\xdb\
\xe2\xd7\xab\x1e0:\xfc\xec\xff\x82\xfaj\x96\xc7\x1f\x8c\
\xf3zu\xff\xaf\xed\x93\xf7\x7f\x03l\xcc\xfe\x1f5\xa2\
\xff\x02dyt\x7f\x1d\xfe\xee\x7f\xaf\x11\xbc\xce\xeb\xf0\
\xab\x05\xcc\xb3\x0d\x14\x9d1\xa1\xd9\xb7\xeb_\xc7\xb4\xac\
\xdf\x87G\xb4-\xdbK\xf5\x0eO\xffl\x06\xac\xfa_\
\x05\xf8\xd2IG\xb3\xf2j\x89\x09\x10\xd4v]\xbc\x8d\
\xd2\x10\x94\xbc\xe0G\x03\xd1\xff;\xc0\xede\xd7?\xd0\
5\xaa9&\xa5\xadj\x072\x0b?oCz\xf7\xf2\
z\xf0\xec\xefy\xb2\xdb\xef\xa3_\xde\xdft):S\
I\xed\xaf\x8b\xf1:\x0b\xf1\xa3B\xdbga\x1b\xe5^\
\x1e\xeem\x003k\xfe\xd4S\x7f\x98\xff'{\xd8\xfb\
\x7f\x1f\x1f\xef\xd4\xff\xac\xffO\x0e\x0e'\xf2\xff\x03\xf3\
\xffD\xe1\x97\xe6\xa6\x84\xf33\x8f\x99\x86\xab\xca\x87\xf6\
\xcc:\xbd\x82\xc7=/\x0b\xf8\xff\xcdOS\x98\xd4\x0d\
:\x1eK\xe4s\xe0\x22_\xaf\x81\xeb\xdd,cj0\
\xc7\xa4>\xdf6\x1e\x0e\x1d:t\xe8\xd0\xa1C\x87\x0e\
\x1d:\x94t9Xu\xaf\xa1W\xc0\xa9\xf7\xa2\xfc\xb3\
P\x87\xaf\x5c~\x16\xe1\xc2\x81\x81\x96@&\x03R\x95\
\xf6Cn\x0d|S\x02\x13>\xbc\xf1\xbd\x95\x8a\x00a\
\x84k\x11\xccD\xb9\x08\x0a\x87@ \xe3\x94\x88_]\
\xe6;\xe8\xaf\xef\xa5\xac\xb1\xc4;h\xdc\xfd\x12}\xd4\
c\xc91\x931\xcft\xa2\x09\x03\x97\x1a\xc8\xec\xf2M\
D-\xb3\x0d6+\xd0\xce\x01\xf6\x9f\x04\xa2\xad\xfex\
\xad\xf3\x09\xaf\x1a\xac\x8fZzY\xd0\xe7\x0e\xd8\xb9\x8d\
\x1c\xb4\xcdk\xb6\x01\xd6\xb1C\xe3\x96\x111\xd8\x96\xe7\
N\xe5v\x80\x050\x92\x0e\x06\xb3\x9c\x0ae\x99m\xc0\
\x98\xf5\x90OW\x0a\x80R\x99\xb3\x03H\x1d\xd4b\x10\
+\x9fV\x10\x90\xdbP[\xf0O\xed+C\x9b\x87>\
\x1d4\xc7P\x9d\xfdWb\x0c\xb9_\xe1`\x94\xfe?\
\x01\x82+\xf5\xb9\x0cu\x96\xc2\x1fO\x97\xb3O\xf0i\
5/O\xefU^\x88E\xf7\x7fk\xfeOP\xee\x02\
2\xad\xf8?\xf6\xd2w\xff\xbf\xa0|\xd6C\xa4\xbeZ\
\xa2\xfe\xc9c\xbbL\xe9\xb3\xff\xab\xc8\xaf\x18\x0a\xd8S\
\xd5\xc2\xfb\x142\x02\xc0\x8a2f{\xc0\x13\xe2\x0d\xb0\
[\xe5q,\xa9 \xeb\x13\xe0)\xf0\x0c7\xc5\xaam\
\xa2m`\xa5\xeb\xebF\xba\xffg\x9f%\x9f\xa5[\xa4\
\x01\x80LZ\xc1+j$\x81;\xf4\xb3\x94S}\x01\
e\xfa5\xcc\x19\x0f +\x8e\xa7u\x0e\xa8\xfe\xcf\xf9\
\x07}\x8a\xff\xdf\xf3\xff\xac\xb3J\x9f\x13\x5c\xf3\x1b\x04\
\xcfru\x8c\xe6z\xf0\xd8_\xf3a^\x1cGh\xde\
-:\xd66\xe2\xf9\xbf\x8f\x0fXn\xb7F\xb0aN\
y\x9e\xff\xaf1_\xa5\xeaE;\xbb\x9f\xfd\xbf\xeb\xff\
\x0b\xf9:q\xd4G\x05\xec#_\xbd\x11i\x86zC\
\xdb\xcbm\x83\xf0\x93\x05w\xbd\x9b\xff\xdf\x8b8\x8d\xb1\
@\xfc\x9f\xac\xd0^\xbd\xe4\xbb\xf2\xb8\xcfe\x19\xbd\xa1\
k\x85\xbeZ\x8b\x82\x1c#c\x94Y6%2\xad{\
\x0e\x1d:t\xe8\xd0\xa1C\x87\x0e\x1d:\xd4I\xf5\xff\
\xf9\xbf\xb1\x5c\xf7\xe0\xc2\x03\xc4\xfb\x97\xc05\xd7\xf6\xa6\
y\xba\xc4\x03k\xf5k\x81\x00\xc3\x01\xad\xbcw\x80\xe7\
\xcd\xe3Z\x81\xe5u9\xa7\x0c\xde\xf5\x95\xa0\x88\x02\xd8\
\xe2<\x002\x0a\xe0\x0b\x7fx\xcde\xc4\xf5\xaaX\xfb\
\x1a\xf6\x0a\xd4]>\x06\xa8\x0e\x02\xbc^\xcf'\x91\xf4\
\xe1\xee\x89\x0c\xf51\xfe*\x7f>\xd7\x9f\xa4b\xca\x5c\
N\xe9\x19~\xfaS\x06\xfa\x06\xfez\x9f0\xa6r\x11\
\x08Z\x93\xd1\xeb+\x1d\xe8\x1dj\x11 \x8cj\xcbI\
\xbc\x0b\x98\x18 \x1a\xe8\x8b@\xa8\x0c\x92\xeb\x95\xdb\x97\
\x03T\x01l\x0d\xe5o\xb0&e\xe1\x93\x09lL\xb0\
\xe5Y\x83J*C_\x9a\x0dv,\x1b=\xb5\xf5{\
\xd0\x0a\xa6\xef\xafJK\xd3(\xe2}I \xe8S\x8c\
\xfcd\xeaIl#\x80\x18\x94}\xf1s\xa2\xf4b\xd0\
\xc4\xdb5\xc6\x8a\x81wM}\xb6\xad\x05\x848p)\
\x8cM0xc\xad\xcf\xfc\x15\x06\xbe\x91&7\xb7\x8d\
&;J\xc0B\xab\x9f,\x85\x08\x1c\xcbJ\x91\xbe;\
\xddQ\x1fc\x03\x93\x0e\x96t\xff\x8f\xba.0\xa5s\
~\xf2\x7f\x04\x1c\xfb\x8f\x92:%o\x91\xccM9\x22\
\x9f\xf3\x96\xa2E\x03\x10\xb5\xf2\x06\xae\x9a\xaf\x08\xa8R\
TDl\x87Pi\x02~\x0e\xa2I\xe3\x22Y\xd7%\
\x0bs8\xc0\xa5U?js\xc8_\xf8\x82\x84*\x11\
\xf8\xe9\x90\xc7\x9fw=\xa3\xdf\x14\xd3\xef\xf2\x09\xaer\
]\xbdo\x0d\xae]~7\xfd\xb9Es\xa3XJ\x7f\
-{+\xaf\xe9\x12\xd8\x00\xc74\xbc\xaa\xb6\x83\xb6\xb5\
\xcb\xfd4\x9f\xbao\xbf\xdf\xcd_\xfd\xff5\xfc^\xc1\
$\xe57\xb2\xa2\xb3\x86M\xcc\xf3\xff\x9fr}.\xb7\
\xf3\xff\x1b$~>u\xfdN\xf6\xb6x\xf9\x1a\x11\xfc\
\xdf\xc0\xf6\xd0V\xdc.\x5c\xaf\xb00\x15\xa1S\xcf\xeb\
.\xecP%\xd6\xa2\x86\xcf\x14\xde\x01\xed\xdf\xcc\xfb\xa7\
\xdf\x0cx\xdc\x0aK\xf0\xc2\x7fS\xa3\x95'\x94^\x8f\
\xe1[\x7f4\x7f\xe1dX\xfc\xac\x8e\xa5\x87\x0e\x1d:\
t\xe8\xd0\xa1C\x87\x0e\x1d\xda\x93\xca\xff\xfc\x1f\xcb`\
\x1b\xbe\x96\x1a8\xc4\xba\xd0~\x0a$@\x98U>N\
K#\x1cl\x08\xd2\xc1\xe9\xa6\x95\xc7\xc1\xe8\x1b\xcc|\
\xe7H\x19\xf8\xb5\xe4\x04\xb1o>|\xa2F\x03\x94\xfc\
\x00\xdb\xa1\xbc\x03\x93\x1c\xd5\xd2)=S\x02^>\xe5\
G\x10g\xd7\x80\x12\xe5\xf4\xd7\xa81\xb5\xfe\x89Fp\
\x18@\xaaor~\x7f\xfa\xbb\xfen'\xbf\xd49\xfb\
\xf7;@\xadO\x1a.\xf0\xb2\xe7\xd8\x04\xce\xa2\x19<\
\x16^:JR\xba\xab%\xb6y\xa3/\x14n\xb5\x81\
\x01\x08\x08\x13\xcf\xa1^\x0cV\xae\x93\xbdT\x97\xa9]\
\x8b@\x93\x0e\x1a\x96<\xf7F\xd0U~\x1cR[+\
L\x00\xf6\xdc\xf7\xb8\xf9c\x0f}[ye}& \
\xb2\xca\xab\x9b\x0c\x0c\xb0\x5cR}>5\x92G\xe0y\
\xda\xd0\xf8\x85\x1c|\xe9\xb4\xb3\xa0?\xe1=\x9f\x02\xdf\
\x83jYW\x11\x06]\xef\x93\x87\x13\x94\xb7\xe3\xe4\x1c\
\x84!\xa3\xd6G{P.\x00\xa8\xa1\x8d\x10\xa0\xea\xd2\
m\xe0\x93z\xdb\xa3\xce\xa9\xfa\x0e \xea\xb0\xe9\x04\xa4\
N\xb2\xb8\xae\x0d\x04}\x00i\xa7:\xd44\x94J\xfd\
\x5c\xc1\xbd\xd5\x9e/,o]\xaf\x04\xd2\xbaF\xf7F\
\xd0\xb5\x00\xc6}/\xd6:\xf5:\xcem\x97\x9b\x12\xfb\
\x16\xec\xe0\xe8k\x01\xdf\xd5/\xc1\x22\x957\x19\x1a\x8f\
A\xd2DS\xbd~\x9b\xc7m\x00\x7f\xf51\xff\xf7\x94\
\xf9\xe9\x93\xff\xefZ\xf57z\xf2\xa3\x9e\xb7\xd6\xf7M\
\xaa\xf8$\xc7\xfce\x81+\xaf\x04\xb8\xeb_\x99\xcbW\
\xba\xbd\xfa\xe6\x88\xe4\x06\x89 \x84\xfc\xf9\x01\xdf\x7f\xec\
]\xc1\x07\xe4\x05\xfaX\x85\x99\x13T\xf6|\x92\xf6h\
\xa1\xdc\xe2\xf6>\xfd\x90\xe8w\xe8\xf8\xd1\xd9\x04\xfcO\
\xa9]\xeev8@\xf4\xa1C\x87\x0e\x1d:t\xe8\xd0\
\xa1C\xdf\xe8\x83l}\x16\xe8\xc6\xa7\x11\xcd\x0c\x22\x13\
\x8fj\x0b\xe0\xe8\x98\xd7\x02#\xdb\xf2\x1b\xd6\xea\x1eP\
\xd45:\xdeF\x80\xa9\xf9\xf5\xdc\x1b\xe8DZ`\xc8\
\xab\x03\x0d\xef\xd2\x19\xea&h\x8223\xd0\xcf\x00\x8a\
\xc1i\xf9J=\xd0\xf8\x01\x06\xc6\xd3{\xceG\xfe\x05\
\x150\x12\xe9n\xb7\xd4k\x0a\x8c\xe6`\xe9w\x8d\xe2\
\x04\xe7\x17\x22\x00\xb2\x00\x0a\xf5\xb9k\x80'g\x9b\xcc\
\xc2g'\x93\xccW\xf6_O\xce\x1c:3\x22\xcd\xd2\
\xe4\xab^*\x150\xcd\xc0\x14\xc1\xe1\x0a\xf2z\xb9]\
\xf0\xea\xf6\xaa\xad\xbf\xb5\xb4G>W\xe0\x8b:t\x80\
]\x87\x8d\x81tX\x1dj\xab\x8cR\xa16\x9ft\x0a\
\xcd-\xdbF\xa0\xbfiP\xd8\xd4'\xe4\x98\x0c\x1b\x1d\
\xba\xfc\x9f\x01\xe9\xfb\x93_\x85P\xe5\xe0\xb7*\xb0\x1c\
\xf2\xf9\x06>\xef\x81\x86\xd5\xa6\x92\xdf\xdepI\x97\xea\
\x97\xb2\x7fF\xbe\xd9\xb6Q0\xc6\xcd\x00\xe7\xd7\x7fa\
!\x1b\x1f+R\xe8y\xfd\x96A\xed\x13)u\xf6~\
w\xfb\x9c\xfc\xff\xfd\xfcR\xee\x93\x00\xb7\xaa\xfc\xe2\xff\
\x93/\xba\xafs\xdb|\xf7\x7f\x19$v\xb0iSj\
\x1a\x97,\x9fE\xfd\xa9\x0d\xf6\xfeo;\xde\x1b\x7fI\
\xdb\x0a\xb62\xf9\x7f\xf3eQ\x02mE\xb0\xee2\xd5\
\x947\x88\xeaxR\xe7v\xf2\x7fO\xcb1\xaa\x0a\xe9\
\xfeom\xa3#l\xfa\xb5{\x0d\x17\xd7\x03e\x8e5\
\xd2\xf4V,\xffDV\xc7Y\xf9n%\xd3\xfc\xffk\
\xd9\x1d?\xf4\xf1\xaa\x1f\xd9\xd3\xcf\xf3\xff\x8e\xa0\xcf@\
>7\x95\xb6\xfc\xe1wn\x93%\x8b\x09~;e\x18\
\x1bVF\x87\x83e\x01\xee\xb8Y\x03=\x17Ro\xff\
\xe7\xfa1K\x5c\x10:o\xf9\xaco\x97Bw\xb60\
6\xd6\xeb\xb3\xf4\xf9\x9bN;t\xe8\xd0\xa1C\x87\x0e\
\x1d:t\xe8\xbf\x9c\xae\x1eH\xdcK\xfe\x08\x98\xde'\
H\xde\x0b\xee\xfb\x1f?\x9f\x12\x80\x93\x9f(\x89S`\
\x15\xec5X\xd3\x1b/\xdc\xe3`W\x0d\xdc\x0bxg\
2,\xf8\xb1\xacB\xa2\x16\xf8\xc8d\x06>6\xb4\x8b\
+\x1aP%\x09\xee`\x00o\x0f\xa0p\xf2Q\xf9\x11\
\x11\x91z\xfa\x99\x82\xcb\x8d\xcc\xec\xd3\xfd\xd7\x8fU\xe7\
3\xc0;\xeam\xf8\xdb)\xd1\xda\xb5\x0d(@{\x10\
\x04Nt\x0b\xf4'xmc\xbe;@\x5cy\xd7{\
\xa4w\x01\xfb\x0c8t\xb0G*\xd8\x12\x95J\xb0\xdf\
\xf5\xb8\x00\xf0\xad`\x00\x95\x87\xe8\x1c\xf5\xe0`<\xf5\
\xa9\x1b\x0bE\x13\x11\x02m\xb8\xe1\xbf\xf76\xd7\xd1\x83\
\xfcj\xdf\x08\xac\xdd\xfa\x99\xf0\xab>\x84\xebdF\xcf\
\xb4\x0c\x00*\xdd\xb6\x82\x87\xaaL\xe0\x1e\x96a \xb4\
\xd7\xe8\x06@\xaf\x80\x16'\xff\xd4\xf2\xdfD;\xb0\xd5\
A\xf2\xab\x00\xed!\x1f\xea\x85|2\x1b\xf0\x1aJ\xde\
mvE\x1e\x04WoV\xdam\x02\xdad\xf2\x7fo\
?\xfevH\xd5\x81)\x81=\x0d\xbc\xe6!\xb7\xa0\x0d\
`^\xaf\xcb\x13\x98\xcc\xb6\xe5R\xf9\x1b\x06To\xeb\
\xba\x86\xb9\xbe\xb2\xddk\xd7\xf7\x8d\x0d\xa0\x0a\xf6J\xf5\
:\xf0\xe12\x0e\xc5\x86\x8fV\xff\xb7b\x13\xac\xb3\xf3\
\x85\xd6\x13\x03\xf0\xcb\x96\xad\xd5Z\x04\xdc\xb7\x86-+\
;A\x04\xfa\xb6\xd23\xa1\x9d\xe2\x09\xedn\xc79\x16\
W\x90\x9c\xea?\xf8\xff\xe4\xdb^O]\x15\x9a\xf2D\
e\x85\xc7\xfa\x89\xd2\x7f\x92\xff\xdf\x90n\x16 \x7f7\
\xff\x0fsv\x97\x18\xf9z\xfbt^uN{\xf2\xff\
,\xbbo\xb79\xbf\xeb\xc0:&Y\x03\x8f\xb3X\x01\
\x8f\xd5\xf9F\xc9\xf8\xcc\xb9\xa6\xccc~\x1a\x1al.\
\x97\x8b\xe4L\xc1\xe3\xfd\x1a5|\xcd\x08h\xba\xb4\x82\
q\x5c\x5c\xdc]F\x8a\xbf\xe1\xf8\x832+\xefC\x87\
\x0e\x1d:t\xe8\xd0\xa1C\x87\x0e\xcd\x14\x91\x19\xfe\x80\
\x1f\x05\x89\xefS\xcf\x1e\xd4~\x16\xe4J1\xc1\xe7\x17\
\xc4#\xf8\x94\x82{\xd9\xc2\x91\xf0\xdd\x8e\x18\xb8\xc9Z\
\xc3{@\x11\x0a\x88DY\x09\x10[\x90}\x04\xe6\xd2\
N\xb7D(\x03\x81?\xf1\xf7@?\xea\xc9\xc1\xc3\xb7\
\x13C\x0e\x8a\xfbu\x0d\xf6vA\xe6\x08~}\x09\x5c\
\x1bx\x04\xc0\x86\x8al\x82\xdf\x0eJU=v\x01\xf5\
\x8ej\xfd1\xf8\xda\xe5\xab|]_\xd4\x93\xec\xa1\x96\
\xd4g\x9d\x5c\x8f\x06\x0e\x02@\x86\x81\xf6\x04T~\xde\
\xf3;\x80\x7f\x0cl\xa2<\x06\x03\x08L#\xc7\xf0 \
\x97aM\xc6\xb5\xbc/\xa5\x97'\x99s\x9f\xf9\xebk\
\x18\xc8\xba\x02p\x89o1<4c\x03\xfb\xcd\x18\x0c\
S}\xec\x87K\xcb\xfb\xd3\xb7\xf6*\xa2\x1dK \xdd\
\x1d\xcc\xbe\x00\x98\xd6\xa8c\xb6e\xe6\x95\x00\xb8?\xb2\
\x8an\xe9\x03\x09X4\xddD\xc5\x1e\xfd\x1f}+O\
\xb1\xa2}\xcd\xfe\x8f>X\xef\x937\xfb.\xd8*\xc8\
\x22.d3Z\xfc_\x06Y\xa5?\x84mI\x85O\
,\xe3\x89\xc2]\x9b\xa0\x1fy\x1bN\xf9\xc8\xbf3C\
\xab+\x96Cm\xb0\xee\x13\xedl\x0e\xf9{_M\xf9\
\xde\xf4zU\x07\xd9\xf9\xbf6\x03\x0e\xbf\xd5\xb9\xcdF\
\xb0\xb8\x80\xce\x0e\xda\xea\xa6\xd0\xf5\xe0\xff\x01|\x19X\
\x8d\xf6y\xed\xc9\x7f\xab\xfd1H\xac\x05\xe0\xed\xf6t\
\xb9\xfe\xd0\x17X\x17\xd5\xd5n\x86\xef\xea\x86y\xa0\xf8\
?\xea4\x83\xf8\x919>\xa6\xa9\xd3\xd6C\xb4\xbe\xc9\
\xff\xe9\xbe\xe8\xc1\xe2\xf6\xf3_\xac\x07\x1e\xe7\xff\xf9\x14\
\xfe\x9c\xb7?\xc7\xfb\xe8w)v1\xb4\xe5D\xb8\xa1\
pk\xf6\x9dp\x8cM\x95L\xda\x82\xac\xd7\x80\x9e'\
`L\xde?\xcf\x81\xcd\xff}\x84Rb\xe0KOP\
\x96X\xa8\xf4q\xc2\xd3^R\xdeSnZ\xc5\xe7\x05\
\xc8\xcb\xbf\x03>\x1f:t\xe8\xd0\xa1C\x87\x0e\x1d:\
\xf4+]\x0e\x04\x9bi,\xaa\x03l\xfe$$\x9a\x97\
\xb0\xa1\x0a\xc7\x09\x9b\x10f\x81L\xa2\xf9\xce\xe6y\xb1\
\x0e_\xd5\xd4(\xb4\xc0\x0a\x965\xfd\xd0\x8ct\xbc\xe8\
\xae\xdc\xc5?<\xa85XjA\xad\xf4*\xe0\xa9\x19\
\x0clD\x1a Y\x83\xc9)xt\xb9\x1e\xa8Oy\
\x9f@\x5c\xe4\xb5\x07l\x9f\x03\xa2\x1e4u\xd9O'\
\xb9\xb4\x00\x81\xfb\x00L\x87\xab\xd9^\x1a\xd8\x83:\xfc\
\x18\xdfU\xe0\xc2y1@9\xf7\xc9\xbe\xbe\xbb\x9b*\
'\xdb\x06r\x14n\x05T\xb3n_:\x00\x86\xef\xbf\
\xfb\xc7\xc2<\xa0\x16\x02\x12\x03\xf41\x19\xfb\xb5\x82\x8a\
\xd4\xd6\x03\xe8\xd3\xea\xe9<\x0a\xe06\x05\xf6\xa8s~\
\xfbA\xc3\xffe\x0423\x1fU\xdf\xf0t\xa16\x1b\
J\x10v}\x82\xec\x0f\x90\x1d\xfe?\xd9\x85d}\xaa\
\xbdIm\x1f\x1f\x00\x19\xb0\xe9\xfe}e\x11y\xf2\xff\
/cE\x1dg\x90G\xe1\x85=\xcb\x00K/\x8b\xed\
0\xd6U\x00\xbc\x8dz3\xb7T-\xeb\xc2\xe3b\xb5\
\xf9L\xdd\xb5\x1b\xa6\xa1V\xb9'\xf2}\x00\xc0\x8d\x81\
k\xf0K\xcc\x89-\x93\xe3\xb0\xb4<\xb7\x0d#\xaa\xc7\
#\x1a\x82\xb3\x99w\xd7cB\xf2\x96ba\xbb2\x94\
GY\xfec\x81\x08\xf8\xa7\xff\xa7~F\xfd\x16BI\
\x9f\xeaw\xaeW|\x9a\x09[\x12gn\xfd\xb7\x99\xff\
\x1d\x1c\xbe\xc0\xff\xa7\x8d\x0c\x15\xa5\xb1\xcc\xe5\x9a\xd5o\
\xf0(\x97}\x98\xab>\xad\xf8O\x9b\x89r\x99'\xbb\
\xb0?\x98\xffC\x07\x94\xf7u\xfeO>Oy\x7f\xb2\
\xf7\xa9\xcd7\xfd0\x95\xb5\xd1Vw\xf3\x7f\xb7\x97L\
\x10\x996Z\xf2\xb3\x17\xa8\xbe\xee\xbe$~\xf2\x98\x84\
\xe1+\xd4l\x94\xe2\xd71O\xa0O\xc8\xfe\x9bTK\
\xb2\xb8\xe4`O.\xef\x93\x18\xb6M\xaa\xc7\xf6y\xe8\
\xd0\xa1C\x87\x0e\x1d:t\xe8\xd0\xa1'\xfa &\xef\
\x13\xca~J\xf9\xb3\xd66\x08\x88\xe3\xda\xc3\x89\x01\xf4\
E2_\xa0\x07\xba\x03_\x83\x96\x08\xda\x11,\xe5\xc0\
\x9a\xd3\x05\xbe>Y\x83\xa3\x1a\x97R0/\x08\x8e\x96\
\xc0533)\xe6\xc9`\xa6\x95\x05\xfeO\xb4}\xae\
=(\x1a\x03\xf3\x87\xa044,\x81\xec\x13\x8fZ\xfe\
[\xfe)\x18\xdd\x81G\x15,\x08\x1b0\x9b\xdbz\x80\
\xc6:\x10$\x0dt\xe1\x87\xccg\xbbY\xf0\xd0\x8e\x08\
\x00\xe8\x00\xfc8`\x84O\x18\xd0\x06\x9d\x8b=\x22\xe0\
0\x95#\xc0\x5cv N\x96\xbd\xf1\xd9\x1av#?\
\x04\x17:\x10\xf7\xf1\xa5\x8fC\x0e\xba\xef@'\x94\xb3\
@\xa49O\xf2\xa9m\xff\x82\xd7 \xbc\xff.\xbd\x08\
|r@\x1676\xb0\xee\x086-\x11\x99.{\x9f\
6\xb3\xc1oT\x10L\xa7g\x8a>\x0f`\x86\xb0\xaf\
\xb1~\x0a\x7f\x22\x13`'%\x17\xb6c\x94\xb4\xee\xd3\
\x13P8\xf1r\xbfi2n&e\x5c\xd5A\xe7j\
\x8b)\xf4n+\xecOi\x94\x9b\x0b\xd8\x17\x12mT\
\xdb\x89\xa5\x17}\xc0\x0e\xa3^\xca?^\xbb\xedC\xc2\
\xae\xd2)\xefW\xb0d\x9d\x8a\x82Q/\x9d\xec^\x87\
4\xf2\x01\x00.\x11\x09\x16hKh\x8b\xac\x05\xb6y\
\xf2\xaa\xd2\xcc\xfa7]n?.:\x896\xffW\x05\
\xfd\xf1\xc3:\x7f\xd9\x00\x8e,F\x87\xb1\xbc\xfaD\xb1\
U\x95\xf0\x7fQ\x1d\xe6\xffZ7d&Q\x8fql\
'?\x19\x80\xc6P\xa6\xf3\x1eA\xeb\xc1\xef\xfed\xfe\
\xb7\x1fd8\x9f\xef\xf3\xbf=\xce[\x9c\x97m\x0b\xd3\
\x7f\x05G\x7f\x9d\xff\xb9)\xd3\xa8b\xed\xb8t\xf7\xf9\
\xdfA\xda;\xdb\xd2u{\xf2Z\x85795\xc6\x14\
\x13\xf4\x0e\x03;6\x00\x84\xcd\x13o\xb91(\x81T\
\xc3k\xebs\xf7\xba\xcey\x12\xfa\xff~\x10k\xe5:\
\xbf\x1f:t\xe8\xd0\xa1C\x87\x0e\x1d:t\xe8\x99\x22\
\xb27\xf8\xea\xa1!\x1ar'\x04\xf9\xc2\xff\xf3nh\
`\x84'\x93=N\xe5\x00;\xd9X\x89P/\xe5\xd3\
\xc0E\xda\x1d\xa0^\x0eW\xf0\xe9\x16\x01\x9e\xea\x88\x05\
<\x9b\x03H\x08\xcc\x9b\xb4\x02|m\xc8C\xa8\xa7\xe0\
\xa3\x07\xce\xf2H\xbf\x80\xd2\xbb\xbc,C\xb7\xfa\xccO\
\xe6S\xcc\xefSw^.x\xc8\xfd\xca\x82\xbe\x19P\
 \x11\xcd\x8b\xafA\xf0\x13(\xbc\x02ZL\x0f\x19\x17\
\x84\xa4\x0d\x8c\xe6{P\x87\xd2\x12<\x17\xb1\xb1\x84\xc4\
sV\x12\xf3\xe4IF\x04\xe0\x03\x14\xd4t&|^\
\x89\xdbi\xc1l\x94\x1f\xc1\x06>-\x88\x9fy\xc2\xac\
\x022$-y\xd8|\xca\xd0\xb5\x90Z\xcc\xd9\x91\xaf\
%\xbf\xbbM\xa5\x81\x9a\xa3\xcf(<\x1f\xc0bG7\
\xfc\x04\xa8\xf3\x8b\xba\xfa\x95=\x9c\x94\x94h\xcd\x96\xce\
\xd2\xf2\xd4\xab\xca\xce\xff\x95\xfe\xb6\x1bC^\xde\xa4\xd8\
\xa8\xe7\x82\xfaI\xedc\xe4\x0d\xfd\x04\x12j^i2\
PR\xea\xd3KH\xe1\x97\x84\xfe\x0f=Lr&\xff\
G\xbb\xd5\xd1\xff\x9f\xc62\xa5\x0d\x06\xacw\xab\xdb\xa5\
\x03\x8f\xb4\x99*So\xa6`9\xe9\xffb\x83\xbf\xac\
R\xd3F\x06\xf6\xeb-\x9f}\x9d\x807\x85\xcd-\x1c\
\x1f@\xcaR\x8d${\xbf\x9bpu\xeaX\x13\x0ay\
\xc9\xe2\x1f=GZ{\xfa\xea%{\x02^\x03@Y\
\xfd\x8a\xc7\x14-c\xae\xb6y\xad\x83\xa8L6\xfa\x7f\
m\xff\x0d\x88\xad\xfb\xb9pG\xbf\xcc\xff;\xff\xaf2\
\xfed\xfe\x97\xe6\x07\x7f6\xffk\xf0\xf8\xf3:\xfb\x98\
\x87\xc4\xf3?\x8eY\x09\xf6\xcem\x95}\xee\x1b\x0eK\
\xc8z*\x9b\xba\xe4<\x1f\xeb9\x07\xe3\x85\xeb\xfc\xa9\
\xe5\x95\xf6\xc5\xcd\xe1?\xc2\x8a#\x9d\xfb\xbf\xff\x93\xba\
\x98\x9a$:\x0dc\xc1\xbd+\xb5\xd6\xba\xfe\xdb'(\
\x83}\xfa\xd0\xa1C\x87\x0e\x1d:t\xe8\xd0\xa1C\xcf\
t\xddA\x92\x9fL\xb2]\xbcv/\xdfW0\xfc\x09\
\xe2\xcd\xa1HY\xc1K/\x98_k\x5c\xfcEG\xa0\
r\x852\xbe\xde\x17\x0f\xe0\xef\xac\x8et\xe0G\x97\xd5\
O\x0de0\xe3\xd0\xa2\x9f\xc4\xc24\x09y\x09?|\
\x0b\x881X\xfb\x16|`\x80\xad\x19\x01\x0d\xed\xa0\x11\
\xf0uq\xd6dW\x1d1\xd8\x1d\x01\x13L\x7f\x08\xf4\
Q\x9f}\xfd\x85\x00&,\x035\x12\x0f\xfa\xbe\xb5'\
\x822O\x80U\x05\xb9hcD+\xcf\xa5(\xaam\
\xc0K\x84@\xa2J\xd8N\xb7N\xac/\xdf_\xff\xf4\
\xdd\x1d\x05\xcf\xe0\xb0\xb6\xab\xdd)8\xd4Q\xb0\xb6\x10\
e\xf7\xf6L[\x8e\xc0\xdb\x10,X<I\xa7\xb4\x15\
l\xff\x22\xb5\xe9\xe1|\xbd_m\xa1c\x18\xea\xe3\x95\
\xb9\xaf\xa8v\xff\xb7\xfb\x1d\xd2Q*\x80\x0e\x7f%O\
\xe1\xa3,\x854\x8d\x1f\xb7\xe3\xd3\xb2\xdc\x0eF\x9f\xd9\
#\xab\xefH\x0f\x11\xdedH\xd9\x09\xbc\xe5;z1\
'\x81\x1ea\xcf*\xd3F\x04\xd6\xbd\xfb\xbf6}m\
c\x03\xd1\x17\xe2v-Mo\xb7O\x1a\xeb@\xda\x9f\
\xf8\xff\x15u\xaa\xfd\x87\xda\xd7M\x14k\xf5\xf36t\
\x80\x09\xdbK\x84\xf5k\xe3\x82\xed\x9fM\x80\xaa\x83\xc4\
\xc1\xd7\xea\x98\x10\x96Mc\x03\x9e\xd8wYu<x\
\xfb?\xf9BS\x95\xe7H\xdf\x9c\xa8\xfa\xf5&\xcf6\
B`~1\xa5|\xee\x9f7/\x9e3|\x0eF}\
L\xd8\xff\xe5a3\xa5\xf2\xc21l\xb6\x13\xec\xf3\xe5\
\x07\xb7\xf2\xe4\x8f\xbb\xf9#\x00H\xba\xdf\xf9\xbf\x14\x1f\
\xab\xfa\xde\xfa\xd8\xd46\xc2io\xdd.|\x87\xfe@\
;`x\xd2\x8e\xe7\xff\xb9\xae~\xff\xdd\xff\xe5\x8b\xff\
\xff6\xff\xffZ/\xce\x07s\x8d\xd9\xd8\xde\xea\x93j\
\x19]\xd8\xbcz+\xe1so/\xdcd0\x16\x90\xe9\
\x0b4\xb6\xc4\x8aY\x7f\xb12\xbe\xf9\xc3\xf4E\xff\x9d\
\x86e\x9c\xa9\x9b\xe6\x1a@m\xfd\x88\xad\xceu\xa8v\
|\xe8\xd0\xa1C\x87\x0e\x1d:t\xe8\xd0\xa1\x99.\x0f\
\xf4|am\x96\xc0M\x9e\x04\xf1\xec\x09n\xe5\x0f\xac\
I\x8f\xb6e\x05\x12\x11\xa0\xd8\x18\xfcA<!\x15$\
R\x08\x08\x14x\xba\x1e\xf8U\xcdH\xb5\x84\xe2<8\
I>&~`N!\x08\x8ez\x0du\xd8\x020\x0f\
\x81\xb04]+\xe0\xd5A\x9f)pD\x00\x93\x82\xc1\
!p\xf5O\xbf\xae\xef\xbe\xc6\xbc\x98O\x8a6_\x83\
\xa8\x07\xc0\xc7\xf5\x1f\x8b\x99\x8dAZ;=\xaa\xc5>\
\x8aL,\xb3\x05\xb3\xa5\x04\x89\xd0\xf6\xb5\xde\xde\x16w\
{\x09\x010\x8e\x0f\x8d\x80\x02\x06\xa0\xcb\xce\x10\x94/\
\x1aG9\xd1\xfe\xe3Q\x09z1\xb0\xc5\xb0F\xca\xee\
 q\xa5\x15x\x17\xfbA?\xc1\x925_\xd3\x9el\
\xd7\x8a\xfdi\xd4\xabi\xe1\xb6X\xc0\xb2o '\x9f\
\x1a\xad\x1eC\x08\x9aT@\x1b7\x0d|\x8c\x9a@\x9f\
\x0f\xa0\x08\xbd\xa8\x22\xa5}\xee\xd4\xea\xb7\xc8\xa7\xb4\xc2\
`'\x17\xe8%\x8d\x5c.\xeb\x9c\xd7\xa8w\xfc\xd0\x9b\
\xc8\x08\x5c\x85N\xcd\xffg{\xafm\xeb\xd7\x97\xb6V\
\x11l{\xb3\xde\x06\xd8?\xe9wL~\xc2\xb8\xfa\x9f\
\x83\x93T\x17j,\x9f\x8fh\x0a\x12\xec\x1b\x1dZ\x1f\
7\x08\x1e\xc7\xac\xf0\xff\xbe!\xb4\x1b\x0b\xd1_p|\
\xb1\xe2\x1aU\xa7\x0f\xa8\xa92\xf8?p\x1b\xfd\xd4\x80\
\xc7/\xfe_\xf5D\xdb\xa8V+\xa3\x7f\x90t\xe3\x17\
&L\xf6\xd7\xe7S\xb0\x0fE\xdb\xb8/\xa2\xe7\x94\xfb\
\xd1\xe5\xa5\x1c\xdd\xd6\xaf\x81\xf1\xaek\x19g\xa8\x8du\
\xaeC\xe3#_\xe6\x18\xddi\xb5\xe1WlZ\xa8\x1e\
\xe5\xdbD\xe3\xfc\x7f\x0d\xeb\x02\x96\xc3\xfe\xaf\x7f0\xff\
\xa7N\xcf\xf5\x82\xb9\xab\xe4\xa5\x8dN\xb2_\xdf\xe4\xf0\
gB\x00\xb5\xfbv\xca\xef\xf3;\xe7y3b{\xba\
\xe7\x00\xd64\x9fa\xdb\xbf\x19\xe5\xdc\x80\xba_\xe2\xac\
s\xb0\xf9\xbc\x86\xce\xef}~\x0f\x9b\x95F\xdb\xb5\xe2\
\xa1C\x87\x0e\x1d:t\xe8\xd0\xa1C\x87\x82\xae\x5cP\
#\xf0\x9bD\x80\xf3\xfa\x8c\x85z%J\xb38e\x15\
\x00E>ji\x11`]\x03(%\x83 \xf5\xc0\xa6\
>\xc5\xf7\xf3\xa9\xd8\xc0!\x83\xea\x19\x1cr>[\x10\
\xa2\xf0|:Q\x85%F^\xaa#\x08P\xc1\x99g\
\xfe\x00h\xe8\xfb\x9d\x9b\xafm\x99\xa7\xd3jO4\x82\
}\x83|\xe2\x07i\x1c\xb8A\xd0\x5c\xe5\x14\x19\x1d3\
\xba\xc1\x8e\xf1\xb4\xd8\x12p]J:M\xb5\xe3\xc0\x7f\
\xd5P\x19l\xab\xf7^\x8edj\x06\xe0\x89I\xe1;\
*\xa1\xdc\x00\x86Y\xb33\x06B\x0d\xc1II\xbb\x0e\
\xbe\x82\xf7\xab\x0e\x86\xf6\xf3\x0c\xa6T9~\x82\x9a@\
\xf1\xe0s\xb71b\xa6\xac\x8dJ\xb7\xa5!\xcd\xb8\x96\
Y\xbd\xd5\xaf6\xbd\x8f\xba\x82u\x0c8aN\x07;\
u3HM'\x0a'b\x90\x85\xff05\xdb:\x9f\
\xf2FJ\x01\x8d\xe0\xfe*\xa0c\x5c\xdb|\xaa<\xd2\
\xe0\xb9\xae~\xf1\xb1d\xef\xff\xd9\xces_\xa1\xa4\x9e\
\xc2\xfe`\xfc\xd4D\xfa\x06S\xf6\x83\xdb%Yw\x01\
sU\x9e\xfd\x1f\x9fO\xdf\x16\x89\x13\xcb\xd7U\xe4\xf7\
\xba\x98#cR\xfd\x1f\xda\x1f\x85/\xdd\xfb\xa6\x99\x16\
\xde\xe8\xb3(\x0f@,\xd1\xb6\xf1S\xad\xd0{\xa7\x03\
\xaa\xd2H\xab>Q7\xd4\xdf\xc0\x82z\x1f\x87\x0d\x1b\
kP7f\x02$\x1d\xe6\xa7=t\xde\x84\x8d\xf2}\
\x5c\xff>wj\x82\x95\x8d\x97\x95\xb1\xbbs\xf9\x1b\xff\
\xdfS\x19O~\xe0+\xc5\x07\xf6\xf3\xff\x5cfz\x1e\
\xf3\xaf\xe67\xbd*\xed\xe7\xff\x9d\x94\xf2\xcc\xe7\xf2\xa8\
\xb3\x15\xf9U\x1e\x94\x81)$\xc7\x93\xc8\x19\xd2\x95M\
\x16L\x92\xed\x9f_\xbf\xc3\x9fz)\xc9\x8f\xb9Lx\
l\xc15\xe0'\x97\xb9\xef\xacy\xf9s\x7f\xcf\xf1\xfe\
\x9a\x8e\x034\x1f:t\xe8\xd0\xa1C\x87\x0e\x1d:\xf4\
\xf7t\xf5@F\xf2\x04\x90\xae\x00\x22@6\xe5\x85:\
\x16\xfa\x10\x07\xe3u\xc1\xaf\xeb\x04\xb5:b\x81\xb9!\
\xf0\xba.\x95\x0e\xbd\xa0\xac\x0cFt\xe0!\xcaZ\x88\
\xe8\x08T\x7f\x1a\xa0\xc8\xc2\x92U\xaf\x0e6L\xe9\x03\
'\x08\xba\xb2\x1a\x09\xf8\xed\x83\x1a\x00y\x1a0\xd3\xc1\
\x9e;\xe0\xbad\x02\x8a\xe7\x13T\xbf\x04\xd8\xae\x09\xeb\
\xb2;\x89\x85\x9c\xfd\x84[;\xd56\xe8\x97\x90\x0b\xf3\
\xb4\x0a\xe2\x0a\x07\xe8V\x80\x90\xf7=\xfe\xe8\x9d\xf3\xa6\
6\xb6\xb9\x0exZ\xea\xa9~Y'+i\xb7,\x07\
Q\xb0\xdf\xdf\xff\xba\xadUp\xd2F\xff)r\x03\xa4\
\xd2l)\xe3\xa0\xda9d\xdd\xa0m&\x19\xd6_\x9d\
\xe3}\xe6urpL\x01 \xc4\xb6\xdbxi\x8c\x16\
\x02\xed\xe3\xda\xefN\xe7\xad\x08\x1f\xc0E\xaf\x03p7\
\xe0^t\xc8\xd7pT\xfe\xf3;\x8e\xdft\xcbR\xfa\
\xc3\xbb|=D\xda/\xda\xea\x93\xffGN\x8d\x91S\
\xe8\xb4\xa0h\xf8m)\xd1u\x02\xd9\xee\xe7\xac\xc7\xdd\
6\xef\x93\xb6\xaes\xda\x88\x08~c\x04\xa5\xcdr\xf1\
\xaa\xf7\xec\xce\xffk\x0b\xe6&\x01\xfb\xa3\x9f@\xf7\xf6\
\x93\xa2\x91s\xbeO~\x8bT\x9fW\x19\xc6\xb5\xf5\xdf\
\xa7=_\xc3XG\xa0\xe3\xea\x93a\x0c\x15\xf8\xc6\xc2\
\x0c\x96\xcb\x0cDA=\xd3\xff\xb9\x05\x13\x18\xafe\xa5\
P\x95\xab\x04\xfeq{\xa8\xb4\x1e\xd2\xec\x0f\x19\xdbY\
\xf6\xe5\xd3\xe5\xa8\x0e\x0a\xfa\xc4\x9f<\x13\xb6 \x8dy\
0\x96\xa1\xd2\xfe\xdb\x02\xbc\xb9`\xe38\x82m\x82|\
\xdd\xee\xe6\xbav\x9a62\xa6~\xdf\xf9yM\x9f\xda\
d.\x97\xe5\x7f\x015\xd9\x94\xe7o\x13\xe5&t\xb5\
\x91\xdd\xfcO\x12\xe4\x99\x8c\xb2n\xe7G\xeag\xdf$\
\xc8r\x9e\xce\xe3 JQ*\x1f\xe3WQ\xc1\x0b\xbe\
*\xf0]\xfc?\xde\xde\xcc\xd3\x7f\xab\x03\x1e\x97\x10e\
\x1b\xb8\x0fOkQ\xc4\xc61\xe4\xd0\xa1C\x87\x0e\x1d\
:t\xe8\xd0\xa1C{\xba\x10\xa8j\x18\x15\x82\xd1~\
4D\x86@F{\xb0s\x9f0\xb1\x08\xcc+\x98x\
\xe7cq.\xd3\xe5mO\xf9\xa0\x82\x95\xfc\x04Ky\
\xd4N\x19\x19\xea\xdc\xc2aq\x10\xb2\x9e\x96\xaa\xe1\xc6\
\x1e\xc4\x14\xf9\xf9t\xe5&\x90\xfe\xa5\xac\xdfg\xfc7\
\x07\x9c\xff6P\xea'V\xed\xf1~\xa6\x0a\x1aIk\
\xe3\x94\xb7>K;\xd5j\xb8\xfd\xaa08\x12\xed \
\xd8&\xab&\xaa\x0d\x1cR\x11\x02\xf9F A\xb4\x81\
\xd7\x0a\xe0RX\xe5\xeb%:\xfc\x80\xa3\x01\x08X\xa5\
T\xa0\x07\x0by^\x07\xab\x03r\xd3\x0e^W@C\
[\xdd\x1c\x904\x99\xbe\xda\xcd5\xcfW LTa\
\x17<\xad]\x01\x968\x999p\xd1\x84,\x07\xff)\
\x1a\xa9ny`9\xef\xeb\x80\xecT\xa9-\x10\x00N\
.\x84\xbfA\xfb\xce`\x89\x14\xbe\x9e\xc9\xb5I\x1d\xe6\
r|\xbd\x1f\x0f\x9e\xca\x86\x0e4\x06+\xd9:\x96\xc9\
\xb6\xdet\xc7\xca\x95\xb6\xa2Cj\xad\xdb\xee\xd5\x10\x5c\
/\x89\xb2O\xfe\x9f%Mj;]\xc5oU\xea;\
\xa8\xaf\x1b\x15b\xc0\xc9uE\xffS\xb0\x0d\xd0\x05\xf5\
\xb5\xa2\x93'\xd6\xf1\xe3\xf3\xdfu\xc5\xebf\xde\x1b`\
\xd7\xe8\xff\xe8k\xbd\x0fG\x1a\xfc;\xe4\xea\xfc\x0a\x8b\
\xf0=\xd0\x9f\xdf\x89\xad\xe0\x93\x0e\xa6M\xfe/#\xaf\
xV\xef!3\x8e\xb9<\xff#\xff:N\xf1\x18\x91\
\xbe\xf7\xfbo.\xa0L\x22\xec/\xd56ON4\xcd\
\xffS\x9e\xda\x06\xfa\x90\xbf\xa9#\xb2\x99\xff[\x89\xc7\
\xfc\x04\x94\xcb\xdf\xce\xff\xbf\xe4\x91\x90\xc3~\x11\xce\xb5\
8\xe5\xa7Q\xa7\xae\xfe\x01\xb07\x9biZ_E\xb1\
q8Q-\xeb\xd6\xdb\x91\xa5n8\x93\x8a\x02\xed\x11\
\x1f0\x87P\xb7\x99,\xc4\x5c\xf0\xdb\x01n\x1b\x0c\xfa\
\x1f:t\xe8\xd0\xa1C\x87\x0e\x1d:t\xe8\x89.>\
\x99\xb4\xfe,A\x00\x07t?\x81\x84Fj#\x0a2\
D\xe35\x08\xa2\xbc\xd8\x8f\x1f}\x11\x0c.\x96\x90O\
 \xaf\x19\xc4M\xc1\x06\xa7\x94O\x07-0\xc0\xe3\x00\
;\xe4j\xe7Sy?\x83\xaa\xf3\xb3\x09\x90\xa6\xaf\xc4\
>\xf2\xcc2B\xed\x84\xfd\xd1\x03\xe7\xe9\x9a\x01\xa9\x89\
\xff\xb3\xde5\xaf\xc9/\x81\xf8\xd2r\x1b\xdc\xcf\xb0T\
\x93M6\xd9\xdb\xb3\xa7\xf7k\x04y\x13\x98\x96\x08\xce\
\xad T\xe3f\xc7\xe2\xe7\xa7\xb8\xb8\x9d\xe1\x99\xc8\xea\
\xe3\x04;\x05\x03\xf4\xb1\xcfg\xa0g\xaa\x07\xa5\x96`\
\x17\x81]\xc5\xe7\xd6e\x84\xac\x0d\xff\x06V*\xc3Q\
\x15\xd8\x9e5\xbe\xaf\xdc\xffo}\xae\xa1PZ\x81Q\
\xb9\x8b7\x0a\xa8`i\x0b\xe9\x1b\x05\x15\x10\xd0A\xb7\
\xd6\x86^\xb6\xde?\xb4\xa1\xcb\xc7\x12w\xfb_\x94V\
\xfd\xdf~\xf6\x7f\x90\x03\x1b#\x08\xecO\xf9g\xffg\
P(\x81\x98L\xaf}\xed9\x10,\x06!\x94\x07\xe5\
\x91>\x04\x8e>\xb4\xa3\xce\xbep\xcf\x01\xdc\xc6}\xc3\
$\xffE\x8d\xaa]\xc7\xdf\x1a\x9f\x8a\xfb\x0f\xfe/1\
~x\xfe\x19\xd4\xba\xc7j{\xf1xM\xec*X'\
\xc0\xbb\xf0k9~\xf0\xffz\xba\xd8\xe5\xef[|\x1e\
_\xd3\xef\x876\x8cz\xb0\x86]\xeb;\x15\x01\xf8\x8b\
\xc6\x15\x1a}z\xf9k\xf8\xb1\xc5mMzz\xfa\xff\
\xb5\xcd\xf9\x0b`X7\xc3~\xa5y\xfe\x7f\xd1\xbdK\
\xd8\xd2\xe8\xffw\x19\xfb2\xff\xcb\xff\xd2\xfc\xcf\x89\xed\
\x02\xfc4\x01\xe6\xbb\xe8f\x9d$:\x15-2\x17\xf8\
+\xcc[\xeeEe+_\xfb\x18\xafcm+k\x0d\
\x09\x22\xe2\xf4\xb3Z<0M@=\x0eT\xd0\xab\xe7\
\xfaz\xe1\xd0\xa1C\x87\x0e\x1d:t\xe8\xd0\xa1C\xcf\
\x04\xc8\x10\xbc\xdbu\x88E\xeew\xe2\xad\xdc\x1eG*\
BG\x5c\x88\xdfC\xd8\x17\xebqR+\x04\x0e\x01\xd3\
\xb8\xa6\xef\x81W\x80,\x0bDi\xb1\xbf\xcb,i\xa1\
; P\x8a7\x98\x87\x0a\xee\x01\x95\x0anz\xf0\x83\
\xf7,\xfb{p\xedA\xb5\x0c`\xc1\xb7\x93N\x15\x18\
\x9a\x80V\xfclZ\x0c\xc0\xd2\xd7\xe0}\xa3K\x82\xd9\
=\xad\x07\xb3\xdd\x1e\x02@\x12\x06\x1a\x8b\x94Q&>\
R\xe0\x1f\xa1=\x9e\xa4\x14\x06\x91\x08\x90-\x9b\x01\x04\
\xda(q =\x09\xc0\xb2A\xb7\xc5o\xa2\x0a\x04\xf9\
W\x8c\x0d\x90\xba\x0eo\xc9\xd6^\xb5\xf1T\x91\x8c\xbd\
eg\xdb\xdenO\xe0\xbf\xdf\xa1\xff;\xd8\x86\x00\xa8\
\xf9`c\xfcnZ\xdb\x0e\x1b\x1dT\xce\xd3\xbei\x97\
\xad\xad\xc2\xbeq,\x10\xd6\xcdm\xc8\x84\xc0\xde\x22\x9d\
\x81\xfe\xd0Z\xa9\x96\xb3\xffw\xbf\xdd\xde\x8b\x0a\xb7\x98\
\x0a\x9e\xba\xd5Zn\xb0Q\x11\xae\x9b\x13\xeb\xc6\xe57\
8\xd1\x08~\xe7\xe6N\xcb\x0deD\xfa\x06\x06\xb6\xd7\
\xcao\x22x*\xbb\xca\xbc\x9fO\xe9V\xde\x9f=\xd8\
x\xa9\x97\x83\xc5\xac\xd7\xa4\xeb=fOc+\xf5\x97\
\xed|\xa2VZ\x09\xf4\xde\x8e\xb9V\xdbt\x1eo?\
\xdf\xb0\x10i\xe3\xd3$\xba\xd2\x9dUG\xff\xff\x0a\x8e\
\x16\x1b\xb3!\xa7\xcf\xb2\xf5=\xe4l\x07\x16\xfeoe\
\xcc\xb1\xd6_\xa0\xe5n>1\xfe\x06\xcc.\x8f\xc0X\
\xc0\xd5\xe2\xb1\x1a$\x8e\xbc\x9e\x08}l\xd2\xe9\xf7\xf9\
\x9fy\x96\xe9_\xbe\xcd\xff1:\xfd\xc5\xfc\xaf\x1b\xfd\
R\xd6\x94\x13\xcb\xf4\xb2Q^uM58\x17\xe6\x18\
j\xa1\xf7J/m\xe9\x13\x15\xb6I\xef\x16B\x97\xe3\
\xd0\x83\x03\xe3\x93\xd68\xee\xfa\xb8c\xb5>1\x16s\
\xfa\x01\x9f\x0f\x1d:t\xe8\xd0\xa1C\x87\x0e\x1d\xfa\x8d\
\xae\x04H\x95\x80X\xa7<\x09\x22\xf1\xf9\xba\x91\x84X\
\xd0c\x90\xe0\x0c\xee\xe0`\x1f\x9c\xd7S\x91\x01\x0e\x08\
\x04\xb7c|\xe3\x81V\x0d\x04l\x8c\xb89hc.\
\xf9k\xf7\xfe|\xff>\xde\xf7W\xac\x11\x94\xfc\x05\xb0\
M>:p|\xe63\x06\x8a\x96\xaf\x05\xc1\xc0\xd3\xe6\
\xaaW\x86\x09\xd8(\x7f}\xf4\x1b\xad^\x94\xef\x94}\
\x17:\x8b\x8c\xe0\xd8\xaelQ\xb9|f\xb0\x0c\xf8\xe5\
\x1d\x92n\xc0\x85N\xf8\xfef\x82E\xa4\xf59\x01\x07\
\xd2\xd4\xad@\xec\x04l \x10\xb0\x07\x1f\x14\xfaV\xa2\
\x8e:\xf0}_\xf6\xaf\xf7\x0f>\xa6\x1b\xbf\x13a0\
\xbc\xe9\x12\x1c\x09\xc0E+\xf8\x00`\x05T\xbf\x01\x02\
\xbfb\xe0\xa5\xf3^i\xaa\x1dHi:u\x00\xa4\xb6\
g\xf2`\xdd\xf1Y\xdd<@\xcef\xc9s\x04\xed\xde\
\x7f\x17\x9f,\x7f\xf6\xff\xe8ua\xff\xef\xff\x09\xe9\x0c\
\xe3\xc4\xb49a\xf0*\x13\x07n\xeb=\xfcG\x1c\x10\
\xc4~\xf0\x7f\xd0L\xb8\xf53\x07\xa6\xea\x98\xe2m\x94\
m\xf2N\xbd\xd0\xde\x07\xbe\xb5E\xd1\xa7\xf1Dj\xfa\
?\x00j\xa3\xffo\xe4\x98\x0cx;\xdb\x86\xeb-\xc3\
\xb5\xdfw\xff\xb2\xb1\xbcR~\xb0\x87\x02\xee\xf5\xf9%\
&G\xd0Q\xc7\xd7{\xdcm\xacM\xbf\xb9o\xac\xdb\
yk*\xedz,zo.i\x80\xea6\xeaP\xfd\
\x93\xe1M-\xfe_O\xda\xf3\xbc\xe1\xb4\xdb\xd8\xa9c\
\x08\xd5b\xf0\x7f\xac\x1f\x96\xe3\xf9\x9f\xe9\x8a\xf9\xdfd\
\x96\x05\xf5\x92\xd9\xf2&\xda\x82\x97m\xfeG\x1b\xb1\xa6\
\xf3\xcc\xc7H\xce/\xfe\xbf'\xdd\x5cc\xca\xd4_\xa5\
\x9fl*\xdd\xe7\xa2>\xb7\xfb7\xe3\x96\x8f\xc0\xfc\x7f\
\xcbZ\xf2\xad\xebQ\xe5,\x08\x9b\x947\x04\xad\x15l\
\x11\xc6g\x07\xbdoy\xda\xebv\xe8\xd0\xa1C\x87\x0e\
\x1d:t\xe8\xd0\xa1G\xfaD\xb2\x14\xbb\x14\xd4Aa\
]~\x7f\xc0\xfb\x18\xe5\x0e\x22\xefS-\x03\x93;z\
`\x10+N\x90\x94\x1fi\xc3\xf5\xfb\x0aR\xac)\xb7\
\xd2-\xdf\xf1\x1a\x9c\x97\x1e\x19\x84\x90\xday\xbf\xf8\xbd\
\x0a\x0aQ\x01V\x06\xae\xf1\x94%\xc8\x13\xd9\x80\xeb\xf8\
\x8c\x01\x92)o?\x998\x07xV\xf8#}=\x85\
\xf3\x00\xa0\xec\x82\xa7\x06\xecm\x02t\x1b\xfa\xe8\x89o\
\x97\xa1\xad<\x06\xc7\xc9fhWI\x80\xc7\x03B\x80\
xR\xe7\xb0\xbb\x07 \xd8v\xa7\xa3\xb2\x9e\x09\x94`\
\xdbl@\x87\x09\x10\x11\xd9\x02\xb2Yg\x8d\xfe\xe6\x93\
i\xda\xb8U\xa0\xd8\x81\xa1\x0e:q\x9b<\xf5M\x07\
\xde\x86\x1f&t@s\x90\x10\xd7\x01\x14\xb0CN\xe5\
H\x1f\xc3\xf6\xb5Vc\x1b\x10D\xdfHC\xa0R&\
\xbd\x0a\x88)\xb2\xb7}\xef\x89\x00y\xa5\xfb}oG\
]?\x02\x98\xb6\xe8u\xda\xc9im\xf4\x85~\xf5\x7f\
\x82\xa3\x0b\xf8;\xfb?\xf7_\xf8\xe6\xb2\xa7k\xd9V\
\xe6u\xdb\xa8)\xc8wgg\xbd\xfd\x08<'\xff\xbf\
\xbd!\xf8\x7f\x1ds\x8b\xfd.\xa0\x8a\xc0H\xe9\x9b\x14\
\x1d\xbc.\x96m\x83K\xb72y\xb5\xb3/\x9a[\xa0\
\x1d\x02$\x04\xedbsd\x10HS\xe6\x08\xa2Z)\
!\x91\xe7\xd2\xe6\x81\xa5\xdf\x84\xec\xc6,\xdb\x00\xfd\xbf\
k\xc2:\x05\xd0\x09i\x13H[\xe7\x7f\xd9\xf8?\xf2\
\xadub \xda\xb6:\xedxT~\xae\x05\xcf\xffO\
\xfe\xcfy\xb0R\xf6\xf3\xfc\xff\x9d~\x9f\xff\xb3\x8f\xf5\
\x0f\xe7\x7f\xf4\xb38\x1c\xa0u\x83\x0e\xda\x12\xeeQF\
\xb7\xd7\x01l.r}\x83$\xd7\x89\x85\x8fv\x1d\xb2\
\xcd\x8b\x17\xae\xa2\x16\x06\xccc\xd4\xe7~\xfd\xc0`l\
\xb6T\x85p\xfa*c\xc0~C\xe2\xd0\xa1C\x87\x0e\
\x1d:t\xe8\xd0\xa1C\x95.\x04V#n\x1b\x82\xea\
\x80c\x1c\xf8]\xa7A2\x04\xc5\xa0\xff\xfe4\x0fZ\
\xe2\x89A\xf4\xe0\x99\xe0\xa9\xdde\x22PP-\x01\xb5\
\xc4\xc9\xe8\xba\xe0\xff|\xe5\x97\x80R(\x80\xb5q0\
C\x19\xf4\xb2\x92\xb1\x06\x19\x05\x8a\xa0g\x95\xac \xfa\
\xfa\x10\x88\xd6\xc0v\x0ct\x0d\xdf\x9c-\xfd\xb9\xccA\
$V\xa6\x84\x9f$k\x17D\xf9\xd7\xa8\xbf\x06\xab%\
m\x13j\xc7\xbf\xbb\xb6\xcc\xc2\xda@P\x02\xf3>\xcf\
\xafQ\x0a\x03\xf9Y\xfe\xbe\x9dA\xaa\xbb\x9c\x14\xc0\x80\
\x1e\x84N\x0e\x10%\xef\x94\xf6T\xef\xa5u\x07\xb0\x04\
\xc1\x0d\xfeA\xb5\x0f\xe8w\xd5\x9e\xdb\xbc\x97w\x95\xb1\
\x97m\x01\x85V\xc2\xd8o#\xe7\x80\xb2%\xa8z\x89\
4\x10\xb3\xf4\xaa^\x0d\xdc\x93\xcd=\x82\x972\xd8\xbe\
\x03\x88\x15 \x0b\xb0`\x95\xfe\xbc\x96d\xf0\x7f\xac\x8a\
\x8a\x84\xfe\xd5\xff1\xcf\xaar\xd3q\x22?\x95w\x97\
\xe5\xcd\x00\xa7\xeb\xd1\xffE\xa4\x00}^\x07O\x9f\x80\
Q\xb7\x95_\xfc\x1f7M\x08|1\xb6\xc9\xee\xff\x0e\
<]\x05\xbce\xfa\xee\xffl#y\xa7{]\x9b\xff\
\xdf\xfd\x16\xde8\xd9\xdd\xcd\xa0\xdb\xba\xe6\xe6D\xe3\x0d\
ri\x5c\x881Q\x8a\x1e\xdd\x9ey\xb3\xa4\x8f-\xe4\
}\x931Q\x9f\xb3b\xf7ig\x9eO\xd8\xa6\xb9\xcc\
\xdb\x0f\xae\xf2\x1e\xf2:\x82@\xade\xa2\xfdIb\x85\
!r\xf7\x0a$n\x93:\xd6\xea0\xffk\xa9W\xf5\
\x7f\x1c\xef\xbc\xef\xe7\xf9\x1fA\xf8`O\x94\xef\xa3\xfe\
\xc5g\xbe\x83\x8bu\xae\xc74\xd4w\x97\xbf\xd6\x19\xed\
\xbf\xd7\xb5\xb7\xe3w\xff\xdf\x83\xdbO\xf3\xff\xfbj\x9e\
\xff\x85\xf4\xf7\xe7,\x11\xaf\x94\xf3\xb7\xbc\x066l\xd0\
\x1eX\x06\xdag\xf1\xec\xd55\xfa\xc8\xbc)\xb6\xf9\x7f\
\xa2\xdc\x02\xcbNr\x11\x06\xae\xeb\xdc\xf501\x1c:\
t\xe8\xd0\xa1C\x87\x0e\x1d:t\xa8\xd1U\x81\x8f\x1d\
\x99:\x18\xb1\xa06\xe5\xf0\xd5\x06\xd0\xea\xfe\x17\x03\x8c\
U6>e\x05\x00=\x88C\x01=\xb8\x82\x00W8\
\x984\xc9\xf7\x03\x06{\xe1\xa0\x17bK\xd25\x9em\
\xeb\xc44\x9d\xc2\xc2O\xafg?\xcd\xc7eZP\x0e\
\x14\xef\xd2|\x08\x22\xf5\x01\xe0ZB\x86\xe73\x982\
\xdd\xffzB\xcb\x81z\x1d\xcb\x18\xfc\x8bi\x1cxc\
\x13\xd0i\xb5\xe1\x9d\xe2\x19'\xe6\xeb \x9e@\x85\xe4\
+\x0c\xc3\x18\x03Q\xd86\xbf\x9f6K[\xb38&\
\xf5M\x97\x8dM\xb8Nz\x89M\xae\xb1\xd1\xe7.3\
\x00\x16E\x97\xb0\xb6\xc1\xaf\xa4\x81\x1dJ\x00\x01m\xfe\
\xd0\xe6\xd17\xfb\xc0\x16\xef\xc0\xeb\x9c\xa7\x83\x91\x9c\xf7\
\xd6\xeeR\x06p\xbd\x1d\x9c?\xda\x89\xf3\x1d\xddD\xaa\
-\xc8s}\x16\x80\xebz\xcc\xfe\xefv\xd9_\x9b\xe0\
\xf7\xa1\xab$@\x1c\xa0\xe6k\x01t\x86u\x96\x018\
E\x9d\xb9\x1d\xa7\xf1A\x7f\xf6\x7f\x95\xddi\xf1z\xd7\
6\x136s\x02\xdey\x8d\x1b\xf8\xb8\xda\xd7u\x0e0\
\x0cdk\x91\xbd=]+\x22:\xd8Up1\x1b\xfd\
_%\xdb\x00ymp\xdb2^n\xddUZ\xcbM\
\xf6M\xbe|?\xbf\xa6\xb1H\xa0\x99\x9b\xff\xdf\xb2v\
\xbah\x22k\xc9\xcf6yR\xd9\x18O\x86\xe1\xbd\xdc\
\xee\xed\x85Nl\xcb\xa4\xdb\xe4\xff\xb5'\x97\x868\x87\
\x1a\xce\xb7\x13P\xe9yd$\x02a\x07\x9b\xdf\xe5\xbd\
\xf5\x94\xa2\xaf\xc4\xb7X~\x9b\xff\x07\x19\xcb\xee\x9b\xcd\
\x82\x0e\xcf\xf3\xff~\x03|\xe7\xef\xf5\xb9=\xb4\x17h\
Z\xfc\xdf\xdb\x0f\xe1\xe8>&\xb4\xb1V3\xb5\xcf\xff\
\xac_\xea)\xe1\xffB\x9bK\xc3\xfcF\xb2ti\x95\
\xc2\xedN\xa2q=\x8aj\xd6$\xd7\x95\xfa\xd3\x9a\xe3\
\xd0\xa1C\x87\x0e\x1d:t\xe8\xd0\xa1Cq\x02z\x83\
\xc6`\xdc\xb7>_\x1e\x10\xafb\x0c\x1c\xac\x05>\x9e\
|\xa1 \xc4\xfc\xff\xfb\xae\xe0X\xba\x09\xb0Y)\x0f\
4\xb2l\xf0q\x1eZ\xcb\x1b\xdd\xdd\xaa\xc2k<\x22\
\xe00\x0a\x22{0/)\x7f\xb8\x9fA\xf8=\x9f\xa9\
\xbe\xbb\x00\xb5\xf2\x98\xaek0\xba\xe7\xff5\x9aL~\
\x0f\x01l\xe1\xcc\xa7\xd5\xf4~W\xe9\x04\x88\x8d\xa5\x17\
\xe0sm\xf4\x7f\x0e\xf2\xf6\xa7\xf1\x10p\xab'\xbc\x88\
\xf7\x00\x10`\x00>\x16\x0c\xce.\xcbSz;;\xa0\
RO\xf49`2\x81R\x04\x16\xb8\xcf\x15\xa9\xce\xf3\
\x03p\x02\xf8\x12\x01\xb9\xedND\xcf\xc1y\xe6\xed:\
\xbd)\xdf\xffZ\xeaL2f\x10\xc7\xdb\xa0\xe5\x9f\xd2\
D\x1a\xd0\x8a\xec\xbd\xaf\xebF\x07\x02:\x5c^z\x1e\
KpW\x09L\x98|\xce\xc1/]\xf9Q\xfd\x9d\xff\
\xcb\xe2u\x05hG\xbc\x06=\xc9\xfe\x84\xfd?\xf4\x95\
\xf4M\x1f\xbf|Lf\xfb\xbd\x06]&[\xf0\x9a%\
\x04~\x0b\xe9:\xc5\xc6\x01\x94\x15\xd0\x1d\xed\xe1sz\
\xd7\xb0~\x5c\xaa\x96\xad\xfa\xa1?WP\xbf\xd5\xa1\x00\
y\xeead66\x83X\xb3\xffg\x1a\xf6\xddv\xf3\
\xa9\xfagl*d\x8e\xd8\x18\x01=\xdc~\x1b\xac\xaa\
\xc2F+\x1dXv\xdd\xae\xb0U\x98\x03,}\xa3w\
\xb9\xa1\xc1\x11\xbbo\xe3\xac\xc1\xfb\x9fE\xc0\xf7\x94\xdb\
5V\x02\x8c,\xce\xbe\xbe\xf1\x7f\x92\x5c\x80\xe1-8\
\xaa\xb3\x8d\x1b\x0f\x00d\xab\x13(\xfbw\xf3\xff\xa7$\
=s\x1f\xde\xcf\xff6\xa4\xf5\xfa0\x0f\xfbi\xfe\xbf\
~X_<\xd1\xb4\x01\xb0\x9d\xfea\xfe\xf7fx\x7f\
{\xc7\x86\xf9r\xbaw@\xb7\xae!8[\xd6\x1f\xa4\
.{\xc0\xf1\xc2\xe2/\xe5\x0f}\xf0q\x18\xf0\xd27\
\x0fgF6\x06,\xa1\xa8.\x9dj\xbb\x1f:t\xe8\
\xd0\xa1C\x87\x0e\x1d:th\xa6\x0fBq\x078u\
q.\x0b,6\x5c\xcf\xf7@9\xb2sP ~\xf2\
Y=W\xa2s-\x04Q%\xa0X\xe1d\xca\x08@\
M\x0aHB\x0bZ\x1eC\xdcF \x84\xbf\xde\xe0\x8e\
\xa7\x8dJ\xe2\xd7Ow'\x9dw\xf7\x1c\x90J\x9cb\
\xc2g~\xcd\xf7/\x99\xc8\x069\xfeCT5h\x9b\
\xf4\x18Bb\x00.\xf7\x81S\xfd\xca\xea>?\x83F\
\xfe\xd9\xc0\x0f\xb3\x02\xdcu]k\xfb$(6\xd7\xad\
\xa5\x0b\x83\x13\x08\x96:\xe8\xf0\x01\xc7 \xa8\x0e\x9b\xa9\
.\xb0N]i\x03\xa7\xa2\xb6`t\x0au\xee\x96\x88\
\xa0\x09\xea\xe7\xf7\x1e<O\xe1y\x03\xea\xac\xe6\x90\xd6\
\x9f\xdcW{\xf0\x1dO3\xeb$\xb5\x80+\xa1'\x00\
\x06YJK\x7f\xe9W_\xb9y\xe5k=Bw\xe0\
1\x916~\x0b\xf0\xd3\xdef\xd8\xf60\x0c-\x1f\x9a\
\xfd\xc7O\xdc\xdf\xe0\xf1\xd0\x07\xe3\xbd\xfb\xd6\xba^m\
jxz\x17\x01Y\x13r\x82\xfd\xe6N\x97\x1b?D\
'\xfcnf\xb2\xbc\x02\x9eW\x1dw\xfe\xbcZr]\
\xeb\x83\xffC\x1e\xd2Q\xc9\xd7\xa0\x82\xa4\x07n\xd8\xe0\
f@f7\xd0\x84,\x84\xcbV}\x1c\x882k\xa0\
\xb8\x8c\xe3^n, \xc5\xb7.\x06\xff\x9f\xc6$\x9f\
Gv\x00h\xa4o\xfc\xbfp\x1b\xa5(\xf4\xb5\xe7s\
3r\x10N\xc4\x06\xffO\xae\x9fc\x9e1'\xde\xf3\
{\xd8\xfb\xa4\xb7h\xf4\x1d\xd7\xa1\xfa?sP\xf9\xee\
\xff\x99\x96\x08\xdfdc;b\xdf\x93\xafm\x8f>\x96\
\xf3\xff\xe6\x95\x1e2\x8d\xb7\xf2\xa5NFs\xd9\xa7V\
\x8f\xf3\xbf\x8c\xcfnN{\xb99\xff\xcf\xfaO\xfc\xea\
\xb3\xfd|>\x8fwh_\x1b\xae0?L\xf3?s\
7__\xe2\xb36\xff\xdf\xb9y$\x80\xb5\x95\x08\xc9\
\xb8_\xe1\xc6c\x9c\xa0\x1b\xe7c*H\x1b\xd4v\x0f\
\xd2\xaf\x85<+\xa8\x8d\xe6o\x7f0v\x1f:t\xe8\
\xd0\xa1C\x87\x0e\x1d:t(~\x84\xd0\x81\x01DG\
n\xc2\x00\xe5\xc6U\xec\xf3:\x0e\x0e\x06\xfc~Z\x84\
O\xe1C\x06\xcc\x5c~\xddC0\xdc\xc0W{\x0ab\
e{\xd2\xa8H\x87\xbc\xab\xeeZuN\xba \xa0\x99\
df\x9d8\x80\xce`e\x0fb\xf2\xb3\xab\xe86i\
#\xed9\x06\x93\x0d,\x97=\xe5\x09\xb9M\xf0\x0e\xfd\
\x83\x9f\xccc\xbei'\xd3n\x01\x94\xf5>!]A\
\x07>\x01\xb5;Uz\x15\xe0\xc1\xaf\x10\xc6\xf5~'\
\x90D\xb3\xdeK\x13\xb2\xb1G;#\xd0N\x0b\x18\x04\
\xf5\x18@V\xbeO\xbd\x1c c\x9d\xd8\xe7\xb8\x8d\x0b\
/]\xf9\x07\xb0\xf1\xe6\x7f\xdb\x14\xd5\x0b\xdbl\x05\xe8\
\xde\xd6\xd5\xee\x18Pd0:TZ\xf7\xf8Uf)\
\xda\xb4\x14\x00\xeaw\xe0\xaf\x14=\x1d$\x9c\xc0:\x0d\
\xd0\x91\xd3\x05\xfa\xbf\xf6\x0a\x8a\x9d\x81X\x856\x10\xa9\
\x06\x9d\xc09\xd4Id\xbd/[d\x02n\x1b\xf0I\
\xefW\xbe\x8an\xdcr(\x0b\x9f#\x98\xdc\xfd\xbf\xd7\
=@\x1d\xb3\x04id\x1e\x9bDr|\xb6\x02 s\
\x93h\x01\x8f\xfbx\x81\x9b,\xefg\xf9\x0d\x89\x22\x1b\
\xd2\x12\x84\x9etK\x8f\xe7\xda\x15y0V\xb8\xcfn\
\xe7\x09\xac\xb3Ns\x16\x8f\xd7V\xec\x8d\xc6\x90\xa6Q\
\xd9$\x80>\xbb\xbf\xadP5\xaa\xe3\xae6\xf0\xf93\
\xdc\xb8r\xc5\xdbX\xd7;\xf5\xb5\xc05\xe0\xd0\xfc\xbf\
\x8d\x0f\x22\xcd\xff\xd1\x9f\xfd~\x1e\xa9\xab\xe5y\xd5\xd8\
\xff1_\xben\xa5\xeb\xb1\x03\xf8\xd1Gk\xebO\xfd\
q\xdb\xa0\xdf\xc9\xc8s\x92=\xa5g\x95\x18\xa4\x0f\xfb\
\xf9y\xfeW\xe2\xf5\xa0\xd1\xcf\xf3\xff\x13}\x9b\xffk\
\xbdi\xbd\x14<\xa4]\x9b\xec\xe6\x7f/z\xdb:\xbd\
\xde\xdc\xd3\x8b\xfc\xdcD\xe7\xf9\x85\xdb\x0aE\xec\xfc\xdf\
B\x8e\x0d\xfe\xef\xaf\x8a\x8b:\xcb\xf0.y\x1a\x97\xbc\
\xef2\xed\xd0\xa1C\x87\x0e\x1d:t\xe8\xd0\xa1C\xcf\
\x14\xc7h<\x18\xabq\x80A\xb4y\x9f\xb4\x93\xcf\xaf\
\x86\x7f\xde\x09\x0d\xa7\xa6m\x0a?#\xca\xf3E}\xca\
r\xec\x8e\x01\x02(\xe7\x17#\xe0\x86?\xfc%\x01*\
F\x06ef\xf7I\xa4\x0atr\x00\xcaT\xde\xabX\
\xd2vA^\x0f\xd8\xe4'\xb2\x02*LA6\x9d\xaa\
*\x8c\xebi\xa8\xces\xafk\xe5\xfd+5\xb0]\x86\
\x00Z\xfd\x89H\xbdz\xe7}\x03\x0dX^Z\x1dD\
\xe4k`\x07\xf6U\xea\xb1\x03\xaf\x1b\x88\x83\xdc\xc0\x8c\
\x88G\x03\xca\xea\xe9\xf5\x81\x09\xdc\xe2\x8f\x09\xd6\xac5\
\x88\xadm\x8b\xfd\xeb\xe9\x04\xfc\x09\x02r\xc8<A\x91\
;\xa7\xfe\x00\xb4T\xbb[\x8c@\x8f\x1d\xc0\x96-\x99\
@\xcc\xd8\x07\xd6O\xa6\x0b\xf0\xd8\x81\x0b\x9c7\xc1\xb6\
*\xa7\xd5\xc3\x12L\x08 [d\x04k\xf5\x01\x90J\
\xc0\xccsc\xd9\x1d`\xe3O\xf7\xc4\xe3\xd0\xe4\xff\xfc\
\xba\x80\xee\xff\xd0\x03\xe8;\x05B\xc1V\xe1vH\xb9\
\x13)\xd8O*\x9d|\xa4\xf0\xf49\xa4\xf7\x15\xe8\xfc\
\xee\xb3\x8f\xffK\x97\xf7\xb8\xd9\xf0\xa0a\xb4Q\xaf\x0f\
B\xd8\x0ex\xea\xd4/\xa5^1\xfd\x85O^\xc1\x03\
AB\xabs&H\xbe\xfd\x9fO\xf9\xa3<\x06\x00\xf1\
\xc4\xf6\xf5Q\x87\xfd\xbfn|\xa5\xbe<\xcb\xae\xcb2\
NL\x1bw\xc4\xb7\xaa\xe7\xb6,\xdd\xff\xa7\x9e\xa9\xe3\
\xb8M(\xe4\x1a\xd7\xfb\xe6C\xfa3(\xc0\xa5\x11L\
\xdc\xc9\xd1i\x0ccY\x0e\x92\xeeh\xef\xff\x7f2\xff\
\x8f\xab\xa2F\x0d\x0c\xfd\xff}\xfe\xdf\xf9\x1c\x8c\xef\xa5\
\xef\xb4\x5c\xc7\xa6\xc6\x8e\x8f\xbe7\x1a 3Xo\xdf\
l\xa8}\xee\xeb\xb9>\xcf\xf2\xa7\x89E^e\x19X\
G0?\x9f.\xdfk\xdc\xcf\xfdZ\xe3\x9af\xdb\xf8\
\x9c\x88\x1bx\x7f\xb2v:t\xe8\xd0\xa1C\x87\x0e\x1d\
:t\xe8\xbf\x95\xae\x04\xb0\xde\xff\xde\x0b\xea\xfbk\x8c\
\xb2\xd238\xc6S\xa3\xd3IS'\x02\x00\x00\x19\xc8\
\x93\x9f\x10$$,\xbd\xf2T\xb9\xac\xf0\xcd2\x03\x92\
\x8f\xbe\x0e\x08)\xe4\x81\x82o\x80Fe\x02\xeddC\
\x1c\x9c\xd5l\x15\x10\xa4\x92\x04\xc8$\x8f]\x9e\xdd\xf3\
\xa72Z@\x84\xddi\xbe\x7fEf3@\x03\xfc\x9f\
\x00\x0b\x04\x01\xfb\xc9\xaa\xe41\x81\xef$C6\xea\xa5\
\x9a\x94\xbf\xea\xd8\xf4n\xe9\xc6|V\x7f3(T\x02\
{\xf5\xfag=1\xf86\x93V\x0fp\x1d\x06\xc2\xbc\
|j\x17\xf6\xf5\x01\xe8d\xd7\xbf\x9e_\x1e\x81\xa0<\
\x19\xb8\xb1\x09\x02\xce\xa4\x81K\xd8\x8f\x066\xd1\x81G\
\xe6\xe9\xa0]\x03\x97\xa4\xb4\x07\xe9\xdcm\xdc\xebY\xc1\
RT:\x00E\x00\xf0H\xbf\x05\xfe}\xf3\xc3I\x0f\
\x1e3\x16\x88\xf7\x0f?m\xa9\xc8s\xb0\x99\xc8\xe9\xa7\
\xd2\xb9\x0e$e\xe3\xff\xce\x81\xde\x93.\x1d\xc0F{\
\xec\x1a\xd6\xbab\x8e\xbc\xdb\xe1)\xd1\x8b*\x0f\xfe\x0f\
'sE\xf6\x00clBt\xb9\xe6\xcf\xb9u\xa5\x8e\
\x08\x08\x9aU;\xac\xb6l%\x1d\xe1A\x04\xe1p\x13\
$?/\xf2\xc5\xe8\x8f\xf0\xff\xd4\xb0bc\x08\x18\xd7\
\x8d*\xd5\xde?\xbe\xa1\xf0\xd9\xa0s~D*\xf2\xc3\
\xf8\x8e\xf3x\x035\x97_\x19\xdc\x9a\xed\xc7\xd0[\x8f\
2\xa6\xb5<Q\xadYf\xe4\x17\xa1\x01q\xa0\x0a\xca\
G\x9d\xdc\xbe\xe0\x9e\xe7\x9c.\xf7n\xcf\xdf\xfd\x1fi\
\x1a{\x9f\xe7\xff\xce\xff\xfb\xfc/\xed\xf9o\xf3\xff^\
\xc7\xba\x81\xf5\xa7d6\x95\x02k)\xfeoU\x17j\
\x87\xc2B\x97'\xab\x80\xff\xaf\x07\x96\xdc\x92?\x8e\x9f\
H\xd5&\xd9\x9az\xff\xe6\x1a3~\x10\x11m\xd1\xd7\
\xbe\x16\x99r\xbe\xb3\x9c\x7fr\xee\x9d\xfb\xf7\xd0\xa1C\
\x87\x0e\x1d:t\xe8\xd0\xa1C3]\xbe\xdaF\x10\x83\
N\x87\xad`:\x82:\x88\x09\x22~\x08\xd0ZEb\
\x81\xce\xc0\xc0\x9d\x92\x0b\xf5\x0f(\xac2\x03K\x06\x80\
\x00\xa9k\x11\xa3D\x9cs\xa5B\x06\x0f\x10,\x7f\xff\
p\xda\xfb\xbfx\xe7\xe3[\xbe\x82<\xa2\x0c|?_\
\x13\xdf\x82,s\x1a\x9f\xda\xc9\xafdO'\x8eB\xe2\
\x00B\xd4\xa0\xbe\xa6W\xd9\xf5+\xb9S\xd9h3\xd5\
\xe7\xe0{\x03\x1c\x0c\xd9\xf2z\xa3\x1f\x9e\x14\xf4\x13C\
\xaf\x17\x03\x19U\xb7x&\x13q\xbb|\xfat\x13\x00\
\xea\x17\xf0jJ\x9b@\x03\x95\x0e\x94#M\xfdy\x83\
\x94\xf5\xb4m\x02G\xf6\xd0\xc6F x\xfaD\xd7\x7f\
\x06\x1ev=7\x9d\x9eC[\x98N\xb3\xd5\xbc\xa4\xe3\
\xf2w\x04\x01g\x10\xab\xff\x18^\x03ql\xd2s\xf9\
\xd0\xa4\xc3j#\x04\x83\xad\xf0\x90U\xda_\xe9QO\
\x0a\xd6\xffj]\xb3.\xc5&G\xff\xbf\x9f\xfe\x89\xff\
G.\x00\x97=\xfd\x824z\x86}\x84\xc2-\xdf\x97\
:\xfb\x03\x9c\xdc~\xf0\x7f/\x8fu\x98\xf3\xe9h\x93\
\x0d\xf8\xc6\xc1z\xf5\xeb\x0b^\xb1\x14\xf6\x1a \x22\x95\
F\xadH\xb6\xcb\xc5\xd7\xf8\x80f\x9brR\xb8\xf6\xbe\
\x9fAC-cji\x97\xc9\xa7.n\x99\xea\xd3n\
[u\x96s<\x0cApqP\x8c4\x9a\x09}\xad\
\xd6\xcd\x00s\xf3\x89;7\xd1D&\xf0\xb40\xe7\xfa\
,`\xbd\xce=\xb5\xec\xa5\x97\xb4\xb1\x18~\xc3\xc0\xcb\
\xb1\x9e\xdc&U/\x7f\x8c>M\xd8'\x94\xbf\xed\xcd\
\xc6\x93\xc2;\xf2\xf9_\xffx\xfe\x97\x06\x16\xff6\xff\
\xcb\x98\xf6o\xe6\x7f\xc8A\xe9\xdf\xe6\xff\xfc\xf6R\xd3\
\x0a\xaet\x94\xd3\xb46\xa1\xbd\x86\xcfJ\xec5|#\
m\xd9\xe3]T\xb18\xdc\x1b\x8d\x91\x9f\xcf\xab\xfb\xb8\
B\xc9G\x0a\xc4:\x07\x1d\xad\xf6\x18\x1fl\x9f^\xfc\
\x97u\xd2\xa1C\x87\x0e\x1d:t\xe8\xd0\xa1C\x87n\
\x8a\x88\xec^L\xaf5\xb9\xae\x80F\xefWm\x18\x06\
0vg2\xb1~\xda\xa5\x01\x01\x1a\x01\xb5\xa7 P\
\xfb\xf9\x14\x04\x1e\x8c\xe2\x81\x1eD(\x001\xf7=\x07\
A\x06y2\x0c\xa9\xa0\x829X]\x8f\xaaI\xa6y\
\xf0\xf9\xb2\xe7@\xa6\x9e\xbe\x12\xd0\xcf\x03t\x92\xbd\x01\
\x87*\xbf\x19\x80\x9f\xe5\xd7\x80r\x0avm\x04\xf8J\
\xa0\xff%\x98\xea \xec\x93v\x1a<\x91\xeb\xbd\xf10\
\x04\x8d\xdaA\xa6'\x9e~\xcf\xcd\xf9\x04\x16\xd8\xa6\xed\
\x1d4\xf0\x5c\x1c\xf4\x06\x80\xae:\x17\x10<\xfd\xac\xad\
\x1c\x07\xfdB \xd4\x0d\xd0\x0dA\xbb$\xa0\x195\xab\
}\xbc\xcac\xca\xa7\x5c|\xaf\xb9\x00m\x002\x07\x10\
I\xe1|jo\xc2\x80j\xe8X]\xcdR7\xd6B\
\x88o\x80o\x82X\xa4\x8d\xfa!?\x15\x91\x9dE\xb2\
OORwyA\xff\x07B\x80Me\xd2\xc5\xeb\xe6\
20]\x0a\xb0\x7f\x0bThD>\x8d\xaa\xc1\xc0\xd6\
\xfdl\xaa\xda\xfe\x1c\xf0j\xa0\xb7\x14 \xae\x01|\x22\
\xa9\xff\x9d\xbb\x9e\xac\xce:s]\xff\x84R\xaf\x9b>\
\x1b\x06:\xb4\xa8\xb2-~\xe7\xc9\xf3I\x12\xdf\xd7q\
o\xf65\x1b\xc7$\x7f6>\x87z\x8d\xf51\x06R\
?\xc0\xb0b~T\xb0\xfak\x1fk;hX\xdb+\
\xfd\xbfm\x0aH\xf7\xff[e(G<Ebs\xc1\
\x18\x8cST{\xe9\xbek\xbb\xacbYC\x08\xf6\x85\
\x84^Q\xa3\xb1\xfb{\xfb\xf7v\x9ai\xf6\xff\xfa\xa3\
\xab]g\x07\xa1\xef\x1c*\xba\xc9\x872\x9c_\xf4\xd7\
O\xf3\x7f\xe7\xf7\x9f\x9a\xff\xbd\x8f\xfe|\xfe\xdf\xd7\xf5\
\x91>cY\xfe&H\xed\xcb\xab\x82\xf1k\xcd\xb6w\
\xf9\xb5\x1e\xf3\x83\x12E\xcf\xaa\x12\xbfr\xc3\x8476\
e\xeeCM\xfb\xbe\xeb\x90\x7f\xf7\xfaw\xf9\xcd\xa7>\
\xb9i\x83\xfe}\xe8\xd0\xa1C\x87\x0e\x1d:t\xe8\xd0\
\xa1\xefT\xde\x01}\x93\x7f\xdd\xd0W\xe4\x17\xfcPV\
$\xaf\x05\xba\x83\x1c\x9f\x85=E\x1b\x09\xf6\xe2u\x07\
\x0f\xf9G\xe7\xe2\xc4\xf5\xca3\x07\x89\x10<\x95\x00#\
\xaf\xad\xc9\x91'`c\x13GL\x81]\x0d\xda\xe6\x13\
Q\xf2\x00\x5c\xc8\x00\x9c\xcfr\x11\x08\xc9\xcfM\xb0Y\
\x15@>:\xe7\x9d\xbeN\x5cA#k\xbc\xee\xe0\x0e\
\xf7\x1f\xaa\x9e\xbb:=\x9d\xd4\xa2\xc0\xf8\x09HZ?\
R\x15\xba\xe8\x10VN\xe0h\xb4\xfd\xd2\x9a\xea\x05\xed\
m\xacsk\xb7\xa1\x1e\x08\xe3\xe0\xc6L\xf3\x1b)\xe0\
\xc6\xd4\x7f\x96mUm\xdc\xe9\xb5iG\xef\x1bN\x9f\
t\xf5\xf6\xee\xbc\xabF:\xbd\xbf\xb6\x00Zsh?\
\xf0\xd6\x0er\xa1}%8:iU\x81\xc3g\x9fo\
\xa7\xd9\x1e\xa8nd(\x81\x8b\xac\xbb\x15\xfb(\xbbf\
\xc8\xb5\xf9\x92\xdbS\xf4}\x05\xa2\xefb\x0cjj\xbe\
\xee\xa0\xfaE\xe4S\x1e\xb3\x0d\xec_\x07\x00\xd3\xaf~\
\xf1\x7f\x19\xfd_\x1a87\x03\xc2\x92y\xf4\x12\xd9\xf4\
\x97\xcf#\xedt\xa8\xa0O\xder_\xc5\xffG\xe0l\
\xf2m\xc5g\xd3;\x88Q\xaf\x05\xe2O\xfe\x1fy\xd2\
\xcf&\xffoe\xdd&\xc3\xff\xbd\x7fX\xf7\xdc\xfc\xe0\
1\xb1\xca\xefcn\x02e5]\x86\xbc\xc1[\xf7\x9e\
\xfb\xce\xbd\xb7\x91\xbb\xa8\x0d \xfa\x8ep^\xab\x9b\xa3\
\x0e\xd8\xfe\xe0\xaeYn\xeb\xff\xfbyf\xcb\xebA\xdf\
\xfb\xbag\xfee\xfe\xd7\x81\xdf7\x9d\xea&\xdc\x0e\xc0\
\xde\xcd\xff}\xce\xfe\xd3\xf9\xff\x99\x17\x1d@\x902\xff\
\x9bH}\xef\xb2\x97\xa7U\x8fU\x9d{b\xb4\x9e\xc5\
?\xf0\x0d*kC\xa8\x97\xc298\xe5\x0b\xc0\xd3\xf9\
\x8a\xb8\xba\xde\xc5\xb9\xa3n;\x98\xf9\xda\xe7\x06\xa3\xb1\
n\x87\x0e\x1d:t\xe8\xd0\xa1C\x87\x0e\x1dz\xa6\x15\
}\xd8\x0a$\xcb\xfa\x7f\x05x\x01\x82}\xe2\x09\xa3g\
DkA\x7f\xd3\x00\x0ax\xb1\x08830\xba\xd3W\
y?\xddDp\x8b\xc1\xbfw`s\x83\x8f\xf9\x98\x02\
\x0cM\xc9\x01\xe6\x856\x83n\x89r\xc8\x1cHk\x0b\
\xc4vTO\x18M \xc2.\x10\xe5SW==\x01\
\xc6/\x01\x0f\xf0\xaf@\xe3.8\xc7\x00\xfeI\xd7\x00\
h\xdch\xa4\x83S\xfe\x9c\x83\xb7]\xf0\x9cuK\x80\
\xae\x96\xab\xc1\x1e\x83QO\xf1\xbc\x03\xa4\xce\xab\xf7\x9f\
\xb5\xabl3\x0cf5l\x13\xed\x8a9$\xa8\x94\x00\
\xe8\xfa\x93\x0e\x16\x8d\x96\xa6\xf8\xfc\xb6q\xb6!n\xdb\
\xb0\x8d\xe4P\xf83\x08\xf0\xfe\xbb\x00L\xe8\x8e\x8c\x9c\
v?$\x86\xf5\x90h\x03\xec\xd3\xa2\x8dP\x1f\x00(\
\x8a\xf6\xe5\xe3\xc1\x0e\xceV\xe0G\x00\x9f9\x80\x95\xf5\
\xc4:\xfb\x18\xb6;\xc9xg\xc7^k^\x10\xf6\xd0\
7$R/\x02b$O\xc9\xa5\x0d\xb2\x9f\xcc>a\
\x8d\xa1\xa7\xd3\x98W\x85\xae\xb1S4OD\xdf\x9ec\
14cw\xabT\xff\x97\xc20ekd\xe0v\xa8\
 \xae\xbfnA\x87v\x9a\xeb\x9a>\xe2v\x89\x9b\x1a\
\xfbr\x8b\xe7km~R\x96\xd2?f\xf2\xec\xff\xbd\
\xde\xdeg\xec\x1e\xecMu\x9c\x9a6-d\x95\xaf\x00\
\xa2\x0a\xd7_\xa6\xfa\xa9D;\xda\x1aD\xb4\xe4y\xff\
{i\xff\xc1\xc5\xd1N%\xfd?\xc61\xb7+\x99\x89\
m\xa4\xce\x15\xb5\xbe6\xfa\x7f\xea\xc4e'\xffG\xdb\
\xadzLuq\xdf\xcbM\xbd\xd4\x83\xc7\xe9y\x8e\xc8\
\xf6\x94\xaf\x14\xf6\xf0\xf3\xfc\x8f\x9b\x88\xdf\xe6\xffl\xcb\
j\xef\x06\xe9\xdc\xbe{=\x88\xff\x1f\xcf\xff\x0f\xbcD\
i\xfc\xce5\x11\xe6\x9d\xed/\xd6\x91\x92e\x10`\xa6\
\xf1\x9c\xcaU}$d|^\xe7Q|?\xadq\xe5\
3\xe6\xf5\x99\xd3b78\x8a\xb9B+\xd9_\xe9&\
e\xddh\x1f\x10:u\x80\xba\x1d:t\xe8\xd0\xa1C\
\x87\x0e\x1d:t\xe8\x91>\x00\xf4\x18\x90G\x0c\xack\
\x0do\xb4\x90WFG\xa4\x9fX\xc5{+\xe0i\xa6\
\xd9+n;\x19\x87X=\x10\xa6\xe8 \x82\x8b\x89\xd1\
W\xb0\xaf\x96pYC\xf0\xed\xcfw\x80\xb4\xfa\x89\xf1\
\xcds\xe4\xbf\x03\x09\xaa\xc4)\xc0\xd1\xa7@\xb8\x00\x9d\
?\x97{\xc8\xd7Af\x11)\x814\xf6\x11\x82\xfeY\
n\x06&\x08T2~\xf7\xf6\x1d\x98^+\xbf\x90\x1c\
% \xa5\xeb\x0a*Fz\x809\x10\xcc'\xa0\xc3\xe5\
\x88w\x01\xe0\x0d\x83fC\xed8h~?\xf6w\x15\
\xd76\x98\xe3V\x04d\x12\x84\x22\xa2\x82\x10t\x87\xd9\
2\xb0q'fN\xfbR>u\xef\x80mm\xef\x01\
\xe6\x16\x07\xc4\xb1\xbf&@\x227\x10L\x02\xb8\x80\xe7\
\x82\x5c\x86\xc6\x0a9kh\xd9\xd9\xf6\xa5\x97L\x03\x00\
\x01&\xd2\xed\xcbJ\xbf\x82`\x11,\x99\x08\x8c\xe4&\
\xcao\xfe\xaf [\x05l\x1a\xfe\x10Du\xc1;\x90\
\xfe\x93\x1d\x06\xcf\x04\xad;0\xd4\xe4\x005\x7f\x05_\
\x0bo\xd9\xfa\xbfl\x81\xe3y\x03\x80\xfd_\x9b\xff\xb3\
\x95\xd5\xb6\x9d\xfc?\xb4/~\xde\xfd_h~\xe01\
I\x11\x97\x92\xf0{\x11\xf2\xff\x04\x96]?T&O\
\x9a\xd6\xb1\x1d\x01i)W\xb8\xcf\x88\x1b\x0aY\x8ey\
\xb9n]\x81\xa5\x97\x01\xe3\x02\xda\x15\xc9\xf9\x84\xdaU\
\xc7t\xdd\xf8G\x05\x9d\xbb\xffK|\x9b%62$\
kE\xa0i\xfcS\xe5\xa4>\xa3\x0c\xd0\xf7i\xae\xad\
\xb5\x9f\xec\xb9\x02\xf0\xfb\xf9\x7f\xf6\x7f\x1d\xf8?\xeb\x94\
\x9a\xcd\xf3\xbfl\xc9\xc6\xf9\x7f\xf6\x95\x1d\xd55\xd3]\
\xcc\xa8>\xe9\xff]n\xb5\xed\x14[\xe5\xe7\xab:\xac\
\xf2X\xd9\x1d\xf0\xad\xe3s7=\x0b~\xe1\x1d<\x84\
\xc5Z6\xc6\xc5i,\xb5\x1c2W\xb5\xc5h\xed:\
\xf7\xc9\xa1C\x87\x0e\x1d:t\xe8\xd0\xa1C\x87\xf6t\
\xd5\xd3f\x9f\x05\xba\x96\x85\xb51\x08e\x92o\xda\x83\
\xc4U~\x0a\x049 \xc3t\xa1#(\xe5\xd9\x978\
\xa9b\xc4\xba\x02\x15\x0f\x18\x14\x9fm\x98\xd9k\x92\xff\
\xfc\xaa\x90\xd0\xb0\x80&E{z6\x05\xa9\x98{\x0a\
\x18\xb5\x94\xd7\x09H\xa9\xf5\xd9\x003\xbb\xfc\x95*h\
0Q;\xa1\xf5\x10\xec~'\xdb\x82\x03]\xb7\xbc\xaa\
\xa00\xea1\x02\x5c\xb5,\xf5\xaf-4D\x00G\xd4\
\x81\xcf\xd0\x96^\x96\xab\x14y\x9e\x80\x8c\x0c\xe0g0\
g\x02l\xb8]\x95t\xc2v\x997\x95t\x00d\xa2\
\xc2\xbdn\x1bbp\xd6\xc1!\xa3\xf2\xd7`\xef\xb5\x7f\
\xda\x18!\xd2\xca\xe4S\xff\x17 *3\xf6q\xf2\xc7\
\x95\xdf&\x09\xc9\xc7^\x0c\x92\xa4\xec\x8b\xe48\xd3\xc4\
P4\xc1M}x\x9d\x8a\x80\xff\xc2\x7fxR\x98\xf4\
\x15\xec\x97\xa5\xa3\xdd\xfa\xe8\x02JpC\x02y\xdc\x8c\
\xeeR\xd7\xe4\xff\x04\xc6\xd4\xb6pn8\xee`-@\
\x8e\x19\x95\xcc|\xda\x80\xc9\xa6_\xe7\xb6lQ\xa4\xf6\
r\xea't\x87\xf5\xb7\x86R\x22\x97\x99C\x1dK\xed\
F\xbd\xa2\x9f\xf8UQ+\x0f\xde)\xff\x96A\xf3\xcb\
e\x0ay\xe2S\xda\x86\x0f\xf2\xe2\xbaA\x0d\x9a\xff\xdb\
\xa6%\xa5\xfb\xfd\x17\xb0\xf561\x90}\xa5=u\xa0\
W[\xfd\x5c\x9fe\x01\xb1A\x82\xf3\xff\xae\xcd2M\
\x1eH\xe9\xf9\x94\xb5\x8e\xad\xe3|\xfce,\xc3\xd7\xb9\
\xec\xfae\xb7\x19\xf54\xffW=\xeb\x9c>\xf5\xedS\
\xbf\xd7w'\xe7\xbaM\x06>\xd5\xef\xb1\xfd\x1f\x1b}\
\xe4\x95\xe4\xe3\xd1<\xffw_\x9f\xac\xb5\xc8\xa0ou\
\xf4~\xac\xb9C\x8efR_\x0a\xa8<\xd5\x13\xfd%\
L\xd7\xc0\xbf\xb4\xcf\xd5\xa2\x22\xb4E\xa5\xfb\xb5\xe0\xa1\
C\x87\x0e\x1d:t\xe8\xd0\xa1C\x87f\xba\xee\xe0\xe8\
}\x99AV\x04\x12\xb1\xa6\xb6\x04/,\x17\xff\xca\xe8\
N\x9c^\x99\x17\xe3\x16\xf0\x06\x82|\xf1L-x\x82\
X\xd7j\xe5\x07a\x92_\xd7\x1f^c\xf8\x09\xa8\x11\
\x13\xe2\x97y\xa0\xde\x10\xc9\x10\x18\x84Y\xf8\x15\x11O\
\x80\xb2YO\xfb\x85j0\xabx\xad=l\xe3\xc0\x99\
\xf9\xec\x82\xf5o\xfa|N\xa4\x1a\x9eH\xed\xcfQ\x87\
\x9d\xfc)\xf8K\xa0f#w\x03\x04@&\xeaA\x96\
\xd7\xaf+/\x04\x83e\xd0\xf9\x0e\xd2\xef\xf7K\xee\xc1\
\xe7\xe1+\xf0Z\x01\xad\xfeLjX\xfey\x17n\x9e\
\xa6bM\xab\xd4\xa1~_\xfa2\xc1\x17Ld\x19\x09\
\xd0\xfa\x0f\x0c2\x002\xd9Q\x03?\xd5S\x13\x10y\
\xff]:\xb5\x1d\xf0( \xa5\xcb\xb4\x92S\x06?D\
rP\xe6\xba\xba\xcd}\xd2l\xd7\x97l?$S\x00\
\xd0^\x7f\x97\x02/\xac\xfb\xd0\xe7hbW\x9c\xda\xff\
>\x0et\xf0\xdc\xaf\xe7\xd7\x1a\xe4\xc6\x99\x84\x8cl[\
\xa5\xb4\xbb\x80\xd7\x83K\xe15\x81\xa9\x03`\xdaN\xa4\
\xc3S\x8d1yS\xd7\x05\xf2H+\xe9\xfeo\xc4\xad\
^\xb51\xb9\xd8\xe2'M]\x0bi\xbc\xc28E\xda\
S\x02\xeb^s\x1d\xdcG\xd2\xff\xaf\xb0\x0d\xf4\xf3\xf5\
\xf0\xd60\xfch\x98+\xb6\xfd\xd0\xebI\xe5\x96_|\
\xf3\x7f\x98\xd2#\x8dFP\xcb:\xc1G\xe8\xcf>\x8a\
\xcc\xa6\xf9\xfb.\x83 \xfeS]\xd8\x9e\xb5\xf3\x02\x1d\
\x99Ao\xc7\xcf\x1a\xa0-\x00\xf4s\xe2\xfciS\x08\
yt\xb9\x1d\x5c\xc4\xf9\x7fj\xffiCd\xe4-\xdf\
\xf5\xa8\xa7\x88+x\xfd\xa6\x9c/u\xcb\x87\xe4Z\xfd\
\x06\xda\x9c\x87A}\x1d\xbe\x85\x95\xf3V\xe5\x94\x1b7\
1\xcb\xe0C\x9cb\xba\xdcy9\xf3\xa1\x8f\xd6\xc6r\
\xf2!\xbe\x12H\x96\xce\xa8'\xce\xff3\x8f\x0f\x7f\xf5\
\x1f\x9d\x96\x5c\xfb~\xfaZ}\xea\xbf\xeb'J|\xdd\
\xcf\x9f6 \x0e\x1d:t\xe8\xd0\xa1C\x87\x0e\x1d:\
t\x13\xfd\x08!b\xb1~z\xcbJ\x10q\x93\x07\xd5\
*\xf8j\x0e\x0c\xe6\xef\xecVb\x10\x0e\x80-\xa2\xe0\
\x840\x9cg\x04L\xd6\x81a\x8ca\xe2]}^\x16\
\x02(\xe5\x8c\x82\xda\xa3\x0e5&bP\x83c\xd88\
\xdd\xb5\x09\xb4\xe1`\x0d\x9dF\x9aN\x0d=\x05-\x08\
\x8a<=\xaf\xc1\xea\xafT\xe5g\x80\xcd_\x15\xaf2\
k \xd7\x00\x1c\x1b\x91\xa6\x00\x0bH\xf6\x08\xd6O\x11\
j\x82KO s+\xb6@\xa7\xdc\xf8\xc8\xd7x(\
\xe6\x01>;`a\xd2\xd1\x03c+\xb6\xf5t\x1a\xde\
mT\xb5~\xf3@)\xe7\x0c\x9cR\x8e\xa2\x13\xf7\x03\
\xb6U\x9eP{\xa2\x04\xea\x12\xbc\xea\xa7\x969\xbfR\
\xe5U{\xfb\xd9\xe0w\xa8\x93\xa8\xc2h\x02\xbc\xc3\xff\
e#Y\x07\x19\xe8\xa8\x15\xd4A-4\xc07\x1b@\
\xd1\x06j\xc6 \x80\xa7\x09e\xeb\xff16Z\xbe+\
\xb5\xba\xc4\xff\xbe\xffck>\xf8\x07\x5c3\xc0~\xb5\
~I\xff\xef\x00\x9d\x97\x19\xfb\xc2\xf3\xa4\x89\x05\x9f\x09\
H\xce\xf2Y\xe0\xfa\xd2\x1e2\xd4\x96u\xd5\x11\xf8\x9c\
\xea\x82\xc0=\x96\xf1M\x12\x94e4\x00X\xe8\xbb\xd7\
J\xca\xdcv\x97{\x1aw&R\xca\xa7e\x1c.\xaf\
\xfb\xb0\xaeCrQ\x14\x9a\xf5\xb3\xd4U\xc6\xda\x0cc\
K\x05\xe2el\x0a.G\xf5\xe46\xbaT\xe5\xa7)\
m\xc8\x94\xdf:\xc8\xfb)\xcf\xf7\xf9_;8\xac\xd0\
\x87\x0fe\xa7\xf9\x7f\xb6M\xd9\xf2\xe1\xf5T\x7f\xfe\xeb\
\xfc_5\xdd\xcf\xff,\x97zGy\xbec\x1b\x5c\xf5\
\x14\x1b\xa0\xe9\xdb\xf7q\xfew@:\xfd\x0cy\xd6\xb5\
\x12\xca\x18\xe6\x03\xc52\xbe^\xcco68g\xec\xae\
\xb0\xdf\xf2\x9b&\x9f\x83\x10\xef\xcf\xf5c\x83\x84\xd9\x7f\
\x86q\x0b\x9d\xd6\x0a@\x0e\x1d:t\xe8\xd0\xa1C\x87\
\x0e\x1d:\xf4\x1b}\x22\xd5\x16L\xc1B\xbb\x9ef\xac\
\xf8B\x9c\x16YwV\x83q-\x05\x22(Caw\
4\x02P\xd6\x1d\xecH\x7fO'\xe9@\x81\xb0\x8c4\
\xc5\xf1Q\xb7K\xc7\x80\xf1)\x00B]:\xa8\xcc7\
X\xc6\xdf\x01:\x07\xde\xc2if_\x02T\x1d\xf5\xa8\
\xedC'\x1a\x07Y\xbdmW\xbb\x7f\x09\x8c+\xc8\xe0\
TOeq.\xfe\xc1\xb2\x1d\x9f\x9ar\xef?\xd4>\
\xd2\x00J\x9b\xaap\xffy\xef\xb2:\xe0+SmR\
\x1f\xb4]\x13\xda\xc8\xf8%\xd0t0\xcd\xf9\xcd\xb5A\
\xa9\x5c\xb6U\xc4\xf0\xf9]\xaa\x06\xfcR\x00v\xe6\xd3\
\xfd\x86\xf9!\x18R\x01\x8fl\x8b\xfb\xdd\xd5:\xea\xa2\
\x90_\x1a\xa0\xe7\xf6\xe4\xb6P\x00+\x008xS\xa3\
\x00 \x85?\x13\xca\xfd\xfc\xbb\x00\xeb^w\xd6B\xb2\
n\x0a|\xcc\x84\xb5\x10q\xbb\xd5\x82|0\xa8\xb4\xc6\
\xa1%\xdb\x96B\xb3\xffK\xa9\x17\xf3\x14\x01p\xe8\xd9\
\xe4\xba\x1e\xad\x9fM\xa6\x0d\x16\x07\xe6\x10\xa0\xf3\xfa\xf5\
q\x8d}\x99\xfd\x96\xeb\xf0~\x9f/\xb6v\xeb\xb3\xd1\
\xffC\xb3\xb1\x97y\xec\xc5\xd7!!\xcf>>\xbcS\
\xd2\xff\xa7y \xebx\x85\xff'\x0f\xf7g\x1e\x07\x1e\
\xbc\x19mGu\xb4V\xd9\x94\x1d\xdd\x9f\xe6\x92\xcc\xeb\
\xfc\xc3\xdc\xd1\xdf\x82Q\xeds\xba\x93\xe1\xe8*\xf9\x89\
\xfb\xe4\xfb*\xde]\xdd\xfc\xdb\x8a\xff{9\x92\xd4\xe7\
\xb9\xe5#\x99n1\xdfIpY?\xac(Rt\x9f\
\x88\xdb\xbf\xf2\xe9\xf3,\xfb\xe4<\xff\x17\x95\xcd~\x9c\
\xffm[\xe6O\xe6\x7f\xfb:\xffc\x19\xf9\xea\xff\xe3\
\xc89\xce\xff\xb5^U\xfemK:O\xa6\xc3\xeb\x8c\
\x94\xca\x9aA\xbb\xa8>\xf6\xcdj\x89e\x9b\xebZ\x04\
|T\xcaE\xaa\x1c\xa3\xc5\xa51u\xb3(M\x90|\
}\xa3O=\xcdta\xd1\xe6\xe2W6#?\xf9p\
\x81\xf1r\xd7&\x87\x0e\x1d:t\xe8\xd0\xa1C\x87\x0e\
\x1dJZ'\xa0\xefU:\x06\xe0\x1e\xa7R\xec\xbb\xd6\
\xf3\x14\xf8\xfa\x02_\x86`\xa2.\xd8?\xff\x0c\x0bu\
\x07?#!\x81\x9d1\x06\x83\x00\xc9\x03\x89\xdd\xfa\xff\
\x8d\x89\x06\x86\x18zd0$p\xbc\x85@\xf1Q,\
\x07\x86=\xe0\x9c\xcb\xe0\xe7S\xa0\xd2\xc0\xb9/A\xcd\
\x18\xc4J\x02\x08w\x90)?\xf1\xba\xe5\xbfZ\x9f}\
/\xc3\xc0\x0b=+y0\xc0V\xca\x81e8m\x1b\
\xa4\x0e V\xcdO\x01\xef\x0fu\x88|-\xc8\xb6\xf1\
\x1e\x81-?\xfd\x85<\xbd/\x9a\xee\xeb\xdaOA^\
\x05\xf4\xad\xa7\x0f1\x00'n\xd0\x9e\x90(\xf5\xb4%\
\xe6\xed\xd7\x00\xd2\x17\x1d'`,\xb1\xef\x86\x90u\xf8\
\xc0\xf8\x14\x22\xcb\x06\xe0\x8a\xd2\xa4\x80\xbf\x898(\xe8\
U\xc97\x11j_\x7f^\xed`\xd2\xf4\xc8\xba\xa5L\
\xf7\x17\x07H\x162\x01\x18\x97\x05\xc8\x8f\x803\xd6\xb5\
\xd6b\xef\xff\x0e\xb8\xe6\x7f\x08\xce\xd1'\xe6\x91\x94\x89\
\xcf\xa5\xfc\xedN4B\x83\xd1\xb3\xdb\x16\xa5m\xfaI\
\xb6N\xb9\x12\xaa\x17\xca\xe0<e\xe3I4\xdb\xafQ\
\xed\x7fi\x00\xe7\x92\x1a\xfd\xb4\xf7\x7f\x95<\xd5\xa8#\
\xef\xd4\xcf\xe2d{\xe8Ym\x92@\xf7\x0a<i\xcc\
a\xa1\xa1\x99hk\x09\xf6Mo\xf3+\xfc8\x0a\x07\
\x8f\x94]\xc6\xc5\x98\x8c\xbb\xff\x17\xa3\x95\x18k\xb20\
\xe9p\xb3\x1f\xc6b\x9c\xeb\xa4\x8e\xe1\x94S:\x19\xb7\
\x0f\xc8\x93\x06\x90\xf7\xb9_\xc4\xe7\xb1\xd4\xc5S\xbb\xaa\
\xde\xfe2\xf8\xff\xbd\x00\xe0\xf4\xa7\x93\xfc\xd5\xc2\xa1F\
ec\xe8\x09p\xce\xf4\x92Wg\xde\x98\xe7\xcf\xe6\xff\
\xbd\xaed\xc7_xy\x19\xaeG-c\xed\xeei\xfe\
O\xd08\xe71\xf7\x9b\xce\x0f\xed\x22\xfb\xe1f\xa9\x8d\
k\x0e\xd1}\x5cc\x05\xc1f\x99C\xde\x99\x09\xbe\x8b\
\xda\xe7\x02\xcc\xea\xbe\xebs>\xd7C\xe4\x97\xcd\x82C\
\x87\x0e\x1d:t\xe8\xd0\xa1C\x87\xfe\xdb\xe9\xf2\x80\x10\
\xe3\xa3\x046D\xf2 \xb3\x07~\xb8\x8c\xb7X\xa0;\
hM\xa4\xb9\xb8\x8f\x04|L1!C\x8f6\x14a\
\xc0\x18\xf98\x08 \x19\xe0?\xc4{\x0e\x16\x07 \x12\
\x05\xb4\xc8\xaae\xee\x80.N\x85\x0d\xa0\x9e7\xc3S\
\x10\x99\x01\xd9%\xad\xd16\x81\x8c\xcb\xc7\x80\xb6\x81Z\
S\x9a|\x0f<\x9d.\xd5\xaf\x81\xd4\x14\xb4O'&\
]\x1f\xcc\xd3\xdbD\x1b\xef~\xd2\xae\xb1\x0bz\x81=\
D\xb9/\x00\xb6\x87\xb9\xce\xeb\x82\xf7\x87&\x80\xa6\xa5\
D%\x05PCew\x9amg\xf7Y\x1f{L\xc3\
\xfe\xcev\xb9\xef0\xdfu!\xc8Ux\x88\xce\xf5\xf9\
\x12<\x07\x18K\xba\x01\x07\xc5\x1f\xb5\xd2\xec\xeb\xc2\xc3\
\xc1\xbd\xc2\xbd\xe4\x050\xb4\xca\x02\x9b1\xd9\xf4\xc6\x00\
\xb2x;M`\xaa9 \xad\x05\x22\x04@\xa7\xb5\xc9\
*\xf3\xf9\xf1\xc0\x8f\xcdl\xbe\x9d\x11\x80\x9f\xa7\xe7\x09\
R\x1c\x9b\x08\xe4@16\x83\xb3\xe1?\x88\xdd\x10\xb0\
+\x81\xaa\xcf\xbc7\xe3@\xad\x83a\x9b\xf7\xa2\xb5/\
\xf35\x09*\xd3X\xe6\xba\x98I\xf3\x7f\x1d\xfc\x7f\xb2\
O|\xaeQ\x8e_k\xa0\x93|\xa9I\x90g\xe9|\
]iw\x13\xa0W9\x1a\x80j\xd8NZJd\xfb\
\xdbX\xdey\xf4:&\x97\x0b^iR\xe75o\x8b\
7]\xf5\x1d\xc8u\x8c\x86\x7f\xe3\x8a\xfc_:\xa9\x16\
\xe0^\xa9*86\xb9O\xb1\x94:7<\x8f\xa9u\
Nx\x02c\xb5\xab\xdal\xbe\xcf\x83B\xcf\x08\x9cm\
<\xedq\xfe\x8f\x1fl\xdc\xfa\xff\xe0C(\xe7Q7\
\x19)\xe7\xff\xb4\xbficwW\xef\x8d\xf7s\x1e\xfd\
e\xfe\x9f\xca<\xe5U\x9e\xff\x8d\xfb\xdap@3,\
\xbb\xea)&\xfc\xda\x0b\x9c#\xacm\x8cH\xe4\xcf\xcc\
~\xafU9\xcb\xcd_\x85\x15\x04\xadg\x15\xd5{\xa7\
\x19\xac\x83\xbf\xb7\xd7\xa1C\x87\x0e\x1d:t\xe8\xd0\xa1\
C\x87\x92\xaeq\x01\xedA\xae#%\xefk\xed\x88.\
\x9e\xc2\xaa c<\xff\xac\xe65\xf9\xc9\x1c\xf8\xee\xd6\
\xf1\x18G\x05`\x9c\x88\x11\x97\xdd\x04\xc8\x0bc_\xa0\
Y~F\x00C`\x81\xb6\xa0\xb1\xd6k\xfa\x01\xc0o\
\x01/\xd7I\x7fzV\xd3\x1d8\xdf\xe6\xfb\x22{\x07\
x\xe2\xe9\xd7\xca\x17\x83\xda*W\x874<\xb1Z\xc1\
\xad\x1d\xd0\xe9\xe4?\xda\xe6\xe9-\x88V~\xdd\x80\x02\
\xf0\x11?\x10dE\x07\xe1K+\x00\x9d\xbf6\x80N\
\xb7)\xd7\xbf\x9e\x9e\xbb\xe5\x95z\xc8\x08\xab\x00`\x80\
<\xb3>\x04\x0c5\xfb\x9e\xf2\xdc\x9f\x17\x06\xf1\xc62\
1\xc0\x1f\xc1q\xf87\xe5\x0e4\xfa$\x02v\xdc_\
w\x97_\x94\xb3\x02W\x99^Dm\x06\x80\xd4-O\
\xfa6\x00\xd3\x18\xd8\xf1r\x0c\x80&`\xe0\xcf\x1c\x1c\
\x9f\xfb\x81\xdb!\xfa\xe6}\xfb*F\x22Z\xfa\x14\xf5\
\x15\x1e\x97\xe4W\xff\xe7\xcf\xfd&\xceT\x16\xc7\xde\xda\
N\xbf\xf9w\xd3\xf1V<\xfb\x008]\x03\xf0\x8f\x80\
s\xea/\xcf:\x93\xdd^\xcd\xef\xfc\x1d\xd3k\x08O\
\xdd\xa8BR@Z\xa5|\xd5\xff\xfd\xc7\x0fm\x01R\
R\xfc\x1dy\x88\xa0\x15\x0eu\x19\xae\x04\xda\x83\xd3d\
\x1c\xdf\xf0\xd3d\xe8\xd32\xfe\xfb\xd8\xc5y\xba\xffO\
\xfaV\xb9\xaek\xfc\xfb\x05\x5c\x1b\xfb\xb7\xd8o\xf2y\
\xe2\xb59\xd5,\x83o\x8a\x0cs\xd4zR\xec\x18\x01\
P\xc1\xfe\xd7\x0e\xd6\xda\xa6^Y\x06l\xe2e\xdb\xf1\
\xab\xfbe9)+\xbf\xfa\xbf\xf4t\xdb\xbd\x0b}?\
&X\x9bx~\xf3\xff\xfd\xf3*\x15|Qx-v\
\xa7[\xe4I\xc0835\x1b\x02\x9e8\xe6\xbe\xc97\
\xc8-\x84*\xf9z*qkgP_s\x00\x99\x05\
\xe4\x8f./`\xd9\x0cF7_K\xb8\xbf\xfax\x1a\
\xe6\xb4\xeb\xf3C\x87\x0e\x1d:t\xe8\xd0\xa1C\x87\x0e\
M\x14\xaf\xe0X\xeb\xf1\x0c\xc4,\x17\xdc\xd2\xe2G\xe3\
K\x0f\xbe\x04\x03\x9e!h\xa9@\x14\x04(wl\xad\
\xc2\x8bz+\xc0]]\xf0\xf7W#\xe0U\x9e\x0cr\
\xe5$\x80\xcd,\xa62\xa1\x03\x130\xb2\x0b2\xa7\xd3\
\xc9\x5c\xcf]\x80\xd2\xbf\xb6kC\xf9Vj\x07\xe4\x16\
\xd0\xf7N\xcf\xebvRN\xb2=Vx\xbe}\x0e)\
\xa4\x07\x02;\x9e?\xca\x952q\x8a\xac\xa4M2\xef\
g\xd2\xc0\x9e(\xbf\xe9\x8b\xf7}\xd4\x93\xc0@\xd9\xe6\
/\x092md\xd4\xbe\xd5\x0a,\x04~\x95A\xafF\
\xf9\xfaz\x86V\xe3R\xbf\xd9\xa6+PS\x9bN%\
O\x9b\xd9\x06\xf4a\xd0\x00u\xaa-\xddA\x8e\x9e\x83\
\x15q\x90\xa1J\x9b\x00\xae\xa6W\xb1\x97\xeasx\xbd\
\xdb\xb4H=\x95\x80*\x04\xc6\xd3\xff\x13J\xdd\x01\xa3\
\xfe\xfc\x9b\xff\x07h\x09@XZ\xde\x93\xff\xcb\xe0[\
|\xb2\x14\xd3\xbf\xf9L\x03}\x81\xff\xe7\xfa\xea\xfc\xd2\
\xbf'\x1d\xb5\xfb\xbfR\xb5\x1b\xf8\x87\xfe\xcf\xf6%\xd9\
NH&\xa2;\xbb\xb3\xe9\x07\xe2\x16?\x04\x17\xb1V\
\xdaO\xa8z?Nz]\xcam\xab\x83\xffK\xc8c\
\xff\xce\x8e\xca\x0d\xcd\xee\x94\xcb\x1e\xd4sn\xda\x99\xe4\
\xed\xedE\x1e\xfc\xdf\xe7q\xb1\xe1\x04o\x19G\xa4\xd9\
\xa4J\x15\xdd7C6\xfa\xff\xe8\xffO\xd3Z\xf4+\
\xea\x12\x85x\x8e\x99u\x9cx~\x1acm\xa0\xa4.\
\xd5\xa6\xcd\xbe\xff\x10!\xca\xaf\x80\xf5t:y\xcb\xeb\
A\x0e\xf2\xdb\xd1\xbc>\xb06\xcf\x8c\xb2\x1f\xe6\xff\x1d\
\xf1smz\xd6\x0d\xd6\xf4\xffn+9>q\xdbg\
-X\xca\xf8\xac\xcc\xffRuS\x1f\xe7\xd0\xe7`\x0c\
P\xe6\xe86\x02\xcb\xd0\x04\xab%\xeb@\x871lp\
\x9fC\x87\x0e\x1d:t\xe8\xd0\xa1C\x87\x0e}\xa5x\
\x05G\x10F\x01\x0a\x0b\xef\x12\xf8\x13\xed\x02\x94\x82^\
\xdf\x81A\x06\xa3\x06\xe0C\x0b\xd1Z\x10\x97b\x08\xa0\
\xb1\x12\x90Q\x80\x91\x811\x01\x86\x03\xe0Lz\x03\xa0\
\xce:\xccQ\x07\x06]5\xdf\x04\xa0\xf9\xf5.\xce\xc4\
\x80\xf7\x09\xa0\x9dt\xaeL'\x00\x7f\x17(\x8b|\x8b\
\xaa\x10\xd0\xc9\x1fq\x9a@,\x1bxf\x90\xae\x03\xdf\
\xa9\xcd\xe6\x06\xb2\xe1\x0a\xe9\xb5N\xa8R \xab:\xd8\
\x98\xc4\xfe\x09\x03g\x90G\xdc\xf6V\x08\xbb\xf8\xd4`\
?\xcb\xd7\x1f\xedb \x8ce\xc8\xb8\x01\x11\xd7\xcb?\
0Gl4\x88\x10\xe8!P\xd7\x04X\x95yi\xfe\
\x10\x9e\xd9,3\xe4\x10\xd8\x19\x86-\x13\xe9\xa3\xff\x03\
\xc7\xcf\x0f\x1a\x0a\xf0\xcd\xfa\xb1eI\x80\x8f:\xc91\
\xd6\xaf\xba\xbf\xd5\x9a\x80?\x11x\xb1\xb1\xf7\xac\xf3\x1e\
\xcc\x11\xd0>\xc0je\xe0\x9bD\x09\x80\xb5\xa2\x0c\xde\
\x16Y\xd5\xff\xb5\xd5\xe7*\xe5p\xf3K\x86\xba\xf8M\
*\xa2\xf1\x89\xb27\xfd\x0b\xffa\xb6\xf4\x7f\xa8\xfbP\
:\xfeE\x90~\x90\xc1:\xcf}\xd0g\x8aa,|\
\xf51p\x1e3\xf3\xe2\xc9\xff=\x9d7#\x84\xfc\x01\
\xc7\x07*o\xf3{\x90\x19\x10\xdfL\x04\xd3\x04\xa1|\
\xda\x1e\xe7\xd0\xbb\xc8-\xef\x9a\x80~\xb0+\xc0\xd32\
\x03\xc8@~\xa8wS\xe7\xb30\xe0>\x99f\x81w\
*\xbe*hWe\x7f\x18\xf6\x8c\x1c\xb0\xed\x85}$\
\xe6\xfa\x81\x1b\x8e\xd9\xb5<\xe5s\xe96+\xc7@r\
\xf7\xd7nC\xfb\xf9\x7f\xda$\xa8\xfc\xfef\xfe\x9f\xe6\
\x03\x94\x09\x1f\xf2\x04t\xaf\x1c\xb7\xbc\xcdS\xa5\xf9\x7f\
*\x9ds\xc7\xed;\x8dC\xf9\xbc\xf3\x99\xf4\xd76\xa9\
\xe4|R\xe7\xff\xbb\x1a9\xa6\xbb\xff\xfb\xbf\xdd\xff\xc1\
\x0f\xde\x9f\xeavl\xdd\x1f5\xf5\x92a-U\xaf\x0f\
\x1d:t\xe8\xd0\xa1C\x87\x0e\x1d:\xb4\xa7\xcb\xc1\x96\
\x00\x84U\xf3\xab\x8a+\xb8\xfd\xa4[\xac\xc4E\xfc\xc4\
M\x1e\x0b\xdbK\xf8\xf0\x050n%\xd3\xe9$\x08T\
\x822\x1a\x94\xc4\x92\xfb\xc9\xa3\xfb\xc7cdC\x8a\x07\
\xa8\x00\xc0.@l\x13\xaa\xdb\xa0\x0b\xcb\xf5\xfb!\xa8\
Um\x81\xe4\xee$e\x85[\xf0\xf4Q\x02m\x0f@\
\xd55}m\x9d\x83\xadInJ\x9fi\x17`a;\
\xea\xb6\x13v\x81\x1a\xf6\xc1\x0c\x81\xde\xfd\xc7m\x95m\
\x04\xad\x15v\xeay\x85\xcbl#h!P)\xd0h\
\xc8\xb0\x03SF0\x86l\xba\x89\x8a\xfec{0\x92\
\x86@\x09\x12\x81\xac\x08\xa8j\x06\xf8O\x00\x8b\x03\x8e\
s{\x0e6%\x0cr\xebTWJ\xef\xe0L\xe8d\
)?\xcb\xaf\xd7)<\x820|\xfa<\xdaB\xd8\x7f\
o\x95\x01\xd4\x03M\xac\xd5Y\xa9\x1f \xeb\x17\xef\xd7\
\xfc3\x946\xd5!\xf3:Hh\x05\xbcP\x91\x02h\
\x0d\x7f\x8a\xb6i\x82\xa0|<\x87gW\xf8?\xca\xbf\
\xa0\xce\x02\xed\xc0\xdav\xddY\xdf|\x9a@,\xda\x1b\
\x02\xaf\x83gd\x1d\x0a\xf7\xca\xbb\x96\xb1\x05\x92w\x00\
)\xfb\xba\xf6g\x05\x8bw\xe3]\xaa\x9c\xf3\xd3n\xf3\
\xb1\x95V\x95\xa7\x93\xdb]\x1a\x03\x7f\xe3Ia\xc9\xe7\
s\xdaM\xd7\xe0\xffXn\xe3Rd\x87\x15\x14G{\
E\xc1\xd7\xf2\xf3V\x1f\xd5\xd2w\xc9\x83e\xe6&J\
\x9b\x83\xb6\xfe\xcfv?\x8dg\xeb\x91\xccu\xe1<u\
\xcc\xdb\x81\xb5\xbf\x12n\x9e\xe1\xfdD;\xff\xf7g\x9b\
R\xf1\xfc\x09\x8c\xd6b\xb7W\x9b\xff\xe5a\xfe\xdf\xb7\
Y\xd5c\xd7G<\xff\xefx\xe4\x1a\x8b\xe6\x02O5\
\x96\xe5kA\xb4\xfb\xbe\xc9\x01\xe3\x1bJZv\xe6\xff\
\xf0\xfc_\xda\x0e\xca\xea\x8d@\xc7RS\xd6\xba\xe06\
Z\xe95\x0f!\xdf\xc6\x98C\x87\x0e\x1d:t\xe8\xd0\
\xa1C\x87\x0e!\xd5_/j\xa0\x8c\x7f$\xd8,k\
\xb1n\x90\xc1O\xadx\x00\x5c\x80\x1d\x05\xa0YSV\
\xbe/\x16\xcbW\xe1s\x10\x14\xc1\xa7L_Y\x07.\
o\xf9W\x8f$\x9e\x830\x93?\x09M=\xc8\xaci\
\xf5\x1e\x83\x95z\xd2\xe6\xf1\xe4R)_\xf3\xc4\x89\xb7\
\x16dv\x90b\xbe\xd6\xc7\x00*\x83h\x1b\xc1\x08\xab\
@\xc2\x98\xa7\x82%\xf7g\xfc\xa0\xa3\xece{yH\
-\x998\xaf'\xcd'Y\xe1\x1a\x00\xa1\xbe\x07\xc2\xe0\
.\x82\x02X\xa7|\x9e\xfck\x1b7\xd0W\xf1\x84r\
\xff\x816\x04\x87\x91O\xadt\x95C\x01w\xb5\x85\x89\
\xbf\xce`\x91\x03\xac\xb5\x0e\x1c\xec\xb3.\x98\x18\xa0A\
\xc8\x9eA\x97\xbb\xefw>\xc8:V\xa0\x927t\x9e\
\xed\xe7Z'\xaf[{\xc2\x10\x00\x9e\xb0\xe1\xf4\x1dd\
r\x0e\x9e\x86)\xd7\xe0\xff8\x02\xd5M,\xafSX\
\xe0\xe0\xff\x82\x80k\xe9\xa3?\xf3\xff\xa5\x9f\xcc\xed\xe0\
\xbc'\x10l)B a\x8e\xcd\xac*\xe9O\xfe\x8f\
m\xd5\xc7Mg0\x8f\xd4\xe8;<\x9d\xa1N\x13\xef\
x\xbe\xc6\xb5\x1dx\xb7k3j\xef\xa1\x9c_?\xfb\
\xbf\xf7\xd1\xdd\x0e\xdc\xcf].\xd5\xc6\xfbX\xac\xf9?\
\xda\x13\xd9\x9bJ\x03\x99\xb1>\xd9\xc7\xe8\x14\xfd=\xf3\
\x15|\x0e\x80Q:\xd89\xb5\xc1\xe7\xfa\xe2qs\x22\
\xd7\xbb\xcaC{\xc0\xbaZ+\xbf{\xf5\x94\xfc\xc7\x08\
\xeb\x87iU\x1e\xd9\xd3f.\xdf\xdd\x7f\x9b\xff\xdb\x86\
\xc0\xe0\xff\xe8+\xaeS\xcd\xdfi\xc9\x0d\xdb\xe89|\
Y\x10\xfd\x91%)\x93*\x9cn\xf61\xe2\xe2RF\
\x1c@I\xc3\x09\xda(\xa7\xc2\xfc\x7f\xff\x16\x04\xc8\xdc\
\xcc\xff\xa8\xa3\x89\xd1\x9c%\xb0\xb6\x14\x859L\xf2U\
kw\x17Z\xb4\xef\xdfnf\x1c:t\xe8\xd0\xa1C\
\x87\x0e\x1d:\xf4\xdfD\xe5\x15\x1c=\x08q`\xf8\xb3\
P\xd7\x04\xa1\xdf\xf7\x17\x06U\x19N\x97`\x06a\x94\
\x04'\xcc8o\x07~\x8c\xbej9\x81\x00\x1ep\x94\
bT\x0f\xb3\x9e\x16`M\x8b\xc3'\x90\xbb\xb7\xc9\x14\
\xac\xe9C@9\xe5\xb7A\xa7\xa9\xect?\xe6\x11i\
\xa7\xc3\x9d/\x05\xa1\x03H\xb0\x93\xe1\xe9^~\x0a\x9c\
o\x19\xf5\x9e\xe0+\x92\x9f\xa7\xd1\xb5\xc9\xad\xc1\x5c\x09\
\xe1o]\x90I<\x91QF\xe5?Q\xd4\xed*'\
\x1aoDe]\x82\xd1\x16 \xb4\x83ZO\xef\x13\x9d\
uQ\xc7\xc0D \xc8\x7f\x02gt\xac\x07\xca#{\
z\xa1\xde\x0c\x0aT\x1bl\xa7MW;d\xbf\xdc\xfe\
\xfc\xfe\xf7>qwQET&{\xaf\xb6\xad\xb1\x99\
Q\xc16\x15\x19\xa1\xa8\xd0M\xb4\x00\x8e\x13d\xacs\
=\xbd\xdc\x956\x99\xb5\x19$\xaf~P\xe8\xe9^\xbf\
\xc5Au\xa8g(OZ\xf1\xa6Y\xd6O\x0a\x80\xeb\
\xb9\xb1\xddG\xfe\xd0v\xf1\xb9\xec\xf0\x22\xff\xc7\xd3\xdf\
,\xbf\x01|~e\x09\x1eW\xbb\x8a\xe1`\x00n\x9b\
.\xc5\xdfY\x1f\xd7a\xa5\x8fn2\x9f\xec%\xb0I\
\xb9..\x9b\xf3\x0f\xfe\xfa\xf1\xff\x0b8\xe2\xc9}~\
\xb7\x7f\x1fO\x16@\x9aj\xd03\x91\xe9\xf4v\xe1\x10\
\xbeem\x8cI\x09\x93W\x00\xc7\xc1\xff\xbd\xc4\xfb\x95\
D6\xfa\x7f\xd7\x03?\xef,\xb7^>F!\x87\xdb\
\xff3\x85\x00\xf6\xc8\xc9u\xa7\xf9\xc7\xa6w\xb8o\xea\
\x08\xfe1\xe9\x99\x12\x98\xb09\x15x\xd5\x8d\x99\x89\xcb\
n\xee\xf8\xf3\xf9\x7f`\xf2\x00X[\x19\x97\xaboN\
v-2\xcb\xc7\xbab\xb9?\x9b\xff'\xff\xdf\xd4\x0f\
\xe6?\xfa\xa6J[#\xa0\x5cXW\xea\xe4\xe7\xab=\
b>F\xfe\xd6\xa66_[\xa6\xbdYY\xe1\xbeu\
L\xdd\xa8^\x96\xbc\xddF\xf1\xc7\x0b\xd3~\x05\xc6\xd2\
\xb9\xed\x0e\x1d:t\xe8\xd0\xa1C\x87\x0e\x1d:\xc4\xf4\
\x89\xfe\xf2\x04\xc9J\x85\x18\xe3\x06|\xae\x0f\xf8\xfc\xfe\
\xaa\xa2\x07\x9c&\xfe\xab\xe1\x1d\x08\xc9\x131\x1e\x9a\xfb\
\xe9\x97\xc5T\x18tk\xb4\x16\xf6\x195@da7\
\xa0F\xc0\xb7f`1\x05:\x11L<\x12\x06\xcb\x1e\
l\x15\xb5\x06\x1e:\x80/O\xc4\x00\xcc\x9eg\x07\xdc\
9 \xady<\xf0\x9b\x02\xcb)\x8d\xf5\xb4-\xbc\xf1\
\x0d<\xad|\x1fy\x0c Q\xcd\x17\xba\xfd\xd0.S\
Y\x04\x1a\xa3L\xa8\x8f\xe06\x07\xd4\xd8N5`6\
\xb0\xc3\xc1\xdc\x9b\x1e-\x03\x14B\xf9\xadl\x8a)\xe0\
l\xde\xfb\xe9_\xaa\x87(\xfb\xa2%p\xe0\x8c\xf7v\
\xf9\xc57\xb4\x9f\xdc]\x22\x9am\xb9G\xc6\xa6\x85\x00\
p[\x06\x97\xeb\xc1\xae\xac\x04\xfb^oO{\xbd\xf2\
\xdb\x13\x9d\xb7\x92>\xba\xea\x10 \x02d\xdd\x03{|\
j4\xf5\xb21\x1f\xa5(\xc3\xd9U\xa3\x00\xc34\xc7\
\xca\x96k\xf4\x7f\xe6\xd16\x19\x8c\xf9\x93\xceV\xde\xa7\
\x0d\x8045\x08}f\xdbiI\x17\xca\xb1\xfaf\x8d\
\xb3\x99-'\x15\xac+\xbe\x12\xa4\xb6\x0d\xfb\xff M\
\xeb\xbb\x8dS\xb3\x04\xae\xe6\xb6#\xdf\x86g\xd1\x0e\x89\
(I=5Jcv\xcck\xdd\xa61\x0d\xeb\x86}\
\xf2<\x0fe\x9bq\x1f\x894\x10\xbf\x0cD\x84\xe3\x99\
\xd0x\xa0\x8f\xfe/\xd0\xd6\xd3\xfb\xc6s\xeb\xa5\xf2\xa1\
1\x06\xd9\xc5\xfc\x0f\x9cJ[e\xfb\x16 V\x18\xe4\
\xe3\xb2\xb6\xfc\xff\x05\xeb\x09}\xac\xdb\xfdl\x9d\xdem\
\x92\xe61\xd8\xed\xe9\x09Tf\xfe\xfb\xfb\xc2U\xfe~\
\xfe/z4\xff7\xe2\x8f\xe9\xd6\x07\x05y2\x87\xaa\
\xcb\xa7\xc8\x0fy]\xaf\xc2Av\x9bM\xeb)f\x0d\
\xbbAy\xb1nTf\xdf\xc6o\xf7M\x15\xa9vV\
\x01\xe4\xd0\xcb\x85Y\x8e_&\x85-*^u\xf8\xb1\
\x1d\x0f\x1d:t\xe8\xd0\xa1C\x87\x0e\x1d:\xb4\x00h\
\x074\xcc\xf1;z\xdf\xb3t\x00\xad.\xba\xcd\xf2\xa4\
T\x04\xaa\x98\x01\x83\x80\x1aX9o+Q\x8e\x01\xb0\
\x1c\x052h\xf0\xd3/\x84*9\xbb\x92V\xd5%\xf9\
\x22\xaf) \xabu\x969\xb8l\x01\x9e=\x87j\x09\
\x94d\xa0\xf9\x04J\xd8\x83\x1e\x04Dj\x09\xb8\x000\
\xa8\x81j\xfdJ\xb2\xca\xb3\x0e\x14\x0co\xd2g \xa0\
\x04\xc8\xa0\xf7\x1e4H\x10\xc6\xe2\xbe\x07\xda\x01V5\
\xf0NJ\xdee\x0d\x0a:/\xb4\x86\x81\x0e-m\xc8\
v\x1a\xc0b\x0b\x80Y\xde\x08?P\x9f\x0c\xd0\xb31\
\xf0\xc2e\xa0bVN\xa3S=nP\x16\xc1\xb1\x1a\
|w\xf9\x0cfv;\xd0\x06HE\x1dk\x94.y\
\x7f\xf3\xeb'\x1b\x13t\xc0\xfc\x09\xd8\xcd\xe3\x03k\xf1\
\xa9#\xd4a\xb2Z\xea=\xee0x\xce\x9b\x0f\xd4G\
\x85q=\xb5K\xcc*\xc0[\xda\x8f\xff\x84\xfc\xdd\xeb\
\xf2w\xfe\xcf\xef\x96\xed\xb6\xab\xd1\x0f\xf9\xa3\x85\xb7~\
\x0a\xaf$\xf1\xb6\x88\xcd\x1b\xd2[\x02\x8c\xab\xe9\x22u\
\x5c\x00{\x0b\xc6P\xced\xd3\xdeY\x84\xee\x87\xbe_\
\xea\x7f\xd2\xf2\x95C\xc5\x9a\x1a('\xd2|\xbb\x80Q\
\x96\x8dH\xb2Q\x17,\x9f\xe3R\xd1\x1f\xe4qy\xd4\
O\x8a\xce\x1a\xf6\xc3@W\xb1p\xcd\xfeN\xff\xe7z\
00\xc6\xc0?\xa6\x13\xf9\x9c\x0f65\x8cP`>\
\x96\xe5\xfac\x92m\xbd\xf00b`\x7fq\x8an\xc0\
LN\xb7A\xd5^.\xffE=]ny=\x94\xc8\
\xb8i0\xceY6\xfb\xe8L\xe5\x1b>\xffb\xfew\
{a\xdd\xfa7\xc5\xa6\xf9_\xaf\xebQN\xa5\xa9\xda\
\xe8S\x94\x11\xe7\xb0[\xcb%@b=r\xb7\xf7\xe8\
A\xe2\xee\xb1,7\xc6'\xcfc\x06~>\xe9\xac\x5c\
\xa7\xd8v\xe0\xa1Hh\xfeW\x03\x99\xab\xbe\xc1\xdah\
~\x94\xf0A\xd7\xe7\xc16\x0e\x1d:t\xe8\xd0\xa1C\
\x87\x0e\x1d:Dt%\xf0\xb0\x16\xd2\x86+x\xa1k\
\xc3\x98Xs\xe1.\xbe8\xff<\xca \x9cy\x07\xca\
\x96,-\x01\xebO\x09\x8c\xd4W\xe8A!\x86\xe5\xeb\
@2\xa8eE\x0d\x00m<\xf3D\xac\x0b\xf0pQ\
\x10\xa8\xc2\x1c\x99\x9eNA=\x85 \x0c.\xf6\xe0\xf1\
\x0e\x96d\xcb\xbb^\x7f\x973\x9dP\xcf<5\xfd\xfb\
i\xaf\x1e\xf0\xd9\x00\xb8P\xecV\xf8{\xf7w\xf0I\
\x7f\x96\x85'ao\x90\xa3H\xb3\xd4f\xfb~iU\
\xd2\x03\x01M\x0cro9\x12\xc0\xafTn\x05\x94q\
\xd05\xbb\xc0\x08\x94b O\x1e\xfa\xa0\xdbc\x9eB\
\x84\x13\xc6\x00\x88z]\x1b`a\xce\x83e\xb66\xb1\
\xaeC\xcbBu)6\xfd\x98\x1fx[\x19T\x84\xfb\
\x01?w|I\xc3R\xbf\x04%\xf1>y^\xca\xaf\
T\xf0g\xb9\x991Q\xed\x17\xed\xf5\xa2\xbc\xda\xf2\xb4\
\xcd\x05\x04\xae\xa1]T\xb8~\x0dP\x92\x9df]\xce\
\xec\xff\x09\xa2\xec\xeb0\xf4\xddb\xa8\x8fyt\xdb\x86\
7\xf8\xf4)\xd5l\x8c\xc7\x0c\xf0o\xd1\xad,\x1eG\
\x94\x1f\x14\x9f\xd0\x92\xc7\xc1\xdb\x0a\xda\x87\xf6\xd8\xc7\xd6\
\xe5\x078\xa6\xe8SQA\x06\xb6\x81\x17\xfak\xe6\xbb\
\x9f\x9b\x94y\xa4\xf9\x7fL\xb5\xc5\xff\x85\xea\xda6N\
\xa2\xcf\xaa\x7f\x08\xd5\xa7\x02\x99-CM\xd5z\xda\x9e\
zK&#\xdb\x81\xad\xdc\x0f\x81\xeeM*\xf4\xb4:\
\xfc\x9b\x8c\xc4\x1b\x10FywzM4\xe5\xfb\xe55\
\x22\xd5\xff\x0d\xe6\x86'\xf9\xbb\xf9\xff\x97\xf5\xc94\xcf\
g\xfa^N\xe5\xb3M\x9b\xcc\x84t\xb4\xfa0\xc0g\
.^\xeb\x95\xdff\x88\xd4\xba\xce\x0b\xfb\xe7\xc3\x03X\
\xee~\xbf4\xce\x9f)-\xc6\x8f\xf7\xa7\xc18\xb2\xba\
%\xd7\xb3)\xcf\xa4\x02\xfc\xfe9\x8fy\x87\x0e\x1d:\
t\xe8\xd0\xa1C\x87\x0e\x1db\x8a\xc8)O\x81m\x02\
\xa1\xf7\x7fkq\xef_g\xbfD\xe5{\xdc\x96\x80P\
~=r\xf1T\x89\xd3F7V\xc6\x01\xd3\x0d6\xfb\
\xd5]@E9\x9f\xc6?)\xa3\x80v\xa4\xcd\x1dy\
\x80\xde\xe5\xa7\x0f\x15\xd8\xae\xe7xR\xa9\x9e\x1e&\xb0\
a\x13\x88 X\xc0\x81~\x92\xffPZ\xe5\xfb\x8d\xa6\
\xd3z^\x83\x0aR\xf8\xf38E\xbb\x02\xae\x9d<\x0f\
T\x13\x0b\xd1\xc6\x87x\xd3\xa7VfE\xbf\xd2v%\
-\xc1\xb6z\xffLF|\xa5\xd5\xc75\xdb\x9d\xa2\x0b\
`\x1b\xf5\xad\x80\x99*\x81D\x1d@\xbd\xf3~N\x9a\
b}_\xaf\x119x\x0e`\xad|J\xd8#\xea\xf3\
y-\x0d\xf0\xf2\x00\xfb\xfek\x12\xa9\xac\xdb\x0a?\xef\
\xf9\xf1\xe4\xdd\xfb\xfe\xe3\x0b\xc6\xc1\xbd\xe7\x9f $n\
w\xf0M\x00Dvv\xcf\x80\x04\xdaI\x91\x82G\xeb\
\xa0\xef\x5c\x9a\xb7K\xaf\xef\x02-'\xf0K\xef\x93\xc4\
\xe8\xff\xc8O\x82\xef\x06\x88B?$\x9bI\xddn\xff\
G$\xe5~\xa2 \xab\xb6\x9c\xb7'\x8d~\xc5\xbf*\
8\x8e\xfeO\xfd^\xc0e\xaf\x1b\xfa\x7f\x02\xa4w{\
\xecP\xb0\xd6\xfb\x9a\xc0R\xf7\xff\xf2:\x8ea\x9c\xa8\
\xf5\xdaI\x05\xc6\xc0\x1f\x08\xf10\x9d\xc0r\x83\xf9\xc1\
\x96\xbe\xd8K\xcaek\xbb\x94\xcf\x8f\xad\x80\xde\xaf\x8f\
\xff\x17@\xb8\xd5\xed{=\xd3\xffS\xfe\x87\xb7\xa4\xaf\
\xc7\x18O\xe3\x17J`]\x0b\xba<\xe6\xc69\xec\xb6\
\xd9\xdd\xb8Q-\xd6f\xd6\x92s>\x8e\xd9S\x0b\xf4\
\x0d\x08\x1b\xf9\xed\xed\x04\xfcO\x1f\x00g\xadP\xa5|\
\x9d\xff\xe3G\xec\xfep\xfeG\x0dv\xeb\x0ay\xae\xcd\
\xc3\xfc/\xdb\xf9_\xec\xfboBx\x1a\x82\xd5\xfa8\
\xffc\x7f{J\x1d\xcf\x8a\xbek\xcdG\x13\xb5o\x9a\
T\xb3T\x91j_\x06E\x8a\xe2\xce\x5c$6xL\
\xe0lD\xef\xabO6\x8b5\xa7\xff\xde\x89\x82\x12*\
\x0a\xf3\x87\xd0\x9c\xf5\xebz\xed\xd0\xa1C\x87\x0e\x1d:\
t\xe8\xd0\xa1\xfff\xba\xa6\x13\x1d\xfe\xc3\x83Ht\x9a\
\x18\xa0\xc1\x081#`wp\xd7(h\xf0\x93[\x04\
z\x04s\xffJ\xa62PcU\xa2D 1\x01\x88\
\x1e\x0cr4m\x01\xe6`%\xb3\xb8R@~\x07\x16\
\x16\xc08\x826\xef q<\xd5\x09\xf5\x9b\x00f\x0a\
\xdc\x1f\x82\xd4\x89\xef\x13q\xe0\xde\x03\xa0]p\xea\x9f\
/{Q\xda\xa4\x03\xb2\xd0\x22W[[\xce:\xee2\
U}0[\xd6m\xcf\x5c\x9bN\x0c\x94\xac\x07\xf1\xc1\
\xe0'\xb7Y\x80F\xaa\x03\x0f\x01\x8bO\xfb\xa8|>\
\x00\xb3\xa0h\x06\xb6E\xf5K[\xdd<]\xbe\xa1\xdd\
\x96\x8c\xba\xe5a\x0d\xa0\x92\x06\xa9d^\xb3\xcd\xa9V\
\xdb\x9fve{\xe6\xe7\x0epd\xbe\xfb/\xeb#\xc3\
\xc6\xc0`\x0b\xc5\x8d\xf7\xc0\x0a\xf75\x03\x16\x92\xbc\x0a\
@R\xcbW;\xf2rZ\xfc\xbf\x01\xb5\x8a\xf5\xdb\xfb\
\x7f\x00\x19\xca\x9bd8\xee\xe4\xfd\xd4\x7f\xfd>A\x90\
\x1cs\x91\xfb\xf5\xc5\xff\xefv\xbc\x22\xcdm\x01\xc1\xad\
i\x1c\x8a\x93\xb5\x83\xff\xa6\x86k\xb3\xb0\xb5\x07\x80\xea\
\xa3\xff\xd7\xba1\xbf*\x05u\xc2\xf1Z\xa1\x8dV\x86\
\xa6'\xda>\xf6c\xea\xd6\xc7T/7\xdd\xfb&\x90\
\xebf\x86v%\xdf\xfd\xd2\x12!C?\xaa\xf9j\xbb\
\xb0.(\xa7\xf7\x0b\xe4\xbc\xff/cl\xfa\xbf\x90\x9e\
\xd1VX\x07c[\xba\x1fc\x9f\xb3-\xd9\xf2'\xb3\
\xae\x0a\xcdC\xab\x22\xa8[\xf8\x90\xec\xe7Q\x1a\xa36\
\xe9\x02\xfa\x8c4\xcc\xa9\xbf\xcd\xff\xcf\xfe\xbfX\xffG\
\xe7\xffI\xd7'\x1eq\xbfl\xdb\x8a\x0f\xcf\xf3\x7f\xf7\
\x03\x9e\xffwk\x9a\xfc\x9d\x90u+\xd2\xd6b\xcb~\
q\x8dq;_\xd8\x00J/\x96Ne|\xbc\xd0\xc8\
X\xc6UZ\xac\xb2\xcd\x8a\x7f\x93\xcf`\x8c\xc1\xf1X\
Y\xee\xd4\xd6\x87\x0e\x1d:t\xe8\xd0\xa1C\x87\x0e\x1d\
\xfaNW\x05\xc9<H\xbcO\x1aw2A\xa0\x09\x1e\
\x0c\xa0\x94\x97\xb8\xd3%\x02\x1f\x04\xa3\x00\xdd\xe3\x22\x13\
\xf8\xb1\x02\xd2\x0c\x8a\x18\x96p\xe0!A\x99\xa5\xeb\xb5\
\x07\x13d\xf3d\x02\xeaz[a\x90|\xeb\xe1Aj\
\x03\x1fEF\xd0,\xc0\x1c\xa8\xc3\xaf\x14\x01\xa2\xd5\x93\
Y%\xc0*:cy\x0e\xfe\xb0\x0f1\x80\x96G\x1d\
\x12X\x9c\xeb\x9d\x1a=\xf3\xb9\xcb\xe4=\xe90\x97\x12\
\x04\xf2\x02\xbc`\xc6t\xdbA\x02\x05 F\xca\xc6\x8b\
\x06\x0b\xc3\xc0YD\xe8\xdc\xe9:\x0dZ\xfb\xf7\x1aA\
Nl\xd7|7o\x80\x13`W\x01\x0eT\xd0&@\
:+i7\x8f\xf7\x8f\xf4\xb1\xa4\xac;\x01:ZO\
\xa4\xde:9\x00\x87uv\x00\x88\xc1/~\x1e\xa0\xdb\
d01.\xc0)\xdcUz:\x8d\xc6 \x1a\xdbA\
\xb6\x1b\xdb\xa8\x9f8o\x00\xd2\xb5\xb7>\xe6R\x9f\xa4\
\xee\xf1\xb7\x9ee\x12[\x9c\x83\xd4b\xf9\xfe\xd2\x0e\x8c\
\x22k\xfe:|o;\xddj\xebm\x14\xe0\xb8\xb0\xbd\
\xe1X\x8e\xf5\xd0R>\xc6\xaf\xd2\x87\xdat\xd2Q\x07\
\x01`\xb1\xfa\x7f\xabq\xb3\x1f\x96\x81\xbe9\x81\xa8:\
\xdcw=;\xdf\xd4\x89\xc7\x98\xea\xff\xc97\xff\xf5\x82\
-\xcd\xe5+\x9f*O}d(\x91iZLL\x00\
\xc4\xac~\xc4\xe3\xf6\x94\x96~h\xaf^\x97\xcfS\xb2\
\xb3\xeb\x93Xe \x1f!\xfeW\x80\x82\xbd&\xdc\x7f\
\xd7`\xc3w}@W\xef\x83\x01\xe0c\xffO\x19>\
\xaa\xe17\x0d\xb4\xda\xa2 \x88~\x7f^\xd7\xd3+2\
T\xbe\xd1\xf7\xf9?\xe9\xb7\xf9\xbf\xf3\xaeu\xf8I\xb7\
\xad\xff\xb3\xdc*\xcb\xad\xd4\xdfA_e\xf7\xf9\x7f\x1e\
\x93L\xac\x8d\xb7\x86\x88o\x9f\x8ce{\xb0Aa\x9d\
\xe8\x12`\xfe[\x1c\x93\xf7=\x1b\x95\xfew~\x9cF\
%\xad\xaca\x97)\xde\x1b\xc4\x997\xebl\x22T\x86\
\xfd\xf6\xd0\xa1C\x87\x0e\x1d:t\xe8\xd0\xa1C\xbf\x13\
Ef\xf1\x0e\xdb\x08\xf5D\xea+9bY\xde\x00;\
\xeb\xa7\xa4K\x00\x82\xeb\xf6\xfb\xeb\xbb\x12\xe0\x85\xf3X\
\xd1\xa7\xec\x09\xdf\xc5\xc7\x80\x90?\xe5\x93>\x0c\xbc\xad\
\x84('\xa5>w1\xc5\xe2\x94\xd6\xf3\x5c\x1dt\x19\
\xc0\x14\xaaA\x03\x81g=*M\x01\xaf\x97\xb7\xa1N\
\xa8\xc7x2\xeb\xf3Pf\x9e\x94\x8b\xeb\x13\xaf!P\
m\xe0\x19\x06nWy\x05\x85\x8c`\xd2\xdcV\x18\xd4\
V\xa0\xb4\xeah6\x9d\x08V\x92\x18\x80\xabt`\xbb\
\x02HS\x0fL\xa0\x8f\xd7\x932H\x027\x15\xf0\xed\
|\x87\x8d\x07\xd5\xd6n5\xd0\x97ZF\xb4\x83yU\
\xcf\x0f0t\x89\x94z`\xc9\xeb\xaa}\x91:\x06\x14\
P\xfa\x93tb\x94\xbccU$\xeb\x82o\x19p-\
F Q\xa4\xd7Q\x1c\x10\xe0M\x10\x04\xd1\xa6q\x88\
\xc0\xafAu\x02\xcaH^\xf7-\xff1<\x07u\xf2\
T\xb1\x16\xa0\x13\xc4\x17\xff\xd7\x7f\xe9\xff\x93m`_\
\xdd\x9b\x5c\x99f[\x9e\xc3\xb8\x17\x7f\x0a\xfe\x0f\xfd\xb4\
\xf5\x7f\x09;6VKzoJ\x01\xe9\x85|\xa8\xf2\
\xad>\x1c\xd8\x11\x0b\xe1\x14\xbd_\x87\xe1\xfe\xce\xcfT\
r\x03)\xc1.\x1cA4\x07\x00\x99\xa8\xea\x83u\xca\
\xe7*;\xc2\xb1\xa9\x8f\x9bi\xe36\xe8\xd4@y\x95\
\xa6\xa7-\x04\x98\xeb\xc1\xe5\xea{\xe4Y\x87<\x01]\
\x18\x93\x0c\x9c\x95w\xa6\xfci\x09\x18k\xca\xe85\xf8\
\x7fgT\xedA\x06\xff\xe7\xf9\x7f\xd6\x19u\x07\xe6]\
\x86\xee\xe6\x7f\xf6\x81?\x99\xff\xdf\xa9\xd7\xff\x9a\xff?\
\xcf\xff\xf6\x85\xe7N\xfe\x9b\x1c\xcfor\xb5\x8c\xd1\x97\
Ji\x9e\xd6\xd7\xc9\x1c\xfa\xcc\x8cmH\xa5\xdb\x9d\x9b\
\xb1\xf4\xee\xe4\x1a\xa6\xae\xae_\xad\x9d\xbf\x03\x9a\xd6#\
>\x02\x14\x1f\xfb\xf8`\x95\xa7\xbam\xb3C\x87\x0e\x1d\
:t\xe8\xd0\xa1C\x87\x0e%]\xf7\xe2\xf9}\x99\xef\
\xbd\x0c\xfa,\xd8\xafX\xbc\xdfi\xeb\x14\x8b\xfa\xf3\x5c\
\xa0\xb7\x85=\x80\x91\x95\x10\x9c\xb11\xd7:aD\x0c\
3\xd3\xeb\x85\xe7a\x8c@#\x0c\xf0\x90_\xd5+\xca\
\xc8s\x00\x11'\x87\xc6 \xd4\x024i\x10\xd0&\xb0\
|\x0a\xf0\xe6SRYn\x0afu\xa3/\xca\xd3!\
\xa8vz>!&\xc4\xc7\xf9\xa3\x9c\xf8\xcb\x9c\x94\x0f\
\xd3\x90\x97\x89\x8d\xc0Q\x82D\x19\x5c\xd7\xc0\xbe\x05\xd5\
\x10\x5c\x9a\xcd\x81\xfc\xe7+\xf2\xdb~\xe6\xaf\xeb\x17\x95\
\x84@\x9f\x028p\x1f,\xa0\x87\x0b\xcfd\xcf\x80C\
\x02Ly?\x016\xa5\x14\xb4\x9f\x94|F2\x11\xf0\
\xed \x86\xb7\xff\xd5\x82\xff\xd9\x96\xb5\xd5\xbb\xea_\x98\
t Q\xea\x0f\xcf\x0d\xc5\xe2\xd9\x8b\x87\xaa\x02\x08-\
\xed;\x03\xd9lD\xac1\xd0G2eUo\x90S\
\xdd\xc2R\xa6\x09\xa6\xd7\x13y\xbf\xfb\xbf\x83h\xa3}\
\x16\xff\xe76\x9a\xc1\xb4\xbd\xff_Q?\xe7\xd2\xfd\x9f\
\xeb\xe9\xe4\xaf\xa7A\xb0\xdf}m\xda\x00C;\xabm\
\xfa\x0d\xb0\xc1\xfe\xfc\xc5\xffk[\x9ba-\xee\xbea\
\xff\x9f\xc6Y\x1f\xd7\xdah%h\xd36\xf8?\xe5.\
\xc0\xadlA\xb7\xd9\xc6g>\x1a\xc0r\xf5*\x93\xfd\
\xe6C\xedKo\x1b\xe4\x10\xed7l\x18\xd5\xb6\xdd\xcf\
\xf1\xb3\x7fLen=z\xf9m&\xf4\xe6O\x9a\xd1\
\xfc\x1fYD`\x1c\x9b\xbc\xbf\x8cK:\xfbj\xa9\x85\
<\xcf\xff\xf7\xd81J\xfb\xc1\xff\xebf\xd0<\xff\xcf\
v^\xf9f\x9a\xfc\xc7\xe7\x7f\x9cS\xd0\xff\xdd\x86-\
;\xb4\xe9Fc\xf1\xdd\x89+\x1f\xd5>?\x15m3\
*\x14\xac\x97\x09\x08\x8aT\x98\xa7\xd1\xc6\x05\x01\xe5\x17\
\xebGb\xd5\xfd\xc8n,\xfccB\xc6s\xbd\xf8\x9c\
\x95\xba\xd65\xd1\xa1C\x87\x0e\x1d:t\xe8\xd0\xa1C\
\x87\xf6t\xf1b\xfdM\xbc\x90~\xfd\xf3\x9f\x95\x885\
N\x1c}]t\x1b\x05\x0a6\x04\x1c\x91f\x1c\xe4\x84\
\xb0\x08\x10\x1c\x10C\xf0H\xa5~\xe5\xd2\xccZ\x8c\x91\
\xa7\xa3\x84x\xff\x1a4x\x00\xf7\xfe\xa1\xa7\xb9\x8c5\
\x98a\x07J\xd4\xe0\xb0\x9e\xf4\x9d\x9e}\x03k\xaa\x8c\
\x19\x90\xb1\x06\x96\xd8z\xf6*\xef.\xfe\x13\xba\x83?\
\xef\x17\xe4\x8c@\xcb\x0c\x92\xf5\xa0\xdd\xda=\xb7\x07\x07\
\xe9\x1c\x10k\x0b\xd4[\x7fh\xb9\xc7@\x1a\x84\xe4\x09\
\xba\xaeU\x05\xc2\x02\xbc\x05=H\x06\x10\x82\x9e7F\
\xa2\x1d\xb4\x89r\xf9\x9a\x0a\x0c\xf8\xaf\xf6Cw\x15\xc4\
\xaf\x1b\x01\x0auO\x10\xb2\x82\xe8\x0e\x13f\xfd\xef\x0c\
\xfe\xc3i\x13\xb0\xc4u\x13\x19a\x15\xb3\xd6.\xa35\
\x1b\xb7O\xe438y\xe9\xfd\xea67\xf2\xc9W}\
p\xfd$\xc6\x98\x96^\xa0J)5C\xff\x17\x02U\
&\xa0\xb2\xf2^O\x14\x8ci\xb5G\x80\xce\x02'\xf0\
\xbd\x1d\xe0Y\x8cy\x920\xaeJM\xd3?\xf4\xff\xa5\
\xfd\xdb\x0d\xfe\xa9\xd7<\xc2\xf4\x1a\xd6g\xb7\xac+\xfa\
cjE\x02\xc3D\x12\xec\x19\xfc\xb4\xf5E\x19\x0fo\
[\xe6\xfa\xba\xfdJ\xf1\x7f\xd6A\x84\xdcz\xe3\xff\xe9\
\xdfs\xdd\xf1\xb9oJ\xb8O\xd6a\xce\xc0o\x08P\
\x13\x1c;\xa4\xd4\x1e_i\x80m\x90\xaf\xe5\xe8\xa3i\
\xd5\xd5\xba\x1e0\xaf\xee\xe6\x19\xd4\xcb)\xe7<-\xf2\
\xf6\xc4>6\x0e\xff=g\x80\x89\x15 \x9c\xfcHe\
\xde`\xeb\xfa{Z~\xee}\x94\xca\x14\x99\xcf\xf3\xff\
\xf0j\x89\xc7\xf9\x9f2\x92\xde\xff~\xfe\xcf\xf1\x11\xf9\
T\xffW\x10\xff\xcb\xfc?\xd7\x9a\xc7\xe3\xe9y\xc8\xcf\
\x81/\x04\xe3\xd8\x85\xa5Hn\xba)\xf8\xff\xcay;\
\x07\xcc\xff\xf7}\xfa?\xa1\xc7\xeeL\xc0\xebN\xf3\x1f\
\x1c\x5c\xcb\xd5\xf5Jh\xc5\x9b\xa8\xcf\xfd^k%?\
\xfeu\x1dy\xe8\xd0\xa1C\x87\x0e\x1d:t\xe8\xd0\x7f\
;-4\xcb\x03\x9d\xfb\xee\xb3\xf8\xf6\xf5{\xac\xfe\xfd\
\xdar\xc1>\xc2\x0d\x9e=\x22J:\x9d\x92p\x83\x12\
Pd\x8a\xc1\x99\xb1N\x0b\xdd\xbb\x03\x19\xe0-\x0eb\
b\x809kD18\xea\xbe\xc0\x90\x16DL\x01\x95\
*\x81\x1b\x08hW`k\x174Vp\xe4\xe9d\xd2\
/\x81g\x95\x8b\x9fUf;\xc1U\x9e\xed@\x09\xd9\
\x00\xc8\xce\xc5ZT\xadM\xfe\xa49\x07\xed:\x02\x15\
5\x90F0\xae\xea\x93y\xb1\x1e7o\x07\xba(\xa8\
_\xb1/\xb5M\x03@\x18\x14\xba\xe0\x95+\xfe\xaa\x05\
\x07\x89\x1a\x98D`\xea}\xed\xc1\xbe\x9f&%}k\
\x9bJ\xea\x9e9K\xdd\x08\xcc\x90\xd62\xd9fR\x95\
\x93\x89*\xf86\xe6\xb2j\xf13\x18\x84\xf6\x95O\x98\
\x7f\xe4W\x95\x0e\x902\xe0\xd6\x03\xfd\xc2\xc7\x864\xcf\
g2\x82V\x09\x0c\xcf?.(%Ma\xd3\xc06\
\xf2\xf6\xfe\xafms\xe4\xdf\xfa\x7fr\x96\xec\x17\xa3\xd4\
\xad\xff\xe7\xb3K\xe2=\xe6P\x87\xac\xcf$\x8b\xc7\x0a\
\xcc\xb3`0\x92Q\x9f\xf0P\xbct\x1b\xc6\x10\xb4G\
\x07`'\xeb\xbc\xdb\xfc\xaa=\x16 \xeeE}\x96\xfe\
\x8fmS7@\x04vOc\x93\x06\xf4\xa4\xbce~\
Q\x91q\xbc\x8d\xf7\xb3\x976I\x19R\xaeU\xa6M\
\xaaT\xcf\xe8>\xea-\xd8.\x83\xc7=\xfa?\xeb\x8c\
w<\xff\xce\xb9\x98\x9f\xd0\xfc\xcf=g,\xd7\x869\
\x5cu;\xafUzz\x9c>\xc9\x00\xac\x16\xbb }\
\xa4\xa7\xf1\xfco_d\xc9\x96\x87\x149\xff\xd6\xff]\
\xee\xfd9\xcb\xe4y\xa4?\xdboJ\xecd\x01pk\
}C\x19\xdf\xb5<\xcd\x17u\xfe\xf7\xf5%\xd9Sq\
\xc7\xe4\xe5\xf9\xb2/b(\x17\xb0\xa1\xea\xab\xb8\x1ep\
\xbfx\x03\xca\xfe\x1a\x8e\xc2\xc3U2\x1c\x1c\x857U\
\xff\xb4\x9f\x0e\x1d:t\xe8\xd0\xa1C\x87\x0e\x1d\xfao\
\xa5\x0f\x00\xdd\x80;^\xabs\x9a\xdd\x0b\xf6\xb5r\x97\
\x0a\xfej\x04\x98\xf8\xc3Cw\xc0\x90\xe1\x9fs\xd7@\
\x9d\x03\xf4\x06\x0a\xf0IS\x85\x1eB\x81L\xed\x80\x91\
\x17\x84K\x0e\xae^6\x00\x0f\x98\xe7\x09|M\xe9t\
\xbah\x08H\xa6`5\x82\xcf\x07\xde\x22\xcf\xc1\x8dI\
\x07\x9e\x7f\x0d\x88\x10\x8c\xa1\xd3\xbcq\x1a+\x9f\xebF\
wH\x08\x1dj]m\x94\x8b\x01km\x07\xa5\x00/\
\xcb\xf4v\xf4\xc0\x93\x7f\xf8J\xa9\x0c\xa6\xf7\x13vC\
\xdf\xdc\xe8\x11\x05\xb5\x154\xf0\x00\x9c\xed\xa9\x82fK\
\x09\x04\xe7\x0a\xa0Nb\xa1\x5c\x02]\x06\xf5TA0\
\xbc\x81\x8aC\x1b0\xd0\xc5O\xab\xde\xad\x1d*\x18\xb4\
\xd2\x1a\xf06\xf0R\xd0\x995\xaa2\x16\xcf\xa2+\xde\
\xa3\x7fO\x96\x1d[\x12*\x1bpG\xa8m\xd0\xb6n\
\xff\xef\xed4\x81.\x80?4b\xff\xcf\x1f\x04\x0b\xb8\
t\xe2\xf7\xe38\xf1\x8d&\xff\xef\xe7\x8a{\xdba~\
\xf4\xff\x00\xebi<a\xdb\xda\x8d\xb5|\xcar\xea\xad\
t\x09\xed\x03~\xd1\x0d\xc6\x05\xe3o\x03d\xfa\xe0\x07\
\xc4\xe3\xce\x89\x80\x1br\xa8\xe0y\xd5s\x02\x08'\xdf\
\xe4j\xdc\xed\xa5\xa2m<\xc4\xb6\x9c\xcbI\xccG\x15\
\xe4\xc36\xf6i\xd5\x7f\xb7\xe1\xbeG_\x1b\xc6\xa2\xac\
\x19\xc8\xe76W\xd9\x8fO+\x91\xc6\xda\xd0\x85\xb2\x82\
\x9e\x0fs\x91\xaf\x11\xa6a&u\x1f>\xa1\x0e\x9c_\
\xb6\xe0\xeen\xdc\xf5\x0d\xc1\xfd\xfc\xdfin\x17\xf9\xab\
\xf9\xdf~\xe1=\xe90\x94I\xf9\xf2\x13\xed\xfc\xbf\x9e\
\xc6v\xa0\xb6\xea\xeezX\xdc\x1b9(o\xb1\xa6\x8e\
8>\x98\xd8\xa3nw>\x98\xffe\x9e\xa3\xa6:\xb3\
\xff\xe3\xda\x96W\xa1\xe6\x87*\x94\x1e\xc9\xbd\xcc\xbd+\
\x8f\x1b{w;\x99\x88\xfc\xf9X}\xe8\xd0\xa1C\x87\
\x0e\x1d:t\xe8\xd0\x7f3]\x084\x9au`\xc9\x03\
\xddOl\xe1\x0b\xf1\xfbH\xc8J\x00\x90G\xd6b\x1e\
\x17\xf1/+\x81.\x85Nw\xe0\xa2u\xe5\x0f\x17%\
\x99N\xa6\xb8<\xb1\x16L\xdd\xf5\xe9\x01\x02\x82\x8a5\
?d\x82\xa0\xa7G6\xbb\xd3J\x13X\xc1r\xba.\
]7\x04'~\x0bh\x9f\xe4\xee\x02Z\x049j@\
^\xf9u=o\x0e2\x02\x83\x038Ue\xab\x14\xf0\
\xe9\xae\xab\xf3\xc1`\xd8\xa5\xd0I\xadrr\xae\x82J\
\xae\xe4\xb7@\xbcn\x5ch\xe1\xb1\x03o\x10\xa8#\xe0\
n\x05\xe0\x86_i\x0e\xdb\xee\xf6M\xa0'\xf8\x885\
@V\x08|\x8e\x1f\x81\x0cV\xffo{W\xba&K\
\xaa\x02\xa1\xee\xfb\xbfrs\xa7K\x81\x08\xc0\xac:\xb3\
\xfc\x93\xf9\xcet.\x0a\xb8\x84&\xa1\x95\x99e\xfeF\
\xa8\xe6!.\x9f\x16\x15\x98l^\xbbL\x05\xf0\xe6\xca\
h\x11\x0b\x02\xff\xf7\x8eO\xf2\xab\xf4\x8d\xa9\xfd \xbd\
1\xd32\xeaH\xfcs\x7fuB\xad\xed\xbf;\xe2_\
\xd9\x0c\x10%\xd9C\xf4+\xfc;\x05\x19\xb9T[\xfb\
|\xc6\x7f\xea\xae\xf2\x0d\xfe\x9dkQ\xa0\xec4\xcas\
\xc2\x7f\xe2\xb0\xfb\xb2r{]#6\xf1\xbe\x16\x22T\
\x85q\xe4}Y\x0a\x81\x13uF\x98\x82\xb2\xa9\x8a\x0e\
$e\xed?\xa8\x03uW\x89\xba8\x0c\x14O\xd7\x13\
\xff\xec\xc3o\xdd\xe4+\x0d\x0e\xef\x9c\xa6\x85\x02\x89|\
R\x8e\xb9\xfc\x99\xd5?\xe0)\x8d1\xeb\xf59\x9fU\
_\x0e\xfdg n\xa74]e\x12\xd9??\xf9>\
\xee}\x97\x8ethS&\xde\x0fcA\x95\xa1\xfez\
zxF\x00\xff\xc9\x9e\x08\x90\xea\xf3x3\xf6\x0b\x95\
/\xe6\xff\xbf\x83\xffC\xff\xfc\xc7\xf3\x7f\x8eI\xcf\xf3\
\xbf\x0d\xcf-U\x0f\x9eM\xc7\xc5\xb6\xf7ex\x8a\xdb\
\x03U\xccq8\xffG\x9ea\xdc\xe8\xf8G\x1d|\xed\
\xe8\x8f\x93\xcb\xd0\xdc1\xe6cW\xa4>\xc2\xb8\xb8r\
\xe5\xca\x95+W\xae\x5c\xb9r\xe5\xcag\xa1\x17\xca\xce\
\xf1\xb6&a\xe6\xff#\xb2)\xd3Y\xd1\xb3H\x03 \
2\xe2\x7f;=qS\x14-\xc4A\x06\xdeF\x01\xb9\
o\x8dv2C3\xaa\xf9+@\xd7\xb2\x83\xa6\x10\x19\
p\x8c;s\xb2x\x1c\xd0Ur`\xda\xe1;\xed\xaa\
:\xedp\x03ec Y\xcb:\x058\xbf$\x84\xa7\
\xb0C\xa0|\x12-dP\xba3\xefXS\xf8HQ\
\x12\x063\xf1Q\xeb~\xed\xdc{\x85\xfe'\xaf\xd2\xc6\
\xca\xf8\xaekT4\xf8\xef\xfd\x88\xca Y\xae_\x7f\
\xbe\xab\x15\xb7]\x89\x02k~\x9e\xdf\x99\xb9\xfaa\xfd\
\xa8\x93\xb7\xe5\xbcC\x0e\xc9>\xbe?-\x80\xfc\xde\xc3\
\x0fp9\xb2\xfc=\xbc\xe3N\xbbrN?\x8d\xd63\
Q\xa55\xf7@\xa6\xf1\x8e\xc9}\x05\x89X'\x0e#\
\xcd3\x09\x83m'x\x5c\xfa\xa6\x01\x89_I\xc47\
Agv \x1d\x12W/(\x0f\x91*@\xc0&\xbe\
\x12\x8b\xa7\x1d\x90N\xb6\xda\x97\xf8/\xf0\x1f\xf0/\xa3\
\x1e/#\xea\xf9Fp\x1c\xb4aq\x8b\xedf\xeb\xff\
\xaf\xe1\xbf\xf4\x03\xcb\xd7@\xac\xba\x97Y\xa7M>\xf5\
3\x1ewk_\xd7\x96K\x8a=\xd4\x81\xf5t\x1a\x07\
\x1a\x1aM\xea\x15Js\xc2\xbf6\xfc\xd7\xf2`\xfff\
\x9cq\x9f\x97B\x80\x82\x8d\x8d\x7f\x1d\xae;).\xa4\
\xf9,\x8e\xcdg\x99\x16\x1afAL\x1a,\xd4a\xb6\
Nf\xcee\x0c\xdf\x09\x13;O\xb1\xb5\xdd\x0cq\xfc\
Oe\xa1^4\x8c'\xa8\x13\xc7\x1e\xf4\xf7\x8c\xff%\
?_\xe3\xff\xd3\xfc\xdf}sa\xfc\x7f9\x00\x14Y\
\xcfs\xfc\x9c1\xb5\xf1\xef\x1c\x8a>6\xc29\xcc\xf7\
\xd7`\xf9\x02\xcd:n\xbd\x16{\x17\xd9p\x7f\xfa\x93\
\x16\xdb\xae\xcf^\xbc\xb8\xfb\x97\xf6\x17\x8fwM,=\
\xd9\x0f+\xb0\x00I\xa6`>\xd9\xaf\xb5\xd1\xcf\x98\xb8\
r\xe5\xca\x95+W\xae\x5c\xb9r\xe5JJ\xbc\x03Z\
\xfd\xc1[\xe1\xa3e\xfb\x99<EsG\xc8\x8a\xe0\xba\
F\xcb?H\xdc\xc4U\xcd\xe3FdB2c\xb6\x9a\
\x1f\xf4M\x88\xd4\xc0\x1d\xd0\x13\xb1\xb2\xce\x8b\x01A\xb2\
\x22\x09@\x1b\x9c\x19\x091\xd4-rLs\x0aPV\
\x1dk!t2\xcf\x89L\xf4\x00\xf8\x97\xe4j\xc1\x97\
<\x07\xbd\x9fvHa\xe0\xbdbck~\x9c\x09\x03\
\xbf\xdfm~\x13 O\xe4\x5cI!\xb3\xef6\x10\xac\
\x99'\x88\x0aa\xf2@!\xe8&\x83\x10\x84+\xe5\xaf\
\xf5\xc8\xe4\x8dmV\x04\xdbd\x11\x0cn\xfdPF\xaa\
[\xb8\xa9}')\xdc\xdae\xeb\xed\x82\xaf\x7f\x108\
\xaa\x0b2\xfc\xf3\xe4\xef\x02\xe9Z\x07#\xc1;\x90\x81\
\x9e[\x84\xc9\xcb)\xbf\xd7_\x1b;4\x89\x8a\xd8!\
\xb7\x8c\x90-\xff[?\xd68\xd5\x0b\x92\x95\x5c\xd7'\
\x9f\xa5\xb5\x09\xee&\x1e\xd3h']\xdc\xed$\xe8\xd0\
\xb7u\x1e\xe31\x114\xb9hg?\xbb~\x8c}\xfd\
\x16\xff\xee\xb7\x1c\x88\xb7\xd5\x06y<\xf5\xa3\xf4\xb7\xbe\
s\xb8\xe3\x7f\xaa\xdd,W\xad'\x050\x9c\xfbe\xed\
\xd3\xd5/N\x83\xef\xaag\xd2\xad\xc0p \xff3=\
\xf5\x87\x82\x7f\x9b\xfa\x22\xe9\x95\xe2\x7f\xda\xc7\xb1*l\
\x00V\xa8dD\x8cr9\xdb\x5cB\xe5\xc0s\xbe\xff\
\x91\x5c\xae\x1aUK\x81\x8a\x1fhDN}P\x8a\xaf\
\xd0&\xad\x1f\xa33\xc3N\xe1\x8d\x95JL?\x96\xef\
\x80\xff&_\xcc\xe7H\x9a\x7f7\xff#\xfe?\xcd\xff\
\x9d\x00\xff\xf1\x0f\x87\xfe\xc3\xf9\x7fOBt?\xf1_\
^\xc5!\xf3\xfc\x7f\x82\xa8I\x7f~\xc0zb?=\
O/\x87\xc9\xac=\xdb\x8f\x9d\xb0Z<\x91\x9c\xf3\xac\
\xfb\xf8\xfe\xab>\x9e\xee_\xbf)\x5c7N\x9b\xe3\xf0\
3f\xae\x5c\xb9r\xe5\xca\x95+W\xae\x5c\xb9\xc2\xf2\
jA\x8eY!&lsm\xef\xc7\xf2|W^\x91\
 \x19 \xf0[;\xb2<\xfd\xf0\xf0O\xe7\xb6c\x0a\
;\x064;\xe4\x9cI`\xcd]\x8b\x1e\xdcU\xff(\
H\xd9\xe7Z\xc8\x85\xedI\xfa$\xb3\xad\xd8\x91\xd5\x82\
\xab\x9en\x0a$\x83@\x939\xa8\xf3\x9f\xc2\x8f\xe5\xdc\
\x84\x8f\x0a\x07\xcfI\xa4\xd7r\x9f\xed\xb4@^\x92D\
\xea\xe4\x91\x8c\xba\x91\xc0l>k\xb75\xd5i\xdd\xed\
\xe4\xc1\xf5\xc96\x96{\xdaEK\xba\x87<\xa8g\x1f\
\xc8\xc9\xce\xd2Q\xdfY\x8dA;\xee\xf4\xed\x01\xbf\x0d\
D\x8c\xf7\x1f\x0a\xf0\xb5\xef\x07\x1b\x03~\xd0\x9f$e\
b\x94-I\xf8\x87\xbb\x82\x89\x08(\x84\xaf\xca@\x0e\
\x8d\x84\x8f@y\xbc~\xd9\xa6\x93E\xb8H4\xe9\x0d\
\x9df\x8d\xa4\xd85\x1ci\xf3\x03\x8e\x95\xf4\xc9]\xa0\
\x95\xd0D\x12%a\x0b\xf9\xa5\x96\xfb\xd4\xf3\x84l\xd8\
W\xf8\x97\xa2\xbd\xf4\xc3\xf0-\xdb\xff\x97`\xc6\x0fU\
\xfa\xdf\x17\xe2]&\xfc\xbf\xa84\xdf\xe0\xbf\x12\xd1\x8c\
\xff\xf4\xbd.\x19\xa0\xbe\x97\xf2\xaeqn\x970VJ\
\x13\xb5\xc1\xe3\xbe\xca\x80G\xd4j#\xfe\xf5\xa1\xcd\x96\
\xf9\xd7\x11\xffz\x9as\xe2\xc6L\xa2\xbf\xa2\xdfA]\
\xd6\xb2[\xcf'\x80\x7f'\x01\xd9\x07\xcdzi\xb9a\
\xecA\xdc\xaa\xff\xa2G\xc7rx[z;\xa1/D\
\xc0s+\xa7-A\xfc\xf7\x01\xa0\xcd?Z^\x85\xf0\
\x01\xffN\x10\xce\xf3\x04\xff\xb2\xa2\xde\xcf\xf9?\xfb\xaf\
@\xaaO\x0b\xb5\xdd\xde\xe9\x8a\xc0\xfc_\x16|tN\
7\xe3\x8e\x9ci\xf7\xf1U\x18Ug\xadc\xac\x97:\
v~\xc2\xbf\xb49j\xc2?$'\xb7\xad\xa8\x99\xe6\
W>\xfe\xfc\xceg\x83\xc45\xadf\x8awg\xabm\
\x8bcD\x17\x9f\xa3Y#btcG\xcb}\xf5\xcb\
^W\xe1\xf5\xe3\xfc|\xe5\xca\x95+W\xae\x5c\xb9r\
\xe5\xca\x15\x96W\xbb\x02A\xc2\x8am\x15\xb9\xe9\xfcZ\
\xb8\xa9L\xbb\xe78\xc4\xd8\xa4B2\x802\xca&\x1f\
3>\x98\x83\x1f\x9b,@\x00\xde\xaf\x8b\xc8\x07Rb\
\x92)\xc8\x9a\x02\xb4\x15\x95\xcc\xc1\x1e\xe9S\xfd\xe3@\
E\xf5\xd3\xfd\x89\xecz\xf6\xc3\xe5[\x22\xfa}]N\
\xc1;\x13a~\xad\xfd<}\x07\xe0\xdc\x1eL5\x07\
q\x8aiT\x0fD\x04\xfa DLF\xbf)i;\
\x95U\xae\x94n\xca\xe5\x9d\xea\xd2\x22O\xd7n\xedZ\
%C\xfd\xda\xe6[\x884\xc8\xfe\x06y\xad\xfb\xdf\xcb\
\xc4X\x00K\x8f~\x88\xf5\x85\x0e\xaf\xd9\xce1\xd9@\
\x02\xa5\xee\xb1\xcb:Y[\xf2h3\xa8D\xa0\x04y\
]\xecG\xf2}\xd4\xfb+\xd6\xa3\xca\xdf\xc1\xffD\xe0\
0\xfe%\x00\xaa#\xfe'l\x1a\xddQa\xefZ{\
\x0euEy\xcb}\xea'v\xdaq\x5c\xfdd{\x95\
\x88\x9e\xd3ktN\xc4]\x8c=\xfeQ7\xb8\xbe\xfe\
Yi\x8d\xde/\x91\x84\xd6\x07\xfc\xa7\x9f\xd0WB\xd7\
\x8b\xd2M={( \xa54;\xbd\xbe\x85\xb2\x8c)\
FZ\xf3@$\x22\xc6\x9d\xb8\xe61\x1cI\xce\x01\xbb\
\xc5\xea'\xbf}\x9cEJ{\xd5\xf9\xe0\x9ft\xbbD\
\xec\xc6_\xd4]5p9\xe7\x05\x88\xf2\xf1^\xd0g\
\xad]\xa4\x09\xae\x87\xd1\xa8\xfd8\x07\x9e\xea\xc8\x06\xfd\
<\x1e\xfb\xb5q\x1c<\x98\xec\xf3\xff\x93o\x99\x07\xce\
>\xdcg\x1b\xdf\xce\xff6\xe8\x9b\xf2R\xd9!\x0d\xce\
\xb5\xb6\x09\xdc:\xff;\xf6\x83W\x1e\xcb\x92\xfc/-\
_\xe9\x03\xc2\xca\xc2\x8b\x08\xfa\xf4\xa1~\xdb\xf4\x8f\xcf\
s&\x87a|\x98\xb4\xf48\x1f^\xb9r\xe5\xca\x95\
+W\xae\x5c\xb9r\xa5\xcb;Z\xf7\x07x\x85\x9f\x1b\
&\xb7\xba\x02T'\x10\xc4\x7f\x9a\x98\x11\xc5&\x18e\
g\xd0CP\xc6;\xe3\xe2\xeaf\x9d\x838\x8a\xfb\x1c\
$Y\xd1Rw\x86\xf9\xee\xae\xd8E-S\xc0j\xe1\
+\x06-x?\x8e\x0a\xc92\x07\x1a\xfb\xe7\x9ar\x16\
\xd6\xa3\x8fi\x86;\xf2\xa0\x98\x02\xcei'\xa6\xd9\xbc\
\x8b\xfa\x89[AR\x19\xafu\xfd\x93\xee\xb2+\x0c\xea\
:w\x03V2%w\x88\xf6]y5m\x97'2\
=-,\xfd5O]D\xf0\xa0W\x15\xa9\xab\x83}\
e\xedOI\xe6]\x94\x9f\x89\xa9\x9an&\x0e:\xa9\
\x97\xc4@\xe9\xbbD\xfaI\x10D\xd5f \x11\xf3\x99\
0\xe1\x08>,\xae\xac\xf7?\x1f>Pk\xf5\xc3\xeb\
_QW\xcd\xa2\x13\x89J\x09\xc4I\xeeu\x8f\x89\x18\
-\xbe\x98\xc9@\xf0r{\x9f\xf0\xff\xfbj\x8f3\x92\
\xa58_I\xc6\xbc\xc3e1\xf9S\xb1\x82\x7f\xc1\xb2\
\x02\xd6r\xdcI\xaf\x9f\xc8\x12\xef\xfbu'?\xe3\xff\
\xc5vJ~\x03V\x0aw\xfa\xbb\xaf\xb5\xe6k]c\
\xf9\xb8\xae\x07\xbf\xdb\x02\x04\xe3M\xa6\xfc\xd0&\xe13\
\xdc\x9f\xf0\xd2z\x89\x97'\xee\xe6\xfd\xe6\xe5\xe1\xc2\xeb\
X\x7f\xd6\xae\xbdm\xd9\xa0t\x98WX\xad\x1e\xdb\xc9\
\xff\xbe\xf6b\x0f\x8a\x89\x95\x05\x06>\x87\xde\x04mU\
\xfb\xd7i\x077y\xf7\x81\xc4\xad\xbf\x82\xc9\xbe\xcd\xc9\
\xec\x88\x7f\x19\xae#y:I\xc7\xbf\xd0\xf9\x98\xe7\x81\
\xc0~\xcc\xf7/\xe0\xffO\xe6\xffi\x8e\xaf\xf7\xf8\x9a\
\x8c\xfay\xee\x99\x9c\x94\x5cT\xd2\xf4;\xf4DY\xf2\
\xc2~!N\x10\xd2\x98\xce\xcf\xe0w\x22\xf9\xec\xb9s\
\x99Tl\x9ap\xa7\xb26\xc7(\xf9\xb5\xb5\xbf7X\
hf\xb7i\xec2\xf9\x96\xf4\xbfr\xe5\xca\x95+W\
\xae\x5c\xb9r\xe5\xca;\x06\xce\xf7\xd9\xfd\xfe+\xb1\xfb\
z\x08\xff\x95\x08 \x14\x9e\xe7-\x88\xa9\xc5IZ\xfe\
\x0baR\xa1\xf0\xb7\xb1s&\x82\x07\xcc\x07\xbexH\
\x91\xefx\x96 X\x82\xfb\xf6lN.\xab\xa5\xee\x81\
\xe4\x5c\x1bs0\x80\xc8{\xf5cZ.\xbf;|0\
X1W\x84\xc5\x1a\x83\xb5s\xa8\xd6\x08S3\xf9\x18\
\xcf\xe8\xf3\xee\x9b\x08\xb2'\x82\xa6\xd9\xaa\xc6\x9e\xdf\xfb\
\xeauy\x0a\xba\x88\xa8\xa8\xbei'\x0a\x9d< \x92\
^u\xf0\x9f\x891'\x12m #\xce\xa1q:\xe0\
\x1f\xf3\xd3\x9eB\xb4\x04\xccuGZ'[$\x08\xf7\
\xd4\xc9e\xa8\x84\x96\xca\xc9K\xb0\x89\xc40\x12f\xd1\
\xbe\xd2v\xfey\xdbEp\xfcc\xad\x1e\xb3\xeaqA\
\xc6\xc3j\x91,\xc1\xe8Z'\x9c\x81$3;\x94\xcb\
\xa4\xe1\xaf\xda@?\xfc\xe7\xcf\xd3.g\xac\x03\xccG\
:\xa8i|\xec\xe1\xf1\xc85\xce\xf8\xcfv\xf3\xff\x18\
\xff]\xcfv8\xda\xd6_M\xf1\xfa\x97\xf1\xaf_\xe2\
\x9f\xda\x09}\x14l\xaf\x998\xe3\x9f\xa7\xf3\xbd\xcd\x16\
\x81\xde\xd4\x8d8~)\xdb\xe3\xc5\x09#[\x8b\xdcW\
*\xdf\x1ej\x8a\x8dp\xe4\xdd\xc86\xfa'dW0\
\xbf\x93N?\xd9\xe6Z\xca\xc1\x0bfel\x82t\xde\
\xbe>\xc7\x8c\xe4\xb1\xcd\xfe\xf7Q\xb7b\xe1U\xf0\x9f\
:{\xfbj\x96\x1d\xb0-R\xf1\xaf<6\xf8\xf8\xff\
\xd0?S\xbb\xe7\xb3\x1cw\xac\xbf\x0e%\x17\xca\x98\xb0\
\xb3\x86\xff\xde\xef&\x1cO\xbb\x87\xbd\xecX'5\x1f\
.\xbet2\x96\xb1\xf1\x84\xffH/\xf2\x88\xffqq\
|\xc4(\xd7\xf5\x8c\xff\xe7\x01\xe03\xfee\x9e\x1b\x87\
\x84S\x92\xccg\x03\xbe\xf8o]\xac\xaax\xa7y\xaf\
\x8c\xc9\xfej&\x1f\xd3iV\x5c\xc0\x12F\x86\xc23\
[\xf9\xf5S(FS\xbb\xfd\xc1\x01\xea\xcb\xfe\x5cH\
c]\x0e8\xfe.\xe8\xf0\x8d\xaaZ\xa9\x1d\xae\x5c\xb9\
r\xe5\xca\x95+W\xae\x5c\xb9\xf2,\xaf\x15\x98\xad\xa0\
\x12\x9e\xe5\x97\xd4@V0\x0c\xd0\x16\xb4F\xac\x10\x8c\
\xb0\xd6\x88\xba\x90\x03\x02\xdaT\xa6\x0d\xc9\xcc\x19\x95\x07\
\xfd\xe3s?\x07\x84\xdbt;^;xz\x10\xf7\xae\
\x0d\xb3\x16\x93\xff^\xf3\xaf\xcf\x07\xc9-\xa7@Y\xe8\
\xda\x14\xb8z\xde\x89\xb4\x98\x09\x0fH\xd3\xce\xf8'\xb8\
\xe7\xe0\xb4\xeb\xedi\x98\x90\xa8A\xd69\xe0\xe2\x8f\x17\
U\x99\x83\xe1\xecG\x18xO$b\xed L\xc8\x86\
6)Q\xaeh\xf8\x056\x9b\xbe\xac\x97\xd5\xfei\x03\
\xc92\xf73\xedf4\xdewTvi\xc4\x0f\xdf\xdc\
\xf9_\x91\x86\x89\x9d\xed\xe7\xbe\xde\xdf\x13\x8e~q\xfd\
\xd4\x8f\xf2I!up\xc1\xa1\xf6-\xf7\xd56\xaeU\
D\xa6\xdd\x90a3\x08\xad\x12\x9c'dFi\xd5\xe1\
\xfa\x83\xb4\xfc\xd4o\xd9o\xcc\x81\x1f\xfa\xf3|/=\
,$H\xd6}}5\x03\xe3\x1f\xfdP\x91\xbf\x8d\xff\
\xf4w\x95\xf7E\xf5+\x85\x809\xfd;\xe1?\xda\xa7\
ha\xff\xbb_+\x9d>\xe0\xdf\xda\x08\x95\xf8\x07]\
q\x0f\xd2\xc1\x18]\xc9K\xbcv\x22~\xa9lZw\
\xdar\x9bE\xdb\x04Q\xf8$\xab\xa6\x0c\xb0\xa8R\xc6\
\xe8=/\xad\xaeny\x8d\xea\x5c[\x7fM\x7f\x9c\xfc\
\xc2\x16IB\x0e\xeb\xa3\xe2\xdf\xc7\xa2\x85\xff\xf9=\xc1\
\xa2\xd2\xf0\xffD\xben\x03r\xaa\x99\xc0\xbe\xe5\x8ez\
\xc5I\x14\xd2!9^\x9f\x11\xa8\xbe\xaa\xc3\x22\x07b\
\xf7\x81\xe0\xd3\xe7\x96\x0c=bG\x82:\xd0s\xc0?\
_\x93\x07\xfc\xff\xe9\xfc\x8fs\xd7i\xfe\x97\x96^\x86\
\xabZl=\xcf\xff\xe0\x1b\xd8\x93\xe3\xd8Z\xf1\x0f\x9b\
\x14$\x17\x1a\x04|`\xfc\xf3\xbd \xe9S\xdb\xea\x17\
{7\xc2y\xfeOB<\xc7\xf4\xf4\xf5H\xb4#[\
\x9eF?\xc8N\xfb\xd7s\xf1{'\xb4\xe2\xd8*\xfb\
y9\xed\x7f$\xf9\xaf\x5c\xb9r\xe5\xca\x95+W\xae\
\x5c\xb9\xf2\x96\xcdJ9\x81\xb1\x8f\x0bQ\xf7\x0e@|\
w\xf4\x8a\x80S\x83\xe6\x81\xef\xf6\x92\x0843h\xa8\
\xcc\x93\x11\xa1\xb75\x94\xc0\xa0\xc6\xcc\x12$\x99\x1bI\
;5\x06x\x93\x06\x90\xae\xdeE?\xf0\x1f\xdf\xcd4\
\xcb\x9f\xc3\xc7\x87\xc2\xdf\x1e\xf4\x9dI\x80\xd4\xdd\x08\x94\
C\xba\xd3\xb5\x1e\xb4\x1d\x22,;\xe7)%\xa1:\xa8\
y\x8a\x13\x9cs\x97\xd3\xde\xe4\x88\xb4{\xcb\x8dNR\
\xa7?y\xee\xad\x81\x81+\xfa8\xd6\x89\x14?\x15w\
\xbf\xb1]'\x13\x0c\xfe\xbf4\xb3\xc2$\x08K9\x86\
6S\xed\xef\xe24 wN\xf5\x9d\xa4\xad4\xddA\
\xe8(\xee\xdeB\x920}t\x02X\x1f\xc9\x19k\xfd\
r\x22\xfc\xean\xd4\xdf[OZ?\xe2\x83p'@\
\x5c\xcf}\xb1\xe2\xa8}\x08\x12\x86\x95F\xe2\x88P]\
u_2_\xc5\x7f\xf5\xf7\x19\xffI5\x22!Z\xcb\
\xb0\xea\xefU<\xcb\x85\x82\x19\xff\xb5?t\x92\x8c\xfd\
\xeb\xe4X\xc9\xb0\xb1T\xc9\xbd\xa7V\x05\xe2h\x18G\
\xa3\xdf\x81\xef\xb98\xf2\x92\x8e\x1b\x07\xb8\x1e\xf0\xdf\xb1\
e\x05\x1b>\xfe\xf3x=cGU\x1b\x91\x1bm\xf2\
\xea\x9f@\x98\xca^\x89C\x9f\xe6\xf8\xf2\x1a_\xbe\xc7\
\x7f\xed\x07F\xf5\xd3\x08o\xc0\xa8E9^\xa1\x89\xea\
\xcf\x9ew\xdc\x9f\xf0\x8f}\x17\x09t\xc7~m\x83\xf5\
(`Q\x0c\xb7\xfd\xeb\x97\xcf\xcb\x05\xd1\x05\x93\x8a'\
d\x1b\xcf\xf9\x184\x1a\xbc~\x01\xf08\x14WN\x17\
\x9f\xf0\x9ff\xfe\xfb\xf9_\xec\xbf\x9f\xff\xb1\x8c>\x0e\
<\xcf\x13hG\xa3M\xfb=\x96\xd7\x0b\x17G\xfb\x18\
\xee\x04/\xd96\xff%\x1b\xf7\x89\xb4\xabRgj;\
\xb4k\xf4\x89e4\xdblO\xe6\xf3\xa6\x03\xe3\xae\xb5\
}\x8c\xdf\xe6Q\xb7\xd3\x07\xfbW\xae\x5c\xb9r\xe5\xca\
\x95+W\xae\x5c9I\xbc\x82\xc3%\xc8\x06\x95\xdc\xd9\
b\x16\x0f\xe4\xf4\x13E\x8aG\xd6\x09\x87\x81\x18\xdc\xe0\
\xde\x17\x7f/\xa8\xc4\xb1\x80j\x14R\xaf%pU\x0c\
z\x85l\x85\xbf%x(Z9\x00\xdf\x01S\x09\xb1\
\x1e\x02\xc2\xcf\xc4\x8d}\x11\xa5\xd4\xe0\xb4\x06\x96\x9ef\
\x22%\xd7=i\xe9\xab\xae\x95\x90m\x1e\xbc\xa1\xbc\xd3\
\xae*L9\x12\x03\x22\xf2Dl\xe1\x0eG)\xbbv\
)`\x05]\xfc\xaa\x94\x95\xcf\x89\xa0\xb4'\x9d\x00\x14\
\xed$\x00\x12\x0e\xfeON\xc4\xd7/QE\x91ie\
\x9ed\x14[\x81x\xd8-\xb7\x83\xa8\xf7@\x1c\xce9\
\x8fq]\x956W)\xfd\xa7\xf8\xff\xb9\xff1\xfe\xfd\
\xb5$\x9e?\x8f\xa5\xf9\x0fT\x91\xc8\x91j:\x9cG\
y\xad\x90\xde\xd3\xd8!\x1b\xc6J\xed/:\x11\xee:\
\x12\xc7\xecKZ\xea\xf8g\x1dS~\x91\xdeW'1\
\x9bv\xdd\xf7\xf3\x7f\x8e\x7f,\xaf\x0a\xd6\x22\xc1\xbf\x10\
cS\xad<\xe1\x7f*.cm\xba>\xf5?m\xe3\
u#\xe1\x85I\xed\x9c'\x12\xab\xb5<|\xac\xa4{\
\xfd}\x05\xc6\xccqle\xf12\x08*\xd8\xc9\xfb\xaa\
u\xc2\xbe\xd7\xff{:}u?\xd1\xc7U\xac|G\
\xb6\xf7e\x11},[\x1d\xe3D\xb5\xf4\x01w\x020\
 \xe7\xf1\x9e\xfa\xd5\x03\xfe\xa7\xf6\x9d\xc7y|\x0a8\
\xcc\x01\xbb\xfc\xd3\xbc2\xf9(\x03\x99/\xa1\xa3\x8f\xf9\
\x99VV\xfdN:\x85\xc7\xde\xc9\x0d'E[\x09\xbf\
\x98\xd7\xffd\xfe\x97\xaf\xf0\xcf\xbag\xfcw\x1f\xc8\xce\
p\xbcS\xca\x93\xff}\x11\xe8\xad\xa5T,\x8e\xe9\x92\
ds\xcd#\xb0\x88\x13\xfe\x04()\xad\xef^\xb78\
\x17\x98\x17\x05\x16c\xb0l\xfb\xbe8\xc9\x0ee\xde\xcf\
\x12\xd4\xb7\x05\xfa\x8c\xcf+\x92\x84\xf8\x0b\xefE\x8e\xac\
\xa3\xd0}\xe5\xca\x95+W\xae\x5c\xb9r\xe5\xca\x95G\
\xf9?$?F\x93\x12\x89\xbb\x11\x00\x00\x00\x00IE\
ND\xaeB`\x82\
\x00\x00\x05y\
\x89\
PNG\x0d\x0a\x1a\x0a\x00\x00\x00\x0dIHDR\x00\
\x00\x00j\x00\x00\x00X\x08\x06\x00\x00\x00\x1d\x93b1\
\x00\x00\x00\x09pHYs\x00\x00\x0b\x13\x00\x00\x0b\x13\
\x01\x00\x9a\x9c\x18\x00\x00\x00\x01sRGB\x00\xae\xce\
\x1c\xe9\x00\x00\x00\x04gAMA\x00\x00\xb1\x8f\x0b\xfc\
a\x05\x00\x00\x05\x0eIDATx\x01\xed\x9d\xedU\
\xdbJ\x10\x86_\x09\xc79\xf9\xe7T\xc0\xa6\x02\x9c\x0e\
L\x057\xb7\x02\x9c\x0eH\x05$\x15\x90\x0ep*\x80\
T\x80\xa8\x00\xa7\x02+\x15\xc4\xf7W\x0e\xc1\xd6\xde\x99\
\xd5\x8a`\xb0\xf1\xd7\xae\xb4k\xcfs\xce\x1e@\x07\x1f\
\xdb\xfbjfG3\xfb\x01D\x8e\xd6\xbaC\xadO\xed\
\x92\xdaH\xff\xe5\xd6^\xebCh\x16+\xd0/\xbd\x9c\
\x91\x08\xd6\x10\xd4\xf1\xe7z}\xce!\xd4\x07u\xf8\x85\
\xde\x9c\x0b\x08\xfe\xa1\x8e>\xd3\xdbs\x0a\xc1\x1f\xd4\xc1\
J\xbb\xa3\x0b\xc1\x0f\xd4\xb9\x03\xed\x8ekDD\x82H\
\xa0\x8eU\xf4c\x04\xb7\xbcM\x92d\x8c\x08H\x11\x0f\
=\xb8\xa7\x8fH\x88I\xa8\x0fp\xcf\x11\x22!&\xa1\
\x0e\xe1\x9eh\x02\x8a\x98\x84z\x0b\xf7t\x10\x091\x09\
\xb5\xd7\xec\xbbPQD|LLBep\xcfOD\
BLB\x0d\xe1\x9e\x0c\x91\x10\xd3\x03/\x0f\xfc\xbf\xe0\
\x96w\xf4\xc0\x9b#\x02\xa2\xb1(\x9bA\xc8\xe0\x8e\x9b\
XD\x8a\x0e\xb2\xaa\x9ev\x87\x82\xe0\x0f\xea\xe0\xafz\
{>C\xf0\x0fu\xf4\xb5\xde\x9c[\x08\xf5\xa0\xcb\x09\
-\x97z}\xf85\xd1d#v\x06\xea\xf4S=;\
\xf3h\x11<\x01F\xaa\xbaM\xa2\xcb\xaa/\xcfF\xca\
\xe6\x88\x93Y1\xc5\x8aB\xc3\xbaE\x11F\x10\x04A\
\x10\x04A\x10\x04_DS\x8f\xaa0\xcfH\x93I\x17\
i\xca3\x88\x8e\xa8\xfe\xc1\xcfL\xfc{\x07\xf3'\xab\
\xe4\xb6\x8d\xe9\xc5?\xa8\x0dq\x7f?L\xde\xbc\xc9\x11\
\x11\xc1\x0be\x84\x99N{$\x08\xb7\x7f\xe8\x92\x82\x1b\
rp\xd5\xb8(\xbe\x93pY\xe8\xc2\x05)\x94\x11\xa7\
(\xfaV\x98\x1e\xeaaHo|C7\xc5 i\xb7\
}\x94\xfd\xb7\x22\x18\xa1\xac\xe5| \x97v\x82\xfa\xc4\
YDN7\xca\x97\x90,\xadq\xa18\xa9J\x9dr\
B\xd6\xc3\xd9\xed\xf0rtZ\x0f\xe8\xf3}K^\xbd\
\xca\xb0\x8f\xe8\xfb\xfb\x9e.\x8akj:\x926\xd2\x93\
I\x1f\x0dQ\xbbE\xb1@888C\xf3\xeemS\
\x8c[LZ\xad\x01j\xa46\xa1v@\xa0\xa7\xd4*\
\x98w\xa1\xcc\x18T\xaeF\xf7\xb1l&\x04r\xdc\xdd\
\x1d\xfb\x0e:\xbc\xcd\xeb3\x05\xbc\xe9\xf4\x0c\xe5d\x92\
]\x15\x89Qx\xfdzD\xdf\xf5B\xff\xfe\xad\xe0\x09\
/\x16e\xdd\x1co\x13\xa0\xb0_xs\x87N-\xca\
Z\xd19\x89\xc4\x0b\x99\x15\xf6\x0fE\xcf\x81\x17>\xac\
\xcb\x99E\xe9?\x7f\xbah\xb5.\xb1\x9f\x02\xcd\x83\xad\
\xeb\x13Y\xd7\x15\x1c\xe0\xc4\xa2\xe8\x0e:%\x91\xf6\xd5\
\x8a\x16\xc1\xd6ui\xc6i\x07leQ6'wf\
\xb3\x0a\xc2b2\x8a\x0c?n\x13\x19n,\x94\x0d\xbb\
\xd9\xd5\xc9\x0e(\xab\xb1U\x18\xbf\x91PV$qu\
\xeb\x93S-\xed\xdfM\xb2\xf3k\x8fQ&h(\x9f\
\x8d\x14\x84uQ4\x96\xdfR\xce\xf0d\xcd\xd7\xadg\
Q6\xb2cK\x92\x99\xa8\xdbB\xf56\x8a\x08\xbf\xad\
\xfa\xef+\x0b%\x22y`\x0d\xb1V\x12JD\xf2\xc8\
tz\xbcJ\xadk\xa9P\x128xgL\x01\xc6\xf1\
\xb2\x00\xe3\xc5`BD\xaa\x85\x0egt\x96\xa5\x9c^\
\x8e\xfa\xca\xf2\x84\x82\xe0\x1b\xce\xc0\xbf\xb8\xd7\xedB\xa1\
l\xeac\x97\xcb\x13\xa1\xd13\x09\xed\x05\xcc\x1d\xa3\xac\
\xcbs\xbd\xdb\xa4\xb0\x0a\x0b\x82\x8b\xf9B\x15\x05\x8b\xa4\
 4AN\xb9\xd3\xf7O\xb7P}\xe6\xfa\xac\xcbS\
\x10\x9a\x82\xa7\xcf=Kr\xcfX\x94\xb8\xbc`\x18S\
\x02\xf7\xfd\xe3\x04\xee\xacE\x15\xc5g\x08!\xd0A\xbb\
=S\xc7z\xb0(\xb1\xa6\x00\xb9\xbb{WY\xd5_\
\x8b\x12k\x0a\x8fv\xfba\xac2\x16e*\xb5\xa55\
I./,\xc6\x14\x01\xf2\x9e\x82\xe3\xd2\xa2x\x15\x85\
\x88\x14\x22\xe5\xf2#T\xae\xaf\x5c\xea\x22\x84H\xb9F\
\x0c\x89u{\xae\xb7\x00\x15\xdca\xdc_j\xd6\xc3\x0a\
!c\xd6,\xa7\xe4\xf6z\x10\xc2&MI\xa8$\x11\
\x8b\x0a\x9d$\xe9q0\xe1\xe3p\x12\xc1-\x87,\x94\
\x82\x10:\x9d\x84\xd7\xa7B\x08\x1e9\xed&\x12D\xa8\
H`\xa1\xa29\xf1e\x8f1\xb9>\xc9J\x84\xcf\x8f\
\xd4\xec\xb8%\x84\x0dU683\x91A\x08\x1b\xado\
\x12\xa9EE\x00UzS3-I\xeb\xef\x10\xc2D\
\xeb\x01\x97\xe3\xab\x0a\xaf\xb2\x8b\xd3\xc4\xaa\xc2\xe2a6\
R\x8b\xff\xe2\x93\xc9\xf4d\xf2\x89\xf7H@\x5cT\x8f\
\x169\xca\xadHgO\x01-\xb71\xadn>\x85\xd8\
\xf2\x9aZ\x7f\xa9&\xb7\xb4\xaak\xbc\xdb\x88\x9eN\x15\
}9'\xcb\xed\x1d\xc2b\xf0\xee\x949\xddH\xbc4\
\x85\xc5\x18nz\xec\x9d.Ob\xe3\xc6e\xee\xae\xad\
\x1e\xb0\x98G\x08\xc9\xa3\xb0H\x07\x07_\xab?\x9fM\
inh{\x1c\xee\xfc\x9ffc^\x16%Msl\
!\xc6\xa6\xd8\xc3W\xbaF@\xfe\xfe\xa5\x88u\x0b\xc8\
S\x9a?\xd2w\xcf\x1e_\x5c\xb8\x90\xcdl\x22\x98\xa6\
<]\xc9\xe5\xc1\xf7A\x08\xb2.5\x09xCot\
E}2x:\xef\x9cYm\xc5a\xb9K\xf2c7\
q\x88\xe7\x1f\xb2\x1a/\xf8Mr;^\xe4\x95\x18|\
}\xd7N\xe9|\x10\xb0r\xa3\xfc3I\x14\xca\xbeQ\
\xf6\xdf\x9e\x8e\x8b\xdc/\xff\xa1\xec\xa3\x1c\xe5\x0d{\xb5\
\xaco\xfe\x07\xd2\x86\xb0*\x9a\x9c%r\x00\x00\x00\x00\
IEND\xaeB`\x82\
"

qt_resource_name = b"\
\x00\x06\
\x06\x8a\x9c\xb3\
\x00a\
\x00s\x00s\x00e\x00t\x00s\
\x00\x06\
\x07\x03}\xc3\
\x00i\
\x00m\x00a\x00g\x00e\x00s\
\x00\x15\
\x0e\xc7\x5cg\
\x00s\
\x00i\x00g\x00n\x00i\x00n\x00_\x00b\x00a\x00c\x00k\x00g\x00r\x00o\x00u\x00n\x00d\
\x00.\x00p\x00n\x00g\
\x00\x0f\
\x09\x9b\xd8\xc7\
\x00s\
\x00i\x00g\x00n\x00u\x00p\x001\x00l\x00o\x00g\x00o\x00.\x00p\x00n\x00g\
"

qt_resource_struct = b"\
\x00\x00\x00\x00\x00\x02\x00\x00\x00\x01\x00\x00\x00\x01\
\x00\x00\x00\x00\x00\x00\x00\x00\
\x00\x00\x00\x00\x00\x02\x00\x00\x00\x01\x00\x00\x00\x02\
\x00\x00\x00\x00\x00\x00\x00\x00\
\x00\x00\x00\x12\x00\x02\x00\x00\x00\x01\x00\x00\x00\x03\
\x00\x00\x00\x00\x00\x00\x00\x00\
\x00\x00\x00\x12\x00\x02\x00\x00\x00\x02\x00\x00\x00\x04\
\x00\x00\x00\x00\x00\x00\x00\x00\
\x00\x00\x00T\x00\x00\x00\x00\x00\x01\x00\x04\xa6[\
\x00\x00\x01\x98\xe7T\x95\x16\
\x00\x00\x00$\x00\x00\x00\x00\x00\x01\x00\x00\x00\x00\
\x00\x00\x01\x98\xe6\xbc\x13\x9f\
"

def qInitResources():
    QtCore.qRegisterResourceData(0x03, qt_resource_struct, qt_resource_name, qt_resource_data)

def qCleanupResources():
    QtCore.qUnregisterResourceData(0x03, qt_resource_struct, qt_resource_name, qt_resource_data)

qInitResources()
